ISO-10303-21;
HEADER;
FILE_DESCRIPTION(('Open CASCADE Model'),'2;1');
FILE_NAME('Open CASCADE Shape Model','2026-09-21T16:10:16',('Author'),(
    'Open CASCADE'),'Open CASCADE STEP processor 7.9','Open CASCADE 7.9'
  ,'Unknown');
FILE_SCHEMA(('AUTOMOTIVE_DESIGN { 1 0 10303 214 1 1 1 1 }'));
ENDSEC;
DATA;
#1 = APPLICATION_PROTOCOL_DEFINITION('international standard',
  'automotive_design',2000,#2);
#2 = APPLICATION_CONTEXT(
  'core data for automotive mechanical design processes');
#3 = SHAPE_DEFINITION_REPRESENTATION(#4,#10);
#4 = PRODUCT_DEFINITION_SHAPE('','',#5);
#5 = PRODUCT_DEFINITION('design','',#6,#9);
#6 = PRODUCT_DEFINITION_FORMATION('','',#7);
#7 = PRODUCT('Open CASCADE STEP translator 7.9 14',
  'Open CASCADE STEP translator 7.9 14','',(#8));
#8 = PRODUCT_CONTEXT('',#2,'mechanical');
#9 = PRODUCT_DEFINITION_CONTEXT('part definition',#2,'design');
#10 = ADVANCED_BREP_SHAPE_REPRESENTATION('',(#11,#15),#3037);
#11 = AXIS2_PLACEMENT_3D('',#12,#13,#14);
#12 = CARTESIAN_POINT('',(0.,0.,0.));
#13 = DIRECTION('',(0.,0.,1.));
#14 = DIRECTION('',(1.,0.,-0.));
#15 = MANIFOLD_SOLID_BREP('',#16);
#16 = CLOSED_SHELL('',(#17,#305,#381,#713,#762,#1003,#1074,#1123,#1284,
    #1445,#1586,#1613,#1644,#1671,#1698,#1705,#1732,#1779,#1806,#1833,
    #1840,#1867,#1916,#2038,#2065,#2072,#2099,#2233,#2282,#2384,#2411,
    #2643,#2692,#2868,#2895,#2922,#2949,#2956,#2983,#3010));
#17 = ADVANCED_FACE('',(#18),#32,.F.);
#18 = FACE_BOUND('',#19,.F.);
#19 = EDGE_LOOP('',(#20,#55,#83,#111,#139,#167,#195,#223,#251,#279));
#20 = ORIENTED_EDGE('',*,*,#21,.F.);
#21 = EDGE_CURVE('',#22,#24,#26,.T.);
#22 = VERTEX_POINT('',#23);
#23 = CARTESIAN_POINT('',(-9.5,13.,-27.));
#24 = VERTEX_POINT('',#25);
#25 = CARTESIAN_POINT('',(-9.5,3.,-27.));
#26 = SURFACE_CURVE('',#27,(#31,#43),.PCURVE_S1.);
#27 = LINE('',#28,#29);
#28 = CARTESIAN_POINT('',(-9.5,13.,-27.));
#29 = VECTOR('',#30,1.);
#30 = DIRECTION('',(0.,-1.,0.));
#31 = PCURVE('',#32,#37);
#32 = PLANE('',#33);
#33 = AXIS2_PLACEMENT_3D('',#34,#35,#36);
#34 = CARTESIAN_POINT('',(-9.5,13.,-63.));
#35 = DIRECTION('',(-1.,0.,-0.));
#36 = DIRECTION('',(-0.,-0.,1.));
#37 = DEFINITIONAL_REPRESENTATION('',(#38),#42);
#38 = LINE('',#39,#40);
#39 = CARTESIAN_POINT('',(36.,0.));
#40 = VECTOR('',#41,1.);
#41 = DIRECTION('',(0.,-1.));
#42 = ( GEOMETRIC_REPRESENTATION_CONTEXT(2) 
PARAMETRIC_REPRESENTATION_CONTEXT() REPRESENTATION_CONTEXT('2D SPACE',''
  ) );
#43 = PCURVE('',#44,#49);
#44 = PLANE('',#45);
#45 = AXIS2_PLACEMENT_3D('',#46,#47,#48);
#46 = CARTESIAN_POINT('',(-9.5,13.,-27.));
#47 = DIRECTION('',(0.,0.,1.));
#48 = DIRECTION('',(-1.,0.,0.));
#49 = DEFINITIONAL_REPRESENTATION('',(#50),#54);
#50 = LINE('',#51,#52);
#51 = CARTESIAN_POINT('',(0.,-0.));
#52 = VECTOR('',#53,1.);
#53 = DIRECTION('',(0.,1.));
#54 = ( GEOMETRIC_REPRESENTATION_CONTEXT(2) 
PARAMETRIC_REPRESENTATION_CONTEXT() REPRESENTATION_CONTEXT('2D SPACE',''
  ) );
#55 = ORIENTED_EDGE('',*,*,#56,.F.);
#56 = EDGE_CURVE('',#57,#22,#59,.T.);
#57 = VERTEX_POINT('',#58);
#58 = CARTESIAN_POINT('',(-9.5,13.,-31.6));
#59 = SURFACE_CURVE('',#60,(#64,#71),.PCURVE_S1.);
#60 = LINE('',#61,#62);
#61 = CARTESIAN_POINT('',(-9.5,13.,-63.));
#62 = VECTOR('',#63,1.);
#63 = DIRECTION('',(0.,0.,1.));
#64 = PCURVE('',#32,#65);
#65 = DEFINITIONAL_REPRESENTATION('',(#66),#70);
#66 = LINE('',#67,#68);
#67 = CARTESIAN_POINT('',(0.,0.));
#68 = VECTOR('',#69,1.);
#69 = DIRECTION('',(1.,0.));
#70 = ( GEOMETRIC_REPRESENTATION_CONTEXT(2) 
PARAMETRIC_REPRESENTATION_CONTEXT() REPRESENTATION_CONTEXT('2D SPACE',''
  ) );
#71 = PCURVE('',#72,#77);
#72 = PLANE('',#73);
#73 = AXIS2_PLACEMENT_3D('',#74,#75,#76);
#74 = CARTESIAN_POINT('',(-9.5,13.,-63.));
#75 = DIRECTION('',(-0.,-1.,-0.));
#76 = DIRECTION('',(-0.,-0.,1.));
#77 = DEFINITIONAL_REPRESENTATION('',(#78),#82);
#78 = LINE('',#79,#80);
#79 = CARTESIAN_POINT('',(0.,0.));
#80 = VECTOR('',#81,1.);
#81 = DIRECTION('',(1.,0.));
#82 = ( GEOMETRIC_REPRESENTATION_CONTEXT(2) 
PARAMETRIC_REPRESENTATION_CONTEXT() REPRESENTATION_CONTEXT('2D SPACE',''
  ) );
#83 = ORIENTED_EDGE('',*,*,#84,.F.);
#84 = EDGE_CURVE('',#85,#57,#87,.T.);
#85 = VERTEX_POINT('',#86);
#86 = CARTESIAN_POINT('',(-9.5,10.,-31.6));
#87 = SURFACE_CURVE('',#88,(#92,#99),.PCURVE_S1.);
#88 = LINE('',#89,#90);
#89 = CARTESIAN_POINT('',(-9.5,13.,-31.6));
#90 = VECTOR('',#91,1.);
#91 = DIRECTION('',(-0.,1.,-0.));
#92 = PCURVE('',#32,#93);
#93 = DEFINITIONAL_REPRESENTATION('',(#94),#98);
#94 = LINE('',#95,#96);
#95 = CARTESIAN_POINT('',(31.4,0.));
#96 = VECTOR('',#97,1.);
#97 = DIRECTION('',(0.,1.));
#98 = ( GEOMETRIC_REPRESENTATION_CONTEXT(2) 
PARAMETRIC_REPRESENTATION_CONTEXT() REPRESENTATION_CONTEXT('2D SPACE',''
  ) );
#99 = PCURVE('',#100,#105);
#100 = PLANE('',#101);
#101 = AXIS2_PLACEMENT_3D('',#102,#103,#104);
#102 = CARTESIAN_POINT('',(10.5,13.,-31.6));
#103 = DIRECTION('',(0.,0.,1.));
#104 = DIRECTION('',(-0.,-1.,-0.));
#105 = DEFINITIONAL_REPRESENTATION('',(#106),#110);
#106 = LINE('',#107,#108);
#107 = CARTESIAN_POINT('',(0.,-20.));
#108 = VECTOR('',#109,1.);
#109 = DIRECTION('',(-1.,0.));
#110 = ( GEOMETRIC_REPRESENTATION_CONTEXT(2) 
PARAMETRIC_REPRESENTATION_CONTEXT() REPRESENTATION_CONTEXT('2D SPACE',''
  ) );
#111 = ORIENTED_EDGE('',*,*,#112,.F.);
#112 = EDGE_CURVE('',#113,#85,#115,.T.);
#113 = VERTEX_POINT('',#114);
#114 = CARTESIAN_POINT('',(-9.5,10.,-63.));
#115 = SURFACE_CURVE('',#116,(#120,#127),.PCURVE_S1.);
#116 = LINE('',#117,#118);
#117 = CARTESIAN_POINT('',(-9.5,10.,-65.3));
#118 = VECTOR('',#119,1.);
#119 = DIRECTION('',(-0.,-0.,1.));
#120 = PCURVE('',#32,#121);
#121 = DEFINITIONAL_REPRESENTATION('',(#122),#126);
#122 = LINE('',#123,#124);
#123 = CARTESIAN_POINT('',(-2.3,-3.));
#124 = VECTOR('',#125,1.);
#125 = DIRECTION('',(1.,-0.));
#126 = ( GEOMETRIC_REPRESENTATION_CONTEXT(2) 
PARAMETRIC_REPRESENTATION_CONTEXT() REPRESENTATION_CONTEXT('2D SPACE',''
  ) );
#127 = PCURVE('',#128,#133);
#128 = PLANE('',#129);
#129 = AXIS2_PLACEMENT_3D('',#130,#131,#132);
#130 = CARTESIAN_POINT('',(10.5,10.,-67.6));
#131 = DIRECTION('',(-0.,-1.,-0.));
#132 = DIRECTION('',(0.,0.,1.));
#133 = DEFINITIONAL_REPRESENTATION('',(#134),#138);
#134 = LINE('',#135,#136);
#135 = CARTESIAN_POINT('',(2.3,20.));
#136 = VECTOR('',#137,1.);
#137 = DIRECTION('',(1.,0.));
#138 = ( GEOMETRIC_REPRESENTATION_CONTEXT(2) 
PARAMETRIC_REPRESENTATION_CONTEXT() REPRESENTATION_CONTEXT('2D SPACE',''
  ) );
#139 = ORIENTED_EDGE('',*,*,#140,.T.);
#140 = EDGE_CURVE('',#113,#141,#143,.T.);
#141 = VERTEX_POINT('',#142);
#142 = CARTESIAN_POINT('',(-9.5,1.,-63.));
#143 = SURFACE_CURVE('',#144,(#148,#155),.PCURVE_S1.);
#144 = LINE('',#145,#146);
#145 = CARTESIAN_POINT('',(-9.5,13.,-63.));
#146 = VECTOR('',#147,1.);
#147 = DIRECTION('',(0.,-1.,0.));
#148 = PCURVE('',#32,#149);
#149 = DEFINITIONAL_REPRESENTATION('',(#150),#154);
#150 = LINE('',#151,#152);
#151 = CARTESIAN_POINT('',(0.,0.));
#152 = VECTOR('',#153,1.);
#153 = DIRECTION('',(0.,-1.));
#154 = ( GEOMETRIC_REPRESENTATION_CONTEXT(2) 
PARAMETRIC_REPRESENTATION_CONTEXT() REPRESENTATION_CONTEXT('2D SPACE',''
  ) );
#155 = PCURVE('',#156,#161);
#156 = PLANE('',#157);
#157 = AXIS2_PLACEMENT_3D('',#158,#159,#160);
#158 = CARTESIAN_POINT('',(-9.5,13.,-63.));
#159 = DIRECTION('',(0.,0.,1.));
#160 = DIRECTION('',(-1.,0.,0.));
#161 = DEFINITIONAL_REPRESENTATION('',(#162),#166);
#162 = LINE('',#163,#164);
#163 = CARTESIAN_POINT('',(0.,-0.));
#164 = VECTOR('',#165,1.);
#165 = DIRECTION('',(0.,1.));
#166 = ( GEOMETRIC_REPRESENTATION_CONTEXT(2) 
PARAMETRIC_REPRESENTATION_CONTEXT() REPRESENTATION_CONTEXT('2D SPACE',''
  ) );
#167 = ORIENTED_EDGE('',*,*,#168,.T.);
#168 = EDGE_CURVE('',#141,#169,#171,.T.);
#169 = VERTEX_POINT('',#170);
#170 = CARTESIAN_POINT('',(-9.5,1.,-30.));
#171 = SURFACE_CURVE('',#172,(#176,#183),.PCURVE_S1.);
#172 = LINE('',#173,#174);
#173 = CARTESIAN_POINT('',(-9.5,1.,-63.));
#174 = VECTOR('',#175,1.);
#175 = DIRECTION('',(0.,0.,1.));
#176 = PCURVE('',#32,#177);
#177 = DEFINITIONAL_REPRESENTATION('',(#178),#182);
#178 = LINE('',#179,#180);
#179 = CARTESIAN_POINT('',(0.,-12.));
#180 = VECTOR('',#181,1.);
#181 = DIRECTION('',(1.,0.));
#182 = ( GEOMETRIC_REPRESENTATION_CONTEXT(2) 
PARAMETRIC_REPRESENTATION_CONTEXT() REPRESENTATION_CONTEXT('2D SPACE',''
  ) );
#183 = PCURVE('',#184,#189);
#184 = PLANE('',#185);
#185 = AXIS2_PLACEMENT_3D('',#186,#187,#188);
#186 = CARTESIAN_POINT('',(-9.5,1.,-63.));
#187 = DIRECTION('',(0.,-1.,0.));
#188 = DIRECTION('',(0.,0.,1.));
#189 = DEFINITIONAL_REPRESENTATION('',(#190),#194);
#190 = LINE('',#191,#192);
#191 = CARTESIAN_POINT('',(0.,0.));
#192 = VECTOR('',#193,1.);
#193 = DIRECTION('',(1.,0.));
#194 = ( GEOMETRIC_REPRESENTATION_CONTEXT(2) 
PARAMETRIC_REPRESENTATION_CONTEXT() REPRESENTATION_CONTEXT('2D SPACE',''
  ) );
#195 = ORIENTED_EDGE('',*,*,#196,.T.);
#196 = EDGE_CURVE('',#169,#197,#199,.T.);
#197 = VERTEX_POINT('',#198);
#198 = CARTESIAN_POINT('',(-9.5,-1.5,-30.));
#199 = SURFACE_CURVE('',#200,(#204,#211),.PCURVE_S1.);
#200 = LINE('',#201,#202);
#201 = CARTESIAN_POINT('',(-9.5,3.,-30.));
#202 = VECTOR('',#203,1.);
#203 = DIRECTION('',(0.,-1.,0.));
#204 = PCURVE('',#32,#205);
#205 = DEFINITIONAL_REPRESENTATION('',(#206),#210);
#206 = LINE('',#207,#208);
#207 = CARTESIAN_POINT('',(33.,-10.));
#208 = VECTOR('',#209,1.);
#209 = DIRECTION('',(0.,-1.));
#210 = ( GEOMETRIC_REPRESENTATION_CONTEXT(2) 
PARAMETRIC_REPRESENTATION_CONTEXT() REPRESENTATION_CONTEXT('2D SPACE',''
  ) );
#211 = PCURVE('',#212,#217);
#212 = PLANE('',#213);
#213 = AXIS2_PLACEMENT_3D('',#214,#215,#216);
#214 = CARTESIAN_POINT('',(-9.5,3.,-30.));
#215 = DIRECTION('',(0.,0.,1.));
#216 = DIRECTION('',(-1.,0.,0.));
#217 = DEFINITIONAL_REPRESENTATION('',(#218),#222);
#218 = LINE('',#219,#220);
#219 = CARTESIAN_POINT('',(0.,-0.));
#220 = VECTOR('',#221,1.);
#221 = DIRECTION('',(0.,1.));
#222 = ( GEOMETRIC_REPRESENTATION_CONTEXT(2) 
PARAMETRIC_REPRESENTATION_CONTEXT() REPRESENTATION_CONTEXT('2D SPACE',''
  ) );
#223 = ORIENTED_EDGE('',*,*,#224,.T.);
#224 = EDGE_CURVE('',#197,#225,#227,.T.);
#225 = VERTEX_POINT('',#226);
#226 = CARTESIAN_POINT('',(-9.5,-1.5,-24.));
#227 = SURFACE_CURVE('',#228,(#232,#239),.PCURVE_S1.);
#228 = LINE('',#229,#230);
#229 = CARTESIAN_POINT('',(-9.5,-1.5,-30.5));
#230 = VECTOR('',#231,1.);
#231 = DIRECTION('',(-0.,-0.,1.));
#232 = PCURVE('',#32,#233);
#233 = DEFINITIONAL_REPRESENTATION('',(#234),#238);
#234 = LINE('',#235,#236);
#235 = CARTESIAN_POINT('',(32.5,-14.5));
#236 = VECTOR('',#237,1.);
#237 = DIRECTION('',(1.,-0.));
#238 = ( GEOMETRIC_REPRESENTATION_CONTEXT(2) 
PARAMETRIC_REPRESENTATION_CONTEXT() REPRESENTATION_CONTEXT('2D SPACE',''
  ) );
#239 = PCURVE('',#240,#245);
#240 = PLANE('',#241);
#241 = AXIS2_PLACEMENT_3D('',#242,#243,#244);
#242 = CARTESIAN_POINT('',(1.,-1.5,-31.));
#243 = DIRECTION('',(0.,-1.,0.));
#244 = DIRECTION('',(0.,0.,1.));
#245 = DEFINITIONAL_REPRESENTATION('',(#246),#250);
#246 = LINE('',#247,#248);
#247 = CARTESIAN_POINT('',(0.5,10.5));
#248 = VECTOR('',#249,1.);
#249 = DIRECTION('',(1.,0.));
#250 = ( GEOMETRIC_REPRESENTATION_CONTEXT(2) 
PARAMETRIC_REPRESENTATION_CONTEXT() REPRESENTATION_CONTEXT('2D SPACE',''
  ) );
#251 = ORIENTED_EDGE('',*,*,#252,.F.);
#252 = EDGE_CURVE('',#253,#225,#255,.T.);
#253 = VERTEX_POINT('',#254);
#254 = CARTESIAN_POINT('',(-9.5,3.,-24.));
#255 = SURFACE_CURVE('',#256,(#260,#267),.PCURVE_S1.);
#256 = LINE('',#257,#258);
#257 = CARTESIAN_POINT('',(-9.5,3.,-24.));
#258 = VECTOR('',#259,1.);
#259 = DIRECTION('',(0.,-1.,0.));
#260 = PCURVE('',#32,#261);
#261 = DEFINITIONAL_REPRESENTATION('',(#262),#266);
#262 = LINE('',#263,#264);
#263 = CARTESIAN_POINT('',(39.,-10.));
#264 = VECTOR('',#265,1.);
#265 = DIRECTION('',(0.,-1.));
#266 = ( GEOMETRIC_REPRESENTATION_CONTEXT(2) 
PARAMETRIC_REPRESENTATION_CONTEXT() REPRESENTATION_CONTEXT('2D SPACE',''
  ) );
#267 = PCURVE('',#268,#273);
#268 = PLANE('',#269);
#269 = AXIS2_PLACEMENT_3D('',#270,#271,#272);
#270 = CARTESIAN_POINT('',(-9.5,3.,-24.));
#271 = DIRECTION('',(0.,0.,1.));
#272 = DIRECTION('',(-1.,0.,0.));
#273 = DEFINITIONAL_REPRESENTATION('',(#274),#278);
#274 = LINE('',#275,#276);
#275 = CARTESIAN_POINT('',(0.,-0.));
#276 = VECTOR('',#277,1.);
#277 = DIRECTION('',(0.,1.));
#278 = ( GEOMETRIC_REPRESENTATION_CONTEXT(2) 
PARAMETRIC_REPRESENTATION_CONTEXT() REPRESENTATION_CONTEXT('2D SPACE',''
  ) );
#279 = ORIENTED_EDGE('',*,*,#280,.F.);
#280 = EDGE_CURVE('',#24,#253,#281,.T.);
#281 = SURFACE_CURVE('',#282,(#286,#293),.PCURVE_S1.);
#282 = LINE('',#283,#284);
#283 = CARTESIAN_POINT('',(-9.5,3.,-30.));
#284 = VECTOR('',#285,1.);
#285 = DIRECTION('',(0.,0.,1.));
#286 = PCURVE('',#32,#287);
#287 = DEFINITIONAL_REPRESENTATION('',(#288),#292);
#288 = LINE('',#289,#290);
#289 = CARTESIAN_POINT('',(33.,-10.));
#290 = VECTOR('',#291,1.);
#291 = DIRECTION('',(1.,0.));
#292 = ( GEOMETRIC_REPRESENTATION_CONTEXT(2) 
PARAMETRIC_REPRESENTATION_CONTEXT() REPRESENTATION_CONTEXT('2D SPACE',''
  ) );
#293 = PCURVE('',#294,#299);
#294 = PLANE('',#295);
#295 = AXIS2_PLACEMENT_3D('',#296,#297,#298);
#296 = CARTESIAN_POINT('',(-9.5,3.,-30.));
#297 = DIRECTION('',(0.,-1.,0.));
#298 = DIRECTION('',(0.,0.,1.));
#299 = DEFINITIONAL_REPRESENTATION('',(#300),#304);
#300 = LINE('',#301,#302);
#301 = CARTESIAN_POINT('',(0.,0.));
#302 = VECTOR('',#303,1.);
#303 = DIRECTION('',(1.,0.));
#304 = ( GEOMETRIC_REPRESENTATION_CONTEXT(2) 
PARAMETRIC_REPRESENTATION_CONTEXT() REPRESENTATION_CONTEXT('2D SPACE',''
  ) );
#305 = ADVANCED_FACE('',(#306),#44,.T.);
#306 = FACE_BOUND('',#307,.T.);
#307 = EDGE_LOOP('',(#308,#309,#332,#360));
#308 = ORIENTED_EDGE('',*,*,#21,.F.);
#309 = ORIENTED_EDGE('',*,*,#310,.T.);
#310 = EDGE_CURVE('',#22,#311,#313,.T.);
#311 = VERTEX_POINT('',#312);
#312 = CARTESIAN_POINT('',(-12.5,13.,-27.));
#313 = SURFACE_CURVE('',#314,(#318,#325),.PCURVE_S1.);
#314 = LINE('',#315,#316);
#315 = CARTESIAN_POINT('',(-9.5,13.,-27.));
#316 = VECTOR('',#317,1.);
#317 = DIRECTION('',(-1.,0.,0.));
#318 = PCURVE('',#44,#319);
#319 = DEFINITIONAL_REPRESENTATION('',(#320),#324);
#320 = LINE('',#321,#322);
#321 = CARTESIAN_POINT('',(0.,-0.));
#322 = VECTOR('',#323,1.);
#323 = DIRECTION('',(1.,0.));
#324 = ( GEOMETRIC_REPRESENTATION_CONTEXT(2) 
PARAMETRIC_REPRESENTATION_CONTEXT() REPRESENTATION_CONTEXT('2D SPACE',''
  ) );
#325 = PCURVE('',#72,#326);
#326 = DEFINITIONAL_REPRESENTATION('',(#327),#331);
#327 = LINE('',#328,#329);
#328 = CARTESIAN_POINT('',(36.,0.));
#329 = VECTOR('',#330,1.);
#330 = DIRECTION('',(0.,1.));
#331 = ( GEOMETRIC_REPRESENTATION_CONTEXT(2) 
PARAMETRIC_REPRESENTATION_CONTEXT() REPRESENTATION_CONTEXT('2D SPACE',''
  ) );
#332 = ORIENTED_EDGE('',*,*,#333,.T.);
#333 = EDGE_CURVE('',#311,#334,#336,.T.);
#334 = VERTEX_POINT('',#335);
#335 = CARTESIAN_POINT('',(-12.5,3.,-27.));
#336 = SURFACE_CURVE('',#337,(#341,#348),.PCURVE_S1.);
#337 = LINE('',#338,#339);
#338 = CARTESIAN_POINT('',(-12.5,13.,-27.));
#339 = VECTOR('',#340,1.);
#340 = DIRECTION('',(0.,-1.,0.));
#341 = PCURVE('',#44,#342);
#342 = DEFINITIONAL_REPRESENTATION('',(#343),#347);
#343 = LINE('',#344,#345);
#344 = CARTESIAN_POINT('',(3.,0.));
#345 = VECTOR('',#346,1.);
#346 = DIRECTION('',(0.,1.));
#347 = ( GEOMETRIC_REPRESENTATION_CONTEXT(2) 
PARAMETRIC_REPRESENTATION_CONTEXT() REPRESENTATION_CONTEXT('2D SPACE',''
  ) );
#348 = PCURVE('',#349,#354);
#349 = PLANE('',#350);
#350 = AXIS2_PLACEMENT_3D('',#351,#352,#353);
#351 = CARTESIAN_POINT('',(-12.5,13.,-63.));
#352 = DIRECTION('',(-1.,0.,-0.));
#353 = DIRECTION('',(-0.,-0.,1.));
#354 = DEFINITIONAL_REPRESENTATION('',(#355),#359);
#355 = LINE('',#356,#357);
#356 = CARTESIAN_POINT('',(36.,0.));
#357 = VECTOR('',#358,1.);
#358 = DIRECTION('',(0.,-1.));
#359 = ( GEOMETRIC_REPRESENTATION_CONTEXT(2) 
PARAMETRIC_REPRESENTATION_CONTEXT() REPRESENTATION_CONTEXT('2D SPACE',''
  ) );
#360 = ORIENTED_EDGE('',*,*,#361,.T.);
#361 = EDGE_CURVE('',#334,#24,#362,.T.);
#362 = SURFACE_CURVE('',#363,(#367,#374),.PCURVE_S1.);
#363 = LINE('',#364,#365);
#364 = CARTESIAN_POINT('',(-9.5,3.,-27.));
#365 = VECTOR('',#366,1.);
#366 = DIRECTION('',(1.,-0.,-0.));
#367 = PCURVE('',#44,#368);
#368 = DEFINITIONAL_REPRESENTATION('',(#369),#373);
#369 = LINE('',#370,#371);
#370 = CARTESIAN_POINT('',(-0.,10.));
#371 = VECTOR('',#372,1.);
#372 = DIRECTION('',(-1.,-0.));
#373 = ( GEOMETRIC_REPRESENTATION_CONTEXT(2) 
PARAMETRIC_REPRESENTATION_CONTEXT() REPRESENTATION_CONTEXT('2D SPACE',''
  ) );
#374 = PCURVE('',#294,#375);
#375 = DEFINITIONAL_REPRESENTATION('',(#376),#380);
#376 = LINE('',#377,#378);
#377 = CARTESIAN_POINT('',(3.,0.));
#378 = VECTOR('',#379,1.);
#379 = DIRECTION('',(0.,-1.));
#380 = ( GEOMETRIC_REPRESENTATION_CONTEXT(2) 
PARAMETRIC_REPRESENTATION_CONTEXT() REPRESENTATION_CONTEXT('2D SPACE',''
  ) );
#381 = ADVANCED_FACE('',(#382,#537,#568,#682),#72,.F.);
#382 = FACE_BOUND('',#383,.F.);
#383 = EDGE_LOOP('',(#384,#409,#437,#465,#493,#514,#515,#516));
#384 = ORIENTED_EDGE('',*,*,#385,.F.);
#385 = EDGE_CURVE('',#386,#388,#390,.T.);
#386 = VERTEX_POINT('',#387);
#387 = CARTESIAN_POINT('',(-10.5,13.,-63.));
#388 = VERTEX_POINT('',#389);
#389 = CARTESIAN_POINT('',(-12.5,13.,-63.));
#390 = SURFACE_CURVE('',#391,(#395,#402),.PCURVE_S1.);
#391 = LINE('',#392,#393);
#392 = CARTESIAN_POINT('',(-9.5,13.,-63.));
#393 = VECTOR('',#394,1.);
#394 = DIRECTION('',(-1.,0.,0.));
#395 = PCURVE('',#72,#396);
#396 = DEFINITIONAL_REPRESENTATION('',(#397),#401);
#397 = LINE('',#398,#399);
#398 = CARTESIAN_POINT('',(0.,0.));
#399 = VECTOR('',#400,1.);
#400 = DIRECTION('',(0.,1.));
#401 = ( GEOMETRIC_REPRESENTATION_CONTEXT(2) 
PARAMETRIC_REPRESENTATION_CONTEXT() REPRESENTATION_CONTEXT('2D SPACE',''
  ) );
#402 = PCURVE('',#156,#403);
#403 = DEFINITIONAL_REPRESENTATION('',(#404),#408);
#404 = LINE('',#405,#406);
#405 = CARTESIAN_POINT('',(0.,-0.));
#406 = VECTOR('',#407,1.);
#407 = DIRECTION('',(1.,0.));
#408 = ( GEOMETRIC_REPRESENTATION_CONTEXT(2) 
PARAMETRIC_REPRESENTATION_CONTEXT() REPRESENTATION_CONTEXT('2D SPACE',''
  ) );
#409 = ORIENTED_EDGE('',*,*,#410,.F.);
#410 = EDGE_CURVE('',#411,#386,#413,.T.);
#411 = VERTEX_POINT('',#412);
#412 = CARTESIAN_POINT('',(-10.5,13.,-67.6));
#413 = SURFACE_CURVE('',#414,(#418,#425),.PCURVE_S1.);
#414 = LINE('',#415,#416);
#415 = CARTESIAN_POINT('',(-10.5,13.,-67.6));
#416 = VECTOR('',#417,1.);
#417 = DIRECTION('',(0.,0.,1.));
#418 = PCURVE('',#72,#419);
#419 = DEFINITIONAL_REPRESENTATION('',(#420),#424);
#420 = LINE('',#421,#422);
#421 = CARTESIAN_POINT('',(-4.6,1.));
#422 = VECTOR('',#423,1.);
#423 = DIRECTION('',(1.,0.));
#424 = ( GEOMETRIC_REPRESENTATION_CONTEXT(2) 
PARAMETRIC_REPRESENTATION_CONTEXT() REPRESENTATION_CONTEXT('2D SPACE',''
  ) );
#425 = PCURVE('',#426,#431);
#426 = PLANE('',#427);
#427 = AXIS2_PLACEMENT_3D('',#428,#429,#430);
#428 = CARTESIAN_POINT('',(-10.5,13.,-67.6));
#429 = DIRECTION('',(-1.,0.,0.));
#430 = DIRECTION('',(-0.,-1.,-0.));
#431 = DEFINITIONAL_REPRESENTATION('',(#432),#436);
#432 = LINE('',#433,#434);
#433 = CARTESIAN_POINT('',(-0.,0.));
#434 = VECTOR('',#435,1.);
#435 = DIRECTION('',(0.,1.));
#436 = ( GEOMETRIC_REPRESENTATION_CONTEXT(2) 
PARAMETRIC_REPRESENTATION_CONTEXT() REPRESENTATION_CONTEXT('2D SPACE',''
  ) );
#437 = ORIENTED_EDGE('',*,*,#438,.F.);
#438 = EDGE_CURVE('',#439,#411,#441,.T.);
#439 = VERTEX_POINT('',#440);
#440 = CARTESIAN_POINT('',(10.5,13.,-67.6));
#441 = SURFACE_CURVE('',#442,(#446,#453),.PCURVE_S1.);
#442 = LINE('',#443,#444);
#443 = CARTESIAN_POINT('',(10.5,13.,-67.6));
#444 = VECTOR('',#445,1.);
#445 = DIRECTION('',(-1.,0.,0.));
#446 = PCURVE('',#72,#447);
#447 = DEFINITIONAL_REPRESENTATION('',(#448),#452);
#448 = LINE('',#449,#450);
#449 = CARTESIAN_POINT('',(-4.6,-20.));
#450 = VECTOR('',#451,1.);
#451 = DIRECTION('',(0.,1.));
#452 = ( GEOMETRIC_REPRESENTATION_CONTEXT(2) 
PARAMETRIC_REPRESENTATION_CONTEXT() REPRESENTATION_CONTEXT('2D SPACE',''
  ) );
#453 = PCURVE('',#454,#459);
#454 = PLANE('',#455);
#455 = AXIS2_PLACEMENT_3D('',#456,#457,#458);
#456 = CARTESIAN_POINT('',(10.5,13.,-67.6));
#457 = DIRECTION('',(0.,0.,1.));
#458 = DIRECTION('',(-0.,-1.,-0.));
#459 = DEFINITIONAL_REPRESENTATION('',(#460),#464);
#460 = LINE('',#461,#462);
#461 = CARTESIAN_POINT('',(-0.,0.));
#462 = VECTOR('',#463,1.);
#463 = DIRECTION('',(0.,-1.));
#464 = ( GEOMETRIC_REPRESENTATION_CONTEXT(2) 
PARAMETRIC_REPRESENTATION_CONTEXT() REPRESENTATION_CONTEXT('2D SPACE',''
  ) );
#465 = ORIENTED_EDGE('',*,*,#466,.T.);
#466 = EDGE_CURVE('',#439,#467,#469,.T.);
#467 = VERTEX_POINT('',#468);
#468 = CARTESIAN_POINT('',(10.5,13.,-31.6));
#469 = SURFACE_CURVE('',#470,(#474,#481),.PCURVE_S1.);
#470 = LINE('',#471,#472);
#471 = CARTESIAN_POINT('',(10.5,13.,-67.6));
#472 = VECTOR('',#473,1.);
#473 = DIRECTION('',(0.,0.,1.));
#474 = PCURVE('',#72,#475);
#475 = DEFINITIONAL_REPRESENTATION('',(#476),#480);
#476 = LINE('',#477,#478);
#477 = CARTESIAN_POINT('',(-4.6,-20.));
#478 = VECTOR('',#479,1.);
#479 = DIRECTION('',(1.,0.));
#480 = ( GEOMETRIC_REPRESENTATION_CONTEXT(2) 
PARAMETRIC_REPRESENTATION_CONTEXT() REPRESENTATION_CONTEXT('2D SPACE',''
  ) );
#481 = PCURVE('',#482,#487);
#482 = PLANE('',#483);
#483 = AXIS2_PLACEMENT_3D('',#484,#485,#486);
#484 = CARTESIAN_POINT('',(10.5,13.,-67.6));
#485 = DIRECTION('',(-1.,0.,0.));
#486 = DIRECTION('',(-0.,-1.,-0.));
#487 = DEFINITIONAL_REPRESENTATION('',(#488),#492);
#488 = LINE('',#489,#490);
#489 = CARTESIAN_POINT('',(-0.,0.));
#490 = VECTOR('',#491,1.);
#491 = DIRECTION('',(0.,1.));
#492 = ( GEOMETRIC_REPRESENTATION_CONTEXT(2) 
PARAMETRIC_REPRESENTATION_CONTEXT() REPRESENTATION_CONTEXT('2D SPACE',''
  ) );
#493 = ORIENTED_EDGE('',*,*,#494,.T.);
#494 = EDGE_CURVE('',#467,#57,#495,.T.);
#495 = SURFACE_CURVE('',#496,(#500,#507),.PCURVE_S1.);
#496 = LINE('',#497,#498);
#497 = CARTESIAN_POINT('',(10.5,13.,-31.6));
#498 = VECTOR('',#499,1.);
#499 = DIRECTION('',(-1.,0.,0.));
#500 = PCURVE('',#72,#501);
#501 = DEFINITIONAL_REPRESENTATION('',(#502),#506);
#502 = LINE('',#503,#504);
#503 = CARTESIAN_POINT('',(31.4,-20.));
#504 = VECTOR('',#505,1.);
#505 = DIRECTION('',(0.,1.));
#506 = ( GEOMETRIC_REPRESENTATION_CONTEXT(2) 
PARAMETRIC_REPRESENTATION_CONTEXT() REPRESENTATION_CONTEXT('2D SPACE',''
  ) );
#507 = PCURVE('',#100,#508);
#508 = DEFINITIONAL_REPRESENTATION('',(#509),#513);
#509 = LINE('',#510,#511);
#510 = CARTESIAN_POINT('',(-0.,0.));
#511 = VECTOR('',#512,1.);
#512 = DIRECTION('',(0.,-1.));
#513 = ( GEOMETRIC_REPRESENTATION_CONTEXT(2) 
PARAMETRIC_REPRESENTATION_CONTEXT() REPRESENTATION_CONTEXT('2D SPACE',''
  ) );
#514 = ORIENTED_EDGE('',*,*,#56,.T.);
#515 = ORIENTED_EDGE('',*,*,#310,.T.);
#516 = ORIENTED_EDGE('',*,*,#517,.F.);
#517 = EDGE_CURVE('',#388,#311,#518,.T.);
#518 = SURFACE_CURVE('',#519,(#523,#530),.PCURVE_S1.);
#519 = LINE('',#520,#521);
#520 = CARTESIAN_POINT('',(-12.5,13.,-63.));
#521 = VECTOR('',#522,1.);
#522 = DIRECTION('',(0.,0.,1.));
#523 = PCURVE('',#72,#524);
#524 = DEFINITIONAL_REPRESENTATION('',(#525),#529);
#525 = LINE('',#526,#527);
#526 = CARTESIAN_POINT('',(0.,3.));
#527 = VECTOR('',#528,1.);
#528 = DIRECTION('',(1.,0.));
#529 = ( GEOMETRIC_REPRESENTATION_CONTEXT(2) 
PARAMETRIC_REPRESENTATION_CONTEXT() REPRESENTATION_CONTEXT('2D SPACE',''
  ) );
#530 = PCURVE('',#349,#531);
#531 = DEFINITIONAL_REPRESENTATION('',(#532),#536);
#532 = LINE('',#533,#534);
#533 = CARTESIAN_POINT('',(0.,0.));
#534 = VECTOR('',#535,1.);
#535 = DIRECTION('',(1.,0.));
#536 = ( GEOMETRIC_REPRESENTATION_CONTEXT(2) 
PARAMETRIC_REPRESENTATION_CONTEXT() REPRESENTATION_CONTEXT('2D SPACE',''
  ) );
#537 = FACE_BOUND('',#538,.F.);
#538 = EDGE_LOOP('',(#539));
#539 = ORIENTED_EDGE('',*,*,#540,.F.);
#540 = EDGE_CURVE('',#541,#541,#543,.T.);
#541 = VERTEX_POINT('',#542);
#542 = CARTESIAN_POINT('',(1.836970198721E-16,13.,-34.95));
#543 = SURFACE_CURVE('',#544,(#549,#556),.PCURVE_S1.);
#544 = CIRCLE('',#545,0.75);
#545 = AXIS2_PLACEMENT_3D('',#546,#547,#548);
#546 = CARTESIAN_POINT('',(0.,13.,-35.7));
#547 = DIRECTION('',(-0.,-1.,0.));
#548 = DIRECTION('',(0.,-0.,1.));
#549 = PCURVE('',#72,#550);
#550 = DEFINITIONAL_REPRESENTATION('',(#551),#555);
#551 = CIRCLE('',#552,0.75);
#552 = AXIS2_PLACEMENT_2D('',#553,#554);
#553 = CARTESIAN_POINT('',(27.3,-9.5));
#554 = DIRECTION('',(1.,0.));
#555 = ( GEOMETRIC_REPRESENTATION_CONTEXT(2) 
PARAMETRIC_REPRESENTATION_CONTEXT() REPRESENTATION_CONTEXT('2D SPACE',''
  ) );
#556 = PCURVE('',#557,#562);
#557 = CYLINDRICAL_SURFACE('',#558,0.75);
#558 = AXIS2_PLACEMENT_3D('',#559,#560,#561);
#559 = CARTESIAN_POINT('',(0.,14.,-35.7));
#560 = DIRECTION('',(-0.,-1.,0.));
#561 = DIRECTION('',(0.,-0.,1.));
#562 = DEFINITIONAL_REPRESENTATION('',(#563),#567);
#563 = LINE('',#564,#565);
#564 = CARTESIAN_POINT('',(0.,1.));
#565 = VECTOR('',#566,1.);
#566 = DIRECTION('',(1.,0.));
#567 = ( GEOMETRIC_REPRESENTATION_CONTEXT(2) 
PARAMETRIC_REPRESENTATION_CONTEXT() REPRESENTATION_CONTEXT('2D SPACE',''
  ) );
#568 = FACE_BOUND('',#569,.F.);
#569 = EDGE_LOOP('',(#570,#600,#628,#656));
#570 = ORIENTED_EDGE('',*,*,#571,.F.);
#571 = EDGE_CURVE('',#572,#574,#576,.T.);
#572 = VERTEX_POINT('',#573);
#573 = CARTESIAN_POINT('',(-6.4,13.,-37.9));
#574 = VERTEX_POINT('',#575);
#575 = CARTESIAN_POINT('',(-6.4,13.,-61.3));
#576 = SURFACE_CURVE('',#577,(#581,#588),.PCURVE_S1.);
#577 = LINE('',#578,#579);
#578 = CARTESIAN_POINT('',(-6.4,13.,-64.45));
#579 = VECTOR('',#580,1.);
#580 = DIRECTION('',(0.,0.,-1.));
#581 = PCURVE('',#72,#582);
#582 = DEFINITIONAL_REPRESENTATION('',(#583),#587);
#583 = LINE('',#584,#585);
#584 = CARTESIAN_POINT('',(-1.45,-3.1));
#585 = VECTOR('',#586,1.);
#586 = DIRECTION('',(-1.,0.));
#587 = ( GEOMETRIC_REPRESENTATION_CONTEXT(2) 
PARAMETRIC_REPRESENTATION_CONTEXT() REPRESENTATION_CONTEXT('2D SPACE',''
  ) );
#588 = PCURVE('',#589,#594);
#589 = PLANE('',#590);
#590 = AXIS2_PLACEMENT_3D('',#591,#592,#593);
#591 = CARTESIAN_POINT('',(-6.4,14.,-61.3));
#592 = DIRECTION('',(-1.,0.,0.));
#593 = DIRECTION('',(-0.,-1.,-0.));
#594 = DEFINITIONAL_REPRESENTATION('',(#595),#599);
#595 = LINE('',#596,#597);
#596 = CARTESIAN_POINT('',(1.,-3.15));
#597 = VECTOR('',#598,1.);
#598 = DIRECTION('',(0.,-1.));
#599 = ( GEOMETRIC_REPRESENTATION_CONTEXT(2) 
PARAMETRIC_REPRESENTATION_CONTEXT() REPRESENTATION_CONTEXT('2D SPACE',''
  ) );
#600 = ORIENTED_EDGE('',*,*,#601,.F.);
#601 = EDGE_CURVE('',#602,#572,#604,.T.);
#602 = VERTEX_POINT('',#603);
#603 = CARTESIAN_POINT('',(6.4,13.,-37.9));
#604 = SURFACE_CURVE('',#605,(#609,#616),.PCURVE_S1.);
#605 = LINE('',#606,#607);
#606 = CARTESIAN_POINT('',(8.45,13.,-37.9));
#607 = VECTOR('',#608,1.);
#608 = DIRECTION('',(-1.,0.,0.));
#609 = PCURVE('',#72,#610);
#610 = DEFINITIONAL_REPRESENTATION('',(#611),#615);
#611 = LINE('',#612,#613);
#612 = CARTESIAN_POINT('',(25.1,-17.95));
#613 = VECTOR('',#614,1.);
#614 = DIRECTION('',(0.,1.));
#615 = ( GEOMETRIC_REPRESENTATION_CONTEXT(2) 
PARAMETRIC_REPRESENTATION_CONTEXT() REPRESENTATION_CONTEXT('2D SPACE',''
  ) );
#616 = PCURVE('',#617,#622);
#617 = PLANE('',#618);
#618 = AXIS2_PLACEMENT_3D('',#619,#620,#621);
#619 = CARTESIAN_POINT('',(6.4,14.,-37.9));
#620 = DIRECTION('',(0.,0.,1.));
#621 = DIRECTION('',(-0.,-1.,-0.));
#622 = DEFINITIONAL_REPRESENTATION('',(#623),#627);
#623 = LINE('',#624,#625);
#624 = CARTESIAN_POINT('',(1.,2.05));
#625 = VECTOR('',#626,1.);
#626 = DIRECTION('',(0.,-1.));
#627 = ( GEOMETRIC_REPRESENTATION_CONTEXT(2) 
PARAMETRIC_REPRESENTATION_CONTEXT() REPRESENTATION_CONTEXT('2D SPACE',''
  ) );
#628 = ORIENTED_EDGE('',*,*,#629,.T.);
#629 = EDGE_CURVE('',#602,#630,#632,.T.);
#630 = VERTEX_POINT('',#631);
#631 = CARTESIAN_POINT('',(6.4,13.,-61.3));
#632 = SURFACE_CURVE('',#633,(#637,#644),.PCURVE_S1.);
#633 = LINE('',#634,#635);
#634 = CARTESIAN_POINT('',(6.4,13.,-64.45));
#635 = VECTOR('',#636,1.);
#636 = DIRECTION('',(0.,0.,-1.));
#637 = PCURVE('',#72,#638);
#638 = DEFINITIONAL_REPRESENTATION('',(#639),#643);
#639 = LINE('',#640,#641);
#640 = CARTESIAN_POINT('',(-1.45,-15.9));
#641 = VECTOR('',#642,1.);
#642 = DIRECTION('',(-1.,0.));
#643 = ( GEOMETRIC_REPRESENTATION_CONTEXT(2) 
PARAMETRIC_REPRESENTATION_CONTEXT() REPRESENTATION_CONTEXT('2D SPACE',''
  ) );
#644 = PCURVE('',#645,#650);
#645 = PLANE('',#646);
#646 = AXIS2_PLACEMENT_3D('',#647,#648,#649);
#647 = CARTESIAN_POINT('',(6.4,14.,-61.3));
#648 = DIRECTION('',(-1.,0.,0.));
#649 = DIRECTION('',(-0.,-1.,-0.));
#650 = DEFINITIONAL_REPRESENTATION('',(#651),#655);
#651 = LINE('',#652,#653);
#652 = CARTESIAN_POINT('',(1.,-3.15));
#653 = VECTOR('',#654,1.);
#654 = DIRECTION('',(0.,-1.));
#655 = ( GEOMETRIC_REPRESENTATION_CONTEXT(2) 
PARAMETRIC_REPRESENTATION_CONTEXT() REPRESENTATION_CONTEXT('2D SPACE',''
  ) );
#656 = ORIENTED_EDGE('',*,*,#657,.T.);
#657 = EDGE_CURVE('',#630,#574,#658,.T.);
#658 = SURFACE_CURVE('',#659,(#663,#670),.PCURVE_S1.);
#659 = LINE('',#660,#661);
#660 = CARTESIAN_POINT('',(8.45,13.,-61.3));
#661 = VECTOR('',#662,1.);
#662 = DIRECTION('',(-1.,0.,0.));
#663 = PCURVE('',#72,#664);
#664 = DEFINITIONAL_REPRESENTATION('',(#665),#669);
#665 = LINE('',#666,#667);
#666 = CARTESIAN_POINT('',(1.7,-17.95));
#667 = VECTOR('',#668,1.);
#668 = DIRECTION('',(0.,1.));
#669 = ( GEOMETRIC_REPRESENTATION_CONTEXT(2) 
PARAMETRIC_REPRESENTATION_CONTEXT() REPRESENTATION_CONTEXT('2D SPACE',''
  ) );
#670 = PCURVE('',#671,#676);
#671 = PLANE('',#672);
#672 = AXIS2_PLACEMENT_3D('',#673,#674,#675);
#673 = CARTESIAN_POINT('',(6.4,14.,-61.3));
#674 = DIRECTION('',(0.,0.,1.));
#675 = DIRECTION('',(-0.,-1.,-0.));
#676 = DEFINITIONAL_REPRESENTATION('',(#677),#681);
#677 = LINE('',#678,#679);
#678 = CARTESIAN_POINT('',(1.,2.05));
#679 = VECTOR('',#680,1.);
#680 = DIRECTION('',(0.,-1.));
#681 = ( GEOMETRIC_REPRESENTATION_CONTEXT(2) 
PARAMETRIC_REPRESENTATION_CONTEXT() REPRESENTATION_CONTEXT('2D SPACE',''
  ) );
#682 = FACE_BOUND('',#683,.F.);
#683 = EDGE_LOOP('',(#684));
#684 = ORIENTED_EDGE('',*,*,#685,.F.);
#685 = EDGE_CURVE('',#686,#686,#688,.T.);
#686 = VERTEX_POINT('',#687);
#687 = CARTESIAN_POINT('',(1.836970198721E-16,13.,-62.75));
#688 = SURFACE_CURVE('',#689,(#694,#701),.PCURVE_S1.);
#689 = CIRCLE('',#690,0.75);
#690 = AXIS2_PLACEMENT_3D('',#691,#692,#693);
#691 = CARTESIAN_POINT('',(0.,13.,-63.5));
#692 = DIRECTION('',(-0.,-1.,0.));
#693 = DIRECTION('',(0.,-0.,1.));
#694 = PCURVE('',#72,#695);
#695 = DEFINITIONAL_REPRESENTATION('',(#696),#700);
#696 = CIRCLE('',#697,0.75);
#697 = AXIS2_PLACEMENT_2D('',#698,#699);
#698 = CARTESIAN_POINT('',(-0.5,-9.5));
#699 = DIRECTION('',(1.,0.));
#700 = ( GEOMETRIC_REPRESENTATION_CONTEXT(2) 
PARAMETRIC_REPRESENTATION_CONTEXT() REPRESENTATION_CONTEXT('2D SPACE',''
  ) );
#701 = PCURVE('',#702,#707);
#702 = CYLINDRICAL_SURFACE('',#703,0.75);
#703 = AXIS2_PLACEMENT_3D('',#704,#705,#706);
#704 = CARTESIAN_POINT('',(0.,14.,-63.5));
#705 = DIRECTION('',(-0.,-1.,0.));
#706 = DIRECTION('',(0.,-0.,1.));
#707 = DEFINITIONAL_REPRESENTATION('',(#708),#712);
#708 = LINE('',#709,#710);
#709 = CARTESIAN_POINT('',(0.,1.));
#710 = VECTOR('',#711,1.);
#711 = DIRECTION('',(1.,0.));
#712 = ( GEOMETRIC_REPRESENTATION_CONTEXT(2) 
PARAMETRIC_REPRESENTATION_CONTEXT() REPRESENTATION_CONTEXT('2D SPACE',''
  ) );
#713 = ADVANCED_FACE('',(#714),#100,.T.);
#714 = FACE_BOUND('',#715,.T.);
#715 = EDGE_LOOP('',(#716,#739,#760,#761));
#716 = ORIENTED_EDGE('',*,*,#717,.F.);
#717 = EDGE_CURVE('',#718,#85,#720,.T.);
#718 = VERTEX_POINT('',#719);
#719 = CARTESIAN_POINT('',(10.5,10.,-31.6));
#720 = SURFACE_CURVE('',#721,(#725,#732),.PCURVE_S1.);
#721 = LINE('',#722,#723);
#722 = CARTESIAN_POINT('',(10.5,10.,-31.6));
#723 = VECTOR('',#724,1.);
#724 = DIRECTION('',(-1.,0.,0.));
#725 = PCURVE('',#100,#726);
#726 = DEFINITIONAL_REPRESENTATION('',(#727),#731);
#727 = LINE('',#728,#729);
#728 = CARTESIAN_POINT('',(3.,0.));
#729 = VECTOR('',#730,1.);
#730 = DIRECTION('',(0.,-1.));
#731 = ( GEOMETRIC_REPRESENTATION_CONTEXT(2) 
PARAMETRIC_REPRESENTATION_CONTEXT() REPRESENTATION_CONTEXT('2D SPACE',''
  ) );
#732 = PCURVE('',#128,#733);
#733 = DEFINITIONAL_REPRESENTATION('',(#734),#738);
#734 = LINE('',#735,#736);
#735 = CARTESIAN_POINT('',(36.,0.));
#736 = VECTOR('',#737,1.);
#737 = DIRECTION('',(0.,1.));
#738 = ( GEOMETRIC_REPRESENTATION_CONTEXT(2) 
PARAMETRIC_REPRESENTATION_CONTEXT() REPRESENTATION_CONTEXT('2D SPACE',''
  ) );
#739 = ORIENTED_EDGE('',*,*,#740,.F.);
#740 = EDGE_CURVE('',#467,#718,#741,.T.);
#741 = SURFACE_CURVE('',#742,(#746,#753),.PCURVE_S1.);
#742 = LINE('',#743,#744);
#743 = CARTESIAN_POINT('',(10.5,13.,-31.6));
#744 = VECTOR('',#745,1.);
#745 = DIRECTION('',(-0.,-1.,-0.));
#746 = PCURVE('',#100,#747);
#747 = DEFINITIONAL_REPRESENTATION('',(#748),#752);
#748 = LINE('',#749,#750);
#749 = CARTESIAN_POINT('',(-0.,0.));
#750 = VECTOR('',#751,1.);
#751 = DIRECTION('',(1.,0.));
#752 = ( GEOMETRIC_REPRESENTATION_CONTEXT(2) 
PARAMETRIC_REPRESENTATION_CONTEXT() REPRESENTATION_CONTEXT('2D SPACE',''
  ) );
#753 = PCURVE('',#482,#754);
#754 = DEFINITIONAL_REPRESENTATION('',(#755),#759);
#755 = LINE('',#756,#757);
#756 = CARTESIAN_POINT('',(-0.,36.));
#757 = VECTOR('',#758,1.);
#758 = DIRECTION('',(1.,0.));
#759 = ( GEOMETRIC_REPRESENTATION_CONTEXT(2) 
PARAMETRIC_REPRESENTATION_CONTEXT() REPRESENTATION_CONTEXT('2D SPACE',''
  ) );
#760 = ORIENTED_EDGE('',*,*,#494,.T.);
#761 = ORIENTED_EDGE('',*,*,#84,.F.);
#762 = ADVANCED_FACE('',(#763,#857,#883,#977),#128,.T.);
#763 = FACE_BOUND('',#764,.T.);
#764 = EDGE_LOOP('',(#765,#790,#813,#834,#835,#836));
#765 = ORIENTED_EDGE('',*,*,#766,.F.);
#766 = EDGE_CURVE('',#767,#769,#771,.T.);
#767 = VERTEX_POINT('',#768);
#768 = CARTESIAN_POINT('',(-10.5,10.,-67.6));
#769 = VERTEX_POINT('',#770);
#770 = CARTESIAN_POINT('',(-10.5,10.,-63.));
#771 = SURFACE_CURVE('',#772,(#776,#783),.PCURVE_S1.);
#772 = LINE('',#773,#774);
#773 = CARTESIAN_POINT('',(-10.5,10.,-67.6));
#774 = VECTOR('',#775,1.);
#775 = DIRECTION('',(0.,0.,1.));
#776 = PCURVE('',#128,#777);
#777 = DEFINITIONAL_REPRESENTATION('',(#778),#782);
#778 = LINE('',#779,#780);
#779 = CARTESIAN_POINT('',(0.,21.));
#780 = VECTOR('',#781,1.);
#781 = DIRECTION('',(1.,0.));
#782 = ( GEOMETRIC_REPRESENTATION_CONTEXT(2) 
PARAMETRIC_REPRESENTATION_CONTEXT() REPRESENTATION_CONTEXT('2D SPACE',''
  ) );
#783 = PCURVE('',#426,#784);
#784 = DEFINITIONAL_REPRESENTATION('',(#785),#789);
#785 = LINE('',#786,#787);
#786 = CARTESIAN_POINT('',(3.,0.));
#787 = VECTOR('',#788,1.);
#788 = DIRECTION('',(0.,1.));
#789 = ( GEOMETRIC_REPRESENTATION_CONTEXT(2) 
PARAMETRIC_REPRESENTATION_CONTEXT() REPRESENTATION_CONTEXT('2D SPACE',''
  ) );
#790 = ORIENTED_EDGE('',*,*,#791,.F.);
#791 = EDGE_CURVE('',#792,#767,#794,.T.);
#792 = VERTEX_POINT('',#793);
#793 = CARTESIAN_POINT('',(10.5,10.,-67.6));
#794 = SURFACE_CURVE('',#795,(#799,#806),.PCURVE_S1.);
#795 = LINE('',#796,#797);
#796 = CARTESIAN_POINT('',(10.5,10.,-67.6));
#797 = VECTOR('',#798,1.);
#798 = DIRECTION('',(-1.,0.,0.));
#799 = PCURVE('',#128,#800);
#800 = DEFINITIONAL_REPRESENTATION('',(#801),#805);
#801 = LINE('',#802,#803);
#802 = CARTESIAN_POINT('',(0.,0.));
#803 = VECTOR('',#804,1.);
#804 = DIRECTION('',(0.,1.));
#805 = ( GEOMETRIC_REPRESENTATION_CONTEXT(2) 
PARAMETRIC_REPRESENTATION_CONTEXT() REPRESENTATION_CONTEXT('2D SPACE',''
  ) );
#806 = PCURVE('',#454,#807);
#807 = DEFINITIONAL_REPRESENTATION('',(#808),#812);
#808 = LINE('',#809,#810);
#809 = CARTESIAN_POINT('',(3.,0.));
#810 = VECTOR('',#811,1.);
#811 = DIRECTION('',(0.,-1.));
#812 = ( GEOMETRIC_REPRESENTATION_CONTEXT(2) 
PARAMETRIC_REPRESENTATION_CONTEXT() REPRESENTATION_CONTEXT('2D SPACE',''
  ) );
#813 = ORIENTED_EDGE('',*,*,#814,.T.);
#814 = EDGE_CURVE('',#792,#718,#815,.T.);
#815 = SURFACE_CURVE('',#816,(#820,#827),.PCURVE_S1.);
#816 = LINE('',#817,#818);
#817 = CARTESIAN_POINT('',(10.5,10.,-67.6));
#818 = VECTOR('',#819,1.);
#819 = DIRECTION('',(0.,0.,1.));
#820 = PCURVE('',#128,#821);
#821 = DEFINITIONAL_REPRESENTATION('',(#822),#826);
#822 = LINE('',#823,#824);
#823 = CARTESIAN_POINT('',(0.,0.));
#824 = VECTOR('',#825,1.);
#825 = DIRECTION('',(1.,0.));
#826 = ( GEOMETRIC_REPRESENTATION_CONTEXT(2) 
PARAMETRIC_REPRESENTATION_CONTEXT() REPRESENTATION_CONTEXT('2D SPACE',''
  ) );
#827 = PCURVE('',#482,#828);
#828 = DEFINITIONAL_REPRESENTATION('',(#829),#833);
#829 = LINE('',#830,#831);
#830 = CARTESIAN_POINT('',(3.,0.));
#831 = VECTOR('',#832,1.);
#832 = DIRECTION('',(0.,1.));
#833 = ( GEOMETRIC_REPRESENTATION_CONTEXT(2) 
PARAMETRIC_REPRESENTATION_CONTEXT() REPRESENTATION_CONTEXT('2D SPACE',''
  ) );
#834 = ORIENTED_EDGE('',*,*,#717,.T.);
#835 = ORIENTED_EDGE('',*,*,#112,.F.);
#836 = ORIENTED_EDGE('',*,*,#837,.F.);
#837 = EDGE_CURVE('',#769,#113,#838,.T.);
#838 = SURFACE_CURVE('',#839,(#843,#850),.PCURVE_S1.);
#839 = LINE('',#840,#841);
#840 = CARTESIAN_POINT('',(0.5,10.,-63.));
#841 = VECTOR('',#842,1.);
#842 = DIRECTION('',(1.,-0.,-0.));
#843 = PCURVE('',#128,#844);
#844 = DEFINITIONAL_REPRESENTATION('',(#845),#849);
#845 = LINE('',#846,#847);
#846 = CARTESIAN_POINT('',(4.6,10.));
#847 = VECTOR('',#848,1.);
#848 = DIRECTION('',(0.,-1.));
#849 = ( GEOMETRIC_REPRESENTATION_CONTEXT(2) 
PARAMETRIC_REPRESENTATION_CONTEXT() REPRESENTATION_CONTEXT('2D SPACE',''
  ) );
#850 = PCURVE('',#156,#851);
#851 = DEFINITIONAL_REPRESENTATION('',(#852),#856);
#852 = LINE('',#853,#854);
#853 = CARTESIAN_POINT('',(-10.,3.));
#854 = VECTOR('',#855,1.);
#855 = DIRECTION('',(-1.,-0.));
#856 = ( GEOMETRIC_REPRESENTATION_CONTEXT(2) 
PARAMETRIC_REPRESENTATION_CONTEXT() REPRESENTATION_CONTEXT('2D SPACE',''
  ) );
#857 = FACE_BOUND('',#858,.T.);
#858 = EDGE_LOOP('',(#859));
#859 = ORIENTED_EDGE('',*,*,#860,.F.);
#860 = EDGE_CURVE('',#861,#861,#863,.T.);
#861 = VERTEX_POINT('',#862);
#862 = CARTESIAN_POINT('',(1.836970198721E-16,10.,-62.75));
#863 = SURFACE_CURVE('',#864,(#869,#876),.PCURVE_S1.);
#864 = CIRCLE('',#865,0.75);
#865 = AXIS2_PLACEMENT_3D('',#866,#867,#868);
#866 = CARTESIAN_POINT('',(0.,10.,-63.5));
#867 = DIRECTION('',(-0.,-1.,0.));
#868 = DIRECTION('',(0.,-0.,1.));
#869 = PCURVE('',#128,#870);
#870 = DEFINITIONAL_REPRESENTATION('',(#871),#875);
#871 = CIRCLE('',#872,0.75);
#872 = AXIS2_PLACEMENT_2D('',#873,#874);
#873 = CARTESIAN_POINT('',(4.1,10.5));
#874 = DIRECTION('',(1.,0.));
#875 = ( GEOMETRIC_REPRESENTATION_CONTEXT(2) 
PARAMETRIC_REPRESENTATION_CONTEXT() REPRESENTATION_CONTEXT('2D SPACE',''
  ) );
#876 = PCURVE('',#702,#877);
#877 = DEFINITIONAL_REPRESENTATION('',(#878),#882);
#878 = LINE('',#879,#880);
#879 = CARTESIAN_POINT('',(0.,4.));
#880 = VECTOR('',#881,1.);
#881 = DIRECTION('',(1.,0.));
#882 = ( GEOMETRIC_REPRESENTATION_CONTEXT(2) 
PARAMETRIC_REPRESENTATION_CONTEXT() REPRESENTATION_CONTEXT('2D SPACE',''
  ) );
#883 = FACE_BOUND('',#884,.T.);
#884 = EDGE_LOOP('',(#885,#910,#933,#956));
#885 = ORIENTED_EDGE('',*,*,#886,.T.);
#886 = EDGE_CURVE('',#887,#889,#891,.T.);
#887 = VERTEX_POINT('',#888);
#888 = CARTESIAN_POINT('',(6.4,10.,-37.9));
#889 = VERTEX_POINT('',#890);
#890 = CARTESIAN_POINT('',(6.4,10.,-61.3));
#891 = SURFACE_CURVE('',#892,(#896,#903),.PCURVE_S1.);
#892 = LINE('',#893,#894);
#893 = CARTESIAN_POINT('',(6.4,10.,-64.45));
#894 = VECTOR('',#895,1.);
#895 = DIRECTION('',(0.,0.,-1.));
#896 = PCURVE('',#128,#897);
#897 = DEFINITIONAL_REPRESENTATION('',(#898),#902);
#898 = LINE('',#899,#900);
#899 = CARTESIAN_POINT('',(3.15,4.1));
#900 = VECTOR('',#901,1.);
#901 = DIRECTION('',(-1.,0.));
#902 = ( GEOMETRIC_REPRESENTATION_CONTEXT(2) 
PARAMETRIC_REPRESENTATION_CONTEXT() REPRESENTATION_CONTEXT('2D SPACE',''
  ) );
#903 = PCURVE('',#645,#904);
#904 = DEFINITIONAL_REPRESENTATION('',(#905),#909);
#905 = LINE('',#906,#907);
#906 = CARTESIAN_POINT('',(4.,-3.15));
#907 = VECTOR('',#908,1.);
#908 = DIRECTION('',(0.,-1.));
#909 = ( GEOMETRIC_REPRESENTATION_CONTEXT(2) 
PARAMETRIC_REPRESENTATION_CONTEXT() REPRESENTATION_CONTEXT('2D SPACE',''
  ) );
#910 = ORIENTED_EDGE('',*,*,#911,.T.);
#911 = EDGE_CURVE('',#889,#912,#914,.T.);
#912 = VERTEX_POINT('',#913);
#913 = CARTESIAN_POINT('',(-6.4,10.,-61.3));
#914 = SURFACE_CURVE('',#915,(#919,#926),.PCURVE_S1.);
#915 = LINE('',#916,#917);
#916 = CARTESIAN_POINT('',(8.45,10.,-61.3));
#917 = VECTOR('',#918,1.);
#918 = DIRECTION('',(-1.,0.,0.));
#919 = PCURVE('',#128,#920);
#920 = DEFINITIONAL_REPRESENTATION('',(#921),#925);
#921 = LINE('',#922,#923);
#922 = CARTESIAN_POINT('',(6.3,2.05));
#923 = VECTOR('',#924,1.);
#924 = DIRECTION('',(0.,1.));
#925 = ( GEOMETRIC_REPRESENTATION_CONTEXT(2) 
PARAMETRIC_REPRESENTATION_CONTEXT() REPRESENTATION_CONTEXT('2D SPACE',''
  ) );
#926 = PCURVE('',#671,#927);
#927 = DEFINITIONAL_REPRESENTATION('',(#928),#932);
#928 = LINE('',#929,#930);
#929 = CARTESIAN_POINT('',(4.,2.05));
#930 = VECTOR('',#931,1.);
#931 = DIRECTION('',(0.,-1.));
#932 = ( GEOMETRIC_REPRESENTATION_CONTEXT(2) 
PARAMETRIC_REPRESENTATION_CONTEXT() REPRESENTATION_CONTEXT('2D SPACE',''
  ) );
#933 = ORIENTED_EDGE('',*,*,#934,.F.);
#934 = EDGE_CURVE('',#935,#912,#937,.T.);
#935 = VERTEX_POINT('',#936);
#936 = CARTESIAN_POINT('',(-6.4,10.,-37.9));
#937 = SURFACE_CURVE('',#938,(#942,#949),.PCURVE_S1.);
#938 = LINE('',#939,#940);
#939 = CARTESIAN_POINT('',(-6.4,10.,-64.45));
#940 = VECTOR('',#941,1.);
#941 = DIRECTION('',(0.,0.,-1.));
#942 = PCURVE('',#128,#943);
#943 = DEFINITIONAL_REPRESENTATION('',(#944),#948);
#944 = LINE('',#945,#946);
#945 = CARTESIAN_POINT('',(3.15,16.9));
#946 = VECTOR('',#947,1.);
#947 = DIRECTION('',(-1.,0.));
#948 = ( GEOMETRIC_REPRESENTATION_CONTEXT(2) 
PARAMETRIC_REPRESENTATION_CONTEXT() REPRESENTATION_CONTEXT('2D SPACE',''
  ) );
#949 = PCURVE('',#589,#950);
#950 = DEFINITIONAL_REPRESENTATION('',(#951),#955);
#951 = LINE('',#952,#953);
#952 = CARTESIAN_POINT('',(4.,-3.15));
#953 = VECTOR('',#954,1.);
#954 = DIRECTION('',(0.,-1.));
#955 = ( GEOMETRIC_REPRESENTATION_CONTEXT(2) 
PARAMETRIC_REPRESENTATION_CONTEXT() REPRESENTATION_CONTEXT('2D SPACE',''
  ) );
#956 = ORIENTED_EDGE('',*,*,#957,.F.);
#957 = EDGE_CURVE('',#887,#935,#958,.T.);
#958 = SURFACE_CURVE('',#959,(#963,#970),.PCURVE_S1.);
#959 = LINE('',#960,#961);
#960 = CARTESIAN_POINT('',(8.45,10.,-37.9));
#961 = VECTOR('',#962,1.);
#962 = DIRECTION('',(-1.,0.,0.));
#963 = PCURVE('',#128,#964);
#964 = DEFINITIONAL_REPRESENTATION('',(#965),#969);
#965 = LINE('',#966,#967);
#966 = CARTESIAN_POINT('',(29.7,2.05));
#967 = VECTOR('',#968,1.);
#968 = DIRECTION('',(0.,1.));
#969 = ( GEOMETRIC_REPRESENTATION_CONTEXT(2) 
PARAMETRIC_REPRESENTATION_CONTEXT() REPRESENTATION_CONTEXT('2D SPACE',''
  ) );
#970 = PCURVE('',#617,#971);
#971 = DEFINITIONAL_REPRESENTATION('',(#972),#976);
#972 = LINE('',#973,#974);
#973 = CARTESIAN_POINT('',(4.,2.05));
#974 = VECTOR('',#975,1.);
#975 = DIRECTION('',(0.,-1.));
#976 = ( GEOMETRIC_REPRESENTATION_CONTEXT(2) 
PARAMETRIC_REPRESENTATION_CONTEXT() REPRESENTATION_CONTEXT('2D SPACE',''
  ) );
#977 = FACE_BOUND('',#978,.T.);
#978 = EDGE_LOOP('',(#979));
#979 = ORIENTED_EDGE('',*,*,#980,.F.);
#980 = EDGE_CURVE('',#981,#981,#983,.T.);
#981 = VERTEX_POINT('',#982);
#982 = CARTESIAN_POINT('',(1.836970198721E-16,10.,-34.95));
#983 = SURFACE_CURVE('',#984,(#989,#996),.PCURVE_S1.);
#984 = CIRCLE('',#985,0.75);
#985 = AXIS2_PLACEMENT_3D('',#986,#987,#988);
#986 = CARTESIAN_POINT('',(0.,10.,-35.7));
#987 = DIRECTION('',(-0.,-1.,0.));
#988 = DIRECTION('',(0.,-0.,1.));
#989 = PCURVE('',#128,#990);
#990 = DEFINITIONAL_REPRESENTATION('',(#991),#995);
#991 = CIRCLE('',#992,0.75);
#992 = AXIS2_PLACEMENT_2D('',#993,#994);
#993 = CARTESIAN_POINT('',(31.9,10.5));
#994 = DIRECTION('',(1.,0.));
#995 = ( GEOMETRIC_REPRESENTATION_CONTEXT(2) 
PARAMETRIC_REPRESENTATION_CONTEXT() REPRESENTATION_CONTEXT('2D SPACE',''
  ) );
#996 = PCURVE('',#557,#997);
#997 = DEFINITIONAL_REPRESENTATION('',(#998),#1002);
#998 = LINE('',#999,#1000);
#999 = CARTESIAN_POINT('',(0.,4.));
#1000 = VECTOR('',#1001,1.);
#1001 = DIRECTION('',(1.,0.));
#1002 = ( GEOMETRIC_REPRESENTATION_CONTEXT(2) 
PARAMETRIC_REPRESENTATION_CONTEXT() REPRESENTATION_CONTEXT('2D SPACE',''
  ) );
#1003 = ADVANCED_FACE('',(#1004),#156,.F.);
#1004 = FACE_BOUND('',#1005,.F.);
#1005 = EDGE_LOOP('',(#1006,#1007,#1008,#1029,#1030,#1053));
#1006 = ORIENTED_EDGE('',*,*,#140,.F.);
#1007 = ORIENTED_EDGE('',*,*,#837,.F.);
#1008 = ORIENTED_EDGE('',*,*,#1009,.F.);
#1009 = EDGE_CURVE('',#386,#769,#1010,.T.);
#1010 = SURFACE_CURVE('',#1011,(#1015,#1022),.PCURVE_S1.);
#1011 = LINE('',#1012,#1013);
#1012 = CARTESIAN_POINT('',(-10.5,13.,-63.));
#1013 = VECTOR('',#1014,1.);
#1014 = DIRECTION('',(-0.,-1.,-0.));
#1015 = PCURVE('',#156,#1016);
#1016 = DEFINITIONAL_REPRESENTATION('',(#1017),#1021);
#1017 = LINE('',#1018,#1019);
#1018 = CARTESIAN_POINT('',(1.,0.));
#1019 = VECTOR('',#1020,1.);
#1020 = DIRECTION('',(0.,1.));
#1021 = ( GEOMETRIC_REPRESENTATION_CONTEXT(2) 
PARAMETRIC_REPRESENTATION_CONTEXT() REPRESENTATION_CONTEXT('2D SPACE',''
  ) );
#1022 = PCURVE('',#426,#1023);
#1023 = DEFINITIONAL_REPRESENTATION('',(#1024),#1028);
#1024 = LINE('',#1025,#1026);
#1025 = CARTESIAN_POINT('',(-0.,4.6));
#1026 = VECTOR('',#1027,1.);
#1027 = DIRECTION('',(1.,0.));
#1028 = ( GEOMETRIC_REPRESENTATION_CONTEXT(2) 
PARAMETRIC_REPRESENTATION_CONTEXT() REPRESENTATION_CONTEXT('2D SPACE',''
  ) );
#1029 = ORIENTED_EDGE('',*,*,#385,.T.);
#1030 = ORIENTED_EDGE('',*,*,#1031,.T.);
#1031 = EDGE_CURVE('',#388,#1032,#1034,.T.);
#1032 = VERTEX_POINT('',#1033);
#1033 = CARTESIAN_POINT('',(-12.5,1.,-63.));
#1034 = SURFACE_CURVE('',#1035,(#1039,#1046),.PCURVE_S1.);
#1035 = LINE('',#1036,#1037);
#1036 = CARTESIAN_POINT('',(-12.5,13.,-63.));
#1037 = VECTOR('',#1038,1.);
#1038 = DIRECTION('',(0.,-1.,0.));
#1039 = PCURVE('',#156,#1040);
#1040 = DEFINITIONAL_REPRESENTATION('',(#1041),#1045);
#1041 = LINE('',#1042,#1043);
#1042 = CARTESIAN_POINT('',(3.,0.));
#1043 = VECTOR('',#1044,1.);
#1044 = DIRECTION('',(0.,1.));
#1045 = ( GEOMETRIC_REPRESENTATION_CONTEXT(2) 
PARAMETRIC_REPRESENTATION_CONTEXT() REPRESENTATION_CONTEXT('2D SPACE',''
  ) );
#1046 = PCURVE('',#349,#1047);
#1047 = DEFINITIONAL_REPRESENTATION('',(#1048),#1052);
#1048 = LINE('',#1049,#1050);
#1049 = CARTESIAN_POINT('',(0.,0.));
#1050 = VECTOR('',#1051,1.);
#1051 = DIRECTION('',(0.,-1.));
#1052 = ( GEOMETRIC_REPRESENTATION_CONTEXT(2) 
PARAMETRIC_REPRESENTATION_CONTEXT() REPRESENTATION_CONTEXT('2D SPACE',''
  ) );
#1053 = ORIENTED_EDGE('',*,*,#1054,.F.);
#1054 = EDGE_CURVE('',#141,#1032,#1055,.T.);
#1055 = SURFACE_CURVE('',#1056,(#1060,#1067),.PCURVE_S1.);
#1056 = LINE('',#1057,#1058);
#1057 = CARTESIAN_POINT('',(-9.5,1.,-63.));
#1058 = VECTOR('',#1059,1.);
#1059 = DIRECTION('',(-1.,0.,0.));
#1060 = PCURVE('',#156,#1061);
#1061 = DEFINITIONAL_REPRESENTATION('',(#1062),#1066);
#1062 = LINE('',#1063,#1064);
#1063 = CARTESIAN_POINT('',(-0.,12.));
#1064 = VECTOR('',#1065,1.);
#1065 = DIRECTION('',(1.,0.));
#1066 = ( GEOMETRIC_REPRESENTATION_CONTEXT(2) 
PARAMETRIC_REPRESENTATION_CONTEXT() REPRESENTATION_CONTEXT('2D SPACE',''
  ) );
#1067 = PCURVE('',#184,#1068);
#1068 = DEFINITIONAL_REPRESENTATION('',(#1069),#1073);
#1069 = LINE('',#1070,#1071);
#1070 = CARTESIAN_POINT('',(0.,0.));
#1071 = VECTOR('',#1072,1.);
#1072 = DIRECTION('',(0.,1.));
#1073 = ( GEOMETRIC_REPRESENTATION_CONTEXT(2) 
PARAMETRIC_REPRESENTATION_CONTEXT() REPRESENTATION_CONTEXT('2D SPACE',''
  ) );
#1074 = ADVANCED_FACE('',(#1075),#184,.T.);
#1075 = FACE_BOUND('',#1076,.T.);
#1076 = EDGE_LOOP('',(#1077,#1100,#1101,#1102));
#1077 = ORIENTED_EDGE('',*,*,#1078,.F.);
#1078 = EDGE_CURVE('',#1032,#1079,#1081,.T.);
#1079 = VERTEX_POINT('',#1080);
#1080 = CARTESIAN_POINT('',(-12.5,1.,-30.));
#1081 = SURFACE_CURVE('',#1082,(#1086,#1093),.PCURVE_S1.);
#1082 = LINE('',#1083,#1084);
#1083 = CARTESIAN_POINT('',(-12.5,1.,-63.));
#1084 = VECTOR('',#1085,1.);
#1085 = DIRECTION('',(0.,0.,1.));
#1086 = PCURVE('',#184,#1087);
#1087 = DEFINITIONAL_REPRESENTATION('',(#1088),#1092);
#1088 = LINE('',#1089,#1090);
#1089 = CARTESIAN_POINT('',(0.,3.));
#1090 = VECTOR('',#1091,1.);
#1091 = DIRECTION('',(1.,0.));
#1092 = ( GEOMETRIC_REPRESENTATION_CONTEXT(2) 
PARAMETRIC_REPRESENTATION_CONTEXT() REPRESENTATION_CONTEXT('2D SPACE',''
  ) );
#1093 = PCURVE('',#349,#1094);
#1094 = DEFINITIONAL_REPRESENTATION('',(#1095),#1099);
#1095 = LINE('',#1096,#1097);
#1096 = CARTESIAN_POINT('',(0.,-12.));
#1097 = VECTOR('',#1098,1.);
#1098 = DIRECTION('',(1.,0.));
#1099 = ( GEOMETRIC_REPRESENTATION_CONTEXT(2) 
PARAMETRIC_REPRESENTATION_CONTEXT() REPRESENTATION_CONTEXT('2D SPACE',''
  ) );
#1100 = ORIENTED_EDGE('',*,*,#1054,.F.);
#1101 = ORIENTED_EDGE('',*,*,#168,.T.);
#1102 = ORIENTED_EDGE('',*,*,#1103,.T.);
#1103 = EDGE_CURVE('',#169,#1079,#1104,.T.);
#1104 = SURFACE_CURVE('',#1105,(#1109,#1116),.PCURVE_S1.);
#1105 = LINE('',#1106,#1107);
#1106 = CARTESIAN_POINT('',(-9.5,1.,-30.));
#1107 = VECTOR('',#1108,1.);
#1108 = DIRECTION('',(-1.,0.,-0.));
#1109 = PCURVE('',#184,#1110);
#1110 = DEFINITIONAL_REPRESENTATION('',(#1111),#1115);
#1111 = LINE('',#1112,#1113);
#1112 = CARTESIAN_POINT('',(33.,0.));
#1113 = VECTOR('',#1114,1.);
#1114 = DIRECTION('',(0.,1.));
#1115 = ( GEOMETRIC_REPRESENTATION_CONTEXT(2) 
PARAMETRIC_REPRESENTATION_CONTEXT() REPRESENTATION_CONTEXT('2D SPACE',''
  ) );
#1116 = PCURVE('',#212,#1117);
#1117 = DEFINITIONAL_REPRESENTATION('',(#1118),#1122);
#1118 = LINE('',#1119,#1120);
#1119 = CARTESIAN_POINT('',(-0.,2.));
#1120 = VECTOR('',#1121,1.);
#1121 = DIRECTION('',(1.,0.));
#1122 = ( GEOMETRIC_REPRESENTATION_CONTEXT(2) 
PARAMETRIC_REPRESENTATION_CONTEXT() REPRESENTATION_CONTEXT('2D SPACE',''
  ) );
#1123 = ADVANCED_FACE('',(#1124),#212,.F.);
#1124 = FACE_BOUND('',#1125,.F.);
#1125 = EDGE_LOOP('',(#1126,#1127,#1128,#1151,#1179,#1207,#1235,#1263));
#1126 = ORIENTED_EDGE('',*,*,#196,.F.);
#1127 = ORIENTED_EDGE('',*,*,#1103,.T.);
#1128 = ORIENTED_EDGE('',*,*,#1129,.T.);
#1129 = EDGE_CURVE('',#1079,#1130,#1132,.T.);
#1130 = VERTEX_POINT('',#1131);
#1131 = CARTESIAN_POINT('',(-12.5,-5.,-30.));
#1132 = SURFACE_CURVE('',#1133,(#1137,#1144),.PCURVE_S1.);
#1133 = LINE('',#1134,#1135);
#1134 = CARTESIAN_POINT('',(-12.5,3.,-30.));
#1135 = VECTOR('',#1136,1.);
#1136 = DIRECTION('',(0.,-1.,0.));
#1137 = PCURVE('',#212,#1138);
#1138 = DEFINITIONAL_REPRESENTATION('',(#1139),#1143);
#1139 = LINE('',#1140,#1141);
#1140 = CARTESIAN_POINT('',(3.,0.));
#1141 = VECTOR('',#1142,1.);
#1142 = DIRECTION('',(0.,1.));
#1143 = ( GEOMETRIC_REPRESENTATION_CONTEXT(2) 
PARAMETRIC_REPRESENTATION_CONTEXT() REPRESENTATION_CONTEXT('2D SPACE',''
  ) );
#1144 = PCURVE('',#349,#1145);
#1145 = DEFINITIONAL_REPRESENTATION('',(#1146),#1150);
#1146 = LINE('',#1147,#1148);
#1147 = CARTESIAN_POINT('',(33.,-10.));
#1148 = VECTOR('',#1149,1.);
#1149 = DIRECTION('',(0.,-1.));
#1150 = ( GEOMETRIC_REPRESENTATION_CONTEXT(2) 
PARAMETRIC_REPRESENTATION_CONTEXT() REPRESENTATION_CONTEXT('2D SPACE',''
  ) );
#1151 = ORIENTED_EDGE('',*,*,#1152,.F.);
#1152 = EDGE_CURVE('',#1153,#1130,#1155,.T.);
#1153 = VERTEX_POINT('',#1154);
#1154 = CARTESIAN_POINT('',(-9.5,-5.,-30.));
#1155 = SURFACE_CURVE('',#1156,(#1160,#1167),.PCURVE_S1.);
#1156 = LINE('',#1157,#1158);
#1157 = CARTESIAN_POINT('',(-9.5,-5.,-30.));
#1158 = VECTOR('',#1159,1.);
#1159 = DIRECTION('',(-1.,0.,0.));
#1160 = PCURVE('',#212,#1161);
#1161 = DEFINITIONAL_REPRESENTATION('',(#1162),#1166);
#1162 = LINE('',#1163,#1164);
#1163 = CARTESIAN_POINT('',(-0.,8.));
#1164 = VECTOR('',#1165,1.);
#1165 = DIRECTION('',(1.,0.));
#1166 = ( GEOMETRIC_REPRESENTATION_CONTEXT(2) 
PARAMETRIC_REPRESENTATION_CONTEXT() REPRESENTATION_CONTEXT('2D SPACE',''
  ) );
#1167 = PCURVE('',#1168,#1173);
#1168 = PLANE('',#1169);
#1169 = AXIS2_PLACEMENT_3D('',#1170,#1171,#1172);
#1170 = CARTESIAN_POINT('',(-9.5,-5.,-30.));
#1171 = DIRECTION('',(0.,-1.,0.));
#1172 = DIRECTION('',(0.,0.,1.));
#1173 = DEFINITIONAL_REPRESENTATION('',(#1174),#1178);
#1174 = LINE('',#1175,#1176);
#1175 = CARTESIAN_POINT('',(0.,0.));
#1176 = VECTOR('',#1177,1.);
#1177 = DIRECTION('',(0.,1.));
#1178 = ( GEOMETRIC_REPRESENTATION_CONTEXT(2) 
PARAMETRIC_REPRESENTATION_CONTEXT() REPRESENTATION_CONTEXT('2D SPACE',''
  ) );
#1179 = ORIENTED_EDGE('',*,*,#1180,.F.);
#1180 = EDGE_CURVE('',#1181,#1153,#1183,.T.);
#1181 = VERTEX_POINT('',#1182);
#1182 = CARTESIAN_POINT('',(-9.5,-4.5,-30.));
#1183 = SURFACE_CURVE('',#1184,(#1188,#1195),.PCURVE_S1.);
#1184 = LINE('',#1185,#1186);
#1185 = CARTESIAN_POINT('',(-9.5,3.,-30.));
#1186 = VECTOR('',#1187,1.);
#1187 = DIRECTION('',(0.,-1.,0.));
#1188 = PCURVE('',#212,#1189);
#1189 = DEFINITIONAL_REPRESENTATION('',(#1190),#1194);
#1190 = LINE('',#1191,#1192);
#1191 = CARTESIAN_POINT('',(0.,-0.));
#1192 = VECTOR('',#1193,1.);
#1193 = DIRECTION('',(0.,1.));
#1194 = ( GEOMETRIC_REPRESENTATION_CONTEXT(2) 
PARAMETRIC_REPRESENTATION_CONTEXT() REPRESENTATION_CONTEXT('2D SPACE',''
  ) );
#1195 = PCURVE('',#1196,#1201);
#1196 = PLANE('',#1197);
#1197 = AXIS2_PLACEMENT_3D('',#1198,#1199,#1200);
#1198 = CARTESIAN_POINT('',(-9.5,3.,-30.));
#1199 = DIRECTION('',(-1.,0.,0.));
#1200 = DIRECTION('',(0.,0.,1.));
#1201 = DEFINITIONAL_REPRESENTATION('',(#1202),#1206);
#1202 = LINE('',#1203,#1204);
#1203 = CARTESIAN_POINT('',(0.,0.));
#1204 = VECTOR('',#1205,1.);
#1205 = DIRECTION('',(0.,-1.));
#1206 = ( GEOMETRIC_REPRESENTATION_CONTEXT(2) 
PARAMETRIC_REPRESENTATION_CONTEXT() REPRESENTATION_CONTEXT('2D SPACE',''
  ) );
#1207 = ORIENTED_EDGE('',*,*,#1208,.F.);
#1208 = EDGE_CURVE('',#1209,#1181,#1211,.T.);
#1209 = VERTEX_POINT('',#1210);
#1210 = CARTESIAN_POINT('',(-11.,-4.5,-30.));
#1211 = SURFACE_CURVE('',#1212,(#1216,#1223),.PCURVE_S1.);
#1212 = LINE('',#1213,#1214);
#1213 = CARTESIAN_POINT('',(-4.25,-4.5,-30.));
#1214 = VECTOR('',#1215,1.);
#1215 = DIRECTION('',(1.,-0.,-0.));
#1216 = PCURVE('',#212,#1217);
#1217 = DEFINITIONAL_REPRESENTATION('',(#1218),#1222);
#1218 = LINE('',#1219,#1220);
#1219 = CARTESIAN_POINT('',(-5.25,7.5));
#1220 = VECTOR('',#1221,1.);
#1221 = DIRECTION('',(-1.,-0.));
#1222 = ( GEOMETRIC_REPRESENTATION_CONTEXT(2) 
PARAMETRIC_REPRESENTATION_CONTEXT() REPRESENTATION_CONTEXT('2D SPACE',''
  ) );
#1223 = PCURVE('',#1224,#1229);
#1224 = PLANE('',#1225);
#1225 = AXIS2_PLACEMENT_3D('',#1226,#1227,#1228);
#1226 = CARTESIAN_POINT('',(1.,-4.5,-31.));
#1227 = DIRECTION('',(0.,-1.,0.));
#1228 = DIRECTION('',(0.,0.,1.));
#1229 = DEFINITIONAL_REPRESENTATION('',(#1230),#1234);
#1230 = LINE('',#1231,#1232);
#1231 = CARTESIAN_POINT('',(1.,5.25));
#1232 = VECTOR('',#1233,1.);
#1233 = DIRECTION('',(0.,-1.));
#1234 = ( GEOMETRIC_REPRESENTATION_CONTEXT(2) 
PARAMETRIC_REPRESENTATION_CONTEXT() REPRESENTATION_CONTEXT('2D SPACE',''
  ) );
#1235 = ORIENTED_EDGE('',*,*,#1236,.F.);
#1236 = EDGE_CURVE('',#1237,#1209,#1239,.T.);
#1237 = VERTEX_POINT('',#1238);
#1238 = CARTESIAN_POINT('',(-11.,-1.5,-30.));
#1239 = SURFACE_CURVE('',#1240,(#1244,#1251),.PCURVE_S1.);
#1240 = LINE('',#1241,#1242);
#1241 = CARTESIAN_POINT('',(-11.,0.75,-30.));
#1242 = VECTOR('',#1243,1.);
#1243 = DIRECTION('',(-0.,-1.,-0.));
#1244 = PCURVE('',#212,#1245);
#1245 = DEFINITIONAL_REPRESENTATION('',(#1246),#1250);
#1246 = LINE('',#1247,#1248);
#1247 = CARTESIAN_POINT('',(1.5,2.25));
#1248 = VECTOR('',#1249,1.);
#1249 = DIRECTION('',(0.,1.));
#1250 = ( GEOMETRIC_REPRESENTATION_CONTEXT(2) 
PARAMETRIC_REPRESENTATION_CONTEXT() REPRESENTATION_CONTEXT('2D SPACE',''
  ) );
#1251 = PCURVE('',#1252,#1257);
#1252 = PLANE('',#1253);
#1253 = AXIS2_PLACEMENT_3D('',#1254,#1255,#1256);
#1254 = CARTESIAN_POINT('',(-11.,-1.5,-31.));
#1255 = DIRECTION('',(-1.,0.,0.));
#1256 = DIRECTION('',(0.,0.,1.));
#1257 = DEFINITIONAL_REPRESENTATION('',(#1258),#1262);
#1258 = LINE('',#1259,#1260);
#1259 = CARTESIAN_POINT('',(1.,2.25));
#1260 = VECTOR('',#1261,1.);
#1261 = DIRECTION('',(0.,-1.));
#1262 = ( GEOMETRIC_REPRESENTATION_CONTEXT(2) 
PARAMETRIC_REPRESENTATION_CONTEXT() REPRESENTATION_CONTEXT('2D SPACE',''
  ) );
#1263 = ORIENTED_EDGE('',*,*,#1264,.T.);
#1264 = EDGE_CURVE('',#1237,#197,#1265,.T.);
#1265 = SURFACE_CURVE('',#1266,(#1270,#1277),.PCURVE_S1.);
#1266 = LINE('',#1267,#1268);
#1267 = CARTESIAN_POINT('',(-4.25,-1.5,-30.));
#1268 = VECTOR('',#1269,1.);
#1269 = DIRECTION('',(1.,-0.,-0.));
#1270 = PCURVE('',#212,#1271);
#1271 = DEFINITIONAL_REPRESENTATION('',(#1272),#1276);
#1272 = LINE('',#1273,#1274);
#1273 = CARTESIAN_POINT('',(-5.25,4.5));
#1274 = VECTOR('',#1275,1.);
#1275 = DIRECTION('',(-1.,-0.));
#1276 = ( GEOMETRIC_REPRESENTATION_CONTEXT(2) 
PARAMETRIC_REPRESENTATION_CONTEXT() REPRESENTATION_CONTEXT('2D SPACE',''
  ) );
#1277 = PCURVE('',#240,#1278);
#1278 = DEFINITIONAL_REPRESENTATION('',(#1279),#1283);
#1279 = LINE('',#1280,#1281);
#1280 = CARTESIAN_POINT('',(1.,5.25));
#1281 = VECTOR('',#1282,1.);
#1282 = DIRECTION('',(0.,-1.));
#1283 = ( GEOMETRIC_REPRESENTATION_CONTEXT(2) 
PARAMETRIC_REPRESENTATION_CONTEXT() REPRESENTATION_CONTEXT('2D SPACE',''
  ) );
#1284 = ADVANCED_FACE('',(#1285),#240,.F.);
#1285 = FACE_BOUND('',#1286,.F.);
#1286 = EDGE_LOOP('',(#1287,#1310,#1338,#1366,#1394,#1422,#1443,#1444));
#1287 = ORIENTED_EDGE('',*,*,#1288,.F.);
#1288 = EDGE_CURVE('',#1289,#1237,#1291,.T.);
#1289 = VERTEX_POINT('',#1290);
#1290 = CARTESIAN_POINT('',(-11.,-1.5,-31.));
#1291 = SURFACE_CURVE('',#1292,(#1296,#1303),.PCURVE_S1.);
#1292 = LINE('',#1293,#1294);
#1293 = CARTESIAN_POINT('',(-11.,-1.5,-31.));
#1294 = VECTOR('',#1295,1.);
#1295 = DIRECTION('',(0.,0.,1.));
#1296 = PCURVE('',#240,#1297);
#1297 = DEFINITIONAL_REPRESENTATION('',(#1298),#1302);
#1298 = LINE('',#1299,#1300);
#1299 = CARTESIAN_POINT('',(0.,12.));
#1300 = VECTOR('',#1301,1.);
#1301 = DIRECTION('',(1.,0.));
#1302 = ( GEOMETRIC_REPRESENTATION_CONTEXT(2) 
PARAMETRIC_REPRESENTATION_CONTEXT() REPRESENTATION_CONTEXT('2D SPACE',''
  ) );
#1303 = PCURVE('',#1252,#1304);
#1304 = DEFINITIONAL_REPRESENTATION('',(#1305),#1309);
#1305 = LINE('',#1306,#1307);
#1306 = CARTESIAN_POINT('',(0.,0.));
#1307 = VECTOR('',#1308,1.);
#1308 = DIRECTION('',(1.,-0.));
#1309 = ( GEOMETRIC_REPRESENTATION_CONTEXT(2) 
PARAMETRIC_REPRESENTATION_CONTEXT() REPRESENTATION_CONTEXT('2D SPACE',''
  ) );
#1310 = ORIENTED_EDGE('',*,*,#1311,.F.);
#1311 = EDGE_CURVE('',#1312,#1289,#1314,.T.);
#1312 = VERTEX_POINT('',#1313);
#1313 = CARTESIAN_POINT('',(1.,-1.5,-31.));
#1314 = SURFACE_CURVE('',#1315,(#1319,#1326),.PCURVE_S1.);
#1315 = LINE('',#1316,#1317);
#1316 = CARTESIAN_POINT('',(1.,-1.5,-31.));
#1317 = VECTOR('',#1318,1.);
#1318 = DIRECTION('',(-1.,0.,0.));
#1319 = PCURVE('',#240,#1320);
#1320 = DEFINITIONAL_REPRESENTATION('',(#1321),#1325);
#1321 = LINE('',#1322,#1323);
#1322 = CARTESIAN_POINT('',(0.,0.));
#1323 = VECTOR('',#1324,1.);
#1324 = DIRECTION('',(0.,1.));
#1325 = ( GEOMETRIC_REPRESENTATION_CONTEXT(2) 
PARAMETRIC_REPRESENTATION_CONTEXT() REPRESENTATION_CONTEXT('2D SPACE',''
  ) );
#1326 = PCURVE('',#1327,#1332);
#1327 = PLANE('',#1328);
#1328 = AXIS2_PLACEMENT_3D('',#1329,#1330,#1331);
#1329 = CARTESIAN_POINT('',(1.,-1.5,-31.));
#1330 = DIRECTION('',(0.,0.,1.));
#1331 = DIRECTION('',(-1.,0.,0.));
#1332 = DEFINITIONAL_REPRESENTATION('',(#1333),#1337);
#1333 = LINE('',#1334,#1335);
#1334 = CARTESIAN_POINT('',(0.,-0.));
#1335 = VECTOR('',#1336,1.);
#1336 = DIRECTION('',(1.,0.));
#1337 = ( GEOMETRIC_REPRESENTATION_CONTEXT(2) 
PARAMETRIC_REPRESENTATION_CONTEXT() REPRESENTATION_CONTEXT('2D SPACE',''
  ) );
#1338 = ORIENTED_EDGE('',*,*,#1339,.T.);
#1339 = EDGE_CURVE('',#1312,#1340,#1342,.T.);
#1340 = VERTEX_POINT('',#1341);
#1341 = CARTESIAN_POINT('',(1.,-1.5,-23.));
#1342 = SURFACE_CURVE('',#1343,(#1347,#1354),.PCURVE_S1.);
#1343 = LINE('',#1344,#1345);
#1344 = CARTESIAN_POINT('',(1.,-1.5,-31.));
#1345 = VECTOR('',#1346,1.);
#1346 = DIRECTION('',(0.,0.,1.));
#1347 = PCURVE('',#240,#1348);
#1348 = DEFINITIONAL_REPRESENTATION('',(#1349),#1353);
#1349 = LINE('',#1350,#1351);
#1350 = CARTESIAN_POINT('',(0.,0.));
#1351 = VECTOR('',#1352,1.);
#1352 = DIRECTION('',(1.,0.));
#1353 = ( GEOMETRIC_REPRESENTATION_CONTEXT(2) 
PARAMETRIC_REPRESENTATION_CONTEXT() REPRESENTATION_CONTEXT('2D SPACE',''
  ) );
#1354 = PCURVE('',#1355,#1360);
#1355 = PLANE('',#1356);
#1356 = AXIS2_PLACEMENT_3D('',#1357,#1358,#1359);
#1357 = CARTESIAN_POINT('',(1.,-1.5,-31.));
#1358 = DIRECTION('',(-1.,0.,0.));
#1359 = DIRECTION('',(0.,0.,1.));
#1360 = DEFINITIONAL_REPRESENTATION('',(#1361),#1365);
#1361 = LINE('',#1362,#1363);
#1362 = CARTESIAN_POINT('',(0.,0.));
#1363 = VECTOR('',#1364,1.);
#1364 = DIRECTION('',(1.,-0.));
#1365 = ( GEOMETRIC_REPRESENTATION_CONTEXT(2) 
PARAMETRIC_REPRESENTATION_CONTEXT() REPRESENTATION_CONTEXT('2D SPACE',''
  ) );
#1366 = ORIENTED_EDGE('',*,*,#1367,.T.);
#1367 = EDGE_CURVE('',#1340,#1368,#1370,.T.);
#1368 = VERTEX_POINT('',#1369);
#1369 = CARTESIAN_POINT('',(-11.,-1.5,-23.));
#1370 = SURFACE_CURVE('',#1371,(#1375,#1382),.PCURVE_S1.);
#1371 = LINE('',#1372,#1373);
#1372 = CARTESIAN_POINT('',(1.,-1.5,-23.));
#1373 = VECTOR('',#1374,1.);
#1374 = DIRECTION('',(-1.,0.,0.));
#1375 = PCURVE('',#240,#1376);
#1376 = DEFINITIONAL_REPRESENTATION('',(#1377),#1381);
#1377 = LINE('',#1378,#1379);
#1378 = CARTESIAN_POINT('',(8.,0.));
#1379 = VECTOR('',#1380,1.);
#1380 = DIRECTION('',(0.,1.));
#1381 = ( GEOMETRIC_REPRESENTATION_CONTEXT(2) 
PARAMETRIC_REPRESENTATION_CONTEXT() REPRESENTATION_CONTEXT('2D SPACE',''
  ) );
#1382 = PCURVE('',#1383,#1388);
#1383 = PLANE('',#1384);
#1384 = AXIS2_PLACEMENT_3D('',#1385,#1386,#1387);
#1385 = CARTESIAN_POINT('',(1.,-1.5,-23.));
#1386 = DIRECTION('',(0.,0.,1.));
#1387 = DIRECTION('',(-1.,0.,0.));
#1388 = DEFINITIONAL_REPRESENTATION('',(#1389),#1393);
#1389 = LINE('',#1390,#1391);
#1390 = CARTESIAN_POINT('',(0.,-0.));
#1391 = VECTOR('',#1392,1.);
#1392 = DIRECTION('',(1.,0.));
#1393 = ( GEOMETRIC_REPRESENTATION_CONTEXT(2) 
PARAMETRIC_REPRESENTATION_CONTEXT() REPRESENTATION_CONTEXT('2D SPACE',''
  ) );
#1394 = ORIENTED_EDGE('',*,*,#1395,.F.);
#1395 = EDGE_CURVE('',#1396,#1368,#1398,.T.);
#1396 = VERTEX_POINT('',#1397);
#1397 = CARTESIAN_POINT('',(-11.,-1.5,-24.));
#1398 = SURFACE_CURVE('',#1399,(#1403,#1410),.PCURVE_S1.);
#1399 = LINE('',#1400,#1401);
#1400 = CARTESIAN_POINT('',(-11.,-1.5,-31.));
#1401 = VECTOR('',#1402,1.);
#1402 = DIRECTION('',(0.,0.,1.));
#1403 = PCURVE('',#240,#1404);
#1404 = DEFINITIONAL_REPRESENTATION('',(#1405),#1409);
#1405 = LINE('',#1406,#1407);
#1406 = CARTESIAN_POINT('',(0.,12.));
#1407 = VECTOR('',#1408,1.);
#1408 = DIRECTION('',(1.,0.));
#1409 = ( GEOMETRIC_REPRESENTATION_CONTEXT(2) 
PARAMETRIC_REPRESENTATION_CONTEXT() REPRESENTATION_CONTEXT('2D SPACE',''
  ) );
#1410 = PCURVE('',#1411,#1416);
#1411 = PLANE('',#1412);
#1412 = AXIS2_PLACEMENT_3D('',#1413,#1414,#1415);
#1413 = CARTESIAN_POINT('',(-11.,-1.5,-31.));
#1414 = DIRECTION('',(-1.,0.,0.));
#1415 = DIRECTION('',(0.,0.,1.));
#1416 = DEFINITIONAL_REPRESENTATION('',(#1417),#1421);
#1417 = LINE('',#1418,#1419);
#1418 = CARTESIAN_POINT('',(0.,0.));
#1419 = VECTOR('',#1420,1.);
#1420 = DIRECTION('',(1.,-0.));
#1421 = ( GEOMETRIC_REPRESENTATION_CONTEXT(2) 
PARAMETRIC_REPRESENTATION_CONTEXT() REPRESENTATION_CONTEXT('2D SPACE',''
  ) );
#1422 = ORIENTED_EDGE('',*,*,#1423,.T.);
#1423 = EDGE_CURVE('',#1396,#225,#1424,.T.);
#1424 = SURFACE_CURVE('',#1425,(#1429,#1436),.PCURVE_S1.);
#1425 = LINE('',#1426,#1427);
#1426 = CARTESIAN_POINT('',(-4.25,-1.5,-24.));
#1427 = VECTOR('',#1428,1.);
#1428 = DIRECTION('',(1.,-0.,-0.));
#1429 = PCURVE('',#240,#1430);
#1430 = DEFINITIONAL_REPRESENTATION('',(#1431),#1435);
#1431 = LINE('',#1432,#1433);
#1432 = CARTESIAN_POINT('',(7.,5.25));
#1433 = VECTOR('',#1434,1.);
#1434 = DIRECTION('',(0.,-1.));
#1435 = ( GEOMETRIC_REPRESENTATION_CONTEXT(2) 
PARAMETRIC_REPRESENTATION_CONTEXT() REPRESENTATION_CONTEXT('2D SPACE',''
  ) );
#1436 = PCURVE('',#268,#1437);
#1437 = DEFINITIONAL_REPRESENTATION('',(#1438),#1442);
#1438 = LINE('',#1439,#1440);
#1439 = CARTESIAN_POINT('',(-5.25,4.5));
#1440 = VECTOR('',#1441,1.);
#1441 = DIRECTION('',(-1.,-0.));
#1442 = ( GEOMETRIC_REPRESENTATION_CONTEXT(2) 
PARAMETRIC_REPRESENTATION_CONTEXT() REPRESENTATION_CONTEXT('2D SPACE',''
  ) );
#1443 = ORIENTED_EDGE('',*,*,#224,.F.);
#1444 = ORIENTED_EDGE('',*,*,#1264,.F.);
#1445 = ADVANCED_FACE('',(#1446),#268,.T.);
#1446 = FACE_BOUND('',#1447,.T.);
#1447 = EDGE_LOOP('',(#1448,#1449,#1472,#1495,#1518,#1541,#1564,#1585));
#1448 = ORIENTED_EDGE('',*,*,#252,.F.);
#1449 = ORIENTED_EDGE('',*,*,#1450,.T.);
#1450 = EDGE_CURVE('',#253,#1451,#1453,.T.);
#1451 = VERTEX_POINT('',#1452);
#1452 = CARTESIAN_POINT('',(-12.5,3.,-24.));
#1453 = SURFACE_CURVE('',#1454,(#1458,#1465),.PCURVE_S1.);
#1454 = LINE('',#1455,#1456);
#1455 = CARTESIAN_POINT('',(-9.5,3.,-24.));
#1456 = VECTOR('',#1457,1.);
#1457 = DIRECTION('',(-1.,0.,0.));
#1458 = PCURVE('',#268,#1459);
#1459 = DEFINITIONAL_REPRESENTATION('',(#1460),#1464);
#1460 = LINE('',#1461,#1462);
#1461 = CARTESIAN_POINT('',(0.,-0.));
#1462 = VECTOR('',#1463,1.);
#1463 = DIRECTION('',(1.,0.));
#1464 = ( GEOMETRIC_REPRESENTATION_CONTEXT(2) 
PARAMETRIC_REPRESENTATION_CONTEXT() REPRESENTATION_CONTEXT('2D SPACE',''
  ) );
#1465 = PCURVE('',#294,#1466);
#1466 = DEFINITIONAL_REPRESENTATION('',(#1467),#1471);
#1467 = LINE('',#1468,#1469);
#1468 = CARTESIAN_POINT('',(6.,0.));
#1469 = VECTOR('',#1470,1.);
#1470 = DIRECTION('',(0.,1.));
#1471 = ( GEOMETRIC_REPRESENTATION_CONTEXT(2) 
PARAMETRIC_REPRESENTATION_CONTEXT() REPRESENTATION_CONTEXT('2D SPACE',''
  ) );
#1472 = ORIENTED_EDGE('',*,*,#1473,.T.);
#1473 = EDGE_CURVE('',#1451,#1474,#1476,.T.);
#1474 = VERTEX_POINT('',#1475);
#1475 = CARTESIAN_POINT('',(-12.5,-5.,-24.));
#1476 = SURFACE_CURVE('',#1477,(#1481,#1488),.PCURVE_S1.);
#1477 = LINE('',#1478,#1479);
#1478 = CARTESIAN_POINT('',(-12.5,3.,-24.));
#1479 = VECTOR('',#1480,1.);
#1480 = DIRECTION('',(0.,-1.,0.));
#1481 = PCURVE('',#268,#1482);
#1482 = DEFINITIONAL_REPRESENTATION('',(#1483),#1487);
#1483 = LINE('',#1484,#1485);
#1484 = CARTESIAN_POINT('',(3.,0.));
#1485 = VECTOR('',#1486,1.);
#1486 = DIRECTION('',(0.,1.));
#1487 = ( GEOMETRIC_REPRESENTATION_CONTEXT(2) 
PARAMETRIC_REPRESENTATION_CONTEXT() REPRESENTATION_CONTEXT('2D SPACE',''
  ) );
#1488 = PCURVE('',#349,#1489);
#1489 = DEFINITIONAL_REPRESENTATION('',(#1490),#1494);
#1490 = LINE('',#1491,#1492);
#1491 = CARTESIAN_POINT('',(39.,-10.));
#1492 = VECTOR('',#1493,1.);
#1493 = DIRECTION('',(0.,-1.));
#1494 = ( GEOMETRIC_REPRESENTATION_CONTEXT(2) 
PARAMETRIC_REPRESENTATION_CONTEXT() REPRESENTATION_CONTEXT('2D SPACE',''
  ) );
#1495 = ORIENTED_EDGE('',*,*,#1496,.F.);
#1496 = EDGE_CURVE('',#1497,#1474,#1499,.T.);
#1497 = VERTEX_POINT('',#1498);
#1498 = CARTESIAN_POINT('',(-9.5,-5.,-24.));
#1499 = SURFACE_CURVE('',#1500,(#1504,#1511),.PCURVE_S1.);
#1500 = LINE('',#1501,#1502);
#1501 = CARTESIAN_POINT('',(-9.5,-5.,-24.));
#1502 = VECTOR('',#1503,1.);
#1503 = DIRECTION('',(-1.,0.,0.));
#1504 = PCURVE('',#268,#1505);
#1505 = DEFINITIONAL_REPRESENTATION('',(#1506),#1510);
#1506 = LINE('',#1507,#1508);
#1507 = CARTESIAN_POINT('',(-0.,8.));
#1508 = VECTOR('',#1509,1.);
#1509 = DIRECTION('',(1.,0.));
#1510 = ( GEOMETRIC_REPRESENTATION_CONTEXT(2) 
PARAMETRIC_REPRESENTATION_CONTEXT() REPRESENTATION_CONTEXT('2D SPACE',''
  ) );
#1511 = PCURVE('',#1168,#1512);
#1512 = DEFINITIONAL_REPRESENTATION('',(#1513),#1517);
#1513 = LINE('',#1514,#1515);
#1514 = CARTESIAN_POINT('',(6.,0.));
#1515 = VECTOR('',#1516,1.);
#1516 = DIRECTION('',(0.,1.));
#1517 = ( GEOMETRIC_REPRESENTATION_CONTEXT(2) 
PARAMETRIC_REPRESENTATION_CONTEXT() REPRESENTATION_CONTEXT('2D SPACE',''
  ) );
#1518 = ORIENTED_EDGE('',*,*,#1519,.F.);
#1519 = EDGE_CURVE('',#1520,#1497,#1522,.T.);
#1520 = VERTEX_POINT('',#1521);
#1521 = CARTESIAN_POINT('',(-9.5,-4.5,-24.));
#1522 = SURFACE_CURVE('',#1523,(#1527,#1534),.PCURVE_S1.);
#1523 = LINE('',#1524,#1525);
#1524 = CARTESIAN_POINT('',(-9.5,3.,-24.));
#1525 = VECTOR('',#1526,1.);
#1526 = DIRECTION('',(0.,-1.,0.));
#1527 = PCURVE('',#268,#1528);
#1528 = DEFINITIONAL_REPRESENTATION('',(#1529),#1533);
#1529 = LINE('',#1530,#1531);
#1530 = CARTESIAN_POINT('',(0.,-0.));
#1531 = VECTOR('',#1532,1.);
#1532 = DIRECTION('',(0.,1.));
#1533 = ( GEOMETRIC_REPRESENTATION_CONTEXT(2) 
PARAMETRIC_REPRESENTATION_CONTEXT() REPRESENTATION_CONTEXT('2D SPACE',''
  ) );
#1534 = PCURVE('',#1196,#1535);
#1535 = DEFINITIONAL_REPRESENTATION('',(#1536),#1540);
#1536 = LINE('',#1537,#1538);
#1537 = CARTESIAN_POINT('',(6.,0.));
#1538 = VECTOR('',#1539,1.);
#1539 = DIRECTION('',(0.,-1.));
#1540 = ( GEOMETRIC_REPRESENTATION_CONTEXT(2) 
PARAMETRIC_REPRESENTATION_CONTEXT() REPRESENTATION_CONTEXT('2D SPACE',''
  ) );
#1541 = ORIENTED_EDGE('',*,*,#1542,.F.);
#1542 = EDGE_CURVE('',#1543,#1520,#1545,.T.);
#1543 = VERTEX_POINT('',#1544);
#1544 = CARTESIAN_POINT('',(-11.,-4.5,-24.));
#1545 = SURFACE_CURVE('',#1546,(#1550,#1557),.PCURVE_S1.);
#1546 = LINE('',#1547,#1548);
#1547 = CARTESIAN_POINT('',(-4.25,-4.5,-24.));
#1548 = VECTOR('',#1549,1.);
#1549 = DIRECTION('',(1.,-0.,-0.));
#1550 = PCURVE('',#268,#1551);
#1551 = DEFINITIONAL_REPRESENTATION('',(#1552),#1556);
#1552 = LINE('',#1553,#1554);
#1553 = CARTESIAN_POINT('',(-5.25,7.5));
#1554 = VECTOR('',#1555,1.);
#1555 = DIRECTION('',(-1.,-0.));
#1556 = ( GEOMETRIC_REPRESENTATION_CONTEXT(2) 
PARAMETRIC_REPRESENTATION_CONTEXT() REPRESENTATION_CONTEXT('2D SPACE',''
  ) );
#1557 = PCURVE('',#1224,#1558);
#1558 = DEFINITIONAL_REPRESENTATION('',(#1559),#1563);
#1559 = LINE('',#1560,#1561);
#1560 = CARTESIAN_POINT('',(7.,5.25));
#1561 = VECTOR('',#1562,1.);
#1562 = DIRECTION('',(0.,-1.));
#1563 = ( GEOMETRIC_REPRESENTATION_CONTEXT(2) 
PARAMETRIC_REPRESENTATION_CONTEXT() REPRESENTATION_CONTEXT('2D SPACE',''
  ) );
#1564 = ORIENTED_EDGE('',*,*,#1565,.F.);
#1565 = EDGE_CURVE('',#1396,#1543,#1566,.T.);
#1566 = SURFACE_CURVE('',#1567,(#1571,#1578),.PCURVE_S1.);
#1567 = LINE('',#1568,#1569);
#1568 = CARTESIAN_POINT('',(-11.,0.75,-24.));
#1569 = VECTOR('',#1570,1.);
#1570 = DIRECTION('',(-0.,-1.,-0.));
#1571 = PCURVE('',#268,#1572);
#1572 = DEFINITIONAL_REPRESENTATION('',(#1573),#1577);
#1573 = LINE('',#1574,#1575);
#1574 = CARTESIAN_POINT('',(1.5,2.25));
#1575 = VECTOR('',#1576,1.);
#1576 = DIRECTION('',(0.,1.));
#1577 = ( GEOMETRIC_REPRESENTATION_CONTEXT(2) 
PARAMETRIC_REPRESENTATION_CONTEXT() REPRESENTATION_CONTEXT('2D SPACE',''
  ) );
#1578 = PCURVE('',#1411,#1579);
#1579 = DEFINITIONAL_REPRESENTATION('',(#1580),#1584);
#1580 = LINE('',#1581,#1582);
#1581 = CARTESIAN_POINT('',(7.,2.25));
#1582 = VECTOR('',#1583,1.);
#1583 = DIRECTION('',(0.,-1.));
#1584 = ( GEOMETRIC_REPRESENTATION_CONTEXT(2) 
PARAMETRIC_REPRESENTATION_CONTEXT() REPRESENTATION_CONTEXT('2D SPACE',''
  ) );
#1585 = ORIENTED_EDGE('',*,*,#1423,.T.);
#1586 = ADVANCED_FACE('',(#1587),#294,.F.);
#1587 = FACE_BOUND('',#1588,.F.);
#1588 = EDGE_LOOP('',(#1589,#1610,#1611,#1612));
#1589 = ORIENTED_EDGE('',*,*,#1590,.F.);
#1590 = EDGE_CURVE('',#334,#1451,#1591,.T.);
#1591 = SURFACE_CURVE('',#1592,(#1596,#1603),.PCURVE_S1.);
#1592 = LINE('',#1593,#1594);
#1593 = CARTESIAN_POINT('',(-12.5,3.,-30.));
#1594 = VECTOR('',#1595,1.);
#1595 = DIRECTION('',(0.,0.,1.));
#1596 = PCURVE('',#294,#1597);
#1597 = DEFINITIONAL_REPRESENTATION('',(#1598),#1602);
#1598 = LINE('',#1599,#1600);
#1599 = CARTESIAN_POINT('',(0.,3.));
#1600 = VECTOR('',#1601,1.);
#1601 = DIRECTION('',(1.,0.));
#1602 = ( GEOMETRIC_REPRESENTATION_CONTEXT(2) 
PARAMETRIC_REPRESENTATION_CONTEXT() REPRESENTATION_CONTEXT('2D SPACE',''
  ) );
#1603 = PCURVE('',#349,#1604);
#1604 = DEFINITIONAL_REPRESENTATION('',(#1605),#1609);
#1605 = LINE('',#1606,#1607);
#1606 = CARTESIAN_POINT('',(33.,-10.));
#1607 = VECTOR('',#1608,1.);
#1608 = DIRECTION('',(1.,0.));
#1609 = ( GEOMETRIC_REPRESENTATION_CONTEXT(2) 
PARAMETRIC_REPRESENTATION_CONTEXT() REPRESENTATION_CONTEXT('2D SPACE',''
  ) );
#1610 = ORIENTED_EDGE('',*,*,#361,.T.);
#1611 = ORIENTED_EDGE('',*,*,#280,.T.);
#1612 = ORIENTED_EDGE('',*,*,#1450,.T.);
#1613 = ADVANCED_FACE('',(#1614),#349,.T.);
#1614 = FACE_BOUND('',#1615,.T.);
#1615 = EDGE_LOOP('',(#1616,#1617,#1618,#1619,#1620,#1621,#1642,#1643));
#1616 = ORIENTED_EDGE('',*,*,#333,.F.);
#1617 = ORIENTED_EDGE('',*,*,#517,.F.);
#1618 = ORIENTED_EDGE('',*,*,#1031,.T.);
#1619 = ORIENTED_EDGE('',*,*,#1078,.T.);
#1620 = ORIENTED_EDGE('',*,*,#1129,.T.);
#1621 = ORIENTED_EDGE('',*,*,#1622,.T.);
#1622 = EDGE_CURVE('',#1130,#1474,#1623,.T.);
#1623 = SURFACE_CURVE('',#1624,(#1628,#1635),.PCURVE_S1.);
#1624 = LINE('',#1625,#1626);
#1625 = CARTESIAN_POINT('',(-12.5,-5.,-30.));
#1626 = VECTOR('',#1627,1.);
#1627 = DIRECTION('',(0.,0.,1.));
#1628 = PCURVE('',#349,#1629);
#1629 = DEFINITIONAL_REPRESENTATION('',(#1630),#1634);
#1630 = LINE('',#1631,#1632);
#1631 = CARTESIAN_POINT('',(33.,-18.));
#1632 = VECTOR('',#1633,1.);
#1633 = DIRECTION('',(1.,0.));
#1634 = ( GEOMETRIC_REPRESENTATION_CONTEXT(2) 
PARAMETRIC_REPRESENTATION_CONTEXT() REPRESENTATION_CONTEXT('2D SPACE',''
  ) );
#1635 = PCURVE('',#1168,#1636);
#1636 = DEFINITIONAL_REPRESENTATION('',(#1637),#1641);
#1637 = LINE('',#1638,#1639);
#1638 = CARTESIAN_POINT('',(0.,3.));
#1639 = VECTOR('',#1640,1.);
#1640 = DIRECTION('',(1.,0.));
#1641 = ( GEOMETRIC_REPRESENTATION_CONTEXT(2) 
PARAMETRIC_REPRESENTATION_CONTEXT() REPRESENTATION_CONTEXT('2D SPACE',''
  ) );
#1642 = ORIENTED_EDGE('',*,*,#1473,.F.);
#1643 = ORIENTED_EDGE('',*,*,#1590,.F.);
#1644 = ADVANCED_FACE('',(#1645),#426,.T.);
#1645 = FACE_BOUND('',#1646,.T.);
#1646 = EDGE_LOOP('',(#1647,#1648,#1669,#1670));
#1647 = ORIENTED_EDGE('',*,*,#410,.F.);
#1648 = ORIENTED_EDGE('',*,*,#1649,.T.);
#1649 = EDGE_CURVE('',#411,#767,#1650,.T.);
#1650 = SURFACE_CURVE('',#1651,(#1655,#1662),.PCURVE_S1.);
#1651 = LINE('',#1652,#1653);
#1652 = CARTESIAN_POINT('',(-10.5,13.,-67.6));
#1653 = VECTOR('',#1654,1.);
#1654 = DIRECTION('',(-0.,-1.,-0.));
#1655 = PCURVE('',#426,#1656);
#1656 = DEFINITIONAL_REPRESENTATION('',(#1657),#1661);
#1657 = LINE('',#1658,#1659);
#1658 = CARTESIAN_POINT('',(-0.,0.));
#1659 = VECTOR('',#1660,1.);
#1660 = DIRECTION('',(1.,0.));
#1661 = ( GEOMETRIC_REPRESENTATION_CONTEXT(2) 
PARAMETRIC_REPRESENTATION_CONTEXT() REPRESENTATION_CONTEXT('2D SPACE',''
  ) );
#1662 = PCURVE('',#454,#1663);
#1663 = DEFINITIONAL_REPRESENTATION('',(#1664),#1668);
#1664 = LINE('',#1665,#1666);
#1665 = CARTESIAN_POINT('',(0.,-21.));
#1666 = VECTOR('',#1667,1.);
#1667 = DIRECTION('',(1.,0.));
#1668 = ( GEOMETRIC_REPRESENTATION_CONTEXT(2) 
PARAMETRIC_REPRESENTATION_CONTEXT() REPRESENTATION_CONTEXT('2D SPACE',''
  ) );
#1669 = ORIENTED_EDGE('',*,*,#766,.T.);
#1670 = ORIENTED_EDGE('',*,*,#1009,.F.);
#1671 = ADVANCED_FACE('',(#1672),#454,.F.);
#1672 = FACE_BOUND('',#1673,.F.);
#1673 = EDGE_LOOP('',(#1674,#1695,#1696,#1697));
#1674 = ORIENTED_EDGE('',*,*,#1675,.F.);
#1675 = EDGE_CURVE('',#439,#792,#1676,.T.);
#1676 = SURFACE_CURVE('',#1677,(#1681,#1688),.PCURVE_S1.);
#1677 = LINE('',#1678,#1679);
#1678 = CARTESIAN_POINT('',(10.5,13.,-67.6));
#1679 = VECTOR('',#1680,1.);
#1680 = DIRECTION('',(-0.,-1.,-0.));
#1681 = PCURVE('',#454,#1682);
#1682 = DEFINITIONAL_REPRESENTATION('',(#1683),#1687);
#1683 = LINE('',#1684,#1685);
#1684 = CARTESIAN_POINT('',(-0.,0.));
#1685 = VECTOR('',#1686,1.);
#1686 = DIRECTION('',(1.,0.));
#1687 = ( GEOMETRIC_REPRESENTATION_CONTEXT(2) 
PARAMETRIC_REPRESENTATION_CONTEXT() REPRESENTATION_CONTEXT('2D SPACE',''
  ) );
#1688 = PCURVE('',#482,#1689);
#1689 = DEFINITIONAL_REPRESENTATION('',(#1690),#1694);
#1690 = LINE('',#1691,#1692);
#1691 = CARTESIAN_POINT('',(-0.,0.));
#1692 = VECTOR('',#1693,1.);
#1693 = DIRECTION('',(1.,0.));
#1694 = ( GEOMETRIC_REPRESENTATION_CONTEXT(2) 
PARAMETRIC_REPRESENTATION_CONTEXT() REPRESENTATION_CONTEXT('2D SPACE',''
  ) );
#1695 = ORIENTED_EDGE('',*,*,#438,.T.);
#1696 = ORIENTED_EDGE('',*,*,#1649,.T.);
#1697 = ORIENTED_EDGE('',*,*,#791,.F.);
#1698 = ADVANCED_FACE('',(#1699),#482,.F.);
#1699 = FACE_BOUND('',#1700,.F.);
#1700 = EDGE_LOOP('',(#1701,#1702,#1703,#1704));
#1701 = ORIENTED_EDGE('',*,*,#466,.F.);
#1702 = ORIENTED_EDGE('',*,*,#1675,.T.);
#1703 = ORIENTED_EDGE('',*,*,#814,.T.);
#1704 = ORIENTED_EDGE('',*,*,#740,.F.);
#1705 = ADVANCED_FACE('',(#1706),#557,.F.);
#1706 = FACE_BOUND('',#1707,.F.);
#1707 = EDGE_LOOP('',(#1708,#1709,#1730,#1731));
#1708 = ORIENTED_EDGE('',*,*,#980,.F.);
#1709 = ORIENTED_EDGE('',*,*,#1710,.F.);
#1710 = EDGE_CURVE('',#541,#981,#1711,.T.);
#1711 = SEAM_CURVE('',#1712,(#1716,#1723),.PCURVE_S1.);
#1712 = LINE('',#1713,#1714);
#1713 = CARTESIAN_POINT('',(1.836970198721E-16,14.,-34.95));
#1714 = VECTOR('',#1715,1.);
#1715 = DIRECTION('',(-0.,-1.,0.));
#1716 = PCURVE('',#557,#1717);
#1717 = DEFINITIONAL_REPRESENTATION('',(#1718),#1722);
#1718 = LINE('',#1719,#1720);
#1719 = CARTESIAN_POINT('',(6.28318530718,-0.));
#1720 = VECTOR('',#1721,1.);
#1721 = DIRECTION('',(0.,1.));
#1722 = ( GEOMETRIC_REPRESENTATION_CONTEXT(2) 
PARAMETRIC_REPRESENTATION_CONTEXT() REPRESENTATION_CONTEXT('2D SPACE',''
  ) );
#1723 = PCURVE('',#557,#1724);
#1724 = DEFINITIONAL_REPRESENTATION('',(#1725),#1729);
#1725 = LINE('',#1726,#1727);
#1726 = CARTESIAN_POINT('',(0.,-0.));
#1727 = VECTOR('',#1728,1.);
#1728 = DIRECTION('',(0.,1.));
#1729 = ( GEOMETRIC_REPRESENTATION_CONTEXT(2) 
PARAMETRIC_REPRESENTATION_CONTEXT() REPRESENTATION_CONTEXT('2D SPACE',''
  ) );
#1730 = ORIENTED_EDGE('',*,*,#540,.T.);
#1731 = ORIENTED_EDGE('',*,*,#1710,.T.);
#1732 = ADVANCED_FACE('',(#1733),#589,.F.);
#1733 = FACE_BOUND('',#1734,.F.);
#1734 = EDGE_LOOP('',(#1735,#1756,#1757,#1778));
#1735 = ORIENTED_EDGE('',*,*,#1736,.F.);
#1736 = EDGE_CURVE('',#572,#935,#1737,.T.);
#1737 = SURFACE_CURVE('',#1738,(#1742,#1749),.PCURVE_S1.);
#1738 = LINE('',#1739,#1740);
#1739 = CARTESIAN_POINT('',(-6.4,14.,-37.9));
#1740 = VECTOR('',#1741,1.);
#1741 = DIRECTION('',(-0.,-1.,-0.));
#1742 = PCURVE('',#589,#1743);
#1743 = DEFINITIONAL_REPRESENTATION('',(#1744),#1748);
#1744 = LINE('',#1745,#1746);
#1745 = CARTESIAN_POINT('',(-0.,23.4));
#1746 = VECTOR('',#1747,1.);
#1747 = DIRECTION('',(1.,0.));
#1748 = ( GEOMETRIC_REPRESENTATION_CONTEXT(2) 
PARAMETRIC_REPRESENTATION_CONTEXT() REPRESENTATION_CONTEXT('2D SPACE',''
  ) );
#1749 = PCURVE('',#617,#1750);
#1750 = DEFINITIONAL_REPRESENTATION('',(#1751),#1755);
#1751 = LINE('',#1752,#1753);
#1752 = CARTESIAN_POINT('',(0.,-12.8));
#1753 = VECTOR('',#1754,1.);
#1754 = DIRECTION('',(1.,0.));
#1755 = ( GEOMETRIC_REPRESENTATION_CONTEXT(2) 
PARAMETRIC_REPRESENTATION_CONTEXT() REPRESENTATION_CONTEXT('2D SPACE',''
  ) );
#1756 = ORIENTED_EDGE('',*,*,#571,.T.);
#1757 = ORIENTED_EDGE('',*,*,#1758,.T.);
#1758 = EDGE_CURVE('',#574,#912,#1759,.T.);
#1759 = SURFACE_CURVE('',#1760,(#1764,#1771),.PCURVE_S1.);
#1760 = LINE('',#1761,#1762);
#1761 = CARTESIAN_POINT('',(-6.4,14.,-61.3));
#1762 = VECTOR('',#1763,1.);
#1763 = DIRECTION('',(-0.,-1.,-0.));
#1764 = PCURVE('',#589,#1765);
#1765 = DEFINITIONAL_REPRESENTATION('',(#1766),#1770);
#1766 = LINE('',#1767,#1768);
#1767 = CARTESIAN_POINT('',(-0.,0.));
#1768 = VECTOR('',#1769,1.);
#1769 = DIRECTION('',(1.,0.));
#1770 = ( GEOMETRIC_REPRESENTATION_CONTEXT(2) 
PARAMETRIC_REPRESENTATION_CONTEXT() REPRESENTATION_CONTEXT('2D SPACE',''
  ) );
#1771 = PCURVE('',#671,#1772);
#1772 = DEFINITIONAL_REPRESENTATION('',(#1773),#1777);
#1773 = LINE('',#1774,#1775);
#1774 = CARTESIAN_POINT('',(0.,-12.8));
#1775 = VECTOR('',#1776,1.);
#1776 = DIRECTION('',(1.,0.));
#1777 = ( GEOMETRIC_REPRESENTATION_CONTEXT(2) 
PARAMETRIC_REPRESENTATION_CONTEXT() REPRESENTATION_CONTEXT('2D SPACE',''
  ) );
#1778 = ORIENTED_EDGE('',*,*,#934,.F.);
#1779 = ADVANCED_FACE('',(#1780),#617,.F.);
#1780 = FACE_BOUND('',#1781,.F.);
#1781 = EDGE_LOOP('',(#1782,#1803,#1804,#1805));
#1782 = ORIENTED_EDGE('',*,*,#1783,.F.);
#1783 = EDGE_CURVE('',#602,#887,#1784,.T.);
#1784 = SURFACE_CURVE('',#1785,(#1789,#1796),.PCURVE_S1.);
#1785 = LINE('',#1786,#1787);
#1786 = CARTESIAN_POINT('',(6.4,14.,-37.9));
#1787 = VECTOR('',#1788,1.);
#1788 = DIRECTION('',(-0.,-1.,-0.));
#1789 = PCURVE('',#617,#1790);
#1790 = DEFINITIONAL_REPRESENTATION('',(#1791),#1795);
#1791 = LINE('',#1792,#1793);
#1792 = CARTESIAN_POINT('',(-0.,0.));
#1793 = VECTOR('',#1794,1.);
#1794 = DIRECTION('',(1.,0.));
#1795 = ( GEOMETRIC_REPRESENTATION_CONTEXT(2) 
PARAMETRIC_REPRESENTATION_CONTEXT() REPRESENTATION_CONTEXT('2D SPACE',''
  ) );
#1796 = PCURVE('',#645,#1797);
#1797 = DEFINITIONAL_REPRESENTATION('',(#1798),#1802);
#1798 = LINE('',#1799,#1800);
#1799 = CARTESIAN_POINT('',(-0.,23.4));
#1800 = VECTOR('',#1801,1.);
#1801 = DIRECTION('',(1.,0.));
#1802 = ( GEOMETRIC_REPRESENTATION_CONTEXT(2) 
PARAMETRIC_REPRESENTATION_CONTEXT() REPRESENTATION_CONTEXT('2D SPACE',''
  ) );
#1803 = ORIENTED_EDGE('',*,*,#601,.T.);
#1804 = ORIENTED_EDGE('',*,*,#1736,.T.);
#1805 = ORIENTED_EDGE('',*,*,#957,.F.);
#1806 = ADVANCED_FACE('',(#1807),#645,.T.);
#1807 = FACE_BOUND('',#1808,.T.);
#1808 = EDGE_LOOP('',(#1809,#1810,#1811,#1832));
#1809 = ORIENTED_EDGE('',*,*,#1783,.F.);
#1810 = ORIENTED_EDGE('',*,*,#629,.T.);
#1811 = ORIENTED_EDGE('',*,*,#1812,.T.);
#1812 = EDGE_CURVE('',#630,#889,#1813,.T.);
#1813 = SURFACE_CURVE('',#1814,(#1818,#1825),.PCURVE_S1.);
#1814 = LINE('',#1815,#1816);
#1815 = CARTESIAN_POINT('',(6.4,14.,-61.3));
#1816 = VECTOR('',#1817,1.);
#1817 = DIRECTION('',(-0.,-1.,-0.));
#1818 = PCURVE('',#645,#1819);
#1819 = DEFINITIONAL_REPRESENTATION('',(#1820),#1824);
#1820 = LINE('',#1821,#1822);
#1821 = CARTESIAN_POINT('',(-0.,0.));
#1822 = VECTOR('',#1823,1.);
#1823 = DIRECTION('',(1.,0.));
#1824 = ( GEOMETRIC_REPRESENTATION_CONTEXT(2) 
PARAMETRIC_REPRESENTATION_CONTEXT() REPRESENTATION_CONTEXT('2D SPACE',''
  ) );
#1825 = PCURVE('',#671,#1826);
#1826 = DEFINITIONAL_REPRESENTATION('',(#1827),#1831);
#1827 = LINE('',#1828,#1829);
#1828 = CARTESIAN_POINT('',(-0.,0.));
#1829 = VECTOR('',#1830,1.);
#1830 = DIRECTION('',(1.,0.));
#1831 = ( GEOMETRIC_REPRESENTATION_CONTEXT(2) 
PARAMETRIC_REPRESENTATION_CONTEXT() REPRESENTATION_CONTEXT('2D SPACE',''
  ) );
#1832 = ORIENTED_EDGE('',*,*,#886,.F.);
#1833 = ADVANCED_FACE('',(#1834),#671,.T.);
#1834 = FACE_BOUND('',#1835,.T.);
#1835 = EDGE_LOOP('',(#1836,#1837,#1838,#1839));
#1836 = ORIENTED_EDGE('',*,*,#1812,.F.);
#1837 = ORIENTED_EDGE('',*,*,#657,.T.);
#1838 = ORIENTED_EDGE('',*,*,#1758,.T.);
#1839 = ORIENTED_EDGE('',*,*,#911,.F.);
#1840 = ADVANCED_FACE('',(#1841),#702,.F.);
#1841 = FACE_BOUND('',#1842,.F.);
#1842 = EDGE_LOOP('',(#1843,#1844,#1865,#1866));
#1843 = ORIENTED_EDGE('',*,*,#860,.F.);
#1844 = ORIENTED_EDGE('',*,*,#1845,.F.);
#1845 = EDGE_CURVE('',#686,#861,#1846,.T.);
#1846 = SEAM_CURVE('',#1847,(#1851,#1858),.PCURVE_S1.);
#1847 = LINE('',#1848,#1849);
#1848 = CARTESIAN_POINT('',(1.836970198721E-16,14.,-62.75));
#1849 = VECTOR('',#1850,1.);
#1850 = DIRECTION('',(-0.,-1.,0.));
#1851 = PCURVE('',#702,#1852);
#1852 = DEFINITIONAL_REPRESENTATION('',(#1853),#1857);
#1853 = LINE('',#1854,#1855);
#1854 = CARTESIAN_POINT('',(6.28318530718,-0.));
#1855 = VECTOR('',#1856,1.);
#1856 = DIRECTION('',(0.,1.));
#1857 = ( GEOMETRIC_REPRESENTATION_CONTEXT(2) 
PARAMETRIC_REPRESENTATION_CONTEXT() REPRESENTATION_CONTEXT('2D SPACE',''
  ) );
#1858 = PCURVE('',#702,#1859);
#1859 = DEFINITIONAL_REPRESENTATION('',(#1860),#1864);
#1860 = LINE('',#1861,#1862);
#1861 = CARTESIAN_POINT('',(0.,-0.));
#1862 = VECTOR('',#1863,1.);
#1863 = DIRECTION('',(0.,1.));
#1864 = ( GEOMETRIC_REPRESENTATION_CONTEXT(2) 
PARAMETRIC_REPRESENTATION_CONTEXT() REPRESENTATION_CONTEXT('2D SPACE',''
  ) );
#1865 = ORIENTED_EDGE('',*,*,#685,.T.);
#1866 = ORIENTED_EDGE('',*,*,#1845,.T.);
#1867 = ADVANCED_FACE('',(#1868),#1252,.T.);
#1868 = FACE_BOUND('',#1869,.T.);
#1869 = EDGE_LOOP('',(#1870,#1871,#1894,#1915));
#1870 = ORIENTED_EDGE('',*,*,#1288,.F.);
#1871 = ORIENTED_EDGE('',*,*,#1872,.T.);
#1872 = EDGE_CURVE('',#1289,#1873,#1875,.T.);
#1873 = VERTEX_POINT('',#1874);
#1874 = CARTESIAN_POINT('',(-11.,-4.5,-31.));
#1875 = SURFACE_CURVE('',#1876,(#1880,#1887),.PCURVE_S1.);
#1876 = LINE('',#1877,#1878);
#1877 = CARTESIAN_POINT('',(-11.,-1.5,-31.));
#1878 = VECTOR('',#1879,1.);
#1879 = DIRECTION('',(0.,-1.,0.));
#1880 = PCURVE('',#1252,#1881);
#1881 = DEFINITIONAL_REPRESENTATION('',(#1882),#1886);
#1882 = LINE('',#1883,#1884);
#1883 = CARTESIAN_POINT('',(0.,0.));
#1884 = VECTOR('',#1885,1.);
#1885 = DIRECTION('',(0.,-1.));
#1886 = ( GEOMETRIC_REPRESENTATION_CONTEXT(2) 
PARAMETRIC_REPRESENTATION_CONTEXT() REPRESENTATION_CONTEXT('2D SPACE',''
  ) );
#1887 = PCURVE('',#1327,#1888);
#1888 = DEFINITIONAL_REPRESENTATION('',(#1889),#1893);
#1889 = LINE('',#1890,#1891);
#1890 = CARTESIAN_POINT('',(12.,0.));
#1891 = VECTOR('',#1892,1.);
#1892 = DIRECTION('',(0.,1.));
#1893 = ( GEOMETRIC_REPRESENTATION_CONTEXT(2) 
PARAMETRIC_REPRESENTATION_CONTEXT() REPRESENTATION_CONTEXT('2D SPACE',''
  ) );
#1894 = ORIENTED_EDGE('',*,*,#1895,.T.);
#1895 = EDGE_CURVE('',#1873,#1209,#1896,.T.);
#1896 = SURFACE_CURVE('',#1897,(#1901,#1908),.PCURVE_S1.);
#1897 = LINE('',#1898,#1899);
#1898 = CARTESIAN_POINT('',(-11.,-4.5,-31.));
#1899 = VECTOR('',#1900,1.);
#1900 = DIRECTION('',(0.,0.,1.));
#1901 = PCURVE('',#1252,#1902);
#1902 = DEFINITIONAL_REPRESENTATION('',(#1903),#1907);
#1903 = LINE('',#1904,#1905);
#1904 = CARTESIAN_POINT('',(0.,-3.));
#1905 = VECTOR('',#1906,1.);
#1906 = DIRECTION('',(1.,-0.));
#1907 = ( GEOMETRIC_REPRESENTATION_CONTEXT(2) 
PARAMETRIC_REPRESENTATION_CONTEXT() REPRESENTATION_CONTEXT('2D SPACE',''
  ) );
#1908 = PCURVE('',#1224,#1909);
#1909 = DEFINITIONAL_REPRESENTATION('',(#1910),#1914);
#1910 = LINE('',#1911,#1912);
#1911 = CARTESIAN_POINT('',(0.,12.));
#1912 = VECTOR('',#1913,1.);
#1913 = DIRECTION('',(1.,0.));
#1914 = ( GEOMETRIC_REPRESENTATION_CONTEXT(2) 
PARAMETRIC_REPRESENTATION_CONTEXT() REPRESENTATION_CONTEXT('2D SPACE',''
  ) );
#1915 = ORIENTED_EDGE('',*,*,#1236,.F.);
#1916 = ADVANCED_FACE('',(#1917),#1224,.T.);
#1917 = FACE_BOUND('',#1918,.T.);
#1918 = EDGE_LOOP('',(#1919,#1920,#1943,#1971,#1994,#2015,#2016,#2037));
#1919 = ORIENTED_EDGE('',*,*,#1895,.F.);
#1920 = ORIENTED_EDGE('',*,*,#1921,.F.);
#1921 = EDGE_CURVE('',#1922,#1873,#1924,.T.);
#1922 = VERTEX_POINT('',#1923);
#1923 = CARTESIAN_POINT('',(1.,-4.5,-31.));
#1924 = SURFACE_CURVE('',#1925,(#1929,#1936),.PCURVE_S1.);
#1925 = LINE('',#1926,#1927);
#1926 = CARTESIAN_POINT('',(1.,-4.5,-31.));
#1927 = VECTOR('',#1928,1.);
#1928 = DIRECTION('',(-1.,0.,0.));
#1929 = PCURVE('',#1224,#1930);
#1930 = DEFINITIONAL_REPRESENTATION('',(#1931),#1935);
#1931 = LINE('',#1932,#1933);
#1932 = CARTESIAN_POINT('',(0.,0.));
#1933 = VECTOR('',#1934,1.);
#1934 = DIRECTION('',(0.,1.));
#1935 = ( GEOMETRIC_REPRESENTATION_CONTEXT(2) 
PARAMETRIC_REPRESENTATION_CONTEXT() REPRESENTATION_CONTEXT('2D SPACE',''
  ) );
#1936 = PCURVE('',#1327,#1937);
#1937 = DEFINITIONAL_REPRESENTATION('',(#1938),#1942);
#1938 = LINE('',#1939,#1940);
#1939 = CARTESIAN_POINT('',(-0.,3.));
#1940 = VECTOR('',#1941,1.);
#1941 = DIRECTION('',(1.,0.));
#1942 = ( GEOMETRIC_REPRESENTATION_CONTEXT(2) 
PARAMETRIC_REPRESENTATION_CONTEXT() REPRESENTATION_CONTEXT('2D SPACE',''
  ) );
#1943 = ORIENTED_EDGE('',*,*,#1944,.T.);
#1944 = EDGE_CURVE('',#1922,#1945,#1947,.T.);
#1945 = VERTEX_POINT('',#1946);
#1946 = CARTESIAN_POINT('',(1.,-4.5,-23.));
#1947 = SURFACE_CURVE('',#1948,(#1952,#1959),.PCURVE_S1.);
#1948 = LINE('',#1949,#1950);
#1949 = CARTESIAN_POINT('',(1.,-4.5,-31.));
#1950 = VECTOR('',#1951,1.);
#1951 = DIRECTION('',(0.,0.,1.));
#1952 = PCURVE('',#1224,#1953);
#1953 = DEFINITIONAL_REPRESENTATION('',(#1954),#1958);
#1954 = LINE('',#1955,#1956);
#1955 = CARTESIAN_POINT('',(0.,0.));
#1956 = VECTOR('',#1957,1.);
#1957 = DIRECTION('',(1.,0.));
#1958 = ( GEOMETRIC_REPRESENTATION_CONTEXT(2) 
PARAMETRIC_REPRESENTATION_CONTEXT() REPRESENTATION_CONTEXT('2D SPACE',''
  ) );
#1959 = PCURVE('',#1960,#1965);
#1960 = PLANE('',#1961);
#1961 = AXIS2_PLACEMENT_3D('',#1962,#1963,#1964);
#1962 = CARTESIAN_POINT('',(1.,-1.5,-31.));
#1963 = DIRECTION('',(-1.,0.,0.));
#1964 = DIRECTION('',(0.,0.,1.));
#1965 = DEFINITIONAL_REPRESENTATION('',(#1966),#1970);
#1966 = LINE('',#1967,#1968);
#1967 = CARTESIAN_POINT('',(0.,-3.));
#1968 = VECTOR('',#1969,1.);
#1969 = DIRECTION('',(1.,-0.));
#1970 = ( GEOMETRIC_REPRESENTATION_CONTEXT(2) 
PARAMETRIC_REPRESENTATION_CONTEXT() REPRESENTATION_CONTEXT('2D SPACE',''
  ) );
#1971 = ORIENTED_EDGE('',*,*,#1972,.T.);
#1972 = EDGE_CURVE('',#1945,#1973,#1975,.T.);
#1973 = VERTEX_POINT('',#1974);
#1974 = CARTESIAN_POINT('',(-11.,-4.5,-23.));
#1975 = SURFACE_CURVE('',#1976,(#1980,#1987),.PCURVE_S1.);
#1976 = LINE('',#1977,#1978);
#1977 = CARTESIAN_POINT('',(1.,-4.5,-23.));
#1978 = VECTOR('',#1979,1.);
#1979 = DIRECTION('',(-1.,0.,0.));
#1980 = PCURVE('',#1224,#1981);
#1981 = DEFINITIONAL_REPRESENTATION('',(#1982),#1986);
#1982 = LINE('',#1983,#1984);
#1983 = CARTESIAN_POINT('',(8.,0.));
#1984 = VECTOR('',#1985,1.);
#1985 = DIRECTION('',(0.,1.));
#1986 = ( GEOMETRIC_REPRESENTATION_CONTEXT(2) 
PARAMETRIC_REPRESENTATION_CONTEXT() REPRESENTATION_CONTEXT('2D SPACE',''
  ) );
#1987 = PCURVE('',#1383,#1988);
#1988 = DEFINITIONAL_REPRESENTATION('',(#1989),#1993);
#1989 = LINE('',#1990,#1991);
#1990 = CARTESIAN_POINT('',(-0.,3.));
#1991 = VECTOR('',#1992,1.);
#1992 = DIRECTION('',(1.,0.));
#1993 = ( GEOMETRIC_REPRESENTATION_CONTEXT(2) 
PARAMETRIC_REPRESENTATION_CONTEXT() REPRESENTATION_CONTEXT('2D SPACE',''
  ) );
#1994 = ORIENTED_EDGE('',*,*,#1995,.F.);
#1995 = EDGE_CURVE('',#1543,#1973,#1996,.T.);
#1996 = SURFACE_CURVE('',#1997,(#2001,#2008),.PCURVE_S1.);
#1997 = LINE('',#1998,#1999);
#1998 = CARTESIAN_POINT('',(-11.,-4.5,-31.));
#1999 = VECTOR('',#2000,1.);
#2000 = DIRECTION('',(0.,0.,1.));
#2001 = PCURVE('',#1224,#2002);
#2002 = DEFINITIONAL_REPRESENTATION('',(#2003),#2007);
#2003 = LINE('',#2004,#2005);
#2004 = CARTESIAN_POINT('',(0.,12.));
#2005 = VECTOR('',#2006,1.);
#2006 = DIRECTION('',(1.,0.));
#2007 = ( GEOMETRIC_REPRESENTATION_CONTEXT(2) 
PARAMETRIC_REPRESENTATION_CONTEXT() REPRESENTATION_CONTEXT('2D SPACE',''
  ) );
#2008 = PCURVE('',#1411,#2009);
#2009 = DEFINITIONAL_REPRESENTATION('',(#2010),#2014);
#2010 = LINE('',#2011,#2012);
#2011 = CARTESIAN_POINT('',(0.,-3.));
#2012 = VECTOR('',#2013,1.);
#2013 = DIRECTION('',(1.,-0.));
#2014 = ( GEOMETRIC_REPRESENTATION_CONTEXT(2) 
PARAMETRIC_REPRESENTATION_CONTEXT() REPRESENTATION_CONTEXT('2D SPACE',''
  ) );
#2015 = ORIENTED_EDGE('',*,*,#1542,.T.);
#2016 = ORIENTED_EDGE('',*,*,#2017,.F.);
#2017 = EDGE_CURVE('',#1181,#1520,#2018,.T.);
#2018 = SURFACE_CURVE('',#2019,(#2023,#2030),.PCURVE_S1.);
#2019 = LINE('',#2020,#2021);
#2020 = CARTESIAN_POINT('',(-9.5,-4.5,-30.5));
#2021 = VECTOR('',#2022,1.);
#2022 = DIRECTION('',(-0.,-0.,1.));
#2023 = PCURVE('',#1224,#2024);
#2024 = DEFINITIONAL_REPRESENTATION('',(#2025),#2029);
#2025 = LINE('',#2026,#2027);
#2026 = CARTESIAN_POINT('',(0.5,10.5));
#2027 = VECTOR('',#2028,1.);
#2028 = DIRECTION('',(1.,0.));
#2029 = ( GEOMETRIC_REPRESENTATION_CONTEXT(2) 
PARAMETRIC_REPRESENTATION_CONTEXT() REPRESENTATION_CONTEXT('2D SPACE',''
  ) );
#2030 = PCURVE('',#1196,#2031);
#2031 = DEFINITIONAL_REPRESENTATION('',(#2032),#2036);
#2032 = LINE('',#2033,#2034);
#2033 = CARTESIAN_POINT('',(-0.5,-7.5));
#2034 = VECTOR('',#2035,1.);
#2035 = DIRECTION('',(1.,0.));
#2036 = ( GEOMETRIC_REPRESENTATION_CONTEXT(2) 
PARAMETRIC_REPRESENTATION_CONTEXT() REPRESENTATION_CONTEXT('2D SPACE',''
  ) );
#2037 = ORIENTED_EDGE('',*,*,#1208,.F.);
#2038 = ADVANCED_FACE('',(#2039),#1196,.F.);
#2039 = FACE_BOUND('',#2040,.F.);
#2040 = EDGE_LOOP('',(#2041,#2042,#2043,#2044));
#2041 = ORIENTED_EDGE('',*,*,#1519,.F.);
#2042 = ORIENTED_EDGE('',*,*,#2017,.F.);
#2043 = ORIENTED_EDGE('',*,*,#1180,.T.);
#2044 = ORIENTED_EDGE('',*,*,#2045,.T.);
#2045 = EDGE_CURVE('',#1153,#1497,#2046,.T.);
#2046 = SURFACE_CURVE('',#2047,(#2051,#2058),.PCURVE_S1.);
#2047 = LINE('',#2048,#2049);
#2048 = CARTESIAN_POINT('',(-9.5,-5.,-30.));
#2049 = VECTOR('',#2050,1.);
#2050 = DIRECTION('',(0.,0.,1.));
#2051 = PCURVE('',#1196,#2052);
#2052 = DEFINITIONAL_REPRESENTATION('',(#2053),#2057);
#2053 = LINE('',#2054,#2055);
#2054 = CARTESIAN_POINT('',(0.,-8.));
#2055 = VECTOR('',#2056,1.);
#2056 = DIRECTION('',(1.,-0.));
#2057 = ( GEOMETRIC_REPRESENTATION_CONTEXT(2) 
PARAMETRIC_REPRESENTATION_CONTEXT() REPRESENTATION_CONTEXT('2D SPACE',''
  ) );
#2058 = PCURVE('',#1168,#2059);
#2059 = DEFINITIONAL_REPRESENTATION('',(#2060),#2064);
#2060 = LINE('',#2061,#2062);
#2061 = CARTESIAN_POINT('',(0.,0.));
#2062 = VECTOR('',#2063,1.);
#2063 = DIRECTION('',(1.,0.));
#2064 = ( GEOMETRIC_REPRESENTATION_CONTEXT(2) 
PARAMETRIC_REPRESENTATION_CONTEXT() REPRESENTATION_CONTEXT('2D SPACE',''
  ) );
#2065 = ADVANCED_FACE('',(#2066),#1168,.T.);
#2066 = FACE_BOUND('',#2067,.T.);
#2067 = EDGE_LOOP('',(#2068,#2069,#2070,#2071));
#2068 = ORIENTED_EDGE('',*,*,#1152,.F.);
#2069 = ORIENTED_EDGE('',*,*,#2045,.T.);
#2070 = ORIENTED_EDGE('',*,*,#1496,.T.);
#2071 = ORIENTED_EDGE('',*,*,#1622,.F.);
#2072 = ADVANCED_FACE('',(#2073),#1411,.T.);
#2073 = FACE_BOUND('',#2074,.T.);
#2074 = EDGE_LOOP('',(#2075,#2076,#2077,#2078));
#2075 = ORIENTED_EDGE('',*,*,#1395,.F.);
#2076 = ORIENTED_EDGE('',*,*,#1565,.T.);
#2077 = ORIENTED_EDGE('',*,*,#1995,.T.);
#2078 = ORIENTED_EDGE('',*,*,#2079,.F.);
#2079 = EDGE_CURVE('',#1368,#1973,#2080,.T.);
#2080 = SURFACE_CURVE('',#2081,(#2085,#2092),.PCURVE_S1.);
#2081 = LINE('',#2082,#2083);
#2082 = CARTESIAN_POINT('',(-11.,-1.5,-23.));
#2083 = VECTOR('',#2084,1.);
#2084 = DIRECTION('',(0.,-1.,0.));
#2085 = PCURVE('',#1411,#2086);
#2086 = DEFINITIONAL_REPRESENTATION('',(#2087),#2091);
#2087 = LINE('',#2088,#2089);
#2088 = CARTESIAN_POINT('',(8.,0.));
#2089 = VECTOR('',#2090,1.);
#2090 = DIRECTION('',(0.,-1.));
#2091 = ( GEOMETRIC_REPRESENTATION_CONTEXT(2) 
PARAMETRIC_REPRESENTATION_CONTEXT() REPRESENTATION_CONTEXT('2D SPACE',''
  ) );
#2092 = PCURVE('',#1383,#2093);
#2093 = DEFINITIONAL_REPRESENTATION('',(#2094),#2098);
#2094 = LINE('',#2095,#2096);
#2095 = CARTESIAN_POINT('',(12.,0.));
#2096 = VECTOR('',#2097,1.);
#2097 = DIRECTION('',(0.,1.));
#2098 = ( GEOMETRIC_REPRESENTATION_CONTEXT(2) 
PARAMETRIC_REPRESENTATION_CONTEXT() REPRESENTATION_CONTEXT('2D SPACE',''
  ) );
#2099 = ADVANCED_FACE('',(#2100),#1383,.T.);
#2100 = FACE_BOUND('',#2101,.T.);
#2101 = EDGE_LOOP('',(#2102,#2125,#2126,#2127,#2128,#2151,#2179,#2207));
#2102 = ORIENTED_EDGE('',*,*,#2103,.F.);
#2103 = EDGE_CURVE('',#1340,#2104,#2106,.T.);
#2104 = VERTEX_POINT('',#2105);
#2105 = CARTESIAN_POINT('',(1.,-1.8,-23.));
#2106 = SURFACE_CURVE('',#2107,(#2111,#2118),.PCURVE_S1.);
#2107 = LINE('',#2108,#2109);
#2108 = CARTESIAN_POINT('',(1.,-1.5,-23.));
#2109 = VECTOR('',#2110,1.);
#2110 = DIRECTION('',(0.,-1.,0.));
#2111 = PCURVE('',#1383,#2112);
#2112 = DEFINITIONAL_REPRESENTATION('',(#2113),#2117);
#2113 = LINE('',#2114,#2115);
#2114 = CARTESIAN_POINT('',(0.,-0.));
#2115 = VECTOR('',#2116,1.);
#2116 = DIRECTION('',(0.,1.));
#2117 = ( GEOMETRIC_REPRESENTATION_CONTEXT(2) 
PARAMETRIC_REPRESENTATION_CONTEXT() REPRESENTATION_CONTEXT('2D SPACE',''
  ) );
#2118 = PCURVE('',#1355,#2119);
#2119 = DEFINITIONAL_REPRESENTATION('',(#2120),#2124);
#2120 = LINE('',#2121,#2122);
#2121 = CARTESIAN_POINT('',(8.,0.));
#2122 = VECTOR('',#2123,1.);
#2123 = DIRECTION('',(0.,-1.));
#2124 = ( GEOMETRIC_REPRESENTATION_CONTEXT(2) 
PARAMETRIC_REPRESENTATION_CONTEXT() REPRESENTATION_CONTEXT('2D SPACE',''
  ) );
#2125 = ORIENTED_EDGE('',*,*,#1367,.T.);
#2126 = ORIENTED_EDGE('',*,*,#2079,.T.);
#2127 = ORIENTED_EDGE('',*,*,#1972,.F.);
#2128 = ORIENTED_EDGE('',*,*,#2129,.F.);
#2129 = EDGE_CURVE('',#2130,#1945,#2132,.T.);
#2130 = VERTEX_POINT('',#2131);
#2131 = CARTESIAN_POINT('',(1.,-4.3,-23.));
#2132 = SURFACE_CURVE('',#2133,(#2137,#2144),.PCURVE_S1.);
#2133 = LINE('',#2134,#2135);
#2134 = CARTESIAN_POINT('',(1.,-1.5,-23.));
#2135 = VECTOR('',#2136,1.);
#2136 = DIRECTION('',(0.,-1.,0.));
#2137 = PCURVE('',#1383,#2138);
#2138 = DEFINITIONAL_REPRESENTATION('',(#2139),#2143);
#2139 = LINE('',#2140,#2141);
#2140 = CARTESIAN_POINT('',(0.,-0.));
#2141 = VECTOR('',#2142,1.);
#2142 = DIRECTION('',(0.,1.));
#2143 = ( GEOMETRIC_REPRESENTATION_CONTEXT(2) 
PARAMETRIC_REPRESENTATION_CONTEXT() REPRESENTATION_CONTEXT('2D SPACE',''
  ) );
#2144 = PCURVE('',#1960,#2145);
#2145 = DEFINITIONAL_REPRESENTATION('',(#2146),#2150);
#2146 = LINE('',#2147,#2148);
#2147 = CARTESIAN_POINT('',(8.,0.));
#2148 = VECTOR('',#2149,1.);
#2149 = DIRECTION('',(0.,-1.));
#2150 = ( GEOMETRIC_REPRESENTATION_CONTEXT(2) 
PARAMETRIC_REPRESENTATION_CONTEXT() REPRESENTATION_CONTEXT('2D SPACE',''
  ) );
#2151 = ORIENTED_EDGE('',*,*,#2152,.T.);
#2152 = EDGE_CURVE('',#2130,#2153,#2155,.T.);
#2153 = VERTEX_POINT('',#2154);
#2154 = CARTESIAN_POINT('',(-5.,-4.3,-23.));
#2155 = SURFACE_CURVE('',#2156,(#2160,#2167),.PCURVE_S1.);
#2156 = LINE('',#2157,#2158);
#2157 = CARTESIAN_POINT('',(3.,-4.3,-23.));
#2158 = VECTOR('',#2159,1.);
#2159 = DIRECTION('',(-1.,0.,-0.));
#2160 = PCURVE('',#1383,#2161);
#2161 = DEFINITIONAL_REPRESENTATION('',(#2162),#2166);
#2162 = LINE('',#2163,#2164);
#2163 = CARTESIAN_POINT('',(-2.,2.8));
#2164 = VECTOR('',#2165,1.);
#2165 = DIRECTION('',(1.,0.));
#2166 = ( GEOMETRIC_REPRESENTATION_CONTEXT(2) 
PARAMETRIC_REPRESENTATION_CONTEXT() REPRESENTATION_CONTEXT('2D SPACE',''
  ) );
#2167 = PCURVE('',#2168,#2173);
#2168 = PLANE('',#2169);
#2169 = AXIS2_PLACEMENT_3D('',#2170,#2171,#2172);
#2170 = CARTESIAN_POINT('',(5.,-4.3,-32.));
#2171 = DIRECTION('',(-0.,-1.,-0.));
#2172 = DIRECTION('',(-0.,-0.,1.));
#2173 = DEFINITIONAL_REPRESENTATION('',(#2174),#2178);
#2174 = LINE('',#2175,#2176);
#2175 = CARTESIAN_POINT('',(9.,2.));
#2176 = VECTOR('',#2177,1.);
#2177 = DIRECTION('',(0.,1.));
#2178 = ( GEOMETRIC_REPRESENTATION_CONTEXT(2) 
PARAMETRIC_REPRESENTATION_CONTEXT() REPRESENTATION_CONTEXT('2D SPACE',''
  ) );
#2179 = ORIENTED_EDGE('',*,*,#2180,.T.);
#2180 = EDGE_CURVE('',#2153,#2181,#2183,.T.);
#2181 = VERTEX_POINT('',#2182);
#2182 = CARTESIAN_POINT('',(-5.,-1.8,-23.));
#2183 = SURFACE_CURVE('',#2184,(#2188,#2195),.PCURVE_S1.);
#2184 = LINE('',#2185,#2186);
#2185 = CARTESIAN_POINT('',(-5.,-1.65,-23.));
#2186 = VECTOR('',#2187,1.);
#2187 = DIRECTION('',(-0.,1.,-0.));
#2188 = PCURVE('',#1383,#2189);
#2189 = DEFINITIONAL_REPRESENTATION('',(#2190),#2194);
#2190 = LINE('',#2191,#2192);
#2191 = CARTESIAN_POINT('',(6.,0.15));
#2192 = VECTOR('',#2193,1.);
#2193 = DIRECTION('',(0.,-1.));
#2194 = ( GEOMETRIC_REPRESENTATION_CONTEXT(2) 
PARAMETRIC_REPRESENTATION_CONTEXT() REPRESENTATION_CONTEXT('2D SPACE',''
  ) );
#2195 = PCURVE('',#2196,#2201);
#2196 = PLANE('',#2197);
#2197 = AXIS2_PLACEMENT_3D('',#2198,#2199,#2200);
#2198 = CARTESIAN_POINT('',(-5.,-1.8,-32.));
#2199 = DIRECTION('',(-1.,0.,0.));
#2200 = DIRECTION('',(0.,0.,1.));
#2201 = DEFINITIONAL_REPRESENTATION('',(#2202),#2206);
#2202 = LINE('',#2203,#2204);
#2203 = CARTESIAN_POINT('',(9.,0.15));
#2204 = VECTOR('',#2205,1.);
#2205 = DIRECTION('',(0.,1.));
#2206 = ( GEOMETRIC_REPRESENTATION_CONTEXT(2) 
PARAMETRIC_REPRESENTATION_CONTEXT() REPRESENTATION_CONTEXT('2D SPACE',''
  ) );
#2207 = ORIENTED_EDGE('',*,*,#2208,.F.);
#2208 = EDGE_CURVE('',#2104,#2181,#2209,.T.);
#2209 = SURFACE_CURVE('',#2210,(#2214,#2221),.PCURVE_S1.);
#2210 = LINE('',#2211,#2212);
#2211 = CARTESIAN_POINT('',(3.,-1.8,-23.));
#2212 = VECTOR('',#2213,1.);
#2213 = DIRECTION('',(-1.,0.,-0.));
#2214 = PCURVE('',#1383,#2215);
#2215 = DEFINITIONAL_REPRESENTATION('',(#2216),#2220);
#2216 = LINE('',#2217,#2218);
#2217 = CARTESIAN_POINT('',(-2.,0.3));
#2218 = VECTOR('',#2219,1.);
#2219 = DIRECTION('',(1.,0.));
#2220 = ( GEOMETRIC_REPRESENTATION_CONTEXT(2) 
PARAMETRIC_REPRESENTATION_CONTEXT() REPRESENTATION_CONTEXT('2D SPACE',''
  ) );
#2221 = PCURVE('',#2222,#2227);
#2222 = PLANE('',#2223);
#2223 = AXIS2_PLACEMENT_3D('',#2224,#2225,#2226);
#2224 = CARTESIAN_POINT('',(5.,-1.8,-32.));
#2225 = DIRECTION('',(-0.,-1.,-0.));
#2226 = DIRECTION('',(-0.,-0.,1.));
#2227 = DEFINITIONAL_REPRESENTATION('',(#2228),#2232);
#2228 = LINE('',#2229,#2230);
#2229 = CARTESIAN_POINT('',(9.,2.));
#2230 = VECTOR('',#2231,1.);
#2231 = DIRECTION('',(0.,1.));
#2232 = ( GEOMETRIC_REPRESENTATION_CONTEXT(2) 
PARAMETRIC_REPRESENTATION_CONTEXT() REPRESENTATION_CONTEXT('2D SPACE',''
  ) );
#2233 = ADVANCED_FACE('',(#2234),#1355,.F.);
#2234 = FACE_BOUND('',#2235,.F.);
#2235 = EDGE_LOOP('',(#2236,#2237,#2238,#2261));
#2236 = ORIENTED_EDGE('',*,*,#2103,.F.);
#2237 = ORIENTED_EDGE('',*,*,#1339,.F.);
#2238 = ORIENTED_EDGE('',*,*,#2239,.T.);
#2239 = EDGE_CURVE('',#1312,#2240,#2242,.T.);
#2240 = VERTEX_POINT('',#2241);
#2241 = CARTESIAN_POINT('',(1.,-1.8,-31.));
#2242 = SURFACE_CURVE('',#2243,(#2247,#2254),.PCURVE_S1.);
#2243 = LINE('',#2244,#2245);
#2244 = CARTESIAN_POINT('',(1.,-1.5,-31.));
#2245 = VECTOR('',#2246,1.);
#2246 = DIRECTION('',(0.,-1.,0.));
#2247 = PCURVE('',#1355,#2248);
#2248 = DEFINITIONAL_REPRESENTATION('',(#2249),#2253);
#2249 = LINE('',#2250,#2251);
#2250 = CARTESIAN_POINT('',(0.,0.));
#2251 = VECTOR('',#2252,1.);
#2252 = DIRECTION('',(0.,-1.));
#2253 = ( GEOMETRIC_REPRESENTATION_CONTEXT(2) 
PARAMETRIC_REPRESENTATION_CONTEXT() REPRESENTATION_CONTEXT('2D SPACE',''
  ) );
#2254 = PCURVE('',#1327,#2255);
#2255 = DEFINITIONAL_REPRESENTATION('',(#2256),#2260);
#2256 = LINE('',#2257,#2258);
#2257 = CARTESIAN_POINT('',(0.,-0.));
#2258 = VECTOR('',#2259,1.);
#2259 = DIRECTION('',(0.,1.));
#2260 = ( GEOMETRIC_REPRESENTATION_CONTEXT(2) 
PARAMETRIC_REPRESENTATION_CONTEXT() REPRESENTATION_CONTEXT('2D SPACE',''
  ) );
#2261 = ORIENTED_EDGE('',*,*,#2262,.F.);
#2262 = EDGE_CURVE('',#2104,#2240,#2263,.T.);
#2263 = SURFACE_CURVE('',#2264,(#2268,#2275),.PCURVE_S1.);
#2264 = LINE('',#2265,#2266);
#2265 = CARTESIAN_POINT('',(1.,-1.8,-31.5));
#2266 = VECTOR('',#2267,1.);
#2267 = DIRECTION('',(-0.,0.,-1.));
#2268 = PCURVE('',#1355,#2269);
#2269 = DEFINITIONAL_REPRESENTATION('',(#2270),#2274);
#2270 = LINE('',#2271,#2272);
#2271 = CARTESIAN_POINT('',(-0.5,-0.3));
#2272 = VECTOR('',#2273,1.);
#2273 = DIRECTION('',(-1.,0.));
#2274 = ( GEOMETRIC_REPRESENTATION_CONTEXT(2) 
PARAMETRIC_REPRESENTATION_CONTEXT() REPRESENTATION_CONTEXT('2D SPACE',''
  ) );
#2275 = PCURVE('',#2222,#2276);
#2276 = DEFINITIONAL_REPRESENTATION('',(#2277),#2281);
#2277 = LINE('',#2278,#2279);
#2278 = CARTESIAN_POINT('',(0.5,4.));
#2279 = VECTOR('',#2280,1.);
#2280 = DIRECTION('',(-1.,0.));
#2281 = ( GEOMETRIC_REPRESENTATION_CONTEXT(2) 
PARAMETRIC_REPRESENTATION_CONTEXT() REPRESENTATION_CONTEXT('2D SPACE',''
  ) );
#2282 = ADVANCED_FACE('',(#2283),#1327,.F.);
#2283 = FACE_BOUND('',#2284,.F.);
#2284 = EDGE_LOOP('',(#2285,#2286,#2287,#2288,#2289,#2312,#2335,#2363));
#2285 = ORIENTED_EDGE('',*,*,#2239,.F.);
#2286 = ORIENTED_EDGE('',*,*,#1311,.T.);
#2287 = ORIENTED_EDGE('',*,*,#1872,.T.);
#2288 = ORIENTED_EDGE('',*,*,#1921,.F.);
#2289 = ORIENTED_EDGE('',*,*,#2290,.F.);
#2290 = EDGE_CURVE('',#2291,#1922,#2293,.T.);
#2291 = VERTEX_POINT('',#2292);
#2292 = CARTESIAN_POINT('',(1.,-4.3,-31.));
#2293 = SURFACE_CURVE('',#2294,(#2298,#2305),.PCURVE_S1.);
#2294 = LINE('',#2295,#2296);
#2295 = CARTESIAN_POINT('',(1.,-1.5,-31.));
#2296 = VECTOR('',#2297,1.);
#2297 = DIRECTION('',(0.,-1.,0.));
#2298 = PCURVE('',#1327,#2299);
#2299 = DEFINITIONAL_REPRESENTATION('',(#2300),#2304);
#2300 = LINE('',#2301,#2302);
#2301 = CARTESIAN_POINT('',(0.,-0.));
#2302 = VECTOR('',#2303,1.);
#2303 = DIRECTION('',(0.,1.));
#2304 = ( GEOMETRIC_REPRESENTATION_CONTEXT(2) 
PARAMETRIC_REPRESENTATION_CONTEXT() REPRESENTATION_CONTEXT('2D SPACE',''
  ) );
#2305 = PCURVE('',#1960,#2306);
#2306 = DEFINITIONAL_REPRESENTATION('',(#2307),#2311);
#2307 = LINE('',#2308,#2309);
#2308 = CARTESIAN_POINT('',(0.,0.));
#2309 = VECTOR('',#2310,1.);
#2310 = DIRECTION('',(0.,-1.));
#2311 = ( GEOMETRIC_REPRESENTATION_CONTEXT(2) 
PARAMETRIC_REPRESENTATION_CONTEXT() REPRESENTATION_CONTEXT('2D SPACE',''
  ) );
#2312 = ORIENTED_EDGE('',*,*,#2313,.T.);
#2313 = EDGE_CURVE('',#2291,#2314,#2316,.T.);
#2314 = VERTEX_POINT('',#2315);
#2315 = CARTESIAN_POINT('',(-5.,-4.3,-31.));
#2316 = SURFACE_CURVE('',#2317,(#2321,#2328),.PCURVE_S1.);
#2317 = LINE('',#2318,#2319);
#2318 = CARTESIAN_POINT('',(3.,-4.3,-31.));
#2319 = VECTOR('',#2320,1.);
#2320 = DIRECTION('',(-1.,0.,-0.));
#2321 = PCURVE('',#1327,#2322);
#2322 = DEFINITIONAL_REPRESENTATION('',(#2323),#2327);
#2323 = LINE('',#2324,#2325);
#2324 = CARTESIAN_POINT('',(-2.,2.8));
#2325 = VECTOR('',#2326,1.);
#2326 = DIRECTION('',(1.,0.));
#2327 = ( GEOMETRIC_REPRESENTATION_CONTEXT(2) 
PARAMETRIC_REPRESENTATION_CONTEXT() REPRESENTATION_CONTEXT('2D SPACE',''
  ) );
#2328 = PCURVE('',#2168,#2329);
#2329 = DEFINITIONAL_REPRESENTATION('',(#2330),#2334);
#2330 = LINE('',#2331,#2332);
#2331 = CARTESIAN_POINT('',(1.,2.));
#2332 = VECTOR('',#2333,1.);
#2333 = DIRECTION('',(0.,1.));
#2334 = ( GEOMETRIC_REPRESENTATION_CONTEXT(2) 
PARAMETRIC_REPRESENTATION_CONTEXT() REPRESENTATION_CONTEXT('2D SPACE',''
  ) );
#2335 = ORIENTED_EDGE('',*,*,#2336,.T.);
#2336 = EDGE_CURVE('',#2314,#2337,#2339,.T.);
#2337 = VERTEX_POINT('',#2338);
#2338 = CARTESIAN_POINT('',(-5.,-1.8,-31.));
#2339 = SURFACE_CURVE('',#2340,(#2344,#2351),.PCURVE_S1.);
#2340 = LINE('',#2341,#2342);
#2341 = CARTESIAN_POINT('',(-5.,-1.65,-31.));
#2342 = VECTOR('',#2343,1.);
#2343 = DIRECTION('',(-0.,1.,-0.));
#2344 = PCURVE('',#1327,#2345);
#2345 = DEFINITIONAL_REPRESENTATION('',(#2346),#2350);
#2346 = LINE('',#2347,#2348);
#2347 = CARTESIAN_POINT('',(6.,0.15));
#2348 = VECTOR('',#2349,1.);
#2349 = DIRECTION('',(0.,-1.));
#2350 = ( GEOMETRIC_REPRESENTATION_CONTEXT(2) 
PARAMETRIC_REPRESENTATION_CONTEXT() REPRESENTATION_CONTEXT('2D SPACE',''
  ) );
#2351 = PCURVE('',#2352,#2357);
#2352 = PLANE('',#2353);
#2353 = AXIS2_PLACEMENT_3D('',#2354,#2355,#2356);
#2354 = CARTESIAN_POINT('',(-5.,-1.8,-32.));
#2355 = DIRECTION('',(-1.,0.,0.));
#2356 = DIRECTION('',(0.,0.,1.));
#2357 = DEFINITIONAL_REPRESENTATION('',(#2358),#2362);
#2358 = LINE('',#2359,#2360);
#2359 = CARTESIAN_POINT('',(1.,0.15));
#2360 = VECTOR('',#2361,1.);
#2361 = DIRECTION('',(0.,1.));
#2362 = ( GEOMETRIC_REPRESENTATION_CONTEXT(2) 
PARAMETRIC_REPRESENTATION_CONTEXT() REPRESENTATION_CONTEXT('2D SPACE',''
  ) );
#2363 = ORIENTED_EDGE('',*,*,#2364,.F.);
#2364 = EDGE_CURVE('',#2240,#2337,#2365,.T.);
#2365 = SURFACE_CURVE('',#2366,(#2370,#2377),.PCURVE_S1.);
#2366 = LINE('',#2367,#2368);
#2367 = CARTESIAN_POINT('',(3.,-1.8,-31.));
#2368 = VECTOR('',#2369,1.);
#2369 = DIRECTION('',(-1.,0.,-0.));
#2370 = PCURVE('',#1327,#2371);
#2371 = DEFINITIONAL_REPRESENTATION('',(#2372),#2376);
#2372 = LINE('',#2373,#2374);
#2373 = CARTESIAN_POINT('',(-2.,0.3));
#2374 = VECTOR('',#2375,1.);
#2375 = DIRECTION('',(1.,0.));
#2376 = ( GEOMETRIC_REPRESENTATION_CONTEXT(2) 
PARAMETRIC_REPRESENTATION_CONTEXT() REPRESENTATION_CONTEXT('2D SPACE',''
  ) );
#2377 = PCURVE('',#2222,#2378);
#2378 = DEFINITIONAL_REPRESENTATION('',(#2379),#2383);
#2379 = LINE('',#2380,#2381);
#2380 = CARTESIAN_POINT('',(1.,2.));
#2381 = VECTOR('',#2382,1.);
#2382 = DIRECTION('',(0.,1.));
#2383 = ( GEOMETRIC_REPRESENTATION_CONTEXT(2) 
PARAMETRIC_REPRESENTATION_CONTEXT() REPRESENTATION_CONTEXT('2D SPACE',''
  ) );
#2384 = ADVANCED_FACE('',(#2385),#1960,.F.);
#2385 = FACE_BOUND('',#2386,.F.);
#2386 = EDGE_LOOP('',(#2387,#2388,#2409,#2410));
#2387 = ORIENTED_EDGE('',*,*,#2129,.F.);
#2388 = ORIENTED_EDGE('',*,*,#2389,.T.);
#2389 = EDGE_CURVE('',#2130,#2291,#2390,.T.);
#2390 = SURFACE_CURVE('',#2391,(#2395,#2402),.PCURVE_S1.);
#2391 = LINE('',#2392,#2393);
#2392 = CARTESIAN_POINT('',(1.,-4.3,-31.5));
#2393 = VECTOR('',#2394,1.);
#2394 = DIRECTION('',(-0.,0.,-1.));
#2395 = PCURVE('',#1960,#2396);
#2396 = DEFINITIONAL_REPRESENTATION('',(#2397),#2401);
#2397 = LINE('',#2398,#2399);
#2398 = CARTESIAN_POINT('',(-0.5,-2.8));
#2399 = VECTOR('',#2400,1.);
#2400 = DIRECTION('',(-1.,0.));
#2401 = ( GEOMETRIC_REPRESENTATION_CONTEXT(2) 
PARAMETRIC_REPRESENTATION_CONTEXT() REPRESENTATION_CONTEXT('2D SPACE',''
  ) );
#2402 = PCURVE('',#2168,#2403);
#2403 = DEFINITIONAL_REPRESENTATION('',(#2404),#2408);
#2404 = LINE('',#2405,#2406);
#2405 = CARTESIAN_POINT('',(0.5,4.));
#2406 = VECTOR('',#2407,1.);
#2407 = DIRECTION('',(-1.,0.));
#2408 = ( GEOMETRIC_REPRESENTATION_CONTEXT(2) 
PARAMETRIC_REPRESENTATION_CONTEXT() REPRESENTATION_CONTEXT('2D SPACE',''
  ) );
#2409 = ORIENTED_EDGE('',*,*,#2290,.T.);
#2410 = ORIENTED_EDGE('',*,*,#1944,.T.);
#2411 = ADVANCED_FACE('',(#2412,#2550,#2581,#2612),#2222,.F.);
#2412 = FACE_BOUND('',#2413,.F.);
#2413 = EDGE_LOOP('',(#2414,#2437,#2465,#2493,#2526,#2547,#2548,#2549));
#2414 = ORIENTED_EDGE('',*,*,#2415,.F.);
#2415 = EDGE_CURVE('',#2416,#2337,#2418,.T.);
#2416 = VERTEX_POINT('',#2417);
#2417 = CARTESIAN_POINT('',(-5.,-1.8,-32.));
#2418 = SURFACE_CURVE('',#2419,(#2423,#2430),.PCURVE_S1.);
#2419 = LINE('',#2420,#2421);
#2420 = CARTESIAN_POINT('',(-5.,-1.8,-32.));
#2421 = VECTOR('',#2422,1.);
#2422 = DIRECTION('',(0.,0.,1.));
#2423 = PCURVE('',#2222,#2424);
#2424 = DEFINITIONAL_REPRESENTATION('',(#2425),#2429);
#2425 = LINE('',#2426,#2427);
#2426 = CARTESIAN_POINT('',(0.,10.));
#2427 = VECTOR('',#2428,1.);
#2428 = DIRECTION('',(1.,0.));
#2429 = ( GEOMETRIC_REPRESENTATION_CONTEXT(2) 
PARAMETRIC_REPRESENTATION_CONTEXT() REPRESENTATION_CONTEXT('2D SPACE',''
  ) );
#2430 = PCURVE('',#2352,#2431);
#2431 = DEFINITIONAL_REPRESENTATION('',(#2432),#2436);
#2432 = LINE('',#2433,#2434);
#2433 = CARTESIAN_POINT('',(0.,0.));
#2434 = VECTOR('',#2435,1.);
#2435 = DIRECTION('',(1.,-0.));
#2436 = ( GEOMETRIC_REPRESENTATION_CONTEXT(2) 
PARAMETRIC_REPRESENTATION_CONTEXT() REPRESENTATION_CONTEXT('2D SPACE',''
  ) );
#2437 = ORIENTED_EDGE('',*,*,#2438,.F.);
#2438 = EDGE_CURVE('',#2439,#2416,#2441,.T.);
#2439 = VERTEX_POINT('',#2440);
#2440 = CARTESIAN_POINT('',(5.,-1.8,-32.));
#2441 = SURFACE_CURVE('',#2442,(#2446,#2453),.PCURVE_S1.);
#2442 = LINE('',#2443,#2444);
#2443 = CARTESIAN_POINT('',(5.,-1.8,-32.));
#2444 = VECTOR('',#2445,1.);
#2445 = DIRECTION('',(-1.,0.,0.));
#2446 = PCURVE('',#2222,#2447);
#2447 = DEFINITIONAL_REPRESENTATION('',(#2448),#2452);
#2448 = LINE('',#2449,#2450);
#2449 = CARTESIAN_POINT('',(0.,0.));
#2450 = VECTOR('',#2451,1.);
#2451 = DIRECTION('',(0.,1.));
#2452 = ( GEOMETRIC_REPRESENTATION_CONTEXT(2) 
PARAMETRIC_REPRESENTATION_CONTEXT() REPRESENTATION_CONTEXT('2D SPACE',''
  ) );
#2453 = PCURVE('',#2454,#2459);
#2454 = PLANE('',#2455);
#2455 = AXIS2_PLACEMENT_3D('',#2456,#2457,#2458);
#2456 = CARTESIAN_POINT('',(5.,-1.8,-32.));
#2457 = DIRECTION('',(0.,0.,1.));
#2458 = DIRECTION('',(-1.,0.,0.));
#2459 = DEFINITIONAL_REPRESENTATION('',(#2460),#2464);
#2460 = LINE('',#2461,#2462);
#2461 = CARTESIAN_POINT('',(0.,-0.));
#2462 = VECTOR('',#2463,1.);
#2463 = DIRECTION('',(1.,0.));
#2464 = ( GEOMETRIC_REPRESENTATION_CONTEXT(2) 
PARAMETRIC_REPRESENTATION_CONTEXT() REPRESENTATION_CONTEXT('2D SPACE',''
  ) );
#2465 = ORIENTED_EDGE('',*,*,#2466,.T.);
#2466 = EDGE_CURVE('',#2439,#2467,#2469,.T.);
#2467 = VERTEX_POINT('',#2468);
#2468 = CARTESIAN_POINT('',(5.,-1.8,-7.483314773548));
#2469 = SURFACE_CURVE('',#2470,(#2474,#2481),.PCURVE_S1.);
#2470 = LINE('',#2471,#2472);
#2471 = CARTESIAN_POINT('',(5.,-1.8,-32.));
#2472 = VECTOR('',#2473,1.);
#2473 = DIRECTION('',(0.,0.,1.));
#2474 = PCURVE('',#2222,#2475);
#2475 = DEFINITIONAL_REPRESENTATION('',(#2476),#2480);
#2476 = LINE('',#2477,#2478);
#2477 = CARTESIAN_POINT('',(0.,0.));
#2478 = VECTOR('',#2479,1.);
#2479 = DIRECTION('',(1.,0.));
#2480 = ( GEOMETRIC_REPRESENTATION_CONTEXT(2) 
PARAMETRIC_REPRESENTATION_CONTEXT() REPRESENTATION_CONTEXT('2D SPACE',''
  ) );
#2481 = PCURVE('',#2482,#2487);
#2482 = PLANE('',#2483);
#2483 = AXIS2_PLACEMENT_3D('',#2484,#2485,#2486);
#2484 = CARTESIAN_POINT('',(5.,-1.8,-32.));
#2485 = DIRECTION('',(-1.,0.,0.));
#2486 = DIRECTION('',(0.,0.,1.));
#2487 = DEFINITIONAL_REPRESENTATION('',(#2488),#2492);
#2488 = LINE('',#2489,#2490);
#2489 = CARTESIAN_POINT('',(0.,0.));
#2490 = VECTOR('',#2491,1.);
#2491 = DIRECTION('',(1.,-0.));
#2492 = ( GEOMETRIC_REPRESENTATION_CONTEXT(2) 
PARAMETRIC_REPRESENTATION_CONTEXT() REPRESENTATION_CONTEXT('2D SPACE',''
  ) );
#2493 = ORIENTED_EDGE('',*,*,#2494,.F.);
#2494 = EDGE_CURVE('',#2495,#2467,#2497,.T.);
#2495 = VERTEX_POINT('',#2496);
#2496 = CARTESIAN_POINT('',(-5.,-1.8,-7.483314773548));
#2497 = SURFACE_CURVE('',#2498,(#2503,#2514),.PCURVE_S1.);
#2498 = CIRCLE('',#2499,9.);
#2499 = AXIS2_PLACEMENT_3D('',#2500,#2501,#2502);
#2500 = CARTESIAN_POINT('',(0.,-1.8,0.));
#2501 = DIRECTION('',(4.440892098501E-17,1.,0.));
#2502 = DIRECTION('',(-0.555555555556,2.467162276945E-17,-0.831479419283
    ));
#2503 = PCURVE('',#2222,#2504);
#2504 = DEFINITIONAL_REPRESENTATION('',(#2505),#2513);
#2505 = ( BOUNDED_CURVE() B_SPLINE_CURVE(2,(#2506,#2507,#2508,#2509,
#2510,#2511,#2512),.UNSPECIFIED.,.T.,.F.) B_SPLINE_CURVE_WITH_KNOTS((1,2
    ,2,2,2,1),(-2.094395102393,0.,2.094395102393,4.188790204786,
6.28318530718,8.377580409573),.UNSPECIFIED.) CURVE() 
GEOMETRIC_REPRESENTATION_ITEM() RATIONAL_B_SPLINE_CURVE((1.,0.5,1.,0.5,
1.,0.5,1.)) REPRESENTATION_ITEM('') );
#2506 = CARTESIAN_POINT('',(24.516685226452,10.));
#2507 = CARTESIAN_POINT('',(33.176939264296,22.961481396816));
#2508 = CARTESIAN_POINT('',(40.071784405696,8.980740698408));
#2509 = CARTESIAN_POINT('',(46.966629547096,-5.));
#2510 = CARTESIAN_POINT('',(31.411530367852,-3.980740698408));
#2511 = CARTESIAN_POINT('',(15.856431188608,-2.961481396816));
#2512 = CARTESIAN_POINT('',(24.516685226452,10.));
#2513 = ( GEOMETRIC_REPRESENTATION_CONTEXT(2) 
PARAMETRIC_REPRESENTATION_CONTEXT() REPRESENTATION_CONTEXT('2D SPACE',''
  ) );
#2514 = PCURVE('',#2515,#2520);
#2515 = CYLINDRICAL_SURFACE('',#2516,9.);
#2516 = AXIS2_PLACEMENT_3D('',#2517,#2518,#2519);
#2517 = CARTESIAN_POINT('',(0.,-1.8,0.));
#2518 = DIRECTION('',(-0.,-1.,-0.));
#2519 = DIRECTION('',(-0.,-0.,1.));
#2520 = DEFINITIONAL_REPRESENTATION('',(#2521),#2525);
#2521 = LINE('',#2522,#2523);
#2522 = CARTESIAN_POINT('',(8.835746990553,0.));
#2523 = VECTOR('',#2524,1.);
#2524 = DIRECTION('',(-1.,-0.));
#2525 = ( GEOMETRIC_REPRESENTATION_CONTEXT(2) 
PARAMETRIC_REPRESENTATION_CONTEXT() REPRESENTATION_CONTEXT('2D SPACE',''
  ) );
#2526 = ORIENTED_EDGE('',*,*,#2527,.F.);
#2527 = EDGE_CURVE('',#2181,#2495,#2528,.T.);
#2528 = SURFACE_CURVE('',#2529,(#2533,#2540),.PCURVE_S1.);
#2529 = LINE('',#2530,#2531);
#2530 = CARTESIAN_POINT('',(-5.,-1.8,-32.));
#2531 = VECTOR('',#2532,1.);
#2532 = DIRECTION('',(0.,0.,1.));
#2533 = PCURVE('',#2222,#2534);
#2534 = DEFINITIONAL_REPRESENTATION('',(#2535),#2539);
#2535 = LINE('',#2536,#2537);
#2536 = CARTESIAN_POINT('',(0.,10.));
#2537 = VECTOR('',#2538,1.);
#2538 = DIRECTION('',(1.,0.));
#2539 = ( GEOMETRIC_REPRESENTATION_CONTEXT(2) 
PARAMETRIC_REPRESENTATION_CONTEXT() REPRESENTATION_CONTEXT('2D SPACE',''
  ) );
#2540 = PCURVE('',#2196,#2541);
#2541 = DEFINITIONAL_REPRESENTATION('',(#2542),#2546);
#2542 = LINE('',#2543,#2544);
#2543 = CARTESIAN_POINT('',(0.,0.));
#2544 = VECTOR('',#2545,1.);
#2545 = DIRECTION('',(1.,-0.));
#2546 = ( GEOMETRIC_REPRESENTATION_CONTEXT(2) 
PARAMETRIC_REPRESENTATION_CONTEXT() REPRESENTATION_CONTEXT('2D SPACE',''
  ) );
#2547 = ORIENTED_EDGE('',*,*,#2208,.F.);
#2548 = ORIENTED_EDGE('',*,*,#2262,.T.);
#2549 = ORIENTED_EDGE('',*,*,#2364,.T.);
#2550 = FACE_BOUND('',#2551,.F.);
#2551 = EDGE_LOOP('',(#2552));
#2552 = ORIENTED_EDGE('',*,*,#2553,.F.);
#2553 = EDGE_CURVE('',#2554,#2554,#2556,.T.);
#2554 = VERTEX_POINT('',#2555);
#2555 = CARTESIAN_POINT('',(1.836970198721E-16,-1.8,-5.25));
#2556 = SURFACE_CURVE('',#2557,(#2562,#2569),.PCURVE_S1.);
#2557 = CIRCLE('',#2558,0.75);
#2558 = AXIS2_PLACEMENT_3D('',#2559,#2560,#2561);
#2559 = CARTESIAN_POINT('',(0.,-1.8,-6.));
#2560 = DIRECTION('',(0.,-1.,-0.));
#2561 = DIRECTION('',(-0.,-0.,1.));
#2562 = PCURVE('',#2222,#2563);
#2563 = DEFINITIONAL_REPRESENTATION('',(#2564),#2568);
#2564 = CIRCLE('',#2565,0.75);
#2565 = AXIS2_PLACEMENT_2D('',#2566,#2567);
#2566 = CARTESIAN_POINT('',(26.,5.));
#2567 = DIRECTION('',(1.,0.));
#2568 = ( GEOMETRIC_REPRESENTATION_CONTEXT(2) 
PARAMETRIC_REPRESENTATION_CONTEXT() REPRESENTATION_CONTEXT('2D SPACE',''
  ) );
#2569 = PCURVE('',#2570,#2575);
#2570 = CYLINDRICAL_SURFACE('',#2571,0.75);
#2571 = AXIS2_PLACEMENT_3D('',#2572,#2573,#2574);
#2572 = CARTESIAN_POINT('',(0.,0.,-6.));
#2573 = DIRECTION('',(-0.,-1.,-0.));
#2574 = DIRECTION('',(-0.,-0.,1.));
#2575 = DEFINITIONAL_REPRESENTATION('',(#2576),#2580);
#2576 = LINE('',#2577,#2578);
#2577 = CARTESIAN_POINT('',(0.,1.8));
#2578 = VECTOR('',#2579,1.);
#2579 = DIRECTION('',(1.,0.));
#2580 = ( GEOMETRIC_REPRESENTATION_CONTEXT(2) 
PARAMETRIC_REPRESENTATION_CONTEXT() REPRESENTATION_CONTEXT('2D SPACE',''
  ) );
#2581 = FACE_BOUND('',#2582,.F.);
#2582 = EDGE_LOOP('',(#2583));
#2583 = ORIENTED_EDGE('',*,*,#2584,.F.);
#2584 = EDGE_CURVE('',#2585,#2585,#2587,.T.);
#2585 = VERTEX_POINT('',#2586);
#2586 = CARTESIAN_POINT('',(2.939152317954E-16,-1.8,1.2));
#2587 = SURFACE_CURVE('',#2588,(#2593,#2600),.PCURVE_S1.);
#2588 = CIRCLE('',#2589,1.2);
#2589 = AXIS2_PLACEMENT_3D('',#2590,#2591,#2592);
#2590 = CARTESIAN_POINT('',(0.,-1.8,0.));
#2591 = DIRECTION('',(-0.,-1.,0.));
#2592 = DIRECTION('',(0.,-0.,1.));
#2593 = PCURVE('',#2222,#2594);
#2594 = DEFINITIONAL_REPRESENTATION('',(#2595),#2599);
#2595 = CIRCLE('',#2596,1.2);
#2596 = AXIS2_PLACEMENT_2D('',#2597,#2598);
#2597 = CARTESIAN_POINT('',(32.,5.));
#2598 = DIRECTION('',(1.,0.));
#2599 = ( GEOMETRIC_REPRESENTATION_CONTEXT(2) 
PARAMETRIC_REPRESENTATION_CONTEXT() REPRESENTATION_CONTEXT('2D SPACE',''
  ) );
#2600 = PCURVE('',#2601,#2606);
#2601 = CYLINDRICAL_SURFACE('',#2602,1.2);
#2602 = AXIS2_PLACEMENT_3D('',#2603,#2604,#2605);
#2603 = CARTESIAN_POINT('',(0.,-1.,0.));
#2604 = DIRECTION('',(-0.,-1.,0.));
#2605 = DIRECTION('',(0.,-0.,1.));
#2606 = DEFINITIONAL_REPRESENTATION('',(#2607),#2611);
#2607 = LINE('',#2608,#2609);
#2608 = CARTESIAN_POINT('',(0.,0.8));
#2609 = VECTOR('',#2610,1.);
#2610 = DIRECTION('',(1.,0.));
#2611 = ( GEOMETRIC_REPRESENTATION_CONTEXT(2) 
PARAMETRIC_REPRESENTATION_CONTEXT() REPRESENTATION_CONTEXT('2D SPACE',''
  ) );
#2612 = FACE_BOUND('',#2613,.F.);
#2613 = EDGE_LOOP('',(#2614));
#2614 = ORIENTED_EDGE('',*,*,#2615,.F.);
#2615 = EDGE_CURVE('',#2616,#2616,#2618,.T.);
#2616 = VERTEX_POINT('',#2617);
#2617 = CARTESIAN_POINT('',(1.836970198721E-16,-1.8,6.75));
#2618 = SURFACE_CURVE('',#2619,(#2624,#2631),.PCURVE_S1.);
#2619 = CIRCLE('',#2620,0.75);
#2620 = AXIS2_PLACEMENT_3D('',#2621,#2622,#2623);
#2621 = CARTESIAN_POINT('',(0.,-1.8,6.));
#2622 = DIRECTION('',(-0.,-1.,0.));
#2623 = DIRECTION('',(0.,-0.,1.));
#2624 = PCURVE('',#2222,#2625);
#2625 = DEFINITIONAL_REPRESENTATION('',(#2626),#2630);
#2626 = CIRCLE('',#2627,0.75);
#2627 = AXIS2_PLACEMENT_2D('',#2628,#2629);
#2628 = CARTESIAN_POINT('',(38.,5.));
#2629 = DIRECTION('',(1.,0.));
#2630 = ( GEOMETRIC_REPRESENTATION_CONTEXT(2) 
PARAMETRIC_REPRESENTATION_CONTEXT() REPRESENTATION_CONTEXT('2D SPACE',''
  ) );
#2631 = PCURVE('',#2632,#2637);
#2632 = CYLINDRICAL_SURFACE('',#2633,0.75);
#2633 = AXIS2_PLACEMENT_3D('',#2634,#2635,#2636);
#2634 = CARTESIAN_POINT('',(0.,-1.,6.));
#2635 = DIRECTION('',(-0.,-1.,0.));
#2636 = DIRECTION('',(0.,-0.,1.));
#2637 = DEFINITIONAL_REPRESENTATION('',(#2638),#2642);
#2638 = LINE('',#2639,#2640);
#2639 = CARTESIAN_POINT('',(0.,0.8));
#2640 = VECTOR('',#2641,1.);
#2641 = DIRECTION('',(1.,0.));
#2642 = ( GEOMETRIC_REPRESENTATION_CONTEXT(2) 
PARAMETRIC_REPRESENTATION_CONTEXT() REPRESENTATION_CONTEXT('2D SPACE',''
  ) );
#2643 = ADVANCED_FACE('',(#2644),#2196,.T.);
#2644 = FACE_BOUND('',#2645,.T.);
#2645 = EDGE_LOOP('',(#2646,#2647,#2648,#2671));
#2646 = ORIENTED_EDGE('',*,*,#2527,.F.);
#2647 = ORIENTED_EDGE('',*,*,#2180,.F.);
#2648 = ORIENTED_EDGE('',*,*,#2649,.T.);
#2649 = EDGE_CURVE('',#2153,#2650,#2652,.T.);
#2650 = VERTEX_POINT('',#2651);
#2651 = CARTESIAN_POINT('',(-5.,-4.3,-7.483314773548));
#2652 = SURFACE_CURVE('',#2653,(#2657,#2664),.PCURVE_S1.);
#2653 = LINE('',#2654,#2655);
#2654 = CARTESIAN_POINT('',(-5.,-4.3,-32.));
#2655 = VECTOR('',#2656,1.);
#2656 = DIRECTION('',(0.,0.,1.));
#2657 = PCURVE('',#2196,#2658);
#2658 = DEFINITIONAL_REPRESENTATION('',(#2659),#2663);
#2659 = LINE('',#2660,#2661);
#2660 = CARTESIAN_POINT('',(0.,-2.5));
#2661 = VECTOR('',#2662,1.);
#2662 = DIRECTION('',(1.,-0.));
#2663 = ( GEOMETRIC_REPRESENTATION_CONTEXT(2) 
PARAMETRIC_REPRESENTATION_CONTEXT() REPRESENTATION_CONTEXT('2D SPACE',''
  ) );
#2664 = PCURVE('',#2168,#2665);
#2665 = DEFINITIONAL_REPRESENTATION('',(#2666),#2670);
#2666 = LINE('',#2667,#2668);
#2667 = CARTESIAN_POINT('',(0.,10.));
#2668 = VECTOR('',#2669,1.);
#2669 = DIRECTION('',(1.,0.));
#2670 = ( GEOMETRIC_REPRESENTATION_CONTEXT(2) 
PARAMETRIC_REPRESENTATION_CONTEXT() REPRESENTATION_CONTEXT('2D SPACE',''
  ) );
#2671 = ORIENTED_EDGE('',*,*,#2672,.F.);
#2672 = EDGE_CURVE('',#2495,#2650,#2673,.T.);
#2673 = SURFACE_CURVE('',#2674,(#2678,#2685),.PCURVE_S1.);
#2674 = LINE('',#2675,#2676);
#2675 = CARTESIAN_POINT('',(-5.,-1.8,-7.483314773548));
#2676 = VECTOR('',#2677,1.);
#2677 = DIRECTION('',(-0.,-1.,-0.));
#2678 = PCURVE('',#2196,#2679);
#2679 = DEFINITIONAL_REPRESENTATION('',(#2680),#2684);
#2680 = LINE('',#2681,#2682);
#2681 = CARTESIAN_POINT('',(24.516685226452,-2.22044604925E-16));
#2682 = VECTOR('',#2683,1.);
#2683 = DIRECTION('',(0.,-1.));
#2684 = ( GEOMETRIC_REPRESENTATION_CONTEXT(2) 
PARAMETRIC_REPRESENTATION_CONTEXT() REPRESENTATION_CONTEXT('2D SPACE',''
  ) );
#2685 = PCURVE('',#2515,#2686);
#2686 = DEFINITIONAL_REPRESENTATION('',(#2687),#2691);
#2687 = LINE('',#2688,#2689);
#2688 = CARTESIAN_POINT('',(8.835746990553,0.));
#2689 = VECTOR('',#2690,1.);
#2690 = DIRECTION('',(0.,1.));
#2691 = ( GEOMETRIC_REPRESENTATION_CONTEXT(2) 
PARAMETRIC_REPRESENTATION_CONTEXT() REPRESENTATION_CONTEXT('2D SPACE',''
  ) );
#2692 = ADVANCED_FACE('',(#2693,#2790,#2816,#2842),#2168,.T.);
#2693 = FACE_BOUND('',#2694,.T.);
#2694 = EDGE_LOOP('',(#2695,#2718,#2741,#2764,#2786,#2787,#2788,#2789));
#2695 = ORIENTED_EDGE('',*,*,#2696,.F.);
#2696 = EDGE_CURVE('',#2697,#2314,#2699,.T.);
#2697 = VERTEX_POINT('',#2698);
#2698 = CARTESIAN_POINT('',(-5.,-4.3,-32.));
#2699 = SURFACE_CURVE('',#2700,(#2704,#2711),.PCURVE_S1.);
#2700 = LINE('',#2701,#2702);
#2701 = CARTESIAN_POINT('',(-5.,-4.3,-32.));
#2702 = VECTOR('',#2703,1.);
#2703 = DIRECTION('',(0.,0.,1.));
#2704 = PCURVE('',#2168,#2705);
#2705 = DEFINITIONAL_REPRESENTATION('',(#2706),#2710);
#2706 = LINE('',#2707,#2708);
#2707 = CARTESIAN_POINT('',(0.,10.));
#2708 = VECTOR('',#2709,1.);
#2709 = DIRECTION('',(1.,0.));
#2710 = ( GEOMETRIC_REPRESENTATION_CONTEXT(2) 
PARAMETRIC_REPRESENTATION_CONTEXT() REPRESENTATION_CONTEXT('2D SPACE',''
  ) );
#2711 = PCURVE('',#2352,#2712);
#2712 = DEFINITIONAL_REPRESENTATION('',(#2713),#2717);
#2713 = LINE('',#2714,#2715);
#2714 = CARTESIAN_POINT('',(0.,-2.5));
#2715 = VECTOR('',#2716,1.);
#2716 = DIRECTION('',(1.,-0.));
#2717 = ( GEOMETRIC_REPRESENTATION_CONTEXT(2) 
PARAMETRIC_REPRESENTATION_CONTEXT() REPRESENTATION_CONTEXT('2D SPACE',''
  ) );
#2718 = ORIENTED_EDGE('',*,*,#2719,.F.);
#2719 = EDGE_CURVE('',#2720,#2697,#2722,.T.);
#2720 = VERTEX_POINT('',#2721);
#2721 = CARTESIAN_POINT('',(5.,-4.3,-32.));
#2722 = SURFACE_CURVE('',#2723,(#2727,#2734),.PCURVE_S1.);
#2723 = LINE('',#2724,#2725);
#2724 = CARTESIAN_POINT('',(5.,-4.3,-32.));
#2725 = VECTOR('',#2726,1.);
#2726 = DIRECTION('',(-1.,0.,0.));
#2727 = PCURVE('',#2168,#2728);
#2728 = DEFINITIONAL_REPRESENTATION('',(#2729),#2733);
#2729 = LINE('',#2730,#2731);
#2730 = CARTESIAN_POINT('',(0.,0.));
#2731 = VECTOR('',#2732,1.);
#2732 = DIRECTION('',(0.,1.));
#2733 = ( GEOMETRIC_REPRESENTATION_CONTEXT(2) 
PARAMETRIC_REPRESENTATION_CONTEXT() REPRESENTATION_CONTEXT('2D SPACE',''
  ) );
#2734 = PCURVE('',#2454,#2735);
#2735 = DEFINITIONAL_REPRESENTATION('',(#2736),#2740);
#2736 = LINE('',#2737,#2738);
#2737 = CARTESIAN_POINT('',(-0.,2.5));
#2738 = VECTOR('',#2739,1.);
#2739 = DIRECTION('',(1.,0.));
#2740 = ( GEOMETRIC_REPRESENTATION_CONTEXT(2) 
PARAMETRIC_REPRESENTATION_CONTEXT() REPRESENTATION_CONTEXT('2D SPACE',''
  ) );
#2741 = ORIENTED_EDGE('',*,*,#2742,.T.);
#2742 = EDGE_CURVE('',#2720,#2743,#2745,.T.);
#2743 = VERTEX_POINT('',#2744);
#2744 = CARTESIAN_POINT('',(5.,-4.3,-7.483314773548));
#2745 = SURFACE_CURVE('',#2746,(#2750,#2757),.PCURVE_S1.);
#2746 = LINE('',#2747,#2748);
#2747 = CARTESIAN_POINT('',(5.,-4.3,-32.));
#2748 = VECTOR('',#2749,1.);
#2749 = DIRECTION('',(0.,0.,1.));
#2750 = PCURVE('',#2168,#2751);
#2751 = DEFINITIONAL_REPRESENTATION('',(#2752),#2756);
#2752 = LINE('',#2753,#2754);
#2753 = CARTESIAN_POINT('',(0.,0.));
#2754 = VECTOR('',#2755,1.);
#2755 = DIRECTION('',(1.,0.));
#2756 = ( GEOMETRIC_REPRESENTATION_CONTEXT(2) 
PARAMETRIC_REPRESENTATION_CONTEXT() REPRESENTATION_CONTEXT('2D SPACE',''
  ) );
#2757 = PCURVE('',#2482,#2758);
#2758 = DEFINITIONAL_REPRESENTATION('',(#2759),#2763);
#2759 = LINE('',#2760,#2761);
#2760 = CARTESIAN_POINT('',(0.,-2.5));
#2761 = VECTOR('',#2762,1.);
#2762 = DIRECTION('',(1.,-0.));
#2763 = ( GEOMETRIC_REPRESENTATION_CONTEXT(2) 
PARAMETRIC_REPRESENTATION_CONTEXT() REPRESENTATION_CONTEXT('2D SPACE',''
  ) );
#2764 = ORIENTED_EDGE('',*,*,#2765,.T.);
#2765 = EDGE_CURVE('',#2743,#2650,#2766,.T.);
#2766 = SURFACE_CURVE('',#2767,(#2772,#2779),.PCURVE_S1.);
#2767 = CIRCLE('',#2768,9.);
#2768 = AXIS2_PLACEMENT_3D('',#2769,#2770,#2771);
#2769 = CARTESIAN_POINT('',(0.,-4.3,0.));
#2770 = DIRECTION('',(-0.,-1.,0.));
#2771 = DIRECTION('',(0.555555555556,-0.,-0.831479419283));
#2772 = PCURVE('',#2168,#2773);
#2773 = DEFINITIONAL_REPRESENTATION('',(#2774),#2778);
#2774 = CIRCLE('',#2775,9.);
#2775 = AXIS2_PLACEMENT_2D('',#2776,#2777);
#2776 = CARTESIAN_POINT('',(32.,5.));
#2777 = DIRECTION('',(-0.831479419283,-0.555555555556));
#2778 = ( GEOMETRIC_REPRESENTATION_CONTEXT(2) 
PARAMETRIC_REPRESENTATION_CONTEXT() REPRESENTATION_CONTEXT('2D SPACE',''
  ) );
#2779 = PCURVE('',#2515,#2780);
#2780 = DEFINITIONAL_REPRESENTATION('',(#2781),#2785);
#2781 = LINE('',#2782,#2783);
#2782 = CARTESIAN_POINT('',(3.730623623806,2.5));
#2783 = VECTOR('',#2784,1.);
#2784 = DIRECTION('',(1.,0.));
#2785 = ( GEOMETRIC_REPRESENTATION_CONTEXT(2) 
PARAMETRIC_REPRESENTATION_CONTEXT() REPRESENTATION_CONTEXT('2D SPACE',''
  ) );
#2786 = ORIENTED_EDGE('',*,*,#2649,.F.);
#2787 = ORIENTED_EDGE('',*,*,#2152,.F.);
#2788 = ORIENTED_EDGE('',*,*,#2389,.T.);
#2789 = ORIENTED_EDGE('',*,*,#2313,.T.);
#2790 = FACE_BOUND('',#2791,.T.);
#2791 = EDGE_LOOP('',(#2792));
#2792 = ORIENTED_EDGE('',*,*,#2793,.F.);
#2793 = EDGE_CURVE('',#2794,#2794,#2796,.T.);
#2794 = VERTEX_POINT('',#2795);
#2795 = CARTESIAN_POINT('',(1.836970198721E-16,-4.3,-5.25));
#2796 = SURFACE_CURVE('',#2797,(#2802,#2809),.PCURVE_S1.);
#2797 = CIRCLE('',#2798,0.75);
#2798 = AXIS2_PLACEMENT_3D('',#2799,#2800,#2801);
#2799 = CARTESIAN_POINT('',(0.,-4.3,-6.));
#2800 = DIRECTION('',(0.,-1.,-0.));
#2801 = DIRECTION('',(-0.,-0.,1.));
#2802 = PCURVE('',#2168,#2803);
#2803 = DEFINITIONAL_REPRESENTATION('',(#2804),#2808);
#2804 = CIRCLE('',#2805,0.75);
#2805 = AXIS2_PLACEMENT_2D('',#2806,#2807);
#2806 = CARTESIAN_POINT('',(26.,5.));
#2807 = DIRECTION('',(1.,0.));
#2808 = ( GEOMETRIC_REPRESENTATION_CONTEXT(2) 
PARAMETRIC_REPRESENTATION_CONTEXT() REPRESENTATION_CONTEXT('2D SPACE',''
  ) );
#2809 = PCURVE('',#2570,#2810);
#2810 = DEFINITIONAL_REPRESENTATION('',(#2811),#2815);
#2811 = LINE('',#2812,#2813);
#2812 = CARTESIAN_POINT('',(0.,4.3));
#2813 = VECTOR('',#2814,1.);
#2814 = DIRECTION('',(1.,0.));
#2815 = ( GEOMETRIC_REPRESENTATION_CONTEXT(2) 
PARAMETRIC_REPRESENTATION_CONTEXT() REPRESENTATION_CONTEXT('2D SPACE',''
  ) );
#2816 = FACE_BOUND('',#2817,.T.);
#2817 = EDGE_LOOP('',(#2818));
#2818 = ORIENTED_EDGE('',*,*,#2819,.F.);
#2819 = EDGE_CURVE('',#2820,#2820,#2822,.T.);
#2820 = VERTEX_POINT('',#2821);
#2821 = CARTESIAN_POINT('',(2.939152317954E-16,-4.3,1.2));
#2822 = SURFACE_CURVE('',#2823,(#2828,#2835),.PCURVE_S1.);
#2823 = CIRCLE('',#2824,1.2);
#2824 = AXIS2_PLACEMENT_3D('',#2825,#2826,#2827);
#2825 = CARTESIAN_POINT('',(0.,-4.3,0.));
#2826 = DIRECTION('',(-0.,-1.,0.));
#2827 = DIRECTION('',(0.,-0.,1.));
#2828 = PCURVE('',#2168,#2829);
#2829 = DEFINITIONAL_REPRESENTATION('',(#2830),#2834);
#2830 = CIRCLE('',#2831,1.2);
#2831 = AXIS2_PLACEMENT_2D('',#2832,#2833);
#2832 = CARTESIAN_POINT('',(32.,5.));
#2833 = DIRECTION('',(1.,0.));
#2834 = ( GEOMETRIC_REPRESENTATION_CONTEXT(2) 
PARAMETRIC_REPRESENTATION_CONTEXT() REPRESENTATION_CONTEXT('2D SPACE',''
  ) );
#2835 = PCURVE('',#2601,#2836);
#2836 = DEFINITIONAL_REPRESENTATION('',(#2837),#2841);
#2837 = LINE('',#2838,#2839);
#2838 = CARTESIAN_POINT('',(0.,3.3));
#2839 = VECTOR('',#2840,1.);
#2840 = DIRECTION('',(1.,0.));
#2841 = ( GEOMETRIC_REPRESENTATION_CONTEXT(2) 
PARAMETRIC_REPRESENTATION_CONTEXT() REPRESENTATION_CONTEXT('2D SPACE',''
  ) );
#2842 = FACE_BOUND('',#2843,.T.);
#2843 = EDGE_LOOP('',(#2844));
#2844 = ORIENTED_EDGE('',*,*,#2845,.F.);
#2845 = EDGE_CURVE('',#2846,#2846,#2848,.T.);
#2846 = VERTEX_POINT('',#2847);
#2847 = CARTESIAN_POINT('',(1.836970198721E-16,-4.3,6.75));
#2848 = SURFACE_CURVE('',#2849,(#2854,#2861),.PCURVE_S1.);
#2849 = CIRCLE('',#2850,0.75);
#2850 = AXIS2_PLACEMENT_3D('',#2851,#2852,#2853);
#2851 = CARTESIAN_POINT('',(0.,-4.3,6.));
#2852 = DIRECTION('',(-0.,-1.,0.));
#2853 = DIRECTION('',(0.,-0.,1.));
#2854 = PCURVE('',#2168,#2855);
#2855 = DEFINITIONAL_REPRESENTATION('',(#2856),#2860);
#2856 = CIRCLE('',#2857,0.75);
#2857 = AXIS2_PLACEMENT_2D('',#2858,#2859);
#2858 = CARTESIAN_POINT('',(38.,5.));
#2859 = DIRECTION('',(1.,0.));
#2860 = ( GEOMETRIC_REPRESENTATION_CONTEXT(2) 
PARAMETRIC_REPRESENTATION_CONTEXT() REPRESENTATION_CONTEXT('2D SPACE',''
  ) );
#2861 = PCURVE('',#2632,#2862);
#2862 = DEFINITIONAL_REPRESENTATION('',(#2863),#2867);
#2863 = LINE('',#2864,#2865);
#2864 = CARTESIAN_POINT('',(0.,3.3));
#2865 = VECTOR('',#2866,1.);
#2866 = DIRECTION('',(1.,0.));
#2867 = ( GEOMETRIC_REPRESENTATION_CONTEXT(2) 
PARAMETRIC_REPRESENTATION_CONTEXT() REPRESENTATION_CONTEXT('2D SPACE',''
  ) );
#2868 = ADVANCED_FACE('',(#2869),#2352,.T.);
#2869 = FACE_BOUND('',#2870,.T.);
#2870 = EDGE_LOOP('',(#2871,#2872,#2893,#2894));
#2871 = ORIENTED_EDGE('',*,*,#2415,.F.);
#2872 = ORIENTED_EDGE('',*,*,#2873,.T.);
#2873 = EDGE_CURVE('',#2416,#2697,#2874,.T.);
#2874 = SURFACE_CURVE('',#2875,(#2879,#2886),.PCURVE_S1.);
#2875 = LINE('',#2876,#2877);
#2876 = CARTESIAN_POINT('',(-5.,-1.8,-32.));
#2877 = VECTOR('',#2878,1.);
#2878 = DIRECTION('',(0.,-1.,0.));
#2879 = PCURVE('',#2352,#2880);
#2880 = DEFINITIONAL_REPRESENTATION('',(#2881),#2885);
#2881 = LINE('',#2882,#2883);
#2882 = CARTESIAN_POINT('',(0.,0.));
#2883 = VECTOR('',#2884,1.);
#2884 = DIRECTION('',(0.,-1.));
#2885 = ( GEOMETRIC_REPRESENTATION_CONTEXT(2) 
PARAMETRIC_REPRESENTATION_CONTEXT() REPRESENTATION_CONTEXT('2D SPACE',''
  ) );
#2886 = PCURVE('',#2454,#2887);
#2887 = DEFINITIONAL_REPRESENTATION('',(#2888),#2892);
#2888 = LINE('',#2889,#2890);
#2889 = CARTESIAN_POINT('',(10.,0.));
#2890 = VECTOR('',#2891,1.);
#2891 = DIRECTION('',(0.,1.));
#2892 = ( GEOMETRIC_REPRESENTATION_CONTEXT(2) 
PARAMETRIC_REPRESENTATION_CONTEXT() REPRESENTATION_CONTEXT('2D SPACE',''
  ) );
#2893 = ORIENTED_EDGE('',*,*,#2696,.T.);
#2894 = ORIENTED_EDGE('',*,*,#2336,.T.);
#2895 = ADVANCED_FACE('',(#2896),#2454,.F.);
#2896 = FACE_BOUND('',#2897,.F.);
#2897 = EDGE_LOOP('',(#2898,#2919,#2920,#2921));
#2898 = ORIENTED_EDGE('',*,*,#2899,.F.);
#2899 = EDGE_CURVE('',#2439,#2720,#2900,.T.);
#2900 = SURFACE_CURVE('',#2901,(#2905,#2912),.PCURVE_S1.);
#2901 = LINE('',#2902,#2903);
#2902 = CARTESIAN_POINT('',(5.,-1.8,-32.));
#2903 = VECTOR('',#2904,1.);
#2904 = DIRECTION('',(0.,-1.,0.));
#2905 = PCURVE('',#2454,#2906);
#2906 = DEFINITIONAL_REPRESENTATION('',(#2907),#2911);
#2907 = LINE('',#2908,#2909);
#2908 = CARTESIAN_POINT('',(0.,-0.));
#2909 = VECTOR('',#2910,1.);
#2910 = DIRECTION('',(0.,1.));
#2911 = ( GEOMETRIC_REPRESENTATION_CONTEXT(2) 
PARAMETRIC_REPRESENTATION_CONTEXT() REPRESENTATION_CONTEXT('2D SPACE',''
  ) );
#2912 = PCURVE('',#2482,#2913);
#2913 = DEFINITIONAL_REPRESENTATION('',(#2914),#2918);
#2914 = LINE('',#2915,#2916);
#2915 = CARTESIAN_POINT('',(0.,0.));
#2916 = VECTOR('',#2917,1.);
#2917 = DIRECTION('',(0.,-1.));
#2918 = ( GEOMETRIC_REPRESENTATION_CONTEXT(2) 
PARAMETRIC_REPRESENTATION_CONTEXT() REPRESENTATION_CONTEXT('2D SPACE',''
  ) );
#2919 = ORIENTED_EDGE('',*,*,#2438,.T.);
#2920 = ORIENTED_EDGE('',*,*,#2873,.T.);
#2921 = ORIENTED_EDGE('',*,*,#2719,.F.);
#2922 = ADVANCED_FACE('',(#2923),#2482,.F.);
#2923 = FACE_BOUND('',#2924,.F.);
#2924 = EDGE_LOOP('',(#2925,#2926,#2927,#2928));
#2925 = ORIENTED_EDGE('',*,*,#2466,.F.);
#2926 = ORIENTED_EDGE('',*,*,#2899,.T.);
#2927 = ORIENTED_EDGE('',*,*,#2742,.T.);
#2928 = ORIENTED_EDGE('',*,*,#2929,.F.);
#2929 = EDGE_CURVE('',#2467,#2743,#2930,.T.);
#2930 = SURFACE_CURVE('',#2931,(#2935,#2942),.PCURVE_S1.);
#2931 = LINE('',#2932,#2933);
#2932 = CARTESIAN_POINT('',(5.,-1.8,-7.483314773548));
#2933 = VECTOR('',#2934,1.);
#2934 = DIRECTION('',(-0.,-1.,-0.));
#2935 = PCURVE('',#2482,#2936);
#2936 = DEFINITIONAL_REPRESENTATION('',(#2937),#2941);
#2937 = LINE('',#2938,#2939);
#2938 = CARTESIAN_POINT('',(24.516685226452,-2.22044604925E-16));
#2939 = VECTOR('',#2940,1.);
#2940 = DIRECTION('',(0.,-1.));
#2941 = ( GEOMETRIC_REPRESENTATION_CONTEXT(2) 
PARAMETRIC_REPRESENTATION_CONTEXT() REPRESENTATION_CONTEXT('2D SPACE',''
  ) );
#2942 = PCURVE('',#2515,#2943);
#2943 = DEFINITIONAL_REPRESENTATION('',(#2944),#2948);
#2944 = LINE('',#2945,#2946);
#2945 = CARTESIAN_POINT('',(3.730623623806,0.));
#2946 = VECTOR('',#2947,1.);
#2947 = DIRECTION('',(0.,1.));
#2948 = ( GEOMETRIC_REPRESENTATION_CONTEXT(2) 
PARAMETRIC_REPRESENTATION_CONTEXT() REPRESENTATION_CONTEXT('2D SPACE',''
  ) );
#2949 = ADVANCED_FACE('',(#2950),#2515,.T.);
#2950 = FACE_BOUND('',#2951,.T.);
#2951 = EDGE_LOOP('',(#2952,#2953,#2954,#2955));
#2952 = ORIENTED_EDGE('',*,*,#2765,.F.);
#2953 = ORIENTED_EDGE('',*,*,#2929,.F.);
#2954 = ORIENTED_EDGE('',*,*,#2494,.F.);
#2955 = ORIENTED_EDGE('',*,*,#2672,.T.);
#2956 = ADVANCED_FACE('',(#2957),#2570,.F.);
#2957 = FACE_BOUND('',#2958,.F.);
#2958 = EDGE_LOOP('',(#2959,#2960,#2981,#2982));
#2959 = ORIENTED_EDGE('',*,*,#2793,.F.);
#2960 = ORIENTED_EDGE('',*,*,#2961,.F.);
#2961 = EDGE_CURVE('',#2554,#2794,#2962,.T.);
#2962 = SEAM_CURVE('',#2963,(#2967,#2974),.PCURVE_S1.);
#2963 = LINE('',#2964,#2965);
#2964 = CARTESIAN_POINT('',(1.836970198721E-16,0.,-5.25));
#2965 = VECTOR('',#2966,1.);
#2966 = DIRECTION('',(-0.,-1.,-0.));
#2967 = PCURVE('',#2570,#2968);
#2968 = DEFINITIONAL_REPRESENTATION('',(#2969),#2973);
#2969 = LINE('',#2970,#2971);
#2970 = CARTESIAN_POINT('',(6.28318530718,-0.));
#2971 = VECTOR('',#2972,1.);
#2972 = DIRECTION('',(0.,1.));
#2973 = ( GEOMETRIC_REPRESENTATION_CONTEXT(2) 
PARAMETRIC_REPRESENTATION_CONTEXT() REPRESENTATION_CONTEXT('2D SPACE',''
  ) );
#2974 = PCURVE('',#2570,#2975);
#2975 = DEFINITIONAL_REPRESENTATION('',(#2976),#2980);
#2976 = LINE('',#2977,#2978);
#2977 = CARTESIAN_POINT('',(0.,-0.));
#2978 = VECTOR('',#2979,1.);
#2979 = DIRECTION('',(0.,1.));
#2980 = ( GEOMETRIC_REPRESENTATION_CONTEXT(2) 
PARAMETRIC_REPRESENTATION_CONTEXT() REPRESENTATION_CONTEXT('2D SPACE',''
  ) );
#2981 = ORIENTED_EDGE('',*,*,#2553,.T.);
#2982 = ORIENTED_EDGE('',*,*,#2961,.T.);
#2983 = ADVANCED_FACE('',(#2984),#2601,.F.);
#2984 = FACE_BOUND('',#2985,.F.);
#2985 = EDGE_LOOP('',(#2986,#2987,#3008,#3009));
#2986 = ORIENTED_EDGE('',*,*,#2819,.F.);
#2987 = ORIENTED_EDGE('',*,*,#2988,.F.);
#2988 = EDGE_CURVE('',#2585,#2820,#2989,.T.);
#2989 = SEAM_CURVE('',#2990,(#2994,#3001),.PCURVE_S1.);
#2990 = LINE('',#2991,#2992);
#2991 = CARTESIAN_POINT('',(2.939152317954E-16,-1.,1.2));
#2992 = VECTOR('',#2993,1.);
#2993 = DIRECTION('',(-0.,-1.,0.));
#2994 = PCURVE('',#2601,#2995);
#2995 = DEFINITIONAL_REPRESENTATION('',(#2996),#3000);
#2996 = LINE('',#2997,#2998);
#2997 = CARTESIAN_POINT('',(6.28318530718,-0.));
#2998 = VECTOR('',#2999,1.);
#2999 = DIRECTION('',(0.,1.));
#3000 = ( GEOMETRIC_REPRESENTATION_CONTEXT(2) 
PARAMETRIC_REPRESENTATION_CONTEXT() REPRESENTATION_CONTEXT('2D SPACE',''
  ) );
#3001 = PCURVE('',#2601,#3002);
#3002 = DEFINITIONAL_REPRESENTATION('',(#3003),#3007);
#3003 = LINE('',#3004,#3005);
#3004 = CARTESIAN_POINT('',(0.,-0.));
#3005 = VECTOR('',#3006,1.);
#3006 = DIRECTION('',(0.,1.));
#3007 = ( GEOMETRIC_REPRESENTATION_CONTEXT(2) 
PARAMETRIC_REPRESENTATION_CONTEXT() REPRESENTATION_CONTEXT('2D SPACE',''
  ) );
#3008 = ORIENTED_EDGE('',*,*,#2584,.T.);
#3009 = ORIENTED_EDGE('',*,*,#2988,.T.);
#3010 = ADVANCED_FACE('',(#3011),#2632,.F.);
#3011 = FACE_BOUND('',#3012,.F.);
#3012 = EDGE_LOOP('',(#3013,#3014,#3035,#3036));
#3013 = ORIENTED_EDGE('',*,*,#2845,.F.);
#3014 = ORIENTED_EDGE('',*,*,#3015,.F.);
#3015 = EDGE_CURVE('',#2616,#2846,#3016,.T.);
#3016 = SEAM_CURVE('',#3017,(#3021,#3028),.PCURVE_S1.);
#3017 = LINE('',#3018,#3019);
#3018 = CARTESIAN_POINT('',(1.836970198721E-16,-1.,6.75));
#3019 = VECTOR('',#3020,1.);
#3020 = DIRECTION('',(-0.,-1.,0.));
#3021 = PCURVE('',#2632,#3022);
#3022 = DEFINITIONAL_REPRESENTATION('',(#3023),#3027);
#3023 = LINE('',#3024,#3025);
#3024 = CARTESIAN_POINT('',(6.28318530718,-0.));
#3025 = VECTOR('',#3026,1.);
#3026 = DIRECTION('',(0.,1.));
#3027 = ( GEOMETRIC_REPRESENTATION_CONTEXT(2) 
PARAMETRIC_REPRESENTATION_CONTEXT() REPRESENTATION_CONTEXT('2D SPACE',''
  ) );
#3028 = PCURVE('',#2632,#3029);
#3029 = DEFINITIONAL_REPRESENTATION('',(#3030),#3034);
#3030 = LINE('',#3031,#3032);
#3031 = CARTESIAN_POINT('',(0.,-0.));
#3032 = VECTOR('',#3033,1.);
#3033 = DIRECTION('',(0.,1.));
#3034 = ( GEOMETRIC_REPRESENTATION_CONTEXT(2) 
PARAMETRIC_REPRESENTATION_CONTEXT() REPRESENTATION_CONTEXT('2D SPACE',''
  ) );
#3035 = ORIENTED_EDGE('',*,*,#2615,.T.);
#3036 = ORIENTED_EDGE('',*,*,#3015,.T.);
#3037 = ( GEOMETRIC_REPRESENTATION_CONTEXT(3) 
GLOBAL_UNCERTAINTY_ASSIGNED_CONTEXT((#3041)) 
GLOBAL_UNIT_ASSIGNED_CONTEXT((#3038,#3039,#3040)) REPRESENTATION_CONTEXT
('Context #1','3D Context with UNIT and UNCERTAINTY') );
#3038 = ( LENGTH_UNIT() NAMED_UNIT(*) SI_UNIT(.MILLI.,.METRE.) );
#3039 = ( NAMED_UNIT(*) PLANE_ANGLE_UNIT() SI_UNIT($,.RADIAN.) );
#3040 = ( NAMED_UNIT(*) SI_UNIT($,.STERADIAN.) SOLID_ANGLE_UNIT() );
#3041 = UNCERTAINTY_MEASURE_WITH_UNIT(LENGTH_MEASURE(1.E-07),#3038,
  'distance_accuracy_value','confusion accuracy');
#3042 = PRODUCT_RELATED_PRODUCT_CATEGORY('part',$,(#7));
ENDSEC;
END-ISO-10303-21;
