ISO-10303-21;
HEADER;
FILE_DESCRIPTION(('Open CASCADE Model'),'2;1');
FILE_NAME('Open CASCADE Shape Model','2026-09-29T12:43:18',('Author'),(
    'Open CASCADE'),'Open CASCADE STEP processor 7.9','Open CASCADE 7.9'
  ,'Unknown');
FILE_SCHEMA(('AUTOMOTIVE_DESIGN { 1 0 10303 214 1 1 1 1 }'));
ENDSEC;
DATA;
#1 = APPLICATION_PROTOCOL_DEFINITION('international standard',
  'automotive_design',2000,#2);
#2 = APPLICATION_CONTEXT(
  'core data for automotive mechanical design processes');
#3 = SHAPE_DEFINITION_REPRESENTATION(#4,#10);
#4 = PRODUCT_DEFINITION_SHAPE('','',#5);
#5 = PRODUCT_DEFINITION('design','',#6,#9);
#6 = PRODUCT_DEFINITION_FORMATION('','',#7);
#7 = PRODUCT('PLA_small_robot_stand_R1','PLA_small_robot_stand_R1','',(
    #8));
#8 = PRODUCT_CONTEXT('',#2,'mechanical');
#9 = PRODUCT_DEFINITION_CONTEXT('part definition',#2,'design');
#10 = SHAPE_REPRESENTATION('',(#11,#15,#19,#23,#27,#31,#35,#39),#43);
#11 = AXIS2_PLACEMENT_3D('',#12,#13,#14);
#12 = CARTESIAN_POINT('',(0.,0.,0.));
#13 = DIRECTION('',(0.,0.,1.));
#14 = DIRECTION('',(1.,0.,-0.));
#15 = AXIS2_PLACEMENT_3D('',#16,#17,#18);
#16 = CARTESIAN_POINT('',(0.,0.,0.));
#17 = DIRECTION('',(0.,0.,1.));
#18 = DIRECTION('',(1.,0.,-0.));
#19 = AXIS2_PLACEMENT_3D('',#20,#21,#22);
#20 = CARTESIAN_POINT('',(0.,0.,0.));
#21 = DIRECTION('',(0.,0.,1.));
#22 = DIRECTION('',(1.,0.,-0.));
#23 = AXIS2_PLACEMENT_3D('',#24,#25,#26);
#24 = CARTESIAN_POINT('',(0.,0.,0.));
#25 = DIRECTION('',(0.,0.,1.));
#26 = DIRECTION('',(1.,0.,-0.));
#27 = AXIS2_PLACEMENT_3D('',#28,#29,#30);
#28 = CARTESIAN_POINT('',(0.,0.,0.));
#29 = DIRECTION('',(0.,0.,1.));
#30 = DIRECTION('',(1.,0.,-0.));
#31 = AXIS2_PLACEMENT_3D('',#32,#33,#34);
#32 = CARTESIAN_POINT('',(0.,0.,0.));
#33 = DIRECTION('',(0.,0.,1.));
#34 = DIRECTION('',(1.,0.,-0.));
#35 = AXIS2_PLACEMENT_3D('',#36,#37,#38);
#36 = CARTESIAN_POINT('',(0.,0.,0.));
#37 = DIRECTION('',(0.,0.,1.));
#38 = DIRECTION('',(1.,0.,-0.));
#39 = AXIS2_PLACEMENT_3D('',#40,#41,#42);
#40 = CARTESIAN_POINT('',(0.,0.,0.));
#41 = DIRECTION('',(0.,0.,1.));
#42 = DIRECTION('',(1.,0.,-0.));
#43 = ( GEOMETRIC_REPRESENTATION_CONTEXT(3) 
GLOBAL_UNCERTAINTY_ASSIGNED_CONTEXT((#47)) GLOBAL_UNIT_ASSIGNED_CONTEXT(
(#44,#45,#46)) REPRESENTATION_CONTEXT('Context #1',
  '3D Context with UNIT and UNCERTAINTY') );
#44 = ( LENGTH_UNIT() NAMED_UNIT(*) SI_UNIT(.MILLI.,.METRE.) );
#45 = ( NAMED_UNIT(*) PLANE_ANGLE_UNIT() SI_UNIT($,.RADIAN.) );
#46 = ( NAMED_UNIT(*) SI_UNIT($,.STERADIAN.) SOLID_ANGLE_UNIT() );
#47 = UNCERTAINTY_MEASURE_WITH_UNIT(LENGTH_MEASURE(1.E-07),#44,
  'distance_accuracy_value','confusion accuracy');
#48 = PRODUCT_RELATED_PRODUCT_CATEGORY('part',$,(#7));
#49 = SHAPE_DEFINITION_REPRESENTATION(#50,#56);
#50 = PRODUCT_DEFINITION_SHAPE('','',#51);
#51 = PRODUCT_DEFINITION('design','',#52,#55);
#52 = PRODUCT_DEFINITION_FORMATION('','',#53);
#53 = PRODUCT('base','base','',(#54));
#54 = PRODUCT_CONTEXT('',#2,'mechanical');
#55 = PRODUCT_DEFINITION_CONTEXT('part definition',#2,'design');
#56 = ADVANCED_BREP_SHAPE_REPRESENTATION('',(#11,#57),#2971);
#57 = MANIFOLD_SOLID_BREP('',#58);
#58 = CLOSED_SHELL('',(#59,#179,#503,#553,#607,#1412,#1439,#1466,#1493,
    #1520,#1527,#1582,#1637,#1692,#1747,#1818,#1867,#1916,#1965,#2014,
    #2041,#2112,#2161,#2210,#2259,#2308,#2335,#2406,#2455,#2504,#2553,
    #2602,#2629,#2700,#2749,#2798,#2847,#2896,#2923,#2935,#2947,#2959));
#59 = ADVANCED_FACE('',(#60),#74,.F.);
#60 = FACE_BOUND('',#61,.F.);
#61 = EDGE_LOOP('',(#62,#97,#125,#153));
#62 = ORIENTED_EDGE('',*,*,#63,.F.);
#63 = EDGE_CURVE('',#64,#66,#68,.T.);
#64 = VERTEX_POINT('',#65);
#65 = CARTESIAN_POINT('',(-90.,-62.,6.));
#66 = VERTEX_POINT('',#67);
#67 = CARTESIAN_POINT('',(-90.,62.,6.));
#68 = SURFACE_CURVE('',#69,(#73,#85),.PCURVE_S1.);
#69 = LINE('',#70,#71);
#70 = CARTESIAN_POINT('',(-90.,-70.,6.));
#71 = VECTOR('',#72,1.);
#72 = DIRECTION('',(0.,1.,0.));
#73 = PCURVE('',#74,#79);
#74 = PLANE('',#75);
#75 = AXIS2_PLACEMENT_3D('',#76,#77,#78);
#76 = CARTESIAN_POINT('',(-90.,-70.,0.));
#77 = DIRECTION('',(1.,0.,0.));
#78 = DIRECTION('',(0.,0.,1.));
#79 = DEFINITIONAL_REPRESENTATION('',(#80),#84);
#80 = LINE('',#81,#82);
#81 = CARTESIAN_POINT('',(6.,0.));
#82 = VECTOR('',#83,1.);
#83 = DIRECTION('',(0.,-1.));
#84 = ( GEOMETRIC_REPRESENTATION_CONTEXT(2) 
PARAMETRIC_REPRESENTATION_CONTEXT() REPRESENTATION_CONTEXT('2D SPACE',''
  ) );
#85 = PCURVE('',#86,#91);
#86 = PLANE('',#87);
#87 = AXIS2_PLACEMENT_3D('',#88,#89,#90);
#88 = CARTESIAN_POINT('',(-90.,-70.,6.));
#89 = DIRECTION('',(0.,0.,1.));
#90 = DIRECTION('',(1.,0.,0.));
#91 = DEFINITIONAL_REPRESENTATION('',(#92),#96);
#92 = LINE('',#93,#94);
#93 = CARTESIAN_POINT('',(0.,0.));
#94 = VECTOR('',#95,1.);
#95 = DIRECTION('',(0.,1.));
#96 = ( GEOMETRIC_REPRESENTATION_CONTEXT(2) 
PARAMETRIC_REPRESENTATION_CONTEXT() REPRESENTATION_CONTEXT('2D SPACE',''
  ) );
#97 = ORIENTED_EDGE('',*,*,#98,.F.);
#98 = EDGE_CURVE('',#99,#64,#101,.T.);
#99 = VERTEX_POINT('',#100);
#100 = CARTESIAN_POINT('',(-90.,-62.,0.));
#101 = SURFACE_CURVE('',#102,(#106,#113),.PCURVE_S1.);
#102 = LINE('',#103,#104);
#103 = CARTESIAN_POINT('',(-90.,-62.,0.));
#104 = VECTOR('',#105,1.);
#105 = DIRECTION('',(0.,0.,1.));
#106 = PCURVE('',#74,#107);
#107 = DEFINITIONAL_REPRESENTATION('',(#108),#112);
#108 = LINE('',#109,#110);
#109 = CARTESIAN_POINT('',(0.,-8.));
#110 = VECTOR('',#111,1.);
#111 = DIRECTION('',(1.,0.));
#112 = ( GEOMETRIC_REPRESENTATION_CONTEXT(2) 
PARAMETRIC_REPRESENTATION_CONTEXT() REPRESENTATION_CONTEXT('2D SPACE',''
  ) );
#113 = PCURVE('',#114,#119);
#114 = CYLINDRICAL_SURFACE('',#115,8.);
#115 = AXIS2_PLACEMENT_3D('',#116,#117,#118);
#116 = CARTESIAN_POINT('',(-82.,-62.,0.));
#117 = DIRECTION('',(0.,0.,1.));
#118 = DIRECTION('',(-1.,-0.,0.));
#119 = DEFINITIONAL_REPRESENTATION('',(#120),#124);
#120 = LINE('',#121,#122);
#121 = CARTESIAN_POINT('',(0.,0.));
#122 = VECTOR('',#123,1.);
#123 = DIRECTION('',(0.,1.));
#124 = ( GEOMETRIC_REPRESENTATION_CONTEXT(2) 
PARAMETRIC_REPRESENTATION_CONTEXT() REPRESENTATION_CONTEXT('2D SPACE',''
  ) );
#125 = ORIENTED_EDGE('',*,*,#126,.T.);
#126 = EDGE_CURVE('',#99,#127,#129,.T.);
#127 = VERTEX_POINT('',#128);
#128 = CARTESIAN_POINT('',(-90.,62.,0.));
#129 = SURFACE_CURVE('',#130,(#134,#141),.PCURVE_S1.);
#130 = LINE('',#131,#132);
#131 = CARTESIAN_POINT('',(-90.,-70.,0.));
#132 = VECTOR('',#133,1.);
#133 = DIRECTION('',(0.,1.,0.));
#134 = PCURVE('',#74,#135);
#135 = DEFINITIONAL_REPRESENTATION('',(#136),#140);
#136 = LINE('',#137,#138);
#137 = CARTESIAN_POINT('',(0.,0.));
#138 = VECTOR('',#139,1.);
#139 = DIRECTION('',(0.,-1.));
#140 = ( GEOMETRIC_REPRESENTATION_CONTEXT(2) 
PARAMETRIC_REPRESENTATION_CONTEXT() REPRESENTATION_CONTEXT('2D SPACE',''
  ) );
#141 = PCURVE('',#142,#147);
#142 = PLANE('',#143);
#143 = AXIS2_PLACEMENT_3D('',#144,#145,#146);
#144 = CARTESIAN_POINT('',(-90.,-70.,0.));
#145 = DIRECTION('',(0.,0.,1.));
#146 = DIRECTION('',(1.,0.,0.));
#147 = DEFINITIONAL_REPRESENTATION('',(#148),#152);
#148 = LINE('',#149,#150);
#149 = CARTESIAN_POINT('',(0.,0.));
#150 = VECTOR('',#151,1.);
#151 = DIRECTION('',(0.,1.));
#152 = ( GEOMETRIC_REPRESENTATION_CONTEXT(2) 
PARAMETRIC_REPRESENTATION_CONTEXT() REPRESENTATION_CONTEXT('2D SPACE',''
  ) );
#153 = ORIENTED_EDGE('',*,*,#154,.T.);
#154 = EDGE_CURVE('',#127,#66,#155,.T.);
#155 = SURFACE_CURVE('',#156,(#160,#167),.PCURVE_S1.);
#156 = LINE('',#157,#158);
#157 = CARTESIAN_POINT('',(-90.,62.,0.));
#158 = VECTOR('',#159,1.);
#159 = DIRECTION('',(0.,0.,1.));
#160 = PCURVE('',#74,#161);
#161 = DEFINITIONAL_REPRESENTATION('',(#162),#166);
#162 = LINE('',#163,#164);
#163 = CARTESIAN_POINT('',(0.,-132.));
#164 = VECTOR('',#165,1.);
#165 = DIRECTION('',(1.,0.));
#166 = ( GEOMETRIC_REPRESENTATION_CONTEXT(2) 
PARAMETRIC_REPRESENTATION_CONTEXT() REPRESENTATION_CONTEXT('2D SPACE',''
  ) );
#167 = PCURVE('',#168,#173);
#168 = CYLINDRICAL_SURFACE('',#169,8.);
#169 = AXIS2_PLACEMENT_3D('',#170,#171,#172);
#170 = CARTESIAN_POINT('',(-82.,62.,0.));
#171 = DIRECTION('',(0.,0.,1.));
#172 = DIRECTION('',(-1.,-0.,0.));
#173 = DEFINITIONAL_REPRESENTATION('',(#174),#178);
#174 = LINE('',#175,#176);
#175 = CARTESIAN_POINT('',(-0.,0.));
#176 = VECTOR('',#177,1.);
#177 = DIRECTION('',(-0.,1.));
#178 = ( GEOMETRIC_REPRESENTATION_CONTEXT(2) 
PARAMETRIC_REPRESENTATION_CONTEXT() REPRESENTATION_CONTEXT('2D SPACE',''
  ) );
#179 = ADVANCED_FACE('',(#180,#379,#410,#441,#472),#86,.T.);
#180 = FACE_BOUND('',#181,.T.);
#181 = EDGE_LOOP('',(#182,#183,#207,#235,#268,#296,#325,#353));
#182 = ORIENTED_EDGE('',*,*,#63,.F.);
#183 = ORIENTED_EDGE('',*,*,#184,.T.);
#184 = EDGE_CURVE('',#64,#185,#187,.T.);
#185 = VERTEX_POINT('',#186);
#186 = CARTESIAN_POINT('',(-82.,-70.,6.));
#187 = SURFACE_CURVE('',#188,(#193,#200),.PCURVE_S1.);
#188 = CIRCLE('',#189,8.);
#189 = AXIS2_PLACEMENT_3D('',#190,#191,#192);
#190 = CARTESIAN_POINT('',(-82.,-62.,6.));
#191 = DIRECTION('',(0.,0.,1.));
#192 = DIRECTION('',(0.,-1.,0.));
#193 = PCURVE('',#86,#194);
#194 = DEFINITIONAL_REPRESENTATION('',(#195),#199);
#195 = CIRCLE('',#196,8.);
#196 = AXIS2_PLACEMENT_2D('',#197,#198);
#197 = CARTESIAN_POINT('',(8.,8.));
#198 = DIRECTION('',(0.,-1.));
#199 = ( GEOMETRIC_REPRESENTATION_CONTEXT(2) 
PARAMETRIC_REPRESENTATION_CONTEXT() REPRESENTATION_CONTEXT('2D SPACE',''
  ) );
#200 = PCURVE('',#114,#201);
#201 = DEFINITIONAL_REPRESENTATION('',(#202),#206);
#202 = LINE('',#203,#204);
#203 = CARTESIAN_POINT('',(-4.712388980385,6.));
#204 = VECTOR('',#205,1.);
#205 = DIRECTION('',(1.,0.));
#206 = ( GEOMETRIC_REPRESENTATION_CONTEXT(2) 
PARAMETRIC_REPRESENTATION_CONTEXT() REPRESENTATION_CONTEXT('2D SPACE',''
  ) );
#207 = ORIENTED_EDGE('',*,*,#208,.T.);
#208 = EDGE_CURVE('',#185,#209,#211,.T.);
#209 = VERTEX_POINT('',#210);
#210 = CARTESIAN_POINT('',(82.,-70.,6.));
#211 = SURFACE_CURVE('',#212,(#216,#223),.PCURVE_S1.);
#212 = LINE('',#213,#214);
#213 = CARTESIAN_POINT('',(-90.,-70.,6.));
#214 = VECTOR('',#215,1.);
#215 = DIRECTION('',(1.,0.,0.));
#216 = PCURVE('',#86,#217);
#217 = DEFINITIONAL_REPRESENTATION('',(#218),#222);
#218 = LINE('',#219,#220);
#219 = CARTESIAN_POINT('',(0.,0.));
#220 = VECTOR('',#221,1.);
#221 = DIRECTION('',(1.,0.));
#222 = ( GEOMETRIC_REPRESENTATION_CONTEXT(2) 
PARAMETRIC_REPRESENTATION_CONTEXT() REPRESENTATION_CONTEXT('2D SPACE',''
  ) );
#223 = PCURVE('',#224,#229);
#224 = PLANE('',#225);
#225 = AXIS2_PLACEMENT_3D('',#226,#227,#228);
#226 = CARTESIAN_POINT('',(-90.,-70.,0.));
#227 = DIRECTION('',(0.,1.,0.));
#228 = DIRECTION('',(0.,0.,1.));
#229 = DEFINITIONAL_REPRESENTATION('',(#230),#234);
#230 = LINE('',#231,#232);
#231 = CARTESIAN_POINT('',(6.,0.));
#232 = VECTOR('',#233,1.);
#233 = DIRECTION('',(0.,1.));
#234 = ( GEOMETRIC_REPRESENTATION_CONTEXT(2) 
PARAMETRIC_REPRESENTATION_CONTEXT() REPRESENTATION_CONTEXT('2D SPACE',''
  ) );
#235 = ORIENTED_EDGE('',*,*,#236,.F.);
#236 = EDGE_CURVE('',#237,#209,#239,.T.);
#237 = VERTEX_POINT('',#238);
#238 = CARTESIAN_POINT('',(90.,-62.,6.));
#239 = SURFACE_CURVE('',#240,(#245,#256),.PCURVE_S1.);
#240 = CIRCLE('',#241,8.);
#241 = AXIS2_PLACEMENT_3D('',#242,#243,#244);
#242 = CARTESIAN_POINT('',(82.,-62.,6.));
#243 = DIRECTION('',(-0.,-0.,-1.));
#244 = DIRECTION('',(0.,-1.,0.));
#245 = PCURVE('',#86,#246);
#246 = DEFINITIONAL_REPRESENTATION('',(#247),#255);
#247 = ( BOUNDED_CURVE() B_SPLINE_CURVE(2,(#248,#249,#250,#251,#252,#253
,#254),.UNSPECIFIED.,.T.,.F.) B_SPLINE_CURVE_WITH_KNOTS((1,2,2,2,2,1),(
    -2.094395102393,0.,2.094395102393,4.188790204786,6.28318530718,
8.377580409573),.UNSPECIFIED.) CURVE() GEOMETRIC_REPRESENTATION_ITEM() 
RATIONAL_B_SPLINE_CURVE((1.,0.5,1.,0.5,1.,0.5,1.)) REPRESENTATION_ITEM(
  '') );
#248 = CARTESIAN_POINT('',(172.,0.));
#249 = CARTESIAN_POINT('',(158.14359353944,0.));
#250 = CARTESIAN_POINT('',(165.07179676972,12.));
#251 = CARTESIAN_POINT('',(172.,24.));
#252 = CARTESIAN_POINT('',(178.92820323027,12.));
#253 = CARTESIAN_POINT('',(185.85640646055,1.24344978758E-14));
#254 = CARTESIAN_POINT('',(172.,0.));
#255 = ( GEOMETRIC_REPRESENTATION_CONTEXT(2) 
PARAMETRIC_REPRESENTATION_CONTEXT() REPRESENTATION_CONTEXT('2D SPACE',''
  ) );
#256 = PCURVE('',#257,#262);
#257 = CYLINDRICAL_SURFACE('',#258,8.);
#258 = AXIS2_PLACEMENT_3D('',#259,#260,#261);
#259 = CARTESIAN_POINT('',(82.,-62.,0.));
#260 = DIRECTION('',(0.,0.,1.));
#261 = DIRECTION('',(1.,0.,-0.));
#262 = DEFINITIONAL_REPRESENTATION('',(#263),#267);
#263 = LINE('',#264,#265);
#264 = CARTESIAN_POINT('',(4.712388980385,6.));
#265 = VECTOR('',#266,1.);
#266 = DIRECTION('',(-1.,0.));
#267 = ( GEOMETRIC_REPRESENTATION_CONTEXT(2) 
PARAMETRIC_REPRESENTATION_CONTEXT() REPRESENTATION_CONTEXT('2D SPACE',''
  ) );
#268 = ORIENTED_EDGE('',*,*,#269,.T.);
#269 = EDGE_CURVE('',#237,#270,#272,.T.);
#270 = VERTEX_POINT('',#271);
#271 = CARTESIAN_POINT('',(90.,62.,6.));
#272 = SURFACE_CURVE('',#273,(#277,#284),.PCURVE_S1.);
#273 = LINE('',#274,#275);
#274 = CARTESIAN_POINT('',(90.,-70.,6.));
#275 = VECTOR('',#276,1.);
#276 = DIRECTION('',(0.,1.,0.));
#277 = PCURVE('',#86,#278);
#278 = DEFINITIONAL_REPRESENTATION('',(#279),#283);
#279 = LINE('',#280,#281);
#280 = CARTESIAN_POINT('',(180.,0.));
#281 = VECTOR('',#282,1.);
#282 = DIRECTION('',(0.,1.));
#283 = ( GEOMETRIC_REPRESENTATION_CONTEXT(2) 
PARAMETRIC_REPRESENTATION_CONTEXT() REPRESENTATION_CONTEXT('2D SPACE',''
  ) );
#284 = PCURVE('',#285,#290);
#285 = PLANE('',#286);
#286 = AXIS2_PLACEMENT_3D('',#287,#288,#289);
#287 = CARTESIAN_POINT('',(90.,-70.,0.));
#288 = DIRECTION('',(1.,0.,0.));
#289 = DIRECTION('',(0.,0.,1.));
#290 = DEFINITIONAL_REPRESENTATION('',(#291),#295);
#291 = LINE('',#292,#293);
#292 = CARTESIAN_POINT('',(6.,0.));
#293 = VECTOR('',#294,1.);
#294 = DIRECTION('',(0.,-1.));
#295 = ( GEOMETRIC_REPRESENTATION_CONTEXT(2) 
PARAMETRIC_REPRESENTATION_CONTEXT() REPRESENTATION_CONTEXT('2D SPACE',''
  ) );
#296 = ORIENTED_EDGE('',*,*,#297,.T.);
#297 = EDGE_CURVE('',#270,#298,#300,.T.);
#298 = VERTEX_POINT('',#299);
#299 = CARTESIAN_POINT('',(82.,70.,6.));
#300 = SURFACE_CURVE('',#301,(#306,#313),.PCURVE_S1.);
#301 = CIRCLE('',#302,8.);
#302 = AXIS2_PLACEMENT_3D('',#303,#304,#305);
#303 = CARTESIAN_POINT('',(82.,62.,6.));
#304 = DIRECTION('',(0.,0.,1.));
#305 = DIRECTION('',(0.,-1.,0.));
#306 = PCURVE('',#86,#307);
#307 = DEFINITIONAL_REPRESENTATION('',(#308),#312);
#308 = CIRCLE('',#309,8.);
#309 = AXIS2_PLACEMENT_2D('',#310,#311);
#310 = CARTESIAN_POINT('',(172.,132.));
#311 = DIRECTION('',(0.,-1.));
#312 = ( GEOMETRIC_REPRESENTATION_CONTEXT(2) 
PARAMETRIC_REPRESENTATION_CONTEXT() REPRESENTATION_CONTEXT('2D SPACE',''
  ) );
#313 = PCURVE('',#314,#319);
#314 = CYLINDRICAL_SURFACE('',#315,8.);
#315 = AXIS2_PLACEMENT_3D('',#316,#317,#318);
#316 = CARTESIAN_POINT('',(82.,62.,0.));
#317 = DIRECTION('',(0.,0.,1.));
#318 = DIRECTION('',(1.,0.,-0.));
#319 = DEFINITIONAL_REPRESENTATION('',(#320),#324);
#320 = LINE('',#321,#322);
#321 = CARTESIAN_POINT('',(-1.570796326795,6.));
#322 = VECTOR('',#323,1.);
#323 = DIRECTION('',(1.,0.));
#324 = ( GEOMETRIC_REPRESENTATION_CONTEXT(2) 
PARAMETRIC_REPRESENTATION_CONTEXT() REPRESENTATION_CONTEXT('2D SPACE',''
  ) );
#325 = ORIENTED_EDGE('',*,*,#326,.F.);
#326 = EDGE_CURVE('',#327,#298,#329,.T.);
#327 = VERTEX_POINT('',#328);
#328 = CARTESIAN_POINT('',(-82.,70.,6.));
#329 = SURFACE_CURVE('',#330,(#334,#341),.PCURVE_S1.);
#330 = LINE('',#331,#332);
#331 = CARTESIAN_POINT('',(-90.,70.,6.));
#332 = VECTOR('',#333,1.);
#333 = DIRECTION('',(1.,0.,0.));
#334 = PCURVE('',#86,#335);
#335 = DEFINITIONAL_REPRESENTATION('',(#336),#340);
#336 = LINE('',#337,#338);
#337 = CARTESIAN_POINT('',(0.,140.));
#338 = VECTOR('',#339,1.);
#339 = DIRECTION('',(1.,0.));
#340 = ( GEOMETRIC_REPRESENTATION_CONTEXT(2) 
PARAMETRIC_REPRESENTATION_CONTEXT() REPRESENTATION_CONTEXT('2D SPACE',''
  ) );
#341 = PCURVE('',#342,#347);
#342 = PLANE('',#343);
#343 = AXIS2_PLACEMENT_3D('',#344,#345,#346);
#344 = CARTESIAN_POINT('',(-90.,70.,0.));
#345 = DIRECTION('',(0.,1.,0.));
#346 = DIRECTION('',(0.,0.,1.));
#347 = DEFINITIONAL_REPRESENTATION('',(#348),#352);
#348 = LINE('',#349,#350);
#349 = CARTESIAN_POINT('',(6.,0.));
#350 = VECTOR('',#351,1.);
#351 = DIRECTION('',(0.,1.));
#352 = ( GEOMETRIC_REPRESENTATION_CONTEXT(2) 
PARAMETRIC_REPRESENTATION_CONTEXT() REPRESENTATION_CONTEXT('2D SPACE',''
  ) );
#353 = ORIENTED_EDGE('',*,*,#354,.F.);
#354 = EDGE_CURVE('',#66,#327,#355,.T.);
#355 = SURFACE_CURVE('',#356,(#361,#372),.PCURVE_S1.);
#356 = CIRCLE('',#357,8.);
#357 = AXIS2_PLACEMENT_3D('',#358,#359,#360);
#358 = CARTESIAN_POINT('',(-82.,62.,6.));
#359 = DIRECTION('',(-0.,-0.,-1.));
#360 = DIRECTION('',(0.,-1.,0.));
#361 = PCURVE('',#86,#362);
#362 = DEFINITIONAL_REPRESENTATION('',(#363),#371);
#363 = ( BOUNDED_CURVE() B_SPLINE_CURVE(2,(#364,#365,#366,#367,#368,#369
,#370),.UNSPECIFIED.,.T.,.F.) B_SPLINE_CURVE_WITH_KNOTS((1,2,2,2,2,1),(
    -2.094395102393,0.,2.094395102393,4.188790204786,6.28318530718,
8.377580409573),.UNSPECIFIED.) CURVE() GEOMETRIC_REPRESENTATION_ITEM() 
RATIONAL_B_SPLINE_CURVE((1.,0.5,1.,0.5,1.,0.5,1.)) REPRESENTATION_ITEM(
  '') );
#364 = CARTESIAN_POINT('',(8.,124.));
#365 = CARTESIAN_POINT('',(-5.856406460551,124.));
#366 = CARTESIAN_POINT('',(1.071796769724,136.));
#367 = CARTESIAN_POINT('',(8.,148.));
#368 = CARTESIAN_POINT('',(14.928203230276,136.));
#369 = CARTESIAN_POINT('',(21.856406460551,124.));
#370 = CARTESIAN_POINT('',(8.,124.));
#371 = ( GEOMETRIC_REPRESENTATION_CONTEXT(2) 
PARAMETRIC_REPRESENTATION_CONTEXT() REPRESENTATION_CONTEXT('2D SPACE',''
  ) );
#372 = PCURVE('',#168,#373);
#373 = DEFINITIONAL_REPRESENTATION('',(#374),#378);
#374 = LINE('',#375,#376);
#375 = CARTESIAN_POINT('',(1.570796326795,6.));
#376 = VECTOR('',#377,1.);
#377 = DIRECTION('',(-1.,0.));
#378 = ( GEOMETRIC_REPRESENTATION_CONTEXT(2) 
PARAMETRIC_REPRESENTATION_CONTEXT() REPRESENTATION_CONTEXT('2D SPACE',''
  ) );
#379 = FACE_BOUND('',#380,.T.);
#380 = EDGE_LOOP('',(#381));
#381 = ORIENTED_EDGE('',*,*,#382,.F.);
#382 = EDGE_CURVE('',#383,#383,#385,.T.);
#383 = VERTEX_POINT('',#384);
#384 = CARTESIAN_POINT('',(-23.3,-14.,6.));
#385 = SURFACE_CURVE('',#386,(#391,#398),.PCURVE_S1.);
#386 = CIRCLE('',#387,1.7);
#387 = AXIS2_PLACEMENT_3D('',#388,#389,#390);
#388 = CARTESIAN_POINT('',(-25.,-14.,6.));
#389 = DIRECTION('',(0.,0.,1.));
#390 = DIRECTION('',(1.,0.,-0.));
#391 = PCURVE('',#86,#392);
#392 = DEFINITIONAL_REPRESENTATION('',(#393),#397);
#393 = CIRCLE('',#394,1.7);
#394 = AXIS2_PLACEMENT_2D('',#395,#396);
#395 = CARTESIAN_POINT('',(65.,56.));
#396 = DIRECTION('',(1.,0.));
#397 = ( GEOMETRIC_REPRESENTATION_CONTEXT(2) 
PARAMETRIC_REPRESENTATION_CONTEXT() REPRESENTATION_CONTEXT('2D SPACE',''
  ) );
#398 = PCURVE('',#399,#404);
#399 = CYLINDRICAL_SURFACE('',#400,1.7);
#400 = AXIS2_PLACEMENT_3D('',#401,#402,#403);
#401 = CARTESIAN_POINT('',(-25.,-14.,-1.));
#402 = DIRECTION('',(0.,0.,1.));
#403 = DIRECTION('',(1.,0.,-0.));
#404 = DEFINITIONAL_REPRESENTATION('',(#405),#409);
#405 = LINE('',#406,#407);
#406 = CARTESIAN_POINT('',(0.,7.));
#407 = VECTOR('',#408,1.);
#408 = DIRECTION('',(1.,0.));
#409 = ( GEOMETRIC_REPRESENTATION_CONTEXT(2) 
PARAMETRIC_REPRESENTATION_CONTEXT() REPRESENTATION_CONTEXT('2D SPACE',''
  ) );
#410 = FACE_BOUND('',#411,.T.);
#411 = EDGE_LOOP('',(#412));
#412 = ORIENTED_EDGE('',*,*,#413,.F.);
#413 = EDGE_CURVE('',#414,#414,#416,.T.);
#414 = VERTEX_POINT('',#415);
#415 = CARTESIAN_POINT('',(26.7,-14.,6.));
#416 = SURFACE_CURVE('',#417,(#422,#429),.PCURVE_S1.);
#417 = CIRCLE('',#418,1.7);
#418 = AXIS2_PLACEMENT_3D('',#419,#420,#421);
#419 = CARTESIAN_POINT('',(25.,-14.,6.));
#420 = DIRECTION('',(0.,0.,1.));
#421 = DIRECTION('',(1.,0.,-0.));
#422 = PCURVE('',#86,#423);
#423 = DEFINITIONAL_REPRESENTATION('',(#424),#428);
#424 = CIRCLE('',#425,1.7);
#425 = AXIS2_PLACEMENT_2D('',#426,#427);
#426 = CARTESIAN_POINT('',(115.,56.));
#427 = DIRECTION('',(1.,0.));
#428 = ( GEOMETRIC_REPRESENTATION_CONTEXT(2) 
PARAMETRIC_REPRESENTATION_CONTEXT() REPRESENTATION_CONTEXT('2D SPACE',''
  ) );
#429 = PCURVE('',#430,#435);
#430 = CYLINDRICAL_SURFACE('',#431,1.7);
#431 = AXIS2_PLACEMENT_3D('',#432,#433,#434);
#432 = CARTESIAN_POINT('',(25.,-14.,-1.));
#433 = DIRECTION('',(0.,0.,1.));
#434 = DIRECTION('',(1.,0.,-0.));
#435 = DEFINITIONAL_REPRESENTATION('',(#436),#440);
#436 = LINE('',#437,#438);
#437 = CARTESIAN_POINT('',(0.,7.));
#438 = VECTOR('',#439,1.);
#439 = DIRECTION('',(1.,0.));
#440 = ( GEOMETRIC_REPRESENTATION_CONTEXT(2) 
PARAMETRIC_REPRESENTATION_CONTEXT() REPRESENTATION_CONTEXT('2D SPACE',''
  ) );
#441 = FACE_BOUND('',#442,.T.);
#442 = EDGE_LOOP('',(#443));
#443 = ORIENTED_EDGE('',*,*,#444,.F.);
#444 = EDGE_CURVE('',#445,#445,#447,.T.);
#445 = VERTEX_POINT('',#446);
#446 = CARTESIAN_POINT('',(-23.3,14.,6.));
#447 = SURFACE_CURVE('',#448,(#453,#460),.PCURVE_S1.);
#448 = CIRCLE('',#449,1.7);
#449 = AXIS2_PLACEMENT_3D('',#450,#451,#452);
#450 = CARTESIAN_POINT('',(-25.,14.,6.));
#451 = DIRECTION('',(0.,0.,1.));
#452 = DIRECTION('',(1.,0.,-0.));
#453 = PCURVE('',#86,#454);
#454 = DEFINITIONAL_REPRESENTATION('',(#455),#459);
#455 = CIRCLE('',#456,1.7);
#456 = AXIS2_PLACEMENT_2D('',#457,#458);
#457 = CARTESIAN_POINT('',(65.,84.));
#458 = DIRECTION('',(1.,0.));
#459 = ( GEOMETRIC_REPRESENTATION_CONTEXT(2) 
PARAMETRIC_REPRESENTATION_CONTEXT() REPRESENTATION_CONTEXT('2D SPACE',''
  ) );
#460 = PCURVE('',#461,#466);
#461 = CYLINDRICAL_SURFACE('',#462,1.7);
#462 = AXIS2_PLACEMENT_3D('',#463,#464,#465);
#463 = CARTESIAN_POINT('',(-25.,14.,-1.));
#464 = DIRECTION('',(0.,0.,1.));
#465 = DIRECTION('',(1.,0.,-0.));
#466 = DEFINITIONAL_REPRESENTATION('',(#467),#471);
#467 = LINE('',#468,#469);
#468 = CARTESIAN_POINT('',(0.,7.));
#469 = VECTOR('',#470,1.);
#470 = DIRECTION('',(1.,0.));
#471 = ( GEOMETRIC_REPRESENTATION_CONTEXT(2) 
PARAMETRIC_REPRESENTATION_CONTEXT() REPRESENTATION_CONTEXT('2D SPACE',''
  ) );
#472 = FACE_BOUND('',#473,.T.);
#473 = EDGE_LOOP('',(#474));
#474 = ORIENTED_EDGE('',*,*,#475,.F.);
#475 = EDGE_CURVE('',#476,#476,#478,.T.);
#476 = VERTEX_POINT('',#477);
#477 = CARTESIAN_POINT('',(26.7,14.,6.));
#478 = SURFACE_CURVE('',#479,(#484,#491),.PCURVE_S1.);
#479 = CIRCLE('',#480,1.7);
#480 = AXIS2_PLACEMENT_3D('',#481,#482,#483);
#481 = CARTESIAN_POINT('',(25.,14.,6.));
#482 = DIRECTION('',(0.,0.,1.));
#483 = DIRECTION('',(1.,0.,-0.));
#484 = PCURVE('',#86,#485);
#485 = DEFINITIONAL_REPRESENTATION('',(#486),#490);
#486 = CIRCLE('',#487,1.7);
#487 = AXIS2_PLACEMENT_2D('',#488,#489);
#488 = CARTESIAN_POINT('',(115.,84.));
#489 = DIRECTION('',(1.,0.));
#490 = ( GEOMETRIC_REPRESENTATION_CONTEXT(2) 
PARAMETRIC_REPRESENTATION_CONTEXT() REPRESENTATION_CONTEXT('2D SPACE',''
  ) );
#491 = PCURVE('',#492,#497);
#492 = CYLINDRICAL_SURFACE('',#493,1.7);
#493 = AXIS2_PLACEMENT_3D('',#494,#495,#496);
#494 = CARTESIAN_POINT('',(25.,14.,-1.));
#495 = DIRECTION('',(0.,0.,1.));
#496 = DIRECTION('',(1.,0.,-0.));
#497 = DEFINITIONAL_REPRESENTATION('',(#498),#502);
#498 = LINE('',#499,#500);
#499 = CARTESIAN_POINT('',(0.,7.));
#500 = VECTOR('',#501,1.);
#501 = DIRECTION('',(1.,0.));
#502 = ( GEOMETRIC_REPRESENTATION_CONTEXT(2) 
PARAMETRIC_REPRESENTATION_CONTEXT() REPRESENTATION_CONTEXT('2D SPACE',''
  ) );
#503 = ADVANCED_FACE('',(#504),#114,.T.);
#504 = FACE_BOUND('',#505,.T.);
#505 = EDGE_LOOP('',(#506,#530,#551,#552));
#506 = ORIENTED_EDGE('',*,*,#507,.T.);
#507 = EDGE_CURVE('',#99,#508,#510,.T.);
#508 = VERTEX_POINT('',#509);
#509 = CARTESIAN_POINT('',(-82.,-70.,0.));
#510 = SURFACE_CURVE('',#511,(#516,#523),.PCURVE_S1.);
#511 = CIRCLE('',#512,8.);
#512 = AXIS2_PLACEMENT_3D('',#513,#514,#515);
#513 = CARTESIAN_POINT('',(-82.,-62.,0.));
#514 = DIRECTION('',(0.,0.,1.));
#515 = DIRECTION('',(0.,-1.,0.));
#516 = PCURVE('',#114,#517);
#517 = DEFINITIONAL_REPRESENTATION('',(#518),#522);
#518 = LINE('',#519,#520);
#519 = CARTESIAN_POINT('',(-4.712388980385,0.));
#520 = VECTOR('',#521,1.);
#521 = DIRECTION('',(1.,0.));
#522 = ( GEOMETRIC_REPRESENTATION_CONTEXT(2) 
PARAMETRIC_REPRESENTATION_CONTEXT() REPRESENTATION_CONTEXT('2D SPACE',''
  ) );
#523 = PCURVE('',#142,#524);
#524 = DEFINITIONAL_REPRESENTATION('',(#525),#529);
#525 = CIRCLE('',#526,8.);
#526 = AXIS2_PLACEMENT_2D('',#527,#528);
#527 = CARTESIAN_POINT('',(8.,8.));
#528 = DIRECTION('',(0.,-1.));
#529 = ( GEOMETRIC_REPRESENTATION_CONTEXT(2) 
PARAMETRIC_REPRESENTATION_CONTEXT() REPRESENTATION_CONTEXT('2D SPACE',''
  ) );
#530 = ORIENTED_EDGE('',*,*,#531,.T.);
#531 = EDGE_CURVE('',#508,#185,#532,.T.);
#532 = SURFACE_CURVE('',#533,(#537,#544),.PCURVE_S1.);
#533 = LINE('',#534,#535);
#534 = CARTESIAN_POINT('',(-82.,-70.,0.));
#535 = VECTOR('',#536,1.);
#536 = DIRECTION('',(0.,0.,1.));
#537 = PCURVE('',#114,#538);
#538 = DEFINITIONAL_REPRESENTATION('',(#539),#543);
#539 = LINE('',#540,#541);
#540 = CARTESIAN_POINT('',(1.570796326795,0.));
#541 = VECTOR('',#542,1.);
#542 = DIRECTION('',(0.,1.));
#543 = ( GEOMETRIC_REPRESENTATION_CONTEXT(2) 
PARAMETRIC_REPRESENTATION_CONTEXT() REPRESENTATION_CONTEXT('2D SPACE',''
  ) );
#544 = PCURVE('',#224,#545);
#545 = DEFINITIONAL_REPRESENTATION('',(#546),#550);
#546 = LINE('',#547,#548);
#547 = CARTESIAN_POINT('',(0.,8.));
#548 = VECTOR('',#549,1.);
#549 = DIRECTION('',(1.,0.));
#550 = ( GEOMETRIC_REPRESENTATION_CONTEXT(2) 
PARAMETRIC_REPRESENTATION_CONTEXT() REPRESENTATION_CONTEXT('2D SPACE',''
  ) );
#551 = ORIENTED_EDGE('',*,*,#184,.F.);
#552 = ORIENTED_EDGE('',*,*,#98,.F.);
#553 = ADVANCED_FACE('',(#554),#168,.T.);
#554 = FACE_BOUND('',#555,.F.);
#555 = EDGE_LOOP('',(#556,#584,#605,#606));
#556 = ORIENTED_EDGE('',*,*,#557,.T.);
#557 = EDGE_CURVE('',#127,#558,#560,.T.);
#558 = VERTEX_POINT('',#559);
#559 = CARTESIAN_POINT('',(-82.,70.,0.));
#560 = SURFACE_CURVE('',#561,(#566,#573),.PCURVE_S1.);
#561 = CIRCLE('',#562,8.);
#562 = AXIS2_PLACEMENT_3D('',#563,#564,#565);
#563 = CARTESIAN_POINT('',(-82.,62.,0.));
#564 = DIRECTION('',(-0.,-0.,-1.));
#565 = DIRECTION('',(0.,-1.,0.));
#566 = PCURVE('',#168,#567);
#567 = DEFINITIONAL_REPRESENTATION('',(#568),#572);
#568 = LINE('',#569,#570);
#569 = CARTESIAN_POINT('',(1.570796326795,-0.));
#570 = VECTOR('',#571,1.);
#571 = DIRECTION('',(-1.,0.));
#572 = ( GEOMETRIC_REPRESENTATION_CONTEXT(2) 
PARAMETRIC_REPRESENTATION_CONTEXT() REPRESENTATION_CONTEXT('2D SPACE',''
  ) );
#573 = PCURVE('',#142,#574);
#574 = DEFINITIONAL_REPRESENTATION('',(#575),#583);
#575 = ( BOUNDED_CURVE() B_SPLINE_CURVE(2,(#576,#577,#578,#579,#580,#581
,#582),.UNSPECIFIED.,.T.,.F.) B_SPLINE_CURVE_WITH_KNOTS((1,2,2,2,2,1),(
    -2.094395102393,0.,2.094395102393,4.188790204786,6.28318530718,
8.377580409573),.UNSPECIFIED.) CURVE() GEOMETRIC_REPRESENTATION_ITEM() 
RATIONAL_B_SPLINE_CURVE((1.,0.5,1.,0.5,1.,0.5,1.)) REPRESENTATION_ITEM(
  '') );
#576 = CARTESIAN_POINT('',(8.,124.));
#577 = CARTESIAN_POINT('',(-5.856406460551,124.));
#578 = CARTESIAN_POINT('',(1.071796769724,136.));
#579 = CARTESIAN_POINT('',(8.,148.));
#580 = CARTESIAN_POINT('',(14.928203230276,136.));
#581 = CARTESIAN_POINT('',(21.856406460551,124.));
#582 = CARTESIAN_POINT('',(8.,124.));
#583 = ( GEOMETRIC_REPRESENTATION_CONTEXT(2) 
PARAMETRIC_REPRESENTATION_CONTEXT() REPRESENTATION_CONTEXT('2D SPACE',''
  ) );
#584 = ORIENTED_EDGE('',*,*,#585,.T.);
#585 = EDGE_CURVE('',#558,#327,#586,.T.);
#586 = SURFACE_CURVE('',#587,(#591,#598),.PCURVE_S1.);
#587 = LINE('',#588,#589);
#588 = CARTESIAN_POINT('',(-82.,70.,0.));
#589 = VECTOR('',#590,1.);
#590 = DIRECTION('',(0.,0.,1.));
#591 = PCURVE('',#168,#592);
#592 = DEFINITIONAL_REPRESENTATION('',(#593),#597);
#593 = LINE('',#594,#595);
#594 = CARTESIAN_POINT('',(-1.570796326795,0.));
#595 = VECTOR('',#596,1.);
#596 = DIRECTION('',(-0.,1.));
#597 = ( GEOMETRIC_REPRESENTATION_CONTEXT(2) 
PARAMETRIC_REPRESENTATION_CONTEXT() REPRESENTATION_CONTEXT('2D SPACE',''
  ) );
#598 = PCURVE('',#342,#599);
#599 = DEFINITIONAL_REPRESENTATION('',(#600),#604);
#600 = LINE('',#601,#602);
#601 = CARTESIAN_POINT('',(0.,8.));
#602 = VECTOR('',#603,1.);
#603 = DIRECTION('',(1.,0.));
#604 = ( GEOMETRIC_REPRESENTATION_CONTEXT(2) 
PARAMETRIC_REPRESENTATION_CONTEXT() REPRESENTATION_CONTEXT('2D SPACE',''
  ) );
#605 = ORIENTED_EDGE('',*,*,#354,.F.);
#606 = ORIENTED_EDGE('',*,*,#154,.F.);
#607 = ADVANCED_FACE('',(#608,#732,#902,#1072,#1242),#142,.F.);
#608 = FACE_BOUND('',#609,.F.);
#609 = EDGE_LOOP('',(#610,#611,#612,#635,#663,#686,#710,#731));
#610 = ORIENTED_EDGE('',*,*,#126,.F.);
#611 = ORIENTED_EDGE('',*,*,#507,.T.);
#612 = ORIENTED_EDGE('',*,*,#613,.T.);
#613 = EDGE_CURVE('',#508,#614,#616,.T.);
#614 = VERTEX_POINT('',#615);
#615 = CARTESIAN_POINT('',(82.,-70.,0.));
#616 = SURFACE_CURVE('',#617,(#621,#628),.PCURVE_S1.);
#617 = LINE('',#618,#619);
#618 = CARTESIAN_POINT('',(-90.,-70.,0.));
#619 = VECTOR('',#620,1.);
#620 = DIRECTION('',(1.,0.,0.));
#621 = PCURVE('',#142,#622);
#622 = DEFINITIONAL_REPRESENTATION('',(#623),#627);
#623 = LINE('',#624,#625);
#624 = CARTESIAN_POINT('',(0.,0.));
#625 = VECTOR('',#626,1.);
#626 = DIRECTION('',(1.,0.));
#627 = ( GEOMETRIC_REPRESENTATION_CONTEXT(2) 
PARAMETRIC_REPRESENTATION_CONTEXT() REPRESENTATION_CONTEXT('2D SPACE',''
  ) );
#628 = PCURVE('',#224,#629);
#629 = DEFINITIONAL_REPRESENTATION('',(#630),#634);
#630 = LINE('',#631,#632);
#631 = CARTESIAN_POINT('',(0.,0.));
#632 = VECTOR('',#633,1.);
#633 = DIRECTION('',(0.,1.));
#634 = ( GEOMETRIC_REPRESENTATION_CONTEXT(2) 
PARAMETRIC_REPRESENTATION_CONTEXT() REPRESENTATION_CONTEXT('2D SPACE',''
  ) );
#635 = ORIENTED_EDGE('',*,*,#636,.F.);
#636 = EDGE_CURVE('',#637,#614,#639,.T.);
#637 = VERTEX_POINT('',#638);
#638 = CARTESIAN_POINT('',(90.,-62.,0.));
#639 = SURFACE_CURVE('',#640,(#645,#656),.PCURVE_S1.);
#640 = CIRCLE('',#641,8.);
#641 = AXIS2_PLACEMENT_3D('',#642,#643,#644);
#642 = CARTESIAN_POINT('',(82.,-62.,0.));
#643 = DIRECTION('',(-0.,-0.,-1.));
#644 = DIRECTION('',(0.,-1.,0.));
#645 = PCURVE('',#142,#646);
#646 = DEFINITIONAL_REPRESENTATION('',(#647),#655);
#647 = ( BOUNDED_CURVE() B_SPLINE_CURVE(2,(#648,#649,#650,#651,#652,#653
,#654),.UNSPECIFIED.,.T.,.F.) B_SPLINE_CURVE_WITH_KNOTS((1,2,2,2,2,1),(
    -2.094395102393,0.,2.094395102393,4.188790204786,6.28318530718,
8.377580409573),.UNSPECIFIED.) CURVE() GEOMETRIC_REPRESENTATION_ITEM() 
RATIONAL_B_SPLINE_CURVE((1.,0.5,1.,0.5,1.,0.5,1.)) REPRESENTATION_ITEM(
  '') );
#648 = CARTESIAN_POINT('',(172.,0.));
#649 = CARTESIAN_POINT('',(158.14359353944,0.));
#650 = CARTESIAN_POINT('',(165.07179676972,12.));
#651 = CARTESIAN_POINT('',(172.,24.));
#652 = CARTESIAN_POINT('',(178.92820323027,12.));
#653 = CARTESIAN_POINT('',(185.85640646055,1.24344978758E-14));
#654 = CARTESIAN_POINT('',(172.,0.));
#655 = ( GEOMETRIC_REPRESENTATION_CONTEXT(2) 
PARAMETRIC_REPRESENTATION_CONTEXT() REPRESENTATION_CONTEXT('2D SPACE',''
  ) );
#656 = PCURVE('',#257,#657);
#657 = DEFINITIONAL_REPRESENTATION('',(#658),#662);
#658 = LINE('',#659,#660);
#659 = CARTESIAN_POINT('',(4.712388980385,-0.));
#660 = VECTOR('',#661,1.);
#661 = DIRECTION('',(-1.,0.));
#662 = ( GEOMETRIC_REPRESENTATION_CONTEXT(2) 
PARAMETRIC_REPRESENTATION_CONTEXT() REPRESENTATION_CONTEXT('2D SPACE',''
  ) );
#663 = ORIENTED_EDGE('',*,*,#664,.T.);
#664 = EDGE_CURVE('',#637,#665,#667,.T.);
#665 = VERTEX_POINT('',#666);
#666 = CARTESIAN_POINT('',(90.,62.,0.));
#667 = SURFACE_CURVE('',#668,(#672,#679),.PCURVE_S1.);
#668 = LINE('',#669,#670);
#669 = CARTESIAN_POINT('',(90.,-70.,0.));
#670 = VECTOR('',#671,1.);
#671 = DIRECTION('',(0.,1.,0.));
#672 = PCURVE('',#142,#673);
#673 = DEFINITIONAL_REPRESENTATION('',(#674),#678);
#674 = LINE('',#675,#676);
#675 = CARTESIAN_POINT('',(180.,0.));
#676 = VECTOR('',#677,1.);
#677 = DIRECTION('',(0.,1.));
#678 = ( GEOMETRIC_REPRESENTATION_CONTEXT(2) 
PARAMETRIC_REPRESENTATION_CONTEXT() REPRESENTATION_CONTEXT('2D SPACE',''
  ) );
#679 = PCURVE('',#285,#680);
#680 = DEFINITIONAL_REPRESENTATION('',(#681),#685);
#681 = LINE('',#682,#683);
#682 = CARTESIAN_POINT('',(0.,0.));
#683 = VECTOR('',#684,1.);
#684 = DIRECTION('',(0.,-1.));
#685 = ( GEOMETRIC_REPRESENTATION_CONTEXT(2) 
PARAMETRIC_REPRESENTATION_CONTEXT() REPRESENTATION_CONTEXT('2D SPACE',''
  ) );
#686 = ORIENTED_EDGE('',*,*,#687,.T.);
#687 = EDGE_CURVE('',#665,#688,#690,.T.);
#688 = VERTEX_POINT('',#689);
#689 = CARTESIAN_POINT('',(82.,70.,0.));
#690 = SURFACE_CURVE('',#691,(#696,#703),.PCURVE_S1.);
#691 = CIRCLE('',#692,8.);
#692 = AXIS2_PLACEMENT_3D('',#693,#694,#695);
#693 = CARTESIAN_POINT('',(82.,62.,0.));
#694 = DIRECTION('',(0.,0.,1.));
#695 = DIRECTION('',(0.,-1.,0.));
#696 = PCURVE('',#142,#697);
#697 = DEFINITIONAL_REPRESENTATION('',(#698),#702);
#698 = CIRCLE('',#699,8.);
#699 = AXIS2_PLACEMENT_2D('',#700,#701);
#700 = CARTESIAN_POINT('',(172.,132.));
#701 = DIRECTION('',(0.,-1.));
#702 = ( GEOMETRIC_REPRESENTATION_CONTEXT(2) 
PARAMETRIC_REPRESENTATION_CONTEXT() REPRESENTATION_CONTEXT('2D SPACE',''
  ) );
#703 = PCURVE('',#314,#704);
#704 = DEFINITIONAL_REPRESENTATION('',(#705),#709);
#705 = LINE('',#706,#707);
#706 = CARTESIAN_POINT('',(-1.570796326795,0.));
#707 = VECTOR('',#708,1.);
#708 = DIRECTION('',(1.,0.));
#709 = ( GEOMETRIC_REPRESENTATION_CONTEXT(2) 
PARAMETRIC_REPRESENTATION_CONTEXT() REPRESENTATION_CONTEXT('2D SPACE',''
  ) );
#710 = ORIENTED_EDGE('',*,*,#711,.F.);
#711 = EDGE_CURVE('',#558,#688,#712,.T.);
#712 = SURFACE_CURVE('',#713,(#717,#724),.PCURVE_S1.);
#713 = LINE('',#714,#715);
#714 = CARTESIAN_POINT('',(-90.,70.,0.));
#715 = VECTOR('',#716,1.);
#716 = DIRECTION('',(1.,0.,0.));
#717 = PCURVE('',#142,#718);
#718 = DEFINITIONAL_REPRESENTATION('',(#719),#723);
#719 = LINE('',#720,#721);
#720 = CARTESIAN_POINT('',(0.,140.));
#721 = VECTOR('',#722,1.);
#722 = DIRECTION('',(1.,0.));
#723 = ( GEOMETRIC_REPRESENTATION_CONTEXT(2) 
PARAMETRIC_REPRESENTATION_CONTEXT() REPRESENTATION_CONTEXT('2D SPACE',''
  ) );
#724 = PCURVE('',#342,#725);
#725 = DEFINITIONAL_REPRESENTATION('',(#726),#730);
#726 = LINE('',#727,#728);
#727 = CARTESIAN_POINT('',(0.,0.));
#728 = VECTOR('',#729,1.);
#729 = DIRECTION('',(0.,1.));
#730 = ( GEOMETRIC_REPRESENTATION_CONTEXT(2) 
PARAMETRIC_REPRESENTATION_CONTEXT() REPRESENTATION_CONTEXT('2D SPACE',''
  ) );
#731 = ORIENTED_EDGE('',*,*,#557,.F.);
#732 = FACE_BOUND('',#733,.F.);
#733 = EDGE_LOOP('',(#734,#764,#792,#820,#848,#876));
#734 = ORIENTED_EDGE('',*,*,#735,.F.);
#735 = EDGE_CURVE('',#736,#738,#740,.T.);
#736 = VERTEX_POINT('',#737);
#737 = CARTESIAN_POINT('',(-21.70910346561,-14.,0.));
#738 = VERTEX_POINT('',#739);
#739 = CARTESIAN_POINT('',(-23.35455173281,-11.15,0.));
#740 = SURFACE_CURVE('',#741,(#745,#752),.PCURVE_S1.);
#741 = LINE('',#742,#743);
#742 = CARTESIAN_POINT('',(-21.70910346561,-14.,0.));
#743 = VECTOR('',#744,1.);
#744 = DIRECTION('',(-0.5,0.866025403784,0.));
#745 = PCURVE('',#142,#746);
#746 = DEFINITIONAL_REPRESENTATION('',(#747),#751);
#747 = LINE('',#748,#749);
#748 = CARTESIAN_POINT('',(68.290896534381,56.));
#749 = VECTOR('',#750,1.);
#750 = DIRECTION('',(-0.5,0.866025403784));
#751 = ( GEOMETRIC_REPRESENTATION_CONTEXT(2) 
PARAMETRIC_REPRESENTATION_CONTEXT() REPRESENTATION_CONTEXT('2D SPACE',''
  ) );
#752 = PCURVE('',#753,#758);
#753 = PLANE('',#754);
#754 = AXIS2_PLACEMENT_3D('',#755,#756,#757);
#755 = CARTESIAN_POINT('',(-21.70910346561,-14.,0.));
#756 = DIRECTION('',(-0.866025403784,-0.5,0.));
#757 = DIRECTION('',(-0.5,0.866025403784,0.));
#758 = DEFINITIONAL_REPRESENTATION('',(#759),#763);
#759 = LINE('',#760,#761);
#760 = CARTESIAN_POINT('',(0.,0.));
#761 = VECTOR('',#762,1.);
#762 = DIRECTION('',(1.,0.));
#763 = ( GEOMETRIC_REPRESENTATION_CONTEXT(2) 
PARAMETRIC_REPRESENTATION_CONTEXT() REPRESENTATION_CONTEXT('2D SPACE',''
  ) );
#764 = ORIENTED_EDGE('',*,*,#765,.F.);
#765 = EDGE_CURVE('',#766,#736,#768,.T.);
#766 = VERTEX_POINT('',#767);
#767 = CARTESIAN_POINT('',(-23.35455173281,-16.85,0.));
#768 = SURFACE_CURVE('',#769,(#773,#780),.PCURVE_S1.);
#769 = LINE('',#770,#771);
#770 = CARTESIAN_POINT('',(-23.35455173281,-16.85,0.));
#771 = VECTOR('',#772,1.);
#772 = DIRECTION('',(0.5,0.866025403784,0.));
#773 = PCURVE('',#142,#774);
#774 = DEFINITIONAL_REPRESENTATION('',(#775),#779);
#775 = LINE('',#776,#777);
#776 = CARTESIAN_POINT('',(66.64544826719,53.15));
#777 = VECTOR('',#778,1.);
#778 = DIRECTION('',(0.5,0.866025403784));
#779 = ( GEOMETRIC_REPRESENTATION_CONTEXT(2) 
PARAMETRIC_REPRESENTATION_CONTEXT() REPRESENTATION_CONTEXT('2D SPACE',''
  ) );
#780 = PCURVE('',#781,#786);
#781 = PLANE('',#782);
#782 = AXIS2_PLACEMENT_3D('',#783,#784,#785);
#783 = CARTESIAN_POINT('',(-23.35455173281,-16.85,0.));
#784 = DIRECTION('',(-0.866025403784,0.5,0.));
#785 = DIRECTION('',(0.5,0.866025403784,0.));
#786 = DEFINITIONAL_REPRESENTATION('',(#787),#791);
#787 = LINE('',#788,#789);
#788 = CARTESIAN_POINT('',(0.,0.));
#789 = VECTOR('',#790,1.);
#790 = DIRECTION('',(1.,0.));
#791 = ( GEOMETRIC_REPRESENTATION_CONTEXT(2) 
PARAMETRIC_REPRESENTATION_CONTEXT() REPRESENTATION_CONTEXT('2D SPACE',''
  ) );
#792 = ORIENTED_EDGE('',*,*,#793,.F.);
#793 = EDGE_CURVE('',#794,#766,#796,.T.);
#794 = VERTEX_POINT('',#795);
#795 = CARTESIAN_POINT('',(-26.64544826719,-16.85,0.));
#796 = SURFACE_CURVE('',#797,(#801,#808),.PCURVE_S1.);
#797 = LINE('',#798,#799);
#798 = CARTESIAN_POINT('',(-26.64544826719,-16.85,0.));
#799 = VECTOR('',#800,1.);
#800 = DIRECTION('',(1.,-5.397789996866E-16,0.));
#801 = PCURVE('',#142,#802);
#802 = DEFINITIONAL_REPRESENTATION('',(#803),#807);
#803 = LINE('',#804,#805);
#804 = CARTESIAN_POINT('',(63.35455173281,53.15));
#805 = VECTOR('',#806,1.);
#806 = DIRECTION('',(1.,-5.397789996866E-16));
#807 = ( GEOMETRIC_REPRESENTATION_CONTEXT(2) 
PARAMETRIC_REPRESENTATION_CONTEXT() REPRESENTATION_CONTEXT('2D SPACE',''
  ) );
#808 = PCURVE('',#809,#814);
#809 = PLANE('',#810);
#810 = AXIS2_PLACEMENT_3D('',#811,#812,#813);
#811 = CARTESIAN_POINT('',(-26.64544826719,-16.85,0.));
#812 = DIRECTION('',(5.397789996866E-16,1.,-0.));
#813 = DIRECTION('',(1.,-5.397789996866E-16,0.));
#814 = DEFINITIONAL_REPRESENTATION('',(#815),#819);
#815 = LINE('',#816,#817);
#816 = CARTESIAN_POINT('',(0.,0.));
#817 = VECTOR('',#818,1.);
#818 = DIRECTION('',(1.,0.));
#819 = ( GEOMETRIC_REPRESENTATION_CONTEXT(2) 
PARAMETRIC_REPRESENTATION_CONTEXT() REPRESENTATION_CONTEXT('2D SPACE',''
  ) );
#820 = ORIENTED_EDGE('',*,*,#821,.F.);
#821 = EDGE_CURVE('',#822,#794,#824,.T.);
#822 = VERTEX_POINT('',#823);
#823 = CARTESIAN_POINT('',(-28.29089653438,-14.,0.));
#824 = SURFACE_CURVE('',#825,(#829,#836),.PCURVE_S1.);
#825 = LINE('',#826,#827);
#826 = CARTESIAN_POINT('',(-28.29089653438,-14.,0.));
#827 = VECTOR('',#828,1.);
#828 = DIRECTION('',(0.5,-0.866025403784,0.));
#829 = PCURVE('',#142,#830);
#830 = DEFINITIONAL_REPRESENTATION('',(#831),#835);
#831 = LINE('',#832,#833);
#832 = CARTESIAN_POINT('',(61.709103465619,56.));
#833 = VECTOR('',#834,1.);
#834 = DIRECTION('',(0.5,-0.866025403784));
#835 = ( GEOMETRIC_REPRESENTATION_CONTEXT(2) 
PARAMETRIC_REPRESENTATION_CONTEXT() REPRESENTATION_CONTEXT('2D SPACE',''
  ) );
#836 = PCURVE('',#837,#842);
#837 = PLANE('',#838);
#838 = AXIS2_PLACEMENT_3D('',#839,#840,#841);
#839 = CARTESIAN_POINT('',(-28.29089653438,-14.,0.));
#840 = DIRECTION('',(0.866025403784,0.5,-0.));
#841 = DIRECTION('',(0.5,-0.866025403784,0.));
#842 = DEFINITIONAL_REPRESENTATION('',(#843),#847);
#843 = LINE('',#844,#845);
#844 = CARTESIAN_POINT('',(0.,0.));
#845 = VECTOR('',#846,1.);
#846 = DIRECTION('',(1.,0.));
#847 = ( GEOMETRIC_REPRESENTATION_CONTEXT(2) 
PARAMETRIC_REPRESENTATION_CONTEXT() REPRESENTATION_CONTEXT('2D SPACE',''
  ) );
#848 = ORIENTED_EDGE('',*,*,#849,.F.);
#849 = EDGE_CURVE('',#850,#822,#852,.T.);
#850 = VERTEX_POINT('',#851);
#851 = CARTESIAN_POINT('',(-26.64544826719,-11.15,0.));
#852 = SURFACE_CURVE('',#853,(#857,#864),.PCURVE_S1.);
#853 = LINE('',#854,#855);
#854 = CARTESIAN_POINT('',(-26.64544826719,-11.15,0.));
#855 = VECTOR('',#856,1.);
#856 = DIRECTION('',(-0.5,-0.866025403784,0.));
#857 = PCURVE('',#142,#858);
#858 = DEFINITIONAL_REPRESENTATION('',(#859),#863);
#859 = LINE('',#860,#861);
#860 = CARTESIAN_POINT('',(63.35455173281,58.85));
#861 = VECTOR('',#862,1.);
#862 = DIRECTION('',(-0.5,-0.866025403784));
#863 = ( GEOMETRIC_REPRESENTATION_CONTEXT(2) 
PARAMETRIC_REPRESENTATION_CONTEXT() REPRESENTATION_CONTEXT('2D SPACE',''
  ) );
#864 = PCURVE('',#865,#870);
#865 = PLANE('',#866);
#866 = AXIS2_PLACEMENT_3D('',#867,#868,#869);
#867 = CARTESIAN_POINT('',(-26.64544826719,-11.15,0.));
#868 = DIRECTION('',(0.866025403784,-0.5,0.));
#869 = DIRECTION('',(-0.5,-0.866025403784,0.));
#870 = DEFINITIONAL_REPRESENTATION('',(#871),#875);
#871 = LINE('',#872,#873);
#872 = CARTESIAN_POINT('',(0.,0.));
#873 = VECTOR('',#874,1.);
#874 = DIRECTION('',(1.,0.));
#875 = ( GEOMETRIC_REPRESENTATION_CONTEXT(2) 
PARAMETRIC_REPRESENTATION_CONTEXT() REPRESENTATION_CONTEXT('2D SPACE',''
  ) );
#876 = ORIENTED_EDGE('',*,*,#877,.F.);
#877 = EDGE_CURVE('',#738,#850,#878,.T.);
#878 = SURFACE_CURVE('',#879,(#883,#890),.PCURVE_S1.);
#879 = LINE('',#880,#881);
#880 = CARTESIAN_POINT('',(-23.35455173281,-11.15,0.));
#881 = VECTOR('',#882,1.);
#882 = DIRECTION('',(-1.,1.349447499217E-16,0.));
#883 = PCURVE('',#142,#884);
#884 = DEFINITIONAL_REPRESENTATION('',(#885),#889);
#885 = LINE('',#886,#887);
#886 = CARTESIAN_POINT('',(66.64544826719,58.85));
#887 = VECTOR('',#888,1.);
#888 = DIRECTION('',(-1.,1.349447499217E-16));
#889 = ( GEOMETRIC_REPRESENTATION_CONTEXT(2) 
PARAMETRIC_REPRESENTATION_CONTEXT() REPRESENTATION_CONTEXT('2D SPACE',''
  ) );
#890 = PCURVE('',#891,#896);
#891 = PLANE('',#892);
#892 = AXIS2_PLACEMENT_3D('',#893,#894,#895);
#893 = CARTESIAN_POINT('',(-23.35455173281,-11.15,0.));
#894 = DIRECTION('',(-1.349447499217E-16,-1.,0.));
#895 = DIRECTION('',(-1.,1.349447499217E-16,0.));
#896 = DEFINITIONAL_REPRESENTATION('',(#897),#901);
#897 = LINE('',#898,#899);
#898 = CARTESIAN_POINT('',(0.,0.));
#899 = VECTOR('',#900,1.);
#900 = DIRECTION('',(1.,0.));
#901 = ( GEOMETRIC_REPRESENTATION_CONTEXT(2) 
PARAMETRIC_REPRESENTATION_CONTEXT() REPRESENTATION_CONTEXT('2D SPACE',''
  ) );
#902 = FACE_BOUND('',#903,.F.);
#903 = EDGE_LOOP('',(#904,#934,#962,#990,#1018,#1046));
#904 = ORIENTED_EDGE('',*,*,#905,.F.);
#905 = EDGE_CURVE('',#906,#908,#910,.T.);
#906 = VERTEX_POINT('',#907);
#907 = CARTESIAN_POINT('',(28.290896534381,-14.,0.));
#908 = VERTEX_POINT('',#909);
#909 = CARTESIAN_POINT('',(26.64544826719,-11.15,0.));
#910 = SURFACE_CURVE('',#911,(#915,#922),.PCURVE_S1.);
#911 = LINE('',#912,#913);
#912 = CARTESIAN_POINT('',(28.290896534381,-14.,0.));
#913 = VECTOR('',#914,1.);
#914 = DIRECTION('',(-0.5,0.866025403784,0.));
#915 = PCURVE('',#142,#916);
#916 = DEFINITIONAL_REPRESENTATION('',(#917),#921);
#917 = LINE('',#918,#919);
#918 = CARTESIAN_POINT('',(118.29089653438,56.));
#919 = VECTOR('',#920,1.);
#920 = DIRECTION('',(-0.5,0.866025403784));
#921 = ( GEOMETRIC_REPRESENTATION_CONTEXT(2) 
PARAMETRIC_REPRESENTATION_CONTEXT() REPRESENTATION_CONTEXT('2D SPACE',''
  ) );
#922 = PCURVE('',#923,#928);
#923 = PLANE('',#924);
#924 = AXIS2_PLACEMENT_3D('',#925,#926,#927);
#925 = CARTESIAN_POINT('',(28.290896534381,-14.,0.));
#926 = DIRECTION('',(-0.866025403784,-0.5,0.));
#927 = DIRECTION('',(-0.5,0.866025403784,0.));
#928 = DEFINITIONAL_REPRESENTATION('',(#929),#933);
#929 = LINE('',#930,#931);
#930 = CARTESIAN_POINT('',(0.,0.));
#931 = VECTOR('',#932,1.);
#932 = DIRECTION('',(1.,0.));
#933 = ( GEOMETRIC_REPRESENTATION_CONTEXT(2) 
PARAMETRIC_REPRESENTATION_CONTEXT() REPRESENTATION_CONTEXT('2D SPACE',''
  ) );
#934 = ORIENTED_EDGE('',*,*,#935,.F.);
#935 = EDGE_CURVE('',#936,#906,#938,.T.);
#936 = VERTEX_POINT('',#937);
#937 = CARTESIAN_POINT('',(26.64544826719,-16.85,0.));
#938 = SURFACE_CURVE('',#939,(#943,#950),.PCURVE_S1.);
#939 = LINE('',#940,#941);
#940 = CARTESIAN_POINT('',(26.64544826719,-16.85,0.));
#941 = VECTOR('',#942,1.);
#942 = DIRECTION('',(0.5,0.866025403784,0.));
#943 = PCURVE('',#142,#944);
#944 = DEFINITIONAL_REPRESENTATION('',(#945),#949);
#945 = LINE('',#946,#947);
#946 = CARTESIAN_POINT('',(116.64544826719,53.15));
#947 = VECTOR('',#948,1.);
#948 = DIRECTION('',(0.5,0.866025403784));
#949 = ( GEOMETRIC_REPRESENTATION_CONTEXT(2) 
PARAMETRIC_REPRESENTATION_CONTEXT() REPRESENTATION_CONTEXT('2D SPACE',''
  ) );
#950 = PCURVE('',#951,#956);
#951 = PLANE('',#952);
#952 = AXIS2_PLACEMENT_3D('',#953,#954,#955);
#953 = CARTESIAN_POINT('',(26.64544826719,-16.85,0.));
#954 = DIRECTION('',(-0.866025403784,0.5,0.));
#955 = DIRECTION('',(0.5,0.866025403784,0.));
#956 = DEFINITIONAL_REPRESENTATION('',(#957),#961);
#957 = LINE('',#958,#959);
#958 = CARTESIAN_POINT('',(0.,0.));
#959 = VECTOR('',#960,1.);
#960 = DIRECTION('',(1.,0.));
#961 = ( GEOMETRIC_REPRESENTATION_CONTEXT(2) 
PARAMETRIC_REPRESENTATION_CONTEXT() REPRESENTATION_CONTEXT('2D SPACE',''
  ) );
#962 = ORIENTED_EDGE('',*,*,#963,.F.);
#963 = EDGE_CURVE('',#964,#936,#966,.T.);
#964 = VERTEX_POINT('',#965);
#965 = CARTESIAN_POINT('',(23.35455173281,-16.85,0.));
#966 = SURFACE_CURVE('',#967,(#971,#978),.PCURVE_S1.);
#967 = LINE('',#968,#969);
#968 = CARTESIAN_POINT('',(23.35455173281,-16.85,0.));
#969 = VECTOR('',#970,1.);
#970 = DIRECTION('',(1.,-5.397789996866E-16,0.));
#971 = PCURVE('',#142,#972);
#972 = DEFINITIONAL_REPRESENTATION('',(#973),#977);
#973 = LINE('',#974,#975);
#974 = CARTESIAN_POINT('',(113.35455173281,53.15));
#975 = VECTOR('',#976,1.);
#976 = DIRECTION('',(1.,-5.397789996866E-16));
#977 = ( GEOMETRIC_REPRESENTATION_CONTEXT(2) 
PARAMETRIC_REPRESENTATION_CONTEXT() REPRESENTATION_CONTEXT('2D SPACE',''
  ) );
#978 = PCURVE('',#979,#984);
#979 = PLANE('',#980);
#980 = AXIS2_PLACEMENT_3D('',#981,#982,#983);
#981 = CARTESIAN_POINT('',(23.35455173281,-16.85,0.));
#982 = DIRECTION('',(5.397789996866E-16,1.,-0.));
#983 = DIRECTION('',(1.,-5.397789996866E-16,0.));
#984 = DEFINITIONAL_REPRESENTATION('',(#985),#989);
#985 = LINE('',#986,#987);
#986 = CARTESIAN_POINT('',(0.,0.));
#987 = VECTOR('',#988,1.);
#988 = DIRECTION('',(1.,0.));
#989 = ( GEOMETRIC_REPRESENTATION_CONTEXT(2) 
PARAMETRIC_REPRESENTATION_CONTEXT() REPRESENTATION_CONTEXT('2D SPACE',''
  ) );
#990 = ORIENTED_EDGE('',*,*,#991,.F.);
#991 = EDGE_CURVE('',#992,#964,#994,.T.);
#992 = VERTEX_POINT('',#993);
#993 = CARTESIAN_POINT('',(21.709103465619,-14.,0.));
#994 = SURFACE_CURVE('',#995,(#999,#1006),.PCURVE_S1.);
#995 = LINE('',#996,#997);
#996 = CARTESIAN_POINT('',(21.709103465619,-14.,0.));
#997 = VECTOR('',#998,1.);
#998 = DIRECTION('',(0.5,-0.866025403784,0.));
#999 = PCURVE('',#142,#1000);
#1000 = DEFINITIONAL_REPRESENTATION('',(#1001),#1005);
#1001 = LINE('',#1002,#1003);
#1002 = CARTESIAN_POINT('',(111.70910346561,56.));
#1003 = VECTOR('',#1004,1.);
#1004 = DIRECTION('',(0.5,-0.866025403784));
#1005 = ( GEOMETRIC_REPRESENTATION_CONTEXT(2) 
PARAMETRIC_REPRESENTATION_CONTEXT() REPRESENTATION_CONTEXT('2D SPACE',''
  ) );
#1006 = PCURVE('',#1007,#1012);
#1007 = PLANE('',#1008);
#1008 = AXIS2_PLACEMENT_3D('',#1009,#1010,#1011);
#1009 = CARTESIAN_POINT('',(21.709103465619,-14.,0.));
#1010 = DIRECTION('',(0.866025403784,0.5,-0.));
#1011 = DIRECTION('',(0.5,-0.866025403784,0.));
#1012 = DEFINITIONAL_REPRESENTATION('',(#1013),#1017);
#1013 = LINE('',#1014,#1015);
#1014 = CARTESIAN_POINT('',(0.,0.));
#1015 = VECTOR('',#1016,1.);
#1016 = DIRECTION('',(1.,0.));
#1017 = ( GEOMETRIC_REPRESENTATION_CONTEXT(2) 
PARAMETRIC_REPRESENTATION_CONTEXT() REPRESENTATION_CONTEXT('2D SPACE',''
  ) );
#1018 = ORIENTED_EDGE('',*,*,#1019,.F.);
#1019 = EDGE_CURVE('',#1020,#992,#1022,.T.);
#1020 = VERTEX_POINT('',#1021);
#1021 = CARTESIAN_POINT('',(23.35455173281,-11.15,0.));
#1022 = SURFACE_CURVE('',#1023,(#1027,#1034),.PCURVE_S1.);
#1023 = LINE('',#1024,#1025);
#1024 = CARTESIAN_POINT('',(23.35455173281,-11.15,0.));
#1025 = VECTOR('',#1026,1.);
#1026 = DIRECTION('',(-0.5,-0.866025403784,0.));
#1027 = PCURVE('',#142,#1028);
#1028 = DEFINITIONAL_REPRESENTATION('',(#1029),#1033);
#1029 = LINE('',#1030,#1031);
#1030 = CARTESIAN_POINT('',(113.35455173281,58.85));
#1031 = VECTOR('',#1032,1.);
#1032 = DIRECTION('',(-0.5,-0.866025403784));
#1033 = ( GEOMETRIC_REPRESENTATION_CONTEXT(2) 
PARAMETRIC_REPRESENTATION_CONTEXT() REPRESENTATION_CONTEXT('2D SPACE',''
  ) );
#1034 = PCURVE('',#1035,#1040);
#1035 = PLANE('',#1036);
#1036 = AXIS2_PLACEMENT_3D('',#1037,#1038,#1039);
#1037 = CARTESIAN_POINT('',(23.35455173281,-11.15,0.));
#1038 = DIRECTION('',(0.866025403784,-0.5,0.));
#1039 = DIRECTION('',(-0.5,-0.866025403784,0.));
#1040 = DEFINITIONAL_REPRESENTATION('',(#1041),#1045);
#1041 = LINE('',#1042,#1043);
#1042 = CARTESIAN_POINT('',(0.,0.));
#1043 = VECTOR('',#1044,1.);
#1044 = DIRECTION('',(1.,0.));
#1045 = ( GEOMETRIC_REPRESENTATION_CONTEXT(2) 
PARAMETRIC_REPRESENTATION_CONTEXT() REPRESENTATION_CONTEXT('2D SPACE',''
  ) );
#1046 = ORIENTED_EDGE('',*,*,#1047,.F.);
#1047 = EDGE_CURVE('',#908,#1020,#1048,.T.);
#1048 = SURFACE_CURVE('',#1049,(#1053,#1060),.PCURVE_S1.);
#1049 = LINE('',#1050,#1051);
#1050 = CARTESIAN_POINT('',(26.64544826719,-11.15,0.));
#1051 = VECTOR('',#1052,1.);
#1052 = DIRECTION('',(-1.,1.349447499217E-16,0.));
#1053 = PCURVE('',#142,#1054);
#1054 = DEFINITIONAL_REPRESENTATION('',(#1055),#1059);
#1055 = LINE('',#1056,#1057);
#1056 = CARTESIAN_POINT('',(116.64544826719,58.85));
#1057 = VECTOR('',#1058,1.);
#1058 = DIRECTION('',(-1.,1.349447499217E-16));
#1059 = ( GEOMETRIC_REPRESENTATION_CONTEXT(2) 
PARAMETRIC_REPRESENTATION_CONTEXT() REPRESENTATION_CONTEXT('2D SPACE',''
  ) );
#1060 = PCURVE('',#1061,#1066);
#1061 = PLANE('',#1062);
#1062 = AXIS2_PLACEMENT_3D('',#1063,#1064,#1065);
#1063 = CARTESIAN_POINT('',(26.64544826719,-11.15,0.));
#1064 = DIRECTION('',(-1.349447499217E-16,-1.,0.));
#1065 = DIRECTION('',(-1.,1.349447499217E-16,0.));
#1066 = DEFINITIONAL_REPRESENTATION('',(#1067),#1071);
#1067 = LINE('',#1068,#1069);
#1068 = CARTESIAN_POINT('',(0.,0.));
#1069 = VECTOR('',#1070,1.);
#1070 = DIRECTION('',(1.,0.));
#1071 = ( GEOMETRIC_REPRESENTATION_CONTEXT(2) 
PARAMETRIC_REPRESENTATION_CONTEXT() REPRESENTATION_CONTEXT('2D SPACE',''
  ) );
#1072 = FACE_BOUND('',#1073,.F.);
#1073 = EDGE_LOOP('',(#1074,#1104,#1132,#1160,#1188,#1216));
#1074 = ORIENTED_EDGE('',*,*,#1075,.F.);
#1075 = EDGE_CURVE('',#1076,#1078,#1080,.T.);
#1076 = VERTEX_POINT('',#1077);
#1077 = CARTESIAN_POINT('',(-21.70910346561,14.,0.));
#1078 = VERTEX_POINT('',#1079);
#1079 = CARTESIAN_POINT('',(-23.35455173281,16.85,0.));
#1080 = SURFACE_CURVE('',#1081,(#1085,#1092),.PCURVE_S1.);
#1081 = LINE('',#1082,#1083);
#1082 = CARTESIAN_POINT('',(-21.70910346561,14.,0.));
#1083 = VECTOR('',#1084,1.);
#1084 = DIRECTION('',(-0.5,0.866025403784,0.));
#1085 = PCURVE('',#142,#1086);
#1086 = DEFINITIONAL_REPRESENTATION('',(#1087),#1091);
#1087 = LINE('',#1088,#1089);
#1088 = CARTESIAN_POINT('',(68.290896534381,84.));
#1089 = VECTOR('',#1090,1.);
#1090 = DIRECTION('',(-0.5,0.866025403784));
#1091 = ( GEOMETRIC_REPRESENTATION_CONTEXT(2) 
PARAMETRIC_REPRESENTATION_CONTEXT() REPRESENTATION_CONTEXT('2D SPACE',''
  ) );
#1092 = PCURVE('',#1093,#1098);
#1093 = PLANE('',#1094);
#1094 = AXIS2_PLACEMENT_3D('',#1095,#1096,#1097);
#1095 = CARTESIAN_POINT('',(-21.70910346561,14.,0.));
#1096 = DIRECTION('',(-0.866025403784,-0.5,0.));
#1097 = DIRECTION('',(-0.5,0.866025403784,0.));
#1098 = DEFINITIONAL_REPRESENTATION('',(#1099),#1103);
#1099 = LINE('',#1100,#1101);
#1100 = CARTESIAN_POINT('',(0.,0.));
#1101 = VECTOR('',#1102,1.);
#1102 = DIRECTION('',(1.,0.));
#1103 = ( GEOMETRIC_REPRESENTATION_CONTEXT(2) 
PARAMETRIC_REPRESENTATION_CONTEXT() REPRESENTATION_CONTEXT('2D SPACE',''
  ) );
#1104 = ORIENTED_EDGE('',*,*,#1105,.F.);
#1105 = EDGE_CURVE('',#1106,#1076,#1108,.T.);
#1106 = VERTEX_POINT('',#1107);
#1107 = CARTESIAN_POINT('',(-23.35455173281,11.15,0.));
#1108 = SURFACE_CURVE('',#1109,(#1113,#1120),.PCURVE_S1.);
#1109 = LINE('',#1110,#1111);
#1110 = CARTESIAN_POINT('',(-23.35455173281,11.15,0.));
#1111 = VECTOR('',#1112,1.);
#1112 = DIRECTION('',(0.5,0.866025403784,0.));
#1113 = PCURVE('',#142,#1114);
#1114 = DEFINITIONAL_REPRESENTATION('',(#1115),#1119);
#1115 = LINE('',#1116,#1117);
#1116 = CARTESIAN_POINT('',(66.64544826719,81.15));
#1117 = VECTOR('',#1118,1.);
#1118 = DIRECTION('',(0.5,0.866025403784));
#1119 = ( GEOMETRIC_REPRESENTATION_CONTEXT(2) 
PARAMETRIC_REPRESENTATION_CONTEXT() REPRESENTATION_CONTEXT('2D SPACE',''
  ) );
#1120 = PCURVE('',#1121,#1126);
#1121 = PLANE('',#1122);
#1122 = AXIS2_PLACEMENT_3D('',#1123,#1124,#1125);
#1123 = CARTESIAN_POINT('',(-23.35455173281,11.15,0.));
#1124 = DIRECTION('',(-0.866025403784,0.5,0.));
#1125 = DIRECTION('',(0.5,0.866025403784,0.));
#1126 = DEFINITIONAL_REPRESENTATION('',(#1127),#1131);
#1127 = LINE('',#1128,#1129);
#1128 = CARTESIAN_POINT('',(0.,0.));
#1129 = VECTOR('',#1130,1.);
#1130 = DIRECTION('',(1.,0.));
#1131 = ( GEOMETRIC_REPRESENTATION_CONTEXT(2) 
PARAMETRIC_REPRESENTATION_CONTEXT() REPRESENTATION_CONTEXT('2D SPACE',''
  ) );
#1132 = ORIENTED_EDGE('',*,*,#1133,.F.);
#1133 = EDGE_CURVE('',#1134,#1106,#1136,.T.);
#1134 = VERTEX_POINT('',#1135);
#1135 = CARTESIAN_POINT('',(-26.64544826719,11.15,0.));
#1136 = SURFACE_CURVE('',#1137,(#1141,#1148),.PCURVE_S1.);
#1137 = LINE('',#1138,#1139);
#1138 = CARTESIAN_POINT('',(-26.64544826719,11.15,0.));
#1139 = VECTOR('',#1140,1.);
#1140 = DIRECTION('',(1.,-5.397789996866E-16,0.));
#1141 = PCURVE('',#142,#1142);
#1142 = DEFINITIONAL_REPRESENTATION('',(#1143),#1147);
#1143 = LINE('',#1144,#1145);
#1144 = CARTESIAN_POINT('',(63.35455173281,81.15));
#1145 = VECTOR('',#1146,1.);
#1146 = DIRECTION('',(1.,-5.397789996866E-16));
#1147 = ( GEOMETRIC_REPRESENTATION_CONTEXT(2) 
PARAMETRIC_REPRESENTATION_CONTEXT() REPRESENTATION_CONTEXT('2D SPACE',''
  ) );
#1148 = PCURVE('',#1149,#1154);
#1149 = PLANE('',#1150);
#1150 = AXIS2_PLACEMENT_3D('',#1151,#1152,#1153);
#1151 = CARTESIAN_POINT('',(-26.64544826719,11.15,0.));
#1152 = DIRECTION('',(5.397789996866E-16,1.,-0.));
#1153 = DIRECTION('',(1.,-5.397789996866E-16,0.));
#1154 = DEFINITIONAL_REPRESENTATION('',(#1155),#1159);
#1155 = LINE('',#1156,#1157);
#1156 = CARTESIAN_POINT('',(0.,0.));
#1157 = VECTOR('',#1158,1.);
#1158 = DIRECTION('',(1.,0.));
#1159 = ( GEOMETRIC_REPRESENTATION_CONTEXT(2) 
PARAMETRIC_REPRESENTATION_CONTEXT() REPRESENTATION_CONTEXT('2D SPACE',''
  ) );
#1160 = ORIENTED_EDGE('',*,*,#1161,.F.);
#1161 = EDGE_CURVE('',#1162,#1134,#1164,.T.);
#1162 = VERTEX_POINT('',#1163);
#1163 = CARTESIAN_POINT('',(-28.29089653438,14.,0.));
#1164 = SURFACE_CURVE('',#1165,(#1169,#1176),.PCURVE_S1.);
#1165 = LINE('',#1166,#1167);
#1166 = CARTESIAN_POINT('',(-28.29089653438,14.,0.));
#1167 = VECTOR('',#1168,1.);
#1168 = DIRECTION('',(0.5,-0.866025403784,0.));
#1169 = PCURVE('',#142,#1170);
#1170 = DEFINITIONAL_REPRESENTATION('',(#1171),#1175);
#1171 = LINE('',#1172,#1173);
#1172 = CARTESIAN_POINT('',(61.709103465619,84.));
#1173 = VECTOR('',#1174,1.);
#1174 = DIRECTION('',(0.5,-0.866025403784));
#1175 = ( GEOMETRIC_REPRESENTATION_CONTEXT(2) 
PARAMETRIC_REPRESENTATION_CONTEXT() REPRESENTATION_CONTEXT('2D SPACE',''
  ) );
#1176 = PCURVE('',#1177,#1182);
#1177 = PLANE('',#1178);
#1178 = AXIS2_PLACEMENT_3D('',#1179,#1180,#1181);
#1179 = CARTESIAN_POINT('',(-28.29089653438,14.,0.));
#1180 = DIRECTION('',(0.866025403784,0.5,-0.));
#1181 = DIRECTION('',(0.5,-0.866025403784,0.));
#1182 = DEFINITIONAL_REPRESENTATION('',(#1183),#1187);
#1183 = LINE('',#1184,#1185);
#1184 = CARTESIAN_POINT('',(0.,0.));
#1185 = VECTOR('',#1186,1.);
#1186 = DIRECTION('',(1.,0.));
#1187 = ( GEOMETRIC_REPRESENTATION_CONTEXT(2) 
PARAMETRIC_REPRESENTATION_CONTEXT() REPRESENTATION_CONTEXT('2D SPACE',''
  ) );
#1188 = ORIENTED_EDGE('',*,*,#1189,.F.);
#1189 = EDGE_CURVE('',#1190,#1162,#1192,.T.);
#1190 = VERTEX_POINT('',#1191);
#1191 = CARTESIAN_POINT('',(-26.64544826719,16.85,0.));
#1192 = SURFACE_CURVE('',#1193,(#1197,#1204),.PCURVE_S1.);
#1193 = LINE('',#1194,#1195);
#1194 = CARTESIAN_POINT('',(-26.64544826719,16.85,0.));
#1195 = VECTOR('',#1196,1.);
#1196 = DIRECTION('',(-0.5,-0.866025403784,0.));
#1197 = PCURVE('',#142,#1198);
#1198 = DEFINITIONAL_REPRESENTATION('',(#1199),#1203);
#1199 = LINE('',#1200,#1201);
#1200 = CARTESIAN_POINT('',(63.35455173281,86.85));
#1201 = VECTOR('',#1202,1.);
#1202 = DIRECTION('',(-0.5,-0.866025403784));
#1203 = ( GEOMETRIC_REPRESENTATION_CONTEXT(2) 
PARAMETRIC_REPRESENTATION_CONTEXT() REPRESENTATION_CONTEXT('2D SPACE',''
  ) );
#1204 = PCURVE('',#1205,#1210);
#1205 = PLANE('',#1206);
#1206 = AXIS2_PLACEMENT_3D('',#1207,#1208,#1209);
#1207 = CARTESIAN_POINT('',(-26.64544826719,16.85,0.));
#1208 = DIRECTION('',(0.866025403784,-0.5,0.));
#1209 = DIRECTION('',(-0.5,-0.866025403784,0.));
#1210 = DEFINITIONAL_REPRESENTATION('',(#1211),#1215);
#1211 = LINE('',#1212,#1213);
#1212 = CARTESIAN_POINT('',(0.,0.));
#1213 = VECTOR('',#1214,1.);
#1214 = DIRECTION('',(1.,0.));
#1215 = ( GEOMETRIC_REPRESENTATION_CONTEXT(2) 
PARAMETRIC_REPRESENTATION_CONTEXT() REPRESENTATION_CONTEXT('2D SPACE',''
  ) );
#1216 = ORIENTED_EDGE('',*,*,#1217,.F.);
#1217 = EDGE_CURVE('',#1078,#1190,#1218,.T.);
#1218 = SURFACE_CURVE('',#1219,(#1223,#1230),.PCURVE_S1.);
#1219 = LINE('',#1220,#1221);
#1220 = CARTESIAN_POINT('',(-23.35455173281,16.85,0.));
#1221 = VECTOR('',#1222,1.);
#1222 = DIRECTION('',(-1.,1.349447499217E-16,0.));
#1223 = PCURVE('',#142,#1224);
#1224 = DEFINITIONAL_REPRESENTATION('',(#1225),#1229);
#1225 = LINE('',#1226,#1227);
#1226 = CARTESIAN_POINT('',(66.64544826719,86.85));
#1227 = VECTOR('',#1228,1.);
#1228 = DIRECTION('',(-1.,1.349447499217E-16));
#1229 = ( GEOMETRIC_REPRESENTATION_CONTEXT(2) 
PARAMETRIC_REPRESENTATION_CONTEXT() REPRESENTATION_CONTEXT('2D SPACE',''
  ) );
#1230 = PCURVE('',#1231,#1236);
#1231 = PLANE('',#1232);
#1232 = AXIS2_PLACEMENT_3D('',#1233,#1234,#1235);
#1233 = CARTESIAN_POINT('',(-23.35455173281,16.85,0.));
#1234 = DIRECTION('',(-1.349447499217E-16,-1.,0.));
#1235 = DIRECTION('',(-1.,1.349447499217E-16,0.));
#1236 = DEFINITIONAL_REPRESENTATION('',(#1237),#1241);
#1237 = LINE('',#1238,#1239);
#1238 = CARTESIAN_POINT('',(0.,0.));
#1239 = VECTOR('',#1240,1.);
#1240 = DIRECTION('',(1.,0.));
#1241 = ( GEOMETRIC_REPRESENTATION_CONTEXT(2) 
PARAMETRIC_REPRESENTATION_CONTEXT() REPRESENTATION_CONTEXT('2D SPACE',''
  ) );
#1242 = FACE_BOUND('',#1243,.F.);
#1243 = EDGE_LOOP('',(#1244,#1274,#1302,#1330,#1358,#1386));
#1244 = ORIENTED_EDGE('',*,*,#1245,.F.);
#1245 = EDGE_CURVE('',#1246,#1248,#1250,.T.);
#1246 = VERTEX_POINT('',#1247);
#1247 = CARTESIAN_POINT('',(28.290896534381,14.,0.));
#1248 = VERTEX_POINT('',#1249);
#1249 = CARTESIAN_POINT('',(26.64544826719,16.85,0.));
#1250 = SURFACE_CURVE('',#1251,(#1255,#1262),.PCURVE_S1.);
#1251 = LINE('',#1252,#1253);
#1252 = CARTESIAN_POINT('',(28.290896534381,14.,0.));
#1253 = VECTOR('',#1254,1.);
#1254 = DIRECTION('',(-0.5,0.866025403784,0.));
#1255 = PCURVE('',#142,#1256);
#1256 = DEFINITIONAL_REPRESENTATION('',(#1257),#1261);
#1257 = LINE('',#1258,#1259);
#1258 = CARTESIAN_POINT('',(118.29089653438,84.));
#1259 = VECTOR('',#1260,1.);
#1260 = DIRECTION('',(-0.5,0.866025403784));
#1261 = ( GEOMETRIC_REPRESENTATION_CONTEXT(2) 
PARAMETRIC_REPRESENTATION_CONTEXT() REPRESENTATION_CONTEXT('2D SPACE',''
  ) );
#1262 = PCURVE('',#1263,#1268);
#1263 = PLANE('',#1264);
#1264 = AXIS2_PLACEMENT_3D('',#1265,#1266,#1267);
#1265 = CARTESIAN_POINT('',(28.290896534381,14.,0.));
#1266 = DIRECTION('',(-0.866025403784,-0.5,0.));
#1267 = DIRECTION('',(-0.5,0.866025403784,0.));
#1268 = DEFINITIONAL_REPRESENTATION('',(#1269),#1273);
#1269 = LINE('',#1270,#1271);
#1270 = CARTESIAN_POINT('',(0.,0.));
#1271 = VECTOR('',#1272,1.);
#1272 = DIRECTION('',(1.,0.));
#1273 = ( GEOMETRIC_REPRESENTATION_CONTEXT(2) 
PARAMETRIC_REPRESENTATION_CONTEXT() REPRESENTATION_CONTEXT('2D SPACE',''
  ) );
#1274 = ORIENTED_EDGE('',*,*,#1275,.F.);
#1275 = EDGE_CURVE('',#1276,#1246,#1278,.T.);
#1276 = VERTEX_POINT('',#1277);
#1277 = CARTESIAN_POINT('',(26.64544826719,11.15,0.));
#1278 = SURFACE_CURVE('',#1279,(#1283,#1290),.PCURVE_S1.);
#1279 = LINE('',#1280,#1281);
#1280 = CARTESIAN_POINT('',(26.64544826719,11.15,0.));
#1281 = VECTOR('',#1282,1.);
#1282 = DIRECTION('',(0.5,0.866025403784,0.));
#1283 = PCURVE('',#142,#1284);
#1284 = DEFINITIONAL_REPRESENTATION('',(#1285),#1289);
#1285 = LINE('',#1286,#1287);
#1286 = CARTESIAN_POINT('',(116.64544826719,81.15));
#1287 = VECTOR('',#1288,1.);
#1288 = DIRECTION('',(0.5,0.866025403784));
#1289 = ( GEOMETRIC_REPRESENTATION_CONTEXT(2) 
PARAMETRIC_REPRESENTATION_CONTEXT() REPRESENTATION_CONTEXT('2D SPACE',''
  ) );
#1290 = PCURVE('',#1291,#1296);
#1291 = PLANE('',#1292);
#1292 = AXIS2_PLACEMENT_3D('',#1293,#1294,#1295);
#1293 = CARTESIAN_POINT('',(26.64544826719,11.15,0.));
#1294 = DIRECTION('',(-0.866025403784,0.5,0.));
#1295 = DIRECTION('',(0.5,0.866025403784,0.));
#1296 = DEFINITIONAL_REPRESENTATION('',(#1297),#1301);
#1297 = LINE('',#1298,#1299);
#1298 = CARTESIAN_POINT('',(0.,0.));
#1299 = VECTOR('',#1300,1.);
#1300 = DIRECTION('',(1.,0.));
#1301 = ( GEOMETRIC_REPRESENTATION_CONTEXT(2) 
PARAMETRIC_REPRESENTATION_CONTEXT() REPRESENTATION_CONTEXT('2D SPACE',''
  ) );
#1302 = ORIENTED_EDGE('',*,*,#1303,.F.);
#1303 = EDGE_CURVE('',#1304,#1276,#1306,.T.);
#1304 = VERTEX_POINT('',#1305);
#1305 = CARTESIAN_POINT('',(23.35455173281,11.15,0.));
#1306 = SURFACE_CURVE('',#1307,(#1311,#1318),.PCURVE_S1.);
#1307 = LINE('',#1308,#1309);
#1308 = CARTESIAN_POINT('',(23.35455173281,11.15,0.));
#1309 = VECTOR('',#1310,1.);
#1310 = DIRECTION('',(1.,-5.397789996866E-16,0.));
#1311 = PCURVE('',#142,#1312);
#1312 = DEFINITIONAL_REPRESENTATION('',(#1313),#1317);
#1313 = LINE('',#1314,#1315);
#1314 = CARTESIAN_POINT('',(113.35455173281,81.15));
#1315 = VECTOR('',#1316,1.);
#1316 = DIRECTION('',(1.,-5.397789996866E-16));
#1317 = ( GEOMETRIC_REPRESENTATION_CONTEXT(2) 
PARAMETRIC_REPRESENTATION_CONTEXT() REPRESENTATION_CONTEXT('2D SPACE',''
  ) );
#1318 = PCURVE('',#1319,#1324);
#1319 = PLANE('',#1320);
#1320 = AXIS2_PLACEMENT_3D('',#1321,#1322,#1323);
#1321 = CARTESIAN_POINT('',(23.35455173281,11.15,0.));
#1322 = DIRECTION('',(5.397789996866E-16,1.,-0.));
#1323 = DIRECTION('',(1.,-5.397789996866E-16,0.));
#1324 = DEFINITIONAL_REPRESENTATION('',(#1325),#1329);
#1325 = LINE('',#1326,#1327);
#1326 = CARTESIAN_POINT('',(0.,0.));
#1327 = VECTOR('',#1328,1.);
#1328 = DIRECTION('',(1.,0.));
#1329 = ( GEOMETRIC_REPRESENTATION_CONTEXT(2) 
PARAMETRIC_REPRESENTATION_CONTEXT() REPRESENTATION_CONTEXT('2D SPACE',''
  ) );
#1330 = ORIENTED_EDGE('',*,*,#1331,.F.);
#1331 = EDGE_CURVE('',#1332,#1304,#1334,.T.);
#1332 = VERTEX_POINT('',#1333);
#1333 = CARTESIAN_POINT('',(21.709103465619,14.,0.));
#1334 = SURFACE_CURVE('',#1335,(#1339,#1346),.PCURVE_S1.);
#1335 = LINE('',#1336,#1337);
#1336 = CARTESIAN_POINT('',(21.709103465619,14.,0.));
#1337 = VECTOR('',#1338,1.);
#1338 = DIRECTION('',(0.5,-0.866025403784,0.));
#1339 = PCURVE('',#142,#1340);
#1340 = DEFINITIONAL_REPRESENTATION('',(#1341),#1345);
#1341 = LINE('',#1342,#1343);
#1342 = CARTESIAN_POINT('',(111.70910346561,84.));
#1343 = VECTOR('',#1344,1.);
#1344 = DIRECTION('',(0.5,-0.866025403784));
#1345 = ( GEOMETRIC_REPRESENTATION_CONTEXT(2) 
PARAMETRIC_REPRESENTATION_CONTEXT() REPRESENTATION_CONTEXT('2D SPACE',''
  ) );
#1346 = PCURVE('',#1347,#1352);
#1347 = PLANE('',#1348);
#1348 = AXIS2_PLACEMENT_3D('',#1349,#1350,#1351);
#1349 = CARTESIAN_POINT('',(21.709103465619,14.,0.));
#1350 = DIRECTION('',(0.866025403784,0.5,-0.));
#1351 = DIRECTION('',(0.5,-0.866025403784,0.));
#1352 = DEFINITIONAL_REPRESENTATION('',(#1353),#1357);
#1353 = LINE('',#1354,#1355);
#1354 = CARTESIAN_POINT('',(0.,0.));
#1355 = VECTOR('',#1356,1.);
#1356 = DIRECTION('',(1.,0.));
#1357 = ( GEOMETRIC_REPRESENTATION_CONTEXT(2) 
PARAMETRIC_REPRESENTATION_CONTEXT() REPRESENTATION_CONTEXT('2D SPACE',''
  ) );
#1358 = ORIENTED_EDGE('',*,*,#1359,.F.);
#1359 = EDGE_CURVE('',#1360,#1332,#1362,.T.);
#1360 = VERTEX_POINT('',#1361);
#1361 = CARTESIAN_POINT('',(23.35455173281,16.85,0.));
#1362 = SURFACE_CURVE('',#1363,(#1367,#1374),.PCURVE_S1.);
#1363 = LINE('',#1364,#1365);
#1364 = CARTESIAN_POINT('',(23.35455173281,16.85,0.));
#1365 = VECTOR('',#1366,1.);
#1366 = DIRECTION('',(-0.5,-0.866025403784,0.));
#1367 = PCURVE('',#142,#1368);
#1368 = DEFINITIONAL_REPRESENTATION('',(#1369),#1373);
#1369 = LINE('',#1370,#1371);
#1370 = CARTESIAN_POINT('',(113.35455173281,86.85));
#1371 = VECTOR('',#1372,1.);
#1372 = DIRECTION('',(-0.5,-0.866025403784));
#1373 = ( GEOMETRIC_REPRESENTATION_CONTEXT(2) 
PARAMETRIC_REPRESENTATION_CONTEXT() REPRESENTATION_CONTEXT('2D SPACE',''
  ) );
#1374 = PCURVE('',#1375,#1380);
#1375 = PLANE('',#1376);
#1376 = AXIS2_PLACEMENT_3D('',#1377,#1378,#1379);
#1377 = CARTESIAN_POINT('',(23.35455173281,16.85,0.));
#1378 = DIRECTION('',(0.866025403784,-0.5,0.));
#1379 = DIRECTION('',(-0.5,-0.866025403784,0.));
#1380 = DEFINITIONAL_REPRESENTATION('',(#1381),#1385);
#1381 = LINE('',#1382,#1383);
#1382 = CARTESIAN_POINT('',(0.,0.));
#1383 = VECTOR('',#1384,1.);
#1384 = DIRECTION('',(1.,0.));
#1385 = ( GEOMETRIC_REPRESENTATION_CONTEXT(2) 
PARAMETRIC_REPRESENTATION_CONTEXT() REPRESENTATION_CONTEXT('2D SPACE',''
  ) );
#1386 = ORIENTED_EDGE('',*,*,#1387,.F.);
#1387 = EDGE_CURVE('',#1248,#1360,#1388,.T.);
#1388 = SURFACE_CURVE('',#1389,(#1393,#1400),.PCURVE_S1.);
#1389 = LINE('',#1390,#1391);
#1390 = CARTESIAN_POINT('',(26.64544826719,16.85,0.));
#1391 = VECTOR('',#1392,1.);
#1392 = DIRECTION('',(-1.,1.349447499217E-16,0.));
#1393 = PCURVE('',#142,#1394);
#1394 = DEFINITIONAL_REPRESENTATION('',(#1395),#1399);
#1395 = LINE('',#1396,#1397);
#1396 = CARTESIAN_POINT('',(116.64544826719,86.85));
#1397 = VECTOR('',#1398,1.);
#1398 = DIRECTION('',(-1.,1.349447499217E-16));
#1399 = ( GEOMETRIC_REPRESENTATION_CONTEXT(2) 
PARAMETRIC_REPRESENTATION_CONTEXT() REPRESENTATION_CONTEXT('2D SPACE',''
  ) );
#1400 = PCURVE('',#1401,#1406);
#1401 = PLANE('',#1402);
#1402 = AXIS2_PLACEMENT_3D('',#1403,#1404,#1405);
#1403 = CARTESIAN_POINT('',(26.64544826719,16.85,0.));
#1404 = DIRECTION('',(-1.349447499217E-16,-1.,0.));
#1405 = DIRECTION('',(-1.,1.349447499217E-16,0.));
#1406 = DEFINITIONAL_REPRESENTATION('',(#1407),#1411);
#1407 = LINE('',#1408,#1409);
#1408 = CARTESIAN_POINT('',(0.,0.));
#1409 = VECTOR('',#1410,1.);
#1410 = DIRECTION('',(1.,0.));
#1411 = ( GEOMETRIC_REPRESENTATION_CONTEXT(2) 
PARAMETRIC_REPRESENTATION_CONTEXT() REPRESENTATION_CONTEXT('2D SPACE',''
  ) );
#1412 = ADVANCED_FACE('',(#1413),#224,.F.);
#1413 = FACE_BOUND('',#1414,.F.);
#1414 = EDGE_LOOP('',(#1415,#1416,#1417,#1418));
#1415 = ORIENTED_EDGE('',*,*,#613,.F.);
#1416 = ORIENTED_EDGE('',*,*,#531,.T.);
#1417 = ORIENTED_EDGE('',*,*,#208,.T.);
#1418 = ORIENTED_EDGE('',*,*,#1419,.F.);
#1419 = EDGE_CURVE('',#614,#209,#1420,.T.);
#1420 = SURFACE_CURVE('',#1421,(#1425,#1432),.PCURVE_S1.);
#1421 = LINE('',#1422,#1423);
#1422 = CARTESIAN_POINT('',(82.,-70.,0.));
#1423 = VECTOR('',#1424,1.);
#1424 = DIRECTION('',(0.,0.,1.));
#1425 = PCURVE('',#224,#1426);
#1426 = DEFINITIONAL_REPRESENTATION('',(#1427),#1431);
#1427 = LINE('',#1428,#1429);
#1428 = CARTESIAN_POINT('',(0.,172.));
#1429 = VECTOR('',#1430,1.);
#1430 = DIRECTION('',(1.,0.));
#1431 = ( GEOMETRIC_REPRESENTATION_CONTEXT(2) 
PARAMETRIC_REPRESENTATION_CONTEXT() REPRESENTATION_CONTEXT('2D SPACE',''
  ) );
#1432 = PCURVE('',#257,#1433);
#1433 = DEFINITIONAL_REPRESENTATION('',(#1434),#1438);
#1434 = LINE('',#1435,#1436);
#1435 = CARTESIAN_POINT('',(-1.570796326795,0.));
#1436 = VECTOR('',#1437,1.);
#1437 = DIRECTION('',(-0.,1.));
#1438 = ( GEOMETRIC_REPRESENTATION_CONTEXT(2) 
PARAMETRIC_REPRESENTATION_CONTEXT() REPRESENTATION_CONTEXT('2D SPACE',''
  ) );
#1439 = ADVANCED_FACE('',(#1440),#342,.T.);
#1440 = FACE_BOUND('',#1441,.T.);
#1441 = EDGE_LOOP('',(#1442,#1443,#1444,#1445));
#1442 = ORIENTED_EDGE('',*,*,#711,.F.);
#1443 = ORIENTED_EDGE('',*,*,#585,.T.);
#1444 = ORIENTED_EDGE('',*,*,#326,.T.);
#1445 = ORIENTED_EDGE('',*,*,#1446,.F.);
#1446 = EDGE_CURVE('',#688,#298,#1447,.T.);
#1447 = SURFACE_CURVE('',#1448,(#1452,#1459),.PCURVE_S1.);
#1448 = LINE('',#1449,#1450);
#1449 = CARTESIAN_POINT('',(82.,70.,0.));
#1450 = VECTOR('',#1451,1.);
#1451 = DIRECTION('',(0.,0.,1.));
#1452 = PCURVE('',#342,#1453);
#1453 = DEFINITIONAL_REPRESENTATION('',(#1454),#1458);
#1454 = LINE('',#1455,#1456);
#1455 = CARTESIAN_POINT('',(0.,172.));
#1456 = VECTOR('',#1457,1.);
#1457 = DIRECTION('',(1.,0.));
#1458 = ( GEOMETRIC_REPRESENTATION_CONTEXT(2) 
PARAMETRIC_REPRESENTATION_CONTEXT() REPRESENTATION_CONTEXT('2D SPACE',''
  ) );
#1459 = PCURVE('',#314,#1460);
#1460 = DEFINITIONAL_REPRESENTATION('',(#1461),#1465);
#1461 = LINE('',#1462,#1463);
#1462 = CARTESIAN_POINT('',(1.570796326795,0.));
#1463 = VECTOR('',#1464,1.);
#1464 = DIRECTION('',(0.,1.));
#1465 = ( GEOMETRIC_REPRESENTATION_CONTEXT(2) 
PARAMETRIC_REPRESENTATION_CONTEXT() REPRESENTATION_CONTEXT('2D SPACE',''
  ) );
#1466 = ADVANCED_FACE('',(#1467),#257,.T.);
#1467 = FACE_BOUND('',#1468,.F.);
#1468 = EDGE_LOOP('',(#1469,#1470,#1471,#1472));
#1469 = ORIENTED_EDGE('',*,*,#636,.T.);
#1470 = ORIENTED_EDGE('',*,*,#1419,.T.);
#1471 = ORIENTED_EDGE('',*,*,#236,.F.);
#1472 = ORIENTED_EDGE('',*,*,#1473,.F.);
#1473 = EDGE_CURVE('',#637,#237,#1474,.T.);
#1474 = SURFACE_CURVE('',#1475,(#1479,#1486),.PCURVE_S1.);
#1475 = LINE('',#1476,#1477);
#1476 = CARTESIAN_POINT('',(90.,-62.,0.));
#1477 = VECTOR('',#1478,1.);
#1478 = DIRECTION('',(0.,0.,1.));
#1479 = PCURVE('',#257,#1480);
#1480 = DEFINITIONAL_REPRESENTATION('',(#1481),#1485);
#1481 = LINE('',#1482,#1483);
#1482 = CARTESIAN_POINT('',(-0.,0.));
#1483 = VECTOR('',#1484,1.);
#1484 = DIRECTION('',(-0.,1.));
#1485 = ( GEOMETRIC_REPRESENTATION_CONTEXT(2) 
PARAMETRIC_REPRESENTATION_CONTEXT() REPRESENTATION_CONTEXT('2D SPACE',''
  ) );
#1486 = PCURVE('',#285,#1487);
#1487 = DEFINITIONAL_REPRESENTATION('',(#1488),#1492);
#1488 = LINE('',#1489,#1490);
#1489 = CARTESIAN_POINT('',(0.,-8.));
#1490 = VECTOR('',#1491,1.);
#1491 = DIRECTION('',(1.,0.));
#1492 = ( GEOMETRIC_REPRESENTATION_CONTEXT(2) 
PARAMETRIC_REPRESENTATION_CONTEXT() REPRESENTATION_CONTEXT('2D SPACE',''
  ) );
#1493 = ADVANCED_FACE('',(#1494),#314,.T.);
#1494 = FACE_BOUND('',#1495,.T.);
#1495 = EDGE_LOOP('',(#1496,#1497,#1498,#1499));
#1496 = ORIENTED_EDGE('',*,*,#687,.T.);
#1497 = ORIENTED_EDGE('',*,*,#1446,.T.);
#1498 = ORIENTED_EDGE('',*,*,#297,.F.);
#1499 = ORIENTED_EDGE('',*,*,#1500,.F.);
#1500 = EDGE_CURVE('',#665,#270,#1501,.T.);
#1501 = SURFACE_CURVE('',#1502,(#1506,#1513),.PCURVE_S1.);
#1502 = LINE('',#1503,#1504);
#1503 = CARTESIAN_POINT('',(90.,62.,0.));
#1504 = VECTOR('',#1505,1.);
#1505 = DIRECTION('',(0.,0.,1.));
#1506 = PCURVE('',#314,#1507);
#1507 = DEFINITIONAL_REPRESENTATION('',(#1508),#1512);
#1508 = LINE('',#1509,#1510);
#1509 = CARTESIAN_POINT('',(0.,0.));
#1510 = VECTOR('',#1511,1.);
#1511 = DIRECTION('',(0.,1.));
#1512 = ( GEOMETRIC_REPRESENTATION_CONTEXT(2) 
PARAMETRIC_REPRESENTATION_CONTEXT() REPRESENTATION_CONTEXT('2D SPACE',''
  ) );
#1513 = PCURVE('',#285,#1514);
#1514 = DEFINITIONAL_REPRESENTATION('',(#1515),#1519);
#1515 = LINE('',#1516,#1517);
#1516 = CARTESIAN_POINT('',(0.,-132.));
#1517 = VECTOR('',#1518,1.);
#1518 = DIRECTION('',(1.,0.));
#1519 = ( GEOMETRIC_REPRESENTATION_CONTEXT(2) 
PARAMETRIC_REPRESENTATION_CONTEXT() REPRESENTATION_CONTEXT('2D SPACE',''
  ) );
#1520 = ADVANCED_FACE('',(#1521),#285,.T.);
#1521 = FACE_BOUND('',#1522,.T.);
#1522 = EDGE_LOOP('',(#1523,#1524,#1525,#1526));
#1523 = ORIENTED_EDGE('',*,*,#269,.F.);
#1524 = ORIENTED_EDGE('',*,*,#1473,.F.);
#1525 = ORIENTED_EDGE('',*,*,#664,.T.);
#1526 = ORIENTED_EDGE('',*,*,#1500,.T.);
#1527 = ADVANCED_FACE('',(#1528),#399,.F.);
#1528 = FACE_BOUND('',#1529,.F.);
#1529 = EDGE_LOOP('',(#1530,#1553,#1554,#1555));
#1530 = ORIENTED_EDGE('',*,*,#1531,.T.);
#1531 = EDGE_CURVE('',#1532,#383,#1534,.T.);
#1532 = VERTEX_POINT('',#1533);
#1533 = CARTESIAN_POINT('',(-23.3,-14.,2.6));
#1534 = SEAM_CURVE('',#1535,(#1539,#1546),.PCURVE_S1.);
#1535 = LINE('',#1536,#1537);
#1536 = CARTESIAN_POINT('',(-23.3,-14.,-1.));
#1537 = VECTOR('',#1538,1.);
#1538 = DIRECTION('',(0.,0.,1.));
#1539 = PCURVE('',#399,#1540);
#1540 = DEFINITIONAL_REPRESENTATION('',(#1541),#1545);
#1541 = LINE('',#1542,#1543);
#1542 = CARTESIAN_POINT('',(6.28318530718,-0.));
#1543 = VECTOR('',#1544,1.);
#1544 = DIRECTION('',(0.,1.));
#1545 = ( GEOMETRIC_REPRESENTATION_CONTEXT(2) 
PARAMETRIC_REPRESENTATION_CONTEXT() REPRESENTATION_CONTEXT('2D SPACE',''
  ) );
#1546 = PCURVE('',#399,#1547);
#1547 = DEFINITIONAL_REPRESENTATION('',(#1548),#1552);
#1548 = LINE('',#1549,#1550);
#1549 = CARTESIAN_POINT('',(0.,-0.));
#1550 = VECTOR('',#1551,1.);
#1551 = DIRECTION('',(0.,1.));
#1552 = ( GEOMETRIC_REPRESENTATION_CONTEXT(2) 
PARAMETRIC_REPRESENTATION_CONTEXT() REPRESENTATION_CONTEXT('2D SPACE',''
  ) );
#1553 = ORIENTED_EDGE('',*,*,#382,.F.);
#1554 = ORIENTED_EDGE('',*,*,#1531,.F.);
#1555 = ORIENTED_EDGE('',*,*,#1556,.T.);
#1556 = EDGE_CURVE('',#1532,#1532,#1557,.T.);
#1557 = SURFACE_CURVE('',#1558,(#1563,#1570),.PCURVE_S1.);
#1558 = CIRCLE('',#1559,1.7);
#1559 = AXIS2_PLACEMENT_3D('',#1560,#1561,#1562);
#1560 = CARTESIAN_POINT('',(-25.,-14.,2.6));
#1561 = DIRECTION('',(0.,0.,1.));
#1562 = DIRECTION('',(1.,0.,-0.));
#1563 = PCURVE('',#399,#1564);
#1564 = DEFINITIONAL_REPRESENTATION('',(#1565),#1569);
#1565 = LINE('',#1566,#1567);
#1566 = CARTESIAN_POINT('',(0.,3.6));
#1567 = VECTOR('',#1568,1.);
#1568 = DIRECTION('',(1.,0.));
#1569 = ( GEOMETRIC_REPRESENTATION_CONTEXT(2) 
PARAMETRIC_REPRESENTATION_CONTEXT() REPRESENTATION_CONTEXT('2D SPACE',''
  ) );
#1570 = PCURVE('',#1571,#1576);
#1571 = PLANE('',#1572);
#1572 = AXIS2_PLACEMENT_3D('',#1573,#1574,#1575);
#1573 = CARTESIAN_POINT('',(-25.,-14.,2.6));
#1574 = DIRECTION('',(0.,0.,1.));
#1575 = DIRECTION('',(1.,0.,-0.));
#1576 = DEFINITIONAL_REPRESENTATION('',(#1577),#1581);
#1577 = CIRCLE('',#1578,1.7);
#1578 = AXIS2_PLACEMENT_2D('',#1579,#1580);
#1579 = CARTESIAN_POINT('',(0.,0.));
#1580 = DIRECTION('',(1.,0.));
#1581 = ( GEOMETRIC_REPRESENTATION_CONTEXT(2) 
PARAMETRIC_REPRESENTATION_CONTEXT() REPRESENTATION_CONTEXT('2D SPACE',''
  ) );
#1582 = ADVANCED_FACE('',(#1583),#430,.F.);
#1583 = FACE_BOUND('',#1584,.F.);
#1584 = EDGE_LOOP('',(#1585,#1608,#1609,#1610));
#1585 = ORIENTED_EDGE('',*,*,#1586,.T.);
#1586 = EDGE_CURVE('',#1587,#414,#1589,.T.);
#1587 = VERTEX_POINT('',#1588);
#1588 = CARTESIAN_POINT('',(26.7,-14.,2.6));
#1589 = SEAM_CURVE('',#1590,(#1594,#1601),.PCURVE_S1.);
#1590 = LINE('',#1591,#1592);
#1591 = CARTESIAN_POINT('',(26.7,-14.,-1.));
#1592 = VECTOR('',#1593,1.);
#1593 = DIRECTION('',(0.,0.,1.));
#1594 = PCURVE('',#430,#1595);
#1595 = DEFINITIONAL_REPRESENTATION('',(#1596),#1600);
#1596 = LINE('',#1597,#1598);
#1597 = CARTESIAN_POINT('',(6.28318530718,-0.));
#1598 = VECTOR('',#1599,1.);
#1599 = DIRECTION('',(0.,1.));
#1600 = ( GEOMETRIC_REPRESENTATION_CONTEXT(2) 
PARAMETRIC_REPRESENTATION_CONTEXT() REPRESENTATION_CONTEXT('2D SPACE',''
  ) );
#1601 = PCURVE('',#430,#1602);
#1602 = DEFINITIONAL_REPRESENTATION('',(#1603),#1607);
#1603 = LINE('',#1604,#1605);
#1604 = CARTESIAN_POINT('',(0.,-0.));
#1605 = VECTOR('',#1606,1.);
#1606 = DIRECTION('',(0.,1.));
#1607 = ( GEOMETRIC_REPRESENTATION_CONTEXT(2) 
PARAMETRIC_REPRESENTATION_CONTEXT() REPRESENTATION_CONTEXT('2D SPACE',''
  ) );
#1608 = ORIENTED_EDGE('',*,*,#413,.F.);
#1609 = ORIENTED_EDGE('',*,*,#1586,.F.);
#1610 = ORIENTED_EDGE('',*,*,#1611,.T.);
#1611 = EDGE_CURVE('',#1587,#1587,#1612,.T.);
#1612 = SURFACE_CURVE('',#1613,(#1618,#1625),.PCURVE_S1.);
#1613 = CIRCLE('',#1614,1.7);
#1614 = AXIS2_PLACEMENT_3D('',#1615,#1616,#1617);
#1615 = CARTESIAN_POINT('',(25.,-14.,2.6));
#1616 = DIRECTION('',(0.,0.,1.));
#1617 = DIRECTION('',(1.,0.,-0.));
#1618 = PCURVE('',#430,#1619);
#1619 = DEFINITIONAL_REPRESENTATION('',(#1620),#1624);
#1620 = LINE('',#1621,#1622);
#1621 = CARTESIAN_POINT('',(0.,3.6));
#1622 = VECTOR('',#1623,1.);
#1623 = DIRECTION('',(1.,0.));
#1624 = ( GEOMETRIC_REPRESENTATION_CONTEXT(2) 
PARAMETRIC_REPRESENTATION_CONTEXT() REPRESENTATION_CONTEXT('2D SPACE',''
  ) );
#1625 = PCURVE('',#1626,#1631);
#1626 = PLANE('',#1627);
#1627 = AXIS2_PLACEMENT_3D('',#1628,#1629,#1630);
#1628 = CARTESIAN_POINT('',(25.,-14.,2.6));
#1629 = DIRECTION('',(0.,0.,1.));
#1630 = DIRECTION('',(1.,0.,-0.));
#1631 = DEFINITIONAL_REPRESENTATION('',(#1632),#1636);
#1632 = CIRCLE('',#1633,1.7);
#1633 = AXIS2_PLACEMENT_2D('',#1634,#1635);
#1634 = CARTESIAN_POINT('',(0.,0.));
#1635 = DIRECTION('',(1.,0.));
#1636 = ( GEOMETRIC_REPRESENTATION_CONTEXT(2) 
PARAMETRIC_REPRESENTATION_CONTEXT() REPRESENTATION_CONTEXT('2D SPACE',''
  ) );
#1637 = ADVANCED_FACE('',(#1638),#461,.F.);
#1638 = FACE_BOUND('',#1639,.F.);
#1639 = EDGE_LOOP('',(#1640,#1663,#1664,#1665));
#1640 = ORIENTED_EDGE('',*,*,#1641,.T.);
#1641 = EDGE_CURVE('',#1642,#445,#1644,.T.);
#1642 = VERTEX_POINT('',#1643);
#1643 = CARTESIAN_POINT('',(-23.3,14.,2.6));
#1644 = SEAM_CURVE('',#1645,(#1649,#1656),.PCURVE_S1.);
#1645 = LINE('',#1646,#1647);
#1646 = CARTESIAN_POINT('',(-23.3,14.,-1.));
#1647 = VECTOR('',#1648,1.);
#1648 = DIRECTION('',(0.,0.,1.));
#1649 = PCURVE('',#461,#1650);
#1650 = DEFINITIONAL_REPRESENTATION('',(#1651),#1655);
#1651 = LINE('',#1652,#1653);
#1652 = CARTESIAN_POINT('',(6.28318530718,-0.));
#1653 = VECTOR('',#1654,1.);
#1654 = DIRECTION('',(0.,1.));
#1655 = ( GEOMETRIC_REPRESENTATION_CONTEXT(2) 
PARAMETRIC_REPRESENTATION_CONTEXT() REPRESENTATION_CONTEXT('2D SPACE',''
  ) );
#1656 = PCURVE('',#461,#1657);
#1657 = DEFINITIONAL_REPRESENTATION('',(#1658),#1662);
#1658 = LINE('',#1659,#1660);
#1659 = CARTESIAN_POINT('',(0.,-0.));
#1660 = VECTOR('',#1661,1.);
#1661 = DIRECTION('',(0.,1.));
#1662 = ( GEOMETRIC_REPRESENTATION_CONTEXT(2) 
PARAMETRIC_REPRESENTATION_CONTEXT() REPRESENTATION_CONTEXT('2D SPACE',''
  ) );
#1663 = ORIENTED_EDGE('',*,*,#444,.F.);
#1664 = ORIENTED_EDGE('',*,*,#1641,.F.);
#1665 = ORIENTED_EDGE('',*,*,#1666,.T.);
#1666 = EDGE_CURVE('',#1642,#1642,#1667,.T.);
#1667 = SURFACE_CURVE('',#1668,(#1673,#1680),.PCURVE_S1.);
#1668 = CIRCLE('',#1669,1.7);
#1669 = AXIS2_PLACEMENT_3D('',#1670,#1671,#1672);
#1670 = CARTESIAN_POINT('',(-25.,14.,2.6));
#1671 = DIRECTION('',(0.,0.,1.));
#1672 = DIRECTION('',(1.,0.,-0.));
#1673 = PCURVE('',#461,#1674);
#1674 = DEFINITIONAL_REPRESENTATION('',(#1675),#1679);
#1675 = LINE('',#1676,#1677);
#1676 = CARTESIAN_POINT('',(0.,3.6));
#1677 = VECTOR('',#1678,1.);
#1678 = DIRECTION('',(1.,0.));
#1679 = ( GEOMETRIC_REPRESENTATION_CONTEXT(2) 
PARAMETRIC_REPRESENTATION_CONTEXT() REPRESENTATION_CONTEXT('2D SPACE',''
  ) );
#1680 = PCURVE('',#1681,#1686);
#1681 = PLANE('',#1682);
#1682 = AXIS2_PLACEMENT_3D('',#1683,#1684,#1685);
#1683 = CARTESIAN_POINT('',(-25.,14.,2.6));
#1684 = DIRECTION('',(0.,0.,1.));
#1685 = DIRECTION('',(1.,0.,-0.));
#1686 = DEFINITIONAL_REPRESENTATION('',(#1687),#1691);
#1687 = CIRCLE('',#1688,1.7);
#1688 = AXIS2_PLACEMENT_2D('',#1689,#1690);
#1689 = CARTESIAN_POINT('',(0.,0.));
#1690 = DIRECTION('',(1.,0.));
#1691 = ( GEOMETRIC_REPRESENTATION_CONTEXT(2) 
PARAMETRIC_REPRESENTATION_CONTEXT() REPRESENTATION_CONTEXT('2D SPACE',''
  ) );
#1692 = ADVANCED_FACE('',(#1693),#492,.F.);
#1693 = FACE_BOUND('',#1694,.F.);
#1694 = EDGE_LOOP('',(#1695,#1718,#1719,#1720));
#1695 = ORIENTED_EDGE('',*,*,#1696,.T.);
#1696 = EDGE_CURVE('',#1697,#476,#1699,.T.);
#1697 = VERTEX_POINT('',#1698);
#1698 = CARTESIAN_POINT('',(26.7,14.,2.6));
#1699 = SEAM_CURVE('',#1700,(#1704,#1711),.PCURVE_S1.);
#1700 = LINE('',#1701,#1702);
#1701 = CARTESIAN_POINT('',(26.7,14.,-1.));
#1702 = VECTOR('',#1703,1.);
#1703 = DIRECTION('',(0.,0.,1.));
#1704 = PCURVE('',#492,#1705);
#1705 = DEFINITIONAL_REPRESENTATION('',(#1706),#1710);
#1706 = LINE('',#1707,#1708);
#1707 = CARTESIAN_POINT('',(6.28318530718,-0.));
#1708 = VECTOR('',#1709,1.);
#1709 = DIRECTION('',(0.,1.));
#1710 = ( GEOMETRIC_REPRESENTATION_CONTEXT(2) 
PARAMETRIC_REPRESENTATION_CONTEXT() REPRESENTATION_CONTEXT('2D SPACE',''
  ) );
#1711 = PCURVE('',#492,#1712);
#1712 = DEFINITIONAL_REPRESENTATION('',(#1713),#1717);
#1713 = LINE('',#1714,#1715);
#1714 = CARTESIAN_POINT('',(0.,-0.));
#1715 = VECTOR('',#1716,1.);
#1716 = DIRECTION('',(0.,1.));
#1717 = ( GEOMETRIC_REPRESENTATION_CONTEXT(2) 
PARAMETRIC_REPRESENTATION_CONTEXT() REPRESENTATION_CONTEXT('2D SPACE',''
  ) );
#1718 = ORIENTED_EDGE('',*,*,#475,.F.);
#1719 = ORIENTED_EDGE('',*,*,#1696,.F.);
#1720 = ORIENTED_EDGE('',*,*,#1721,.T.);
#1721 = EDGE_CURVE('',#1697,#1697,#1722,.T.);
#1722 = SURFACE_CURVE('',#1723,(#1728,#1735),.PCURVE_S1.);
#1723 = CIRCLE('',#1724,1.7);
#1724 = AXIS2_PLACEMENT_3D('',#1725,#1726,#1727);
#1725 = CARTESIAN_POINT('',(25.,14.,2.6));
#1726 = DIRECTION('',(0.,0.,1.));
#1727 = DIRECTION('',(1.,0.,-0.));
#1728 = PCURVE('',#492,#1729);
#1729 = DEFINITIONAL_REPRESENTATION('',(#1730),#1734);
#1730 = LINE('',#1731,#1732);
#1731 = CARTESIAN_POINT('',(0.,3.6));
#1732 = VECTOR('',#1733,1.);
#1733 = DIRECTION('',(1.,0.));
#1734 = ( GEOMETRIC_REPRESENTATION_CONTEXT(2) 
PARAMETRIC_REPRESENTATION_CONTEXT() REPRESENTATION_CONTEXT('2D SPACE',''
  ) );
#1735 = PCURVE('',#1736,#1741);
#1736 = PLANE('',#1737);
#1737 = AXIS2_PLACEMENT_3D('',#1738,#1739,#1740);
#1738 = CARTESIAN_POINT('',(25.,14.,2.6));
#1739 = DIRECTION('',(0.,0.,1.));
#1740 = DIRECTION('',(1.,0.,-0.));
#1741 = DEFINITIONAL_REPRESENTATION('',(#1742),#1746);
#1742 = CIRCLE('',#1743,1.7);
#1743 = AXIS2_PLACEMENT_2D('',#1744,#1745);
#1744 = CARTESIAN_POINT('',(0.,0.));
#1745 = DIRECTION('',(1.,0.));
#1746 = ( GEOMETRIC_REPRESENTATION_CONTEXT(2) 
PARAMETRIC_REPRESENTATION_CONTEXT() REPRESENTATION_CONTEXT('2D SPACE',''
  ) );
#1747 = ADVANCED_FACE('',(#1748),#753,.T.);
#1748 = FACE_BOUND('',#1749,.T.);
#1749 = EDGE_LOOP('',(#1750,#1773,#1796,#1817));
#1750 = ORIENTED_EDGE('',*,*,#1751,.T.);
#1751 = EDGE_CURVE('',#736,#1752,#1754,.T.);
#1752 = VERTEX_POINT('',#1753);
#1753 = CARTESIAN_POINT('',(-21.70910346561,-14.,2.6));
#1754 = SURFACE_CURVE('',#1755,(#1759,#1766),.PCURVE_S1.);
#1755 = LINE('',#1756,#1757);
#1756 = CARTESIAN_POINT('',(-21.70910346561,-14.,0.));
#1757 = VECTOR('',#1758,1.);
#1758 = DIRECTION('',(0.,0.,1.));
#1759 = PCURVE('',#753,#1760);
#1760 = DEFINITIONAL_REPRESENTATION('',(#1761),#1765);
#1761 = LINE('',#1762,#1763);
#1762 = CARTESIAN_POINT('',(0.,0.));
#1763 = VECTOR('',#1764,1.);
#1764 = DIRECTION('',(0.,-1.));
#1765 = ( GEOMETRIC_REPRESENTATION_CONTEXT(2) 
PARAMETRIC_REPRESENTATION_CONTEXT() REPRESENTATION_CONTEXT('2D SPACE',''
  ) );
#1766 = PCURVE('',#781,#1767);
#1767 = DEFINITIONAL_REPRESENTATION('',(#1768),#1772);
#1768 = LINE('',#1769,#1770);
#1769 = CARTESIAN_POINT('',(3.290896534381,0.));
#1770 = VECTOR('',#1771,1.);
#1771 = DIRECTION('',(0.,-1.));
#1772 = ( GEOMETRIC_REPRESENTATION_CONTEXT(2) 
PARAMETRIC_REPRESENTATION_CONTEXT() REPRESENTATION_CONTEXT('2D SPACE',''
  ) );
#1773 = ORIENTED_EDGE('',*,*,#1774,.T.);
#1774 = EDGE_CURVE('',#1752,#1775,#1777,.T.);
#1775 = VERTEX_POINT('',#1776);
#1776 = CARTESIAN_POINT('',(-23.35455173281,-11.15,2.6));
#1777 = SURFACE_CURVE('',#1778,(#1782,#1789),.PCURVE_S1.);
#1778 = LINE('',#1779,#1780);
#1779 = CARTESIAN_POINT('',(-21.70910346561,-14.,2.6));
#1780 = VECTOR('',#1781,1.);
#1781 = DIRECTION('',(-0.5,0.866025403784,0.));
#1782 = PCURVE('',#753,#1783);
#1783 = DEFINITIONAL_REPRESENTATION('',(#1784),#1788);
#1784 = LINE('',#1785,#1786);
#1785 = CARTESIAN_POINT('',(0.,-2.6));
#1786 = VECTOR('',#1787,1.);
#1787 = DIRECTION('',(1.,0.));
#1788 = ( GEOMETRIC_REPRESENTATION_CONTEXT(2) 
PARAMETRIC_REPRESENTATION_CONTEXT() REPRESENTATION_CONTEXT('2D SPACE',''
  ) );
#1789 = PCURVE('',#1571,#1790);
#1790 = DEFINITIONAL_REPRESENTATION('',(#1791),#1795);
#1791 = LINE('',#1792,#1793);
#1792 = CARTESIAN_POINT('',(3.290896534381,0.));
#1793 = VECTOR('',#1794,1.);
#1794 = DIRECTION('',(-0.5,0.866025403784));
#1795 = ( GEOMETRIC_REPRESENTATION_CONTEXT(2) 
PARAMETRIC_REPRESENTATION_CONTEXT() REPRESENTATION_CONTEXT('2D SPACE',''
  ) );
#1796 = ORIENTED_EDGE('',*,*,#1797,.F.);
#1797 = EDGE_CURVE('',#738,#1775,#1798,.T.);
#1798 = SURFACE_CURVE('',#1799,(#1803,#1810),.PCURVE_S1.);
#1799 = LINE('',#1800,#1801);
#1800 = CARTESIAN_POINT('',(-23.35455173281,-11.15,0.));
#1801 = VECTOR('',#1802,1.);
#1802 = DIRECTION('',(0.,0.,1.));
#1803 = PCURVE('',#753,#1804);
#1804 = DEFINITIONAL_REPRESENTATION('',(#1805),#1809);
#1805 = LINE('',#1806,#1807);
#1806 = CARTESIAN_POINT('',(3.290896534381,0.));
#1807 = VECTOR('',#1808,1.);
#1808 = DIRECTION('',(0.,-1.));
#1809 = ( GEOMETRIC_REPRESENTATION_CONTEXT(2) 
PARAMETRIC_REPRESENTATION_CONTEXT() REPRESENTATION_CONTEXT('2D SPACE',''
  ) );
#1810 = PCURVE('',#891,#1811);
#1811 = DEFINITIONAL_REPRESENTATION('',(#1812),#1816);
#1812 = LINE('',#1813,#1814);
#1813 = CARTESIAN_POINT('',(0.,0.));
#1814 = VECTOR('',#1815,1.);
#1815 = DIRECTION('',(0.,-1.));
#1816 = ( GEOMETRIC_REPRESENTATION_CONTEXT(2) 
PARAMETRIC_REPRESENTATION_CONTEXT() REPRESENTATION_CONTEXT('2D SPACE',''
  ) );
#1817 = ORIENTED_EDGE('',*,*,#735,.F.);
#1818 = ADVANCED_FACE('',(#1819),#781,.T.);
#1819 = FACE_BOUND('',#1820,.T.);
#1820 = EDGE_LOOP('',(#1821,#1844,#1865,#1866));
#1821 = ORIENTED_EDGE('',*,*,#1822,.T.);
#1822 = EDGE_CURVE('',#766,#1823,#1825,.T.);
#1823 = VERTEX_POINT('',#1824);
#1824 = CARTESIAN_POINT('',(-23.35455173281,-16.85,2.6));
#1825 = SURFACE_CURVE('',#1826,(#1830,#1837),.PCURVE_S1.);
#1826 = LINE('',#1827,#1828);
#1827 = CARTESIAN_POINT('',(-23.35455173281,-16.85,0.));
#1828 = VECTOR('',#1829,1.);
#1829 = DIRECTION('',(0.,0.,1.));
#1830 = PCURVE('',#781,#1831);
#1831 = DEFINITIONAL_REPRESENTATION('',(#1832),#1836);
#1832 = LINE('',#1833,#1834);
#1833 = CARTESIAN_POINT('',(0.,0.));
#1834 = VECTOR('',#1835,1.);
#1835 = DIRECTION('',(0.,-1.));
#1836 = ( GEOMETRIC_REPRESENTATION_CONTEXT(2) 
PARAMETRIC_REPRESENTATION_CONTEXT() REPRESENTATION_CONTEXT('2D SPACE',''
  ) );
#1837 = PCURVE('',#809,#1838);
#1838 = DEFINITIONAL_REPRESENTATION('',(#1839),#1843);
#1839 = LINE('',#1840,#1841);
#1840 = CARTESIAN_POINT('',(3.290896534381,0.));
#1841 = VECTOR('',#1842,1.);
#1842 = DIRECTION('',(0.,-1.));
#1843 = ( GEOMETRIC_REPRESENTATION_CONTEXT(2) 
PARAMETRIC_REPRESENTATION_CONTEXT() REPRESENTATION_CONTEXT('2D SPACE',''
  ) );
#1844 = ORIENTED_EDGE('',*,*,#1845,.T.);
#1845 = EDGE_CURVE('',#1823,#1752,#1846,.T.);
#1846 = SURFACE_CURVE('',#1847,(#1851,#1858),.PCURVE_S1.);
#1847 = LINE('',#1848,#1849);
#1848 = CARTESIAN_POINT('',(-23.35455173281,-16.85,2.6));
#1849 = VECTOR('',#1850,1.);
#1850 = DIRECTION('',(0.5,0.866025403784,0.));
#1851 = PCURVE('',#781,#1852);
#1852 = DEFINITIONAL_REPRESENTATION('',(#1853),#1857);
#1853 = LINE('',#1854,#1855);
#1854 = CARTESIAN_POINT('',(0.,-2.6));
#1855 = VECTOR('',#1856,1.);
#1856 = DIRECTION('',(1.,0.));
#1857 = ( GEOMETRIC_REPRESENTATION_CONTEXT(2) 
PARAMETRIC_REPRESENTATION_CONTEXT() REPRESENTATION_CONTEXT('2D SPACE',''
  ) );
#1858 = PCURVE('',#1571,#1859);
#1859 = DEFINITIONAL_REPRESENTATION('',(#1860),#1864);
#1860 = LINE('',#1861,#1862);
#1861 = CARTESIAN_POINT('',(1.64544826719,-2.85));
#1862 = VECTOR('',#1863,1.);
#1863 = DIRECTION('',(0.5,0.866025403784));
#1864 = ( GEOMETRIC_REPRESENTATION_CONTEXT(2) 
PARAMETRIC_REPRESENTATION_CONTEXT() REPRESENTATION_CONTEXT('2D SPACE',''
  ) );
#1865 = ORIENTED_EDGE('',*,*,#1751,.F.);
#1866 = ORIENTED_EDGE('',*,*,#765,.F.);
#1867 = ADVANCED_FACE('',(#1868),#891,.T.);
#1868 = FACE_BOUND('',#1869,.T.);
#1869 = EDGE_LOOP('',(#1870,#1871,#1894,#1915));
#1870 = ORIENTED_EDGE('',*,*,#1797,.T.);
#1871 = ORIENTED_EDGE('',*,*,#1872,.T.);
#1872 = EDGE_CURVE('',#1775,#1873,#1875,.T.);
#1873 = VERTEX_POINT('',#1874);
#1874 = CARTESIAN_POINT('',(-26.64544826719,-11.15,2.6));
#1875 = SURFACE_CURVE('',#1876,(#1880,#1887),.PCURVE_S1.);
#1876 = LINE('',#1877,#1878);
#1877 = CARTESIAN_POINT('',(-23.35455173281,-11.15,2.6));
#1878 = VECTOR('',#1879,1.);
#1879 = DIRECTION('',(-1.,1.349447499217E-16,0.));
#1880 = PCURVE('',#891,#1881);
#1881 = DEFINITIONAL_REPRESENTATION('',(#1882),#1886);
#1882 = LINE('',#1883,#1884);
#1883 = CARTESIAN_POINT('',(0.,-2.6));
#1884 = VECTOR('',#1885,1.);
#1885 = DIRECTION('',(1.,0.));
#1886 = ( GEOMETRIC_REPRESENTATION_CONTEXT(2) 
PARAMETRIC_REPRESENTATION_CONTEXT() REPRESENTATION_CONTEXT('2D SPACE',''
  ) );
#1887 = PCURVE('',#1571,#1888);
#1888 = DEFINITIONAL_REPRESENTATION('',(#1889),#1893);
#1889 = LINE('',#1890,#1891);
#1890 = CARTESIAN_POINT('',(1.64544826719,2.85));
#1891 = VECTOR('',#1892,1.);
#1892 = DIRECTION('',(-1.,1.349447499217E-16));
#1893 = ( GEOMETRIC_REPRESENTATION_CONTEXT(2) 
PARAMETRIC_REPRESENTATION_CONTEXT() REPRESENTATION_CONTEXT('2D SPACE',''
  ) );
#1894 = ORIENTED_EDGE('',*,*,#1895,.F.);
#1895 = EDGE_CURVE('',#850,#1873,#1896,.T.);
#1896 = SURFACE_CURVE('',#1897,(#1901,#1908),.PCURVE_S1.);
#1897 = LINE('',#1898,#1899);
#1898 = CARTESIAN_POINT('',(-26.64544826719,-11.15,0.));
#1899 = VECTOR('',#1900,1.);
#1900 = DIRECTION('',(0.,0.,1.));
#1901 = PCURVE('',#891,#1902);
#1902 = DEFINITIONAL_REPRESENTATION('',(#1903),#1907);
#1903 = LINE('',#1904,#1905);
#1904 = CARTESIAN_POINT('',(3.290896534381,0.));
#1905 = VECTOR('',#1906,1.);
#1906 = DIRECTION('',(0.,-1.));
#1907 = ( GEOMETRIC_REPRESENTATION_CONTEXT(2) 
PARAMETRIC_REPRESENTATION_CONTEXT() REPRESENTATION_CONTEXT('2D SPACE',''
  ) );
#1908 = PCURVE('',#865,#1909);
#1909 = DEFINITIONAL_REPRESENTATION('',(#1910),#1914);
#1910 = LINE('',#1911,#1912);
#1911 = CARTESIAN_POINT('',(0.,0.));
#1912 = VECTOR('',#1913,1.);
#1913 = DIRECTION('',(0.,-1.));
#1914 = ( GEOMETRIC_REPRESENTATION_CONTEXT(2) 
PARAMETRIC_REPRESENTATION_CONTEXT() REPRESENTATION_CONTEXT('2D SPACE',''
  ) );
#1915 = ORIENTED_EDGE('',*,*,#877,.F.);
#1916 = ADVANCED_FACE('',(#1917),#809,.T.);
#1917 = FACE_BOUND('',#1918,.T.);
#1918 = EDGE_LOOP('',(#1919,#1942,#1963,#1964));
#1919 = ORIENTED_EDGE('',*,*,#1920,.T.);
#1920 = EDGE_CURVE('',#794,#1921,#1923,.T.);
#1921 = VERTEX_POINT('',#1922);
#1922 = CARTESIAN_POINT('',(-26.64544826719,-16.85,2.6));
#1923 = SURFACE_CURVE('',#1924,(#1928,#1935),.PCURVE_S1.);
#1924 = LINE('',#1925,#1926);
#1925 = CARTESIAN_POINT('',(-26.64544826719,-16.85,0.));
#1926 = VECTOR('',#1927,1.);
#1927 = DIRECTION('',(0.,0.,1.));
#1928 = PCURVE('',#809,#1929);
#1929 = DEFINITIONAL_REPRESENTATION('',(#1930),#1934);
#1930 = LINE('',#1931,#1932);
#1931 = CARTESIAN_POINT('',(0.,0.));
#1932 = VECTOR('',#1933,1.);
#1933 = DIRECTION('',(0.,-1.));
#1934 = ( GEOMETRIC_REPRESENTATION_CONTEXT(2) 
PARAMETRIC_REPRESENTATION_CONTEXT() REPRESENTATION_CONTEXT('2D SPACE',''
  ) );
#1935 = PCURVE('',#837,#1936);
#1936 = DEFINITIONAL_REPRESENTATION('',(#1937),#1941);
#1937 = LINE('',#1938,#1939);
#1938 = CARTESIAN_POINT('',(3.290896534381,0.));
#1939 = VECTOR('',#1940,1.);
#1940 = DIRECTION('',(0.,-1.));
#1941 = ( GEOMETRIC_REPRESENTATION_CONTEXT(2) 
PARAMETRIC_REPRESENTATION_CONTEXT() REPRESENTATION_CONTEXT('2D SPACE',''
  ) );
#1942 = ORIENTED_EDGE('',*,*,#1943,.T.);
#1943 = EDGE_CURVE('',#1921,#1823,#1944,.T.);
#1944 = SURFACE_CURVE('',#1945,(#1949,#1956),.PCURVE_S1.);
#1945 = LINE('',#1946,#1947);
#1946 = CARTESIAN_POINT('',(-26.64544826719,-16.85,2.6));
#1947 = VECTOR('',#1948,1.);
#1948 = DIRECTION('',(1.,-5.397789996866E-16,0.));
#1949 = PCURVE('',#809,#1950);
#1950 = DEFINITIONAL_REPRESENTATION('',(#1951),#1955);
#1951 = LINE('',#1952,#1953);
#1952 = CARTESIAN_POINT('',(0.,-2.6));
#1953 = VECTOR('',#1954,1.);
#1954 = DIRECTION('',(1.,0.));
#1955 = ( GEOMETRIC_REPRESENTATION_CONTEXT(2) 
PARAMETRIC_REPRESENTATION_CONTEXT() REPRESENTATION_CONTEXT('2D SPACE',''
  ) );
#1956 = PCURVE('',#1571,#1957);
#1957 = DEFINITIONAL_REPRESENTATION('',(#1958),#1962);
#1958 = LINE('',#1959,#1960);
#1959 = CARTESIAN_POINT('',(-1.64544826719,-2.85));
#1960 = VECTOR('',#1961,1.);
#1961 = DIRECTION('',(1.,-5.397789996866E-16));
#1962 = ( GEOMETRIC_REPRESENTATION_CONTEXT(2) 
PARAMETRIC_REPRESENTATION_CONTEXT() REPRESENTATION_CONTEXT('2D SPACE',''
  ) );
#1963 = ORIENTED_EDGE('',*,*,#1822,.F.);
#1964 = ORIENTED_EDGE('',*,*,#793,.F.);
#1965 = ADVANCED_FACE('',(#1966),#865,.T.);
#1966 = FACE_BOUND('',#1967,.T.);
#1967 = EDGE_LOOP('',(#1968,#1969,#1992,#2013));
#1968 = ORIENTED_EDGE('',*,*,#1895,.T.);
#1969 = ORIENTED_EDGE('',*,*,#1970,.T.);
#1970 = EDGE_CURVE('',#1873,#1971,#1973,.T.);
#1971 = VERTEX_POINT('',#1972);
#1972 = CARTESIAN_POINT('',(-28.29089653438,-14.,2.6));
#1973 = SURFACE_CURVE('',#1974,(#1978,#1985),.PCURVE_S1.);
#1974 = LINE('',#1975,#1976);
#1975 = CARTESIAN_POINT('',(-26.64544826719,-11.15,2.6));
#1976 = VECTOR('',#1977,1.);
#1977 = DIRECTION('',(-0.5,-0.866025403784,0.));
#1978 = PCURVE('',#865,#1979);
#1979 = DEFINITIONAL_REPRESENTATION('',(#1980),#1984);
#1980 = LINE('',#1981,#1982);
#1981 = CARTESIAN_POINT('',(0.,-2.6));
#1982 = VECTOR('',#1983,1.);
#1983 = DIRECTION('',(1.,0.));
#1984 = ( GEOMETRIC_REPRESENTATION_CONTEXT(2) 
PARAMETRIC_REPRESENTATION_CONTEXT() REPRESENTATION_CONTEXT('2D SPACE',''
  ) );
#1985 = PCURVE('',#1571,#1986);
#1986 = DEFINITIONAL_REPRESENTATION('',(#1987),#1991);
#1987 = LINE('',#1988,#1989);
#1988 = CARTESIAN_POINT('',(-1.64544826719,2.85));
#1989 = VECTOR('',#1990,1.);
#1990 = DIRECTION('',(-0.5,-0.866025403784));
#1991 = ( GEOMETRIC_REPRESENTATION_CONTEXT(2) 
PARAMETRIC_REPRESENTATION_CONTEXT() REPRESENTATION_CONTEXT('2D SPACE',''
  ) );
#1992 = ORIENTED_EDGE('',*,*,#1993,.F.);
#1993 = EDGE_CURVE('',#822,#1971,#1994,.T.);
#1994 = SURFACE_CURVE('',#1995,(#1999,#2006),.PCURVE_S1.);
#1995 = LINE('',#1996,#1997);
#1996 = CARTESIAN_POINT('',(-28.29089653438,-14.,0.));
#1997 = VECTOR('',#1998,1.);
#1998 = DIRECTION('',(0.,0.,1.));
#1999 = PCURVE('',#865,#2000);
#2000 = DEFINITIONAL_REPRESENTATION('',(#2001),#2005);
#2001 = LINE('',#2002,#2003);
#2002 = CARTESIAN_POINT('',(3.290896534381,0.));
#2003 = VECTOR('',#2004,1.);
#2004 = DIRECTION('',(0.,-1.));
#2005 = ( GEOMETRIC_REPRESENTATION_CONTEXT(2) 
PARAMETRIC_REPRESENTATION_CONTEXT() REPRESENTATION_CONTEXT('2D SPACE',''
  ) );
#2006 = PCURVE('',#837,#2007);
#2007 = DEFINITIONAL_REPRESENTATION('',(#2008),#2012);
#2008 = LINE('',#2009,#2010);
#2009 = CARTESIAN_POINT('',(0.,0.));
#2010 = VECTOR('',#2011,1.);
#2011 = DIRECTION('',(0.,-1.));
#2012 = ( GEOMETRIC_REPRESENTATION_CONTEXT(2) 
PARAMETRIC_REPRESENTATION_CONTEXT() REPRESENTATION_CONTEXT('2D SPACE',''
  ) );
#2013 = ORIENTED_EDGE('',*,*,#849,.F.);
#2014 = ADVANCED_FACE('',(#2015),#837,.T.);
#2015 = FACE_BOUND('',#2016,.T.);
#2016 = EDGE_LOOP('',(#2017,#2018,#2039,#2040));
#2017 = ORIENTED_EDGE('',*,*,#1993,.T.);
#2018 = ORIENTED_EDGE('',*,*,#2019,.T.);
#2019 = EDGE_CURVE('',#1971,#1921,#2020,.T.);
#2020 = SURFACE_CURVE('',#2021,(#2025,#2032),.PCURVE_S1.);
#2021 = LINE('',#2022,#2023);
#2022 = CARTESIAN_POINT('',(-28.29089653438,-14.,2.6));
#2023 = VECTOR('',#2024,1.);
#2024 = DIRECTION('',(0.5,-0.866025403784,0.));
#2025 = PCURVE('',#837,#2026);
#2026 = DEFINITIONAL_REPRESENTATION('',(#2027),#2031);
#2027 = LINE('',#2028,#2029);
#2028 = CARTESIAN_POINT('',(0.,-2.6));
#2029 = VECTOR('',#2030,1.);
#2030 = DIRECTION('',(1.,0.));
#2031 = ( GEOMETRIC_REPRESENTATION_CONTEXT(2) 
PARAMETRIC_REPRESENTATION_CONTEXT() REPRESENTATION_CONTEXT('2D SPACE',''
  ) );
#2032 = PCURVE('',#1571,#2033);
#2033 = DEFINITIONAL_REPRESENTATION('',(#2034),#2038);
#2034 = LINE('',#2035,#2036);
#2035 = CARTESIAN_POINT('',(-3.290896534381,0.));
#2036 = VECTOR('',#2037,1.);
#2037 = DIRECTION('',(0.5,-0.866025403784));
#2038 = ( GEOMETRIC_REPRESENTATION_CONTEXT(2) 
PARAMETRIC_REPRESENTATION_CONTEXT() REPRESENTATION_CONTEXT('2D SPACE',''
  ) );
#2039 = ORIENTED_EDGE('',*,*,#1920,.F.);
#2040 = ORIENTED_EDGE('',*,*,#821,.F.);
#2041 = ADVANCED_FACE('',(#2042),#923,.T.);
#2042 = FACE_BOUND('',#2043,.T.);
#2043 = EDGE_LOOP('',(#2044,#2067,#2090,#2111));
#2044 = ORIENTED_EDGE('',*,*,#2045,.T.);
#2045 = EDGE_CURVE('',#906,#2046,#2048,.T.);
#2046 = VERTEX_POINT('',#2047);
#2047 = CARTESIAN_POINT('',(28.290896534381,-14.,2.6));
#2048 = SURFACE_CURVE('',#2049,(#2053,#2060),.PCURVE_S1.);
#2049 = LINE('',#2050,#2051);
#2050 = CARTESIAN_POINT('',(28.290896534381,-14.,0.));
#2051 = VECTOR('',#2052,1.);
#2052 = DIRECTION('',(0.,0.,1.));
#2053 = PCURVE('',#923,#2054);
#2054 = DEFINITIONAL_REPRESENTATION('',(#2055),#2059);
#2055 = LINE('',#2056,#2057);
#2056 = CARTESIAN_POINT('',(0.,0.));
#2057 = VECTOR('',#2058,1.);
#2058 = DIRECTION('',(0.,-1.));
#2059 = ( GEOMETRIC_REPRESENTATION_CONTEXT(2) 
PARAMETRIC_REPRESENTATION_CONTEXT() REPRESENTATION_CONTEXT('2D SPACE',''
  ) );
#2060 = PCURVE('',#951,#2061);
#2061 = DEFINITIONAL_REPRESENTATION('',(#2062),#2066);
#2062 = LINE('',#2063,#2064);
#2063 = CARTESIAN_POINT('',(3.290896534381,0.));
#2064 = VECTOR('',#2065,1.);
#2065 = DIRECTION('',(0.,-1.));
#2066 = ( GEOMETRIC_REPRESENTATION_CONTEXT(2) 
PARAMETRIC_REPRESENTATION_CONTEXT() REPRESENTATION_CONTEXT('2D SPACE',''
  ) );
#2067 = ORIENTED_EDGE('',*,*,#2068,.T.);
#2068 = EDGE_CURVE('',#2046,#2069,#2071,.T.);
#2069 = VERTEX_POINT('',#2070);
#2070 = CARTESIAN_POINT('',(26.64544826719,-11.15,2.6));
#2071 = SURFACE_CURVE('',#2072,(#2076,#2083),.PCURVE_S1.);
#2072 = LINE('',#2073,#2074);
#2073 = CARTESIAN_POINT('',(28.290896534381,-14.,2.6));
#2074 = VECTOR('',#2075,1.);
#2075 = DIRECTION('',(-0.5,0.866025403784,0.));
#2076 = PCURVE('',#923,#2077);
#2077 = DEFINITIONAL_REPRESENTATION('',(#2078),#2082);
#2078 = LINE('',#2079,#2080);
#2079 = CARTESIAN_POINT('',(0.,-2.6));
#2080 = VECTOR('',#2081,1.);
#2081 = DIRECTION('',(1.,0.));
#2082 = ( GEOMETRIC_REPRESENTATION_CONTEXT(2) 
PARAMETRIC_REPRESENTATION_CONTEXT() REPRESENTATION_CONTEXT('2D SPACE',''
  ) );
#2083 = PCURVE('',#1626,#2084);
#2084 = DEFINITIONAL_REPRESENTATION('',(#2085),#2089);
#2085 = LINE('',#2086,#2087);
#2086 = CARTESIAN_POINT('',(3.290896534381,0.));
#2087 = VECTOR('',#2088,1.);
#2088 = DIRECTION('',(-0.5,0.866025403784));
#2089 = ( GEOMETRIC_REPRESENTATION_CONTEXT(2) 
PARAMETRIC_REPRESENTATION_CONTEXT() REPRESENTATION_CONTEXT('2D SPACE',''
  ) );
#2090 = ORIENTED_EDGE('',*,*,#2091,.F.);
#2091 = EDGE_CURVE('',#908,#2069,#2092,.T.);
#2092 = SURFACE_CURVE('',#2093,(#2097,#2104),.PCURVE_S1.);
#2093 = LINE('',#2094,#2095);
#2094 = CARTESIAN_POINT('',(26.64544826719,-11.15,0.));
#2095 = VECTOR('',#2096,1.);
#2096 = DIRECTION('',(0.,0.,1.));
#2097 = PCURVE('',#923,#2098);
#2098 = DEFINITIONAL_REPRESENTATION('',(#2099),#2103);
#2099 = LINE('',#2100,#2101);
#2100 = CARTESIAN_POINT('',(3.290896534381,0.));
#2101 = VECTOR('',#2102,1.);
#2102 = DIRECTION('',(0.,-1.));
#2103 = ( GEOMETRIC_REPRESENTATION_CONTEXT(2) 
PARAMETRIC_REPRESENTATION_CONTEXT() REPRESENTATION_CONTEXT('2D SPACE',''
  ) );
#2104 = PCURVE('',#1061,#2105);
#2105 = DEFINITIONAL_REPRESENTATION('',(#2106),#2110);
#2106 = LINE('',#2107,#2108);
#2107 = CARTESIAN_POINT('',(0.,0.));
#2108 = VECTOR('',#2109,1.);
#2109 = DIRECTION('',(0.,-1.));
#2110 = ( GEOMETRIC_REPRESENTATION_CONTEXT(2) 
PARAMETRIC_REPRESENTATION_CONTEXT() REPRESENTATION_CONTEXT('2D SPACE',''
  ) );
#2111 = ORIENTED_EDGE('',*,*,#905,.F.);
#2112 = ADVANCED_FACE('',(#2113),#951,.T.);
#2113 = FACE_BOUND('',#2114,.T.);
#2114 = EDGE_LOOP('',(#2115,#2138,#2159,#2160));
#2115 = ORIENTED_EDGE('',*,*,#2116,.T.);
#2116 = EDGE_CURVE('',#936,#2117,#2119,.T.);
#2117 = VERTEX_POINT('',#2118);
#2118 = CARTESIAN_POINT('',(26.64544826719,-16.85,2.6));
#2119 = SURFACE_CURVE('',#2120,(#2124,#2131),.PCURVE_S1.);
#2120 = LINE('',#2121,#2122);
#2121 = CARTESIAN_POINT('',(26.64544826719,-16.85,0.));
#2122 = VECTOR('',#2123,1.);
#2123 = DIRECTION('',(0.,0.,1.));
#2124 = PCURVE('',#951,#2125);
#2125 = DEFINITIONAL_REPRESENTATION('',(#2126),#2130);
#2126 = LINE('',#2127,#2128);
#2127 = CARTESIAN_POINT('',(0.,0.));
#2128 = VECTOR('',#2129,1.);
#2129 = DIRECTION('',(0.,-1.));
#2130 = ( GEOMETRIC_REPRESENTATION_CONTEXT(2) 
PARAMETRIC_REPRESENTATION_CONTEXT() REPRESENTATION_CONTEXT('2D SPACE',''
  ) );
#2131 = PCURVE('',#979,#2132);
#2132 = DEFINITIONAL_REPRESENTATION('',(#2133),#2137);
#2133 = LINE('',#2134,#2135);
#2134 = CARTESIAN_POINT('',(3.290896534381,0.));
#2135 = VECTOR('',#2136,1.);
#2136 = DIRECTION('',(0.,-1.));
#2137 = ( GEOMETRIC_REPRESENTATION_CONTEXT(2) 
PARAMETRIC_REPRESENTATION_CONTEXT() REPRESENTATION_CONTEXT('2D SPACE',''
  ) );
#2138 = ORIENTED_EDGE('',*,*,#2139,.T.);
#2139 = EDGE_CURVE('',#2117,#2046,#2140,.T.);
#2140 = SURFACE_CURVE('',#2141,(#2145,#2152),.PCURVE_S1.);
#2141 = LINE('',#2142,#2143);
#2142 = CARTESIAN_POINT('',(26.64544826719,-16.85,2.6));
#2143 = VECTOR('',#2144,1.);
#2144 = DIRECTION('',(0.5,0.866025403784,0.));
#2145 = PCURVE('',#951,#2146);
#2146 = DEFINITIONAL_REPRESENTATION('',(#2147),#2151);
#2147 = LINE('',#2148,#2149);
#2148 = CARTESIAN_POINT('',(0.,-2.6));
#2149 = VECTOR('',#2150,1.);
#2150 = DIRECTION('',(1.,0.));
#2151 = ( GEOMETRIC_REPRESENTATION_CONTEXT(2) 
PARAMETRIC_REPRESENTATION_CONTEXT() REPRESENTATION_CONTEXT('2D SPACE',''
  ) );
#2152 = PCURVE('',#1626,#2153);
#2153 = DEFINITIONAL_REPRESENTATION('',(#2154),#2158);
#2154 = LINE('',#2155,#2156);
#2155 = CARTESIAN_POINT('',(1.64544826719,-2.85));
#2156 = VECTOR('',#2157,1.);
#2157 = DIRECTION('',(0.5,0.866025403784));
#2158 = ( GEOMETRIC_REPRESENTATION_CONTEXT(2) 
PARAMETRIC_REPRESENTATION_CONTEXT() REPRESENTATION_CONTEXT('2D SPACE',''
  ) );
#2159 = ORIENTED_EDGE('',*,*,#2045,.F.);
#2160 = ORIENTED_EDGE('',*,*,#935,.F.);
#2161 = ADVANCED_FACE('',(#2162),#1061,.T.);
#2162 = FACE_BOUND('',#2163,.T.);
#2163 = EDGE_LOOP('',(#2164,#2165,#2188,#2209));
#2164 = ORIENTED_EDGE('',*,*,#2091,.T.);
#2165 = ORIENTED_EDGE('',*,*,#2166,.T.);
#2166 = EDGE_CURVE('',#2069,#2167,#2169,.T.);
#2167 = VERTEX_POINT('',#2168);
#2168 = CARTESIAN_POINT('',(23.35455173281,-11.15,2.6));
#2169 = SURFACE_CURVE('',#2170,(#2174,#2181),.PCURVE_S1.);
#2170 = LINE('',#2171,#2172);
#2171 = CARTESIAN_POINT('',(26.64544826719,-11.15,2.6));
#2172 = VECTOR('',#2173,1.);
#2173 = DIRECTION('',(-1.,1.349447499217E-16,0.));
#2174 = PCURVE('',#1061,#2175);
#2175 = DEFINITIONAL_REPRESENTATION('',(#2176),#2180);
#2176 = LINE('',#2177,#2178);
#2177 = CARTESIAN_POINT('',(0.,-2.6));
#2178 = VECTOR('',#2179,1.);
#2179 = DIRECTION('',(1.,0.));
#2180 = ( GEOMETRIC_REPRESENTATION_CONTEXT(2) 
PARAMETRIC_REPRESENTATION_CONTEXT() REPRESENTATION_CONTEXT('2D SPACE',''
  ) );
#2181 = PCURVE('',#1626,#2182);
#2182 = DEFINITIONAL_REPRESENTATION('',(#2183),#2187);
#2183 = LINE('',#2184,#2185);
#2184 = CARTESIAN_POINT('',(1.64544826719,2.85));
#2185 = VECTOR('',#2186,1.);
#2186 = DIRECTION('',(-1.,1.349447499217E-16));
#2187 = ( GEOMETRIC_REPRESENTATION_CONTEXT(2) 
PARAMETRIC_REPRESENTATION_CONTEXT() REPRESENTATION_CONTEXT('2D SPACE',''
  ) );
#2188 = ORIENTED_EDGE('',*,*,#2189,.F.);
#2189 = EDGE_CURVE('',#1020,#2167,#2190,.T.);
#2190 = SURFACE_CURVE('',#2191,(#2195,#2202),.PCURVE_S1.);
#2191 = LINE('',#2192,#2193);
#2192 = CARTESIAN_POINT('',(23.35455173281,-11.15,0.));
#2193 = VECTOR('',#2194,1.);
#2194 = DIRECTION('',(0.,0.,1.));
#2195 = PCURVE('',#1061,#2196);
#2196 = DEFINITIONAL_REPRESENTATION('',(#2197),#2201);
#2197 = LINE('',#2198,#2199);
#2198 = CARTESIAN_POINT('',(3.290896534381,0.));
#2199 = VECTOR('',#2200,1.);
#2200 = DIRECTION('',(0.,-1.));
#2201 = ( GEOMETRIC_REPRESENTATION_CONTEXT(2) 
PARAMETRIC_REPRESENTATION_CONTEXT() REPRESENTATION_CONTEXT('2D SPACE',''
  ) );
#2202 = PCURVE('',#1035,#2203);
#2203 = DEFINITIONAL_REPRESENTATION('',(#2204),#2208);
#2204 = LINE('',#2205,#2206);
#2205 = CARTESIAN_POINT('',(0.,0.));
#2206 = VECTOR('',#2207,1.);
#2207 = DIRECTION('',(0.,-1.));
#2208 = ( GEOMETRIC_REPRESENTATION_CONTEXT(2) 
PARAMETRIC_REPRESENTATION_CONTEXT() REPRESENTATION_CONTEXT('2D SPACE',''
  ) );
#2209 = ORIENTED_EDGE('',*,*,#1047,.F.);
#2210 = ADVANCED_FACE('',(#2211),#979,.T.);
#2211 = FACE_BOUND('',#2212,.T.);
#2212 = EDGE_LOOP('',(#2213,#2236,#2257,#2258));
#2213 = ORIENTED_EDGE('',*,*,#2214,.T.);
#2214 = EDGE_CURVE('',#964,#2215,#2217,.T.);
#2215 = VERTEX_POINT('',#2216);
#2216 = CARTESIAN_POINT('',(23.35455173281,-16.85,2.6));
#2217 = SURFACE_CURVE('',#2218,(#2222,#2229),.PCURVE_S1.);
#2218 = LINE('',#2219,#2220);
#2219 = CARTESIAN_POINT('',(23.35455173281,-16.85,0.));
#2220 = VECTOR('',#2221,1.);
#2221 = DIRECTION('',(0.,0.,1.));
#2222 = PCURVE('',#979,#2223);
#2223 = DEFINITIONAL_REPRESENTATION('',(#2224),#2228);
#2224 = LINE('',#2225,#2226);
#2225 = CARTESIAN_POINT('',(0.,0.));
#2226 = VECTOR('',#2227,1.);
#2227 = DIRECTION('',(0.,-1.));
#2228 = ( GEOMETRIC_REPRESENTATION_CONTEXT(2) 
PARAMETRIC_REPRESENTATION_CONTEXT() REPRESENTATION_CONTEXT('2D SPACE',''
  ) );
#2229 = PCURVE('',#1007,#2230);
#2230 = DEFINITIONAL_REPRESENTATION('',(#2231),#2235);
#2231 = LINE('',#2232,#2233);
#2232 = CARTESIAN_POINT('',(3.290896534381,0.));
#2233 = VECTOR('',#2234,1.);
#2234 = DIRECTION('',(0.,-1.));
#2235 = ( GEOMETRIC_REPRESENTATION_CONTEXT(2) 
PARAMETRIC_REPRESENTATION_CONTEXT() REPRESENTATION_CONTEXT('2D SPACE',''
  ) );
#2236 = ORIENTED_EDGE('',*,*,#2237,.T.);
#2237 = EDGE_CURVE('',#2215,#2117,#2238,.T.);
#2238 = SURFACE_CURVE('',#2239,(#2243,#2250),.PCURVE_S1.);
#2239 = LINE('',#2240,#2241);
#2240 = CARTESIAN_POINT('',(23.35455173281,-16.85,2.6));
#2241 = VECTOR('',#2242,1.);
#2242 = DIRECTION('',(1.,-5.397789996866E-16,0.));
#2243 = PCURVE('',#979,#2244);
#2244 = DEFINITIONAL_REPRESENTATION('',(#2245),#2249);
#2245 = LINE('',#2246,#2247);
#2246 = CARTESIAN_POINT('',(0.,-2.6));
#2247 = VECTOR('',#2248,1.);
#2248 = DIRECTION('',(1.,0.));
#2249 = ( GEOMETRIC_REPRESENTATION_CONTEXT(2) 
PARAMETRIC_REPRESENTATION_CONTEXT() REPRESENTATION_CONTEXT('2D SPACE',''
  ) );
#2250 = PCURVE('',#1626,#2251);
#2251 = DEFINITIONAL_REPRESENTATION('',(#2252),#2256);
#2252 = LINE('',#2253,#2254);
#2253 = CARTESIAN_POINT('',(-1.64544826719,-2.85));
#2254 = VECTOR('',#2255,1.);
#2255 = DIRECTION('',(1.,-5.397789996866E-16));
#2256 = ( GEOMETRIC_REPRESENTATION_CONTEXT(2) 
PARAMETRIC_REPRESENTATION_CONTEXT() REPRESENTATION_CONTEXT('2D SPACE',''
  ) );
#2257 = ORIENTED_EDGE('',*,*,#2116,.F.);
#2258 = ORIENTED_EDGE('',*,*,#963,.F.);
#2259 = ADVANCED_FACE('',(#2260),#1035,.T.);
#2260 = FACE_BOUND('',#2261,.T.);
#2261 = EDGE_LOOP('',(#2262,#2263,#2286,#2307));
#2262 = ORIENTED_EDGE('',*,*,#2189,.T.);
#2263 = ORIENTED_EDGE('',*,*,#2264,.T.);
#2264 = EDGE_CURVE('',#2167,#2265,#2267,.T.);
#2265 = VERTEX_POINT('',#2266);
#2266 = CARTESIAN_POINT('',(21.709103465619,-14.,2.6));
#2267 = SURFACE_CURVE('',#2268,(#2272,#2279),.PCURVE_S1.);
#2268 = LINE('',#2269,#2270);
#2269 = CARTESIAN_POINT('',(23.35455173281,-11.15,2.6));
#2270 = VECTOR('',#2271,1.);
#2271 = DIRECTION('',(-0.5,-0.866025403784,0.));
#2272 = PCURVE('',#1035,#2273);
#2273 = DEFINITIONAL_REPRESENTATION('',(#2274),#2278);
#2274 = LINE('',#2275,#2276);
#2275 = CARTESIAN_POINT('',(0.,-2.6));
#2276 = VECTOR('',#2277,1.);
#2277 = DIRECTION('',(1.,0.));
#2278 = ( GEOMETRIC_REPRESENTATION_CONTEXT(2) 
PARAMETRIC_REPRESENTATION_CONTEXT() REPRESENTATION_CONTEXT('2D SPACE',''
  ) );
#2279 = PCURVE('',#1626,#2280);
#2280 = DEFINITIONAL_REPRESENTATION('',(#2281),#2285);
#2281 = LINE('',#2282,#2283);
#2282 = CARTESIAN_POINT('',(-1.64544826719,2.85));
#2283 = VECTOR('',#2284,1.);
#2284 = DIRECTION('',(-0.5,-0.866025403784));
#2285 = ( GEOMETRIC_REPRESENTATION_CONTEXT(2) 
PARAMETRIC_REPRESENTATION_CONTEXT() REPRESENTATION_CONTEXT('2D SPACE',''
  ) );
#2286 = ORIENTED_EDGE('',*,*,#2287,.F.);
#2287 = EDGE_CURVE('',#992,#2265,#2288,.T.);
#2288 = SURFACE_CURVE('',#2289,(#2293,#2300),.PCURVE_S1.);
#2289 = LINE('',#2290,#2291);
#2290 = CARTESIAN_POINT('',(21.709103465619,-14.,0.));
#2291 = VECTOR('',#2292,1.);
#2292 = DIRECTION('',(0.,0.,1.));
#2293 = PCURVE('',#1035,#2294);
#2294 = DEFINITIONAL_REPRESENTATION('',(#2295),#2299);
#2295 = LINE('',#2296,#2297);
#2296 = CARTESIAN_POINT('',(3.290896534381,0.));
#2297 = VECTOR('',#2298,1.);
#2298 = DIRECTION('',(0.,-1.));
#2299 = ( GEOMETRIC_REPRESENTATION_CONTEXT(2) 
PARAMETRIC_REPRESENTATION_CONTEXT() REPRESENTATION_CONTEXT('2D SPACE',''
  ) );
#2300 = PCURVE('',#1007,#2301);
#2301 = DEFINITIONAL_REPRESENTATION('',(#2302),#2306);
#2302 = LINE('',#2303,#2304);
#2303 = CARTESIAN_POINT('',(0.,0.));
#2304 = VECTOR('',#2305,1.);
#2305 = DIRECTION('',(0.,-1.));
#2306 = ( GEOMETRIC_REPRESENTATION_CONTEXT(2) 
PARAMETRIC_REPRESENTATION_CONTEXT() REPRESENTATION_CONTEXT('2D SPACE',''
  ) );
#2307 = ORIENTED_EDGE('',*,*,#1019,.F.);
#2308 = ADVANCED_FACE('',(#2309),#1007,.T.);
#2309 = FACE_BOUND('',#2310,.T.);
#2310 = EDGE_LOOP('',(#2311,#2312,#2333,#2334));
#2311 = ORIENTED_EDGE('',*,*,#2287,.T.);
#2312 = ORIENTED_EDGE('',*,*,#2313,.T.);
#2313 = EDGE_CURVE('',#2265,#2215,#2314,.T.);
#2314 = SURFACE_CURVE('',#2315,(#2319,#2326),.PCURVE_S1.);
#2315 = LINE('',#2316,#2317);
#2316 = CARTESIAN_POINT('',(21.709103465619,-14.,2.6));
#2317 = VECTOR('',#2318,1.);
#2318 = DIRECTION('',(0.5,-0.866025403784,0.));
#2319 = PCURVE('',#1007,#2320);
#2320 = DEFINITIONAL_REPRESENTATION('',(#2321),#2325);
#2321 = LINE('',#2322,#2323);
#2322 = CARTESIAN_POINT('',(0.,-2.6));
#2323 = VECTOR('',#2324,1.);
#2324 = DIRECTION('',(1.,0.));
#2325 = ( GEOMETRIC_REPRESENTATION_CONTEXT(2) 
PARAMETRIC_REPRESENTATION_CONTEXT() REPRESENTATION_CONTEXT('2D SPACE',''
  ) );
#2326 = PCURVE('',#1626,#2327);
#2327 = DEFINITIONAL_REPRESENTATION('',(#2328),#2332);
#2328 = LINE('',#2329,#2330);
#2329 = CARTESIAN_POINT('',(-3.290896534381,0.));
#2330 = VECTOR('',#2331,1.);
#2331 = DIRECTION('',(0.5,-0.866025403784));
#2332 = ( GEOMETRIC_REPRESENTATION_CONTEXT(2) 
PARAMETRIC_REPRESENTATION_CONTEXT() REPRESENTATION_CONTEXT('2D SPACE',''
  ) );
#2333 = ORIENTED_EDGE('',*,*,#2214,.F.);
#2334 = ORIENTED_EDGE('',*,*,#991,.F.);
#2335 = ADVANCED_FACE('',(#2336),#1093,.T.);
#2336 = FACE_BOUND('',#2337,.T.);
#2337 = EDGE_LOOP('',(#2338,#2361,#2384,#2405));
#2338 = ORIENTED_EDGE('',*,*,#2339,.T.);
#2339 = EDGE_CURVE('',#1076,#2340,#2342,.T.);
#2340 = VERTEX_POINT('',#2341);
#2341 = CARTESIAN_POINT('',(-21.70910346561,14.,2.6));
#2342 = SURFACE_CURVE('',#2343,(#2347,#2354),.PCURVE_S1.);
#2343 = LINE('',#2344,#2345);
#2344 = CARTESIAN_POINT('',(-21.70910346561,14.,0.));
#2345 = VECTOR('',#2346,1.);
#2346 = DIRECTION('',(0.,0.,1.));
#2347 = PCURVE('',#1093,#2348);
#2348 = DEFINITIONAL_REPRESENTATION('',(#2349),#2353);
#2349 = LINE('',#2350,#2351);
#2350 = CARTESIAN_POINT('',(0.,0.));
#2351 = VECTOR('',#2352,1.);
#2352 = DIRECTION('',(0.,-1.));
#2353 = ( GEOMETRIC_REPRESENTATION_CONTEXT(2) 
PARAMETRIC_REPRESENTATION_CONTEXT() REPRESENTATION_CONTEXT('2D SPACE',''
  ) );
#2354 = PCURVE('',#1121,#2355);
#2355 = DEFINITIONAL_REPRESENTATION('',(#2356),#2360);
#2356 = LINE('',#2357,#2358);
#2357 = CARTESIAN_POINT('',(3.290896534381,0.));
#2358 = VECTOR('',#2359,1.);
#2359 = DIRECTION('',(0.,-1.));
#2360 = ( GEOMETRIC_REPRESENTATION_CONTEXT(2) 
PARAMETRIC_REPRESENTATION_CONTEXT() REPRESENTATION_CONTEXT('2D SPACE',''
  ) );
#2361 = ORIENTED_EDGE('',*,*,#2362,.T.);
#2362 = EDGE_CURVE('',#2340,#2363,#2365,.T.);
#2363 = VERTEX_POINT('',#2364);
#2364 = CARTESIAN_POINT('',(-23.35455173281,16.85,2.6));
#2365 = SURFACE_CURVE('',#2366,(#2370,#2377),.PCURVE_S1.);
#2366 = LINE('',#2367,#2368);
#2367 = CARTESIAN_POINT('',(-21.70910346561,14.,2.6));
#2368 = VECTOR('',#2369,1.);
#2369 = DIRECTION('',(-0.5,0.866025403784,0.));
#2370 = PCURVE('',#1093,#2371);
#2371 = DEFINITIONAL_REPRESENTATION('',(#2372),#2376);
#2372 = LINE('',#2373,#2374);
#2373 = CARTESIAN_POINT('',(0.,-2.6));
#2374 = VECTOR('',#2375,1.);
#2375 = DIRECTION('',(1.,0.));
#2376 = ( GEOMETRIC_REPRESENTATION_CONTEXT(2) 
PARAMETRIC_REPRESENTATION_CONTEXT() REPRESENTATION_CONTEXT('2D SPACE',''
  ) );
#2377 = PCURVE('',#1681,#2378);
#2378 = DEFINITIONAL_REPRESENTATION('',(#2379),#2383);
#2379 = LINE('',#2380,#2381);
#2380 = CARTESIAN_POINT('',(3.290896534381,0.));
#2381 = VECTOR('',#2382,1.);
#2382 = DIRECTION('',(-0.5,0.866025403784));
#2383 = ( GEOMETRIC_REPRESENTATION_CONTEXT(2) 
PARAMETRIC_REPRESENTATION_CONTEXT() REPRESENTATION_CONTEXT('2D SPACE',''
  ) );
#2384 = ORIENTED_EDGE('',*,*,#2385,.F.);
#2385 = EDGE_CURVE('',#1078,#2363,#2386,.T.);
#2386 = SURFACE_CURVE('',#2387,(#2391,#2398),.PCURVE_S1.);
#2387 = LINE('',#2388,#2389);
#2388 = CARTESIAN_POINT('',(-23.35455173281,16.85,0.));
#2389 = VECTOR('',#2390,1.);
#2390 = DIRECTION('',(0.,0.,1.));
#2391 = PCURVE('',#1093,#2392);
#2392 = DEFINITIONAL_REPRESENTATION('',(#2393),#2397);
#2393 = LINE('',#2394,#2395);
#2394 = CARTESIAN_POINT('',(3.290896534381,0.));
#2395 = VECTOR('',#2396,1.);
#2396 = DIRECTION('',(0.,-1.));
#2397 = ( GEOMETRIC_REPRESENTATION_CONTEXT(2) 
PARAMETRIC_REPRESENTATION_CONTEXT() REPRESENTATION_CONTEXT('2D SPACE',''
  ) );
#2398 = PCURVE('',#1231,#2399);
#2399 = DEFINITIONAL_REPRESENTATION('',(#2400),#2404);
#2400 = LINE('',#2401,#2402);
#2401 = CARTESIAN_POINT('',(0.,0.));
#2402 = VECTOR('',#2403,1.);
#2403 = DIRECTION('',(0.,-1.));
#2404 = ( GEOMETRIC_REPRESENTATION_CONTEXT(2) 
PARAMETRIC_REPRESENTATION_CONTEXT() REPRESENTATION_CONTEXT('2D SPACE',''
  ) );
#2405 = ORIENTED_EDGE('',*,*,#1075,.F.);
#2406 = ADVANCED_FACE('',(#2407),#1121,.T.);
#2407 = FACE_BOUND('',#2408,.T.);
#2408 = EDGE_LOOP('',(#2409,#2432,#2453,#2454));
#2409 = ORIENTED_EDGE('',*,*,#2410,.T.);
#2410 = EDGE_CURVE('',#1106,#2411,#2413,.T.);
#2411 = VERTEX_POINT('',#2412);
#2412 = CARTESIAN_POINT('',(-23.35455173281,11.15,2.6));
#2413 = SURFACE_CURVE('',#2414,(#2418,#2425),.PCURVE_S1.);
#2414 = LINE('',#2415,#2416);
#2415 = CARTESIAN_POINT('',(-23.35455173281,11.15,0.));
#2416 = VECTOR('',#2417,1.);
#2417 = DIRECTION('',(0.,0.,1.));
#2418 = PCURVE('',#1121,#2419);
#2419 = DEFINITIONAL_REPRESENTATION('',(#2420),#2424);
#2420 = LINE('',#2421,#2422);
#2421 = CARTESIAN_POINT('',(0.,0.));
#2422 = VECTOR('',#2423,1.);
#2423 = DIRECTION('',(0.,-1.));
#2424 = ( GEOMETRIC_REPRESENTATION_CONTEXT(2) 
PARAMETRIC_REPRESENTATION_CONTEXT() REPRESENTATION_CONTEXT('2D SPACE',''
  ) );
#2425 = PCURVE('',#1149,#2426);
#2426 = DEFINITIONAL_REPRESENTATION('',(#2427),#2431);
#2427 = LINE('',#2428,#2429);
#2428 = CARTESIAN_POINT('',(3.290896534381,0.));
#2429 = VECTOR('',#2430,1.);
#2430 = DIRECTION('',(0.,-1.));
#2431 = ( GEOMETRIC_REPRESENTATION_CONTEXT(2) 
PARAMETRIC_REPRESENTATION_CONTEXT() REPRESENTATION_CONTEXT('2D SPACE',''
  ) );
#2432 = ORIENTED_EDGE('',*,*,#2433,.T.);
#2433 = EDGE_CURVE('',#2411,#2340,#2434,.T.);
#2434 = SURFACE_CURVE('',#2435,(#2439,#2446),.PCURVE_S1.);
#2435 = LINE('',#2436,#2437);
#2436 = CARTESIAN_POINT('',(-23.35455173281,11.15,2.6));
#2437 = VECTOR('',#2438,1.);
#2438 = DIRECTION('',(0.5,0.866025403784,0.));
#2439 = PCURVE('',#1121,#2440);
#2440 = DEFINITIONAL_REPRESENTATION('',(#2441),#2445);
#2441 = LINE('',#2442,#2443);
#2442 = CARTESIAN_POINT('',(0.,-2.6));
#2443 = VECTOR('',#2444,1.);
#2444 = DIRECTION('',(1.,0.));
#2445 = ( GEOMETRIC_REPRESENTATION_CONTEXT(2) 
PARAMETRIC_REPRESENTATION_CONTEXT() REPRESENTATION_CONTEXT('2D SPACE',''
  ) );
#2446 = PCURVE('',#1681,#2447);
#2447 = DEFINITIONAL_REPRESENTATION('',(#2448),#2452);
#2448 = LINE('',#2449,#2450);
#2449 = CARTESIAN_POINT('',(1.64544826719,-2.85));
#2450 = VECTOR('',#2451,1.);
#2451 = DIRECTION('',(0.5,0.866025403784));
#2452 = ( GEOMETRIC_REPRESENTATION_CONTEXT(2) 
PARAMETRIC_REPRESENTATION_CONTEXT() REPRESENTATION_CONTEXT('2D SPACE',''
  ) );
#2453 = ORIENTED_EDGE('',*,*,#2339,.F.);
#2454 = ORIENTED_EDGE('',*,*,#1105,.F.);
#2455 = ADVANCED_FACE('',(#2456),#1231,.T.);
#2456 = FACE_BOUND('',#2457,.T.);
#2457 = EDGE_LOOP('',(#2458,#2459,#2482,#2503));
#2458 = ORIENTED_EDGE('',*,*,#2385,.T.);
#2459 = ORIENTED_EDGE('',*,*,#2460,.T.);
#2460 = EDGE_CURVE('',#2363,#2461,#2463,.T.);
#2461 = VERTEX_POINT('',#2462);
#2462 = CARTESIAN_POINT('',(-26.64544826719,16.85,2.6));
#2463 = SURFACE_CURVE('',#2464,(#2468,#2475),.PCURVE_S1.);
#2464 = LINE('',#2465,#2466);
#2465 = CARTESIAN_POINT('',(-23.35455173281,16.85,2.6));
#2466 = VECTOR('',#2467,1.);
#2467 = DIRECTION('',(-1.,1.349447499217E-16,0.));
#2468 = PCURVE('',#1231,#2469);
#2469 = DEFINITIONAL_REPRESENTATION('',(#2470),#2474);
#2470 = LINE('',#2471,#2472);
#2471 = CARTESIAN_POINT('',(0.,-2.6));
#2472 = VECTOR('',#2473,1.);
#2473 = DIRECTION('',(1.,0.));
#2474 = ( GEOMETRIC_REPRESENTATION_CONTEXT(2) 
PARAMETRIC_REPRESENTATION_CONTEXT() REPRESENTATION_CONTEXT('2D SPACE',''
  ) );
#2475 = PCURVE('',#1681,#2476);
#2476 = DEFINITIONAL_REPRESENTATION('',(#2477),#2481);
#2477 = LINE('',#2478,#2479);
#2478 = CARTESIAN_POINT('',(1.64544826719,2.85));
#2479 = VECTOR('',#2480,1.);
#2480 = DIRECTION('',(-1.,1.349447499217E-16));
#2481 = ( GEOMETRIC_REPRESENTATION_CONTEXT(2) 
PARAMETRIC_REPRESENTATION_CONTEXT() REPRESENTATION_CONTEXT('2D SPACE',''
  ) );
#2482 = ORIENTED_EDGE('',*,*,#2483,.F.);
#2483 = EDGE_CURVE('',#1190,#2461,#2484,.T.);
#2484 = SURFACE_CURVE('',#2485,(#2489,#2496),.PCURVE_S1.);
#2485 = LINE('',#2486,#2487);
#2486 = CARTESIAN_POINT('',(-26.64544826719,16.85,0.));
#2487 = VECTOR('',#2488,1.);
#2488 = DIRECTION('',(0.,0.,1.));
#2489 = PCURVE('',#1231,#2490);
#2490 = DEFINITIONAL_REPRESENTATION('',(#2491),#2495);
#2491 = LINE('',#2492,#2493);
#2492 = CARTESIAN_POINT('',(3.290896534381,0.));
#2493 = VECTOR('',#2494,1.);
#2494 = DIRECTION('',(0.,-1.));
#2495 = ( GEOMETRIC_REPRESENTATION_CONTEXT(2) 
PARAMETRIC_REPRESENTATION_CONTEXT() REPRESENTATION_CONTEXT('2D SPACE',''
  ) );
#2496 = PCURVE('',#1205,#2497);
#2497 = DEFINITIONAL_REPRESENTATION('',(#2498),#2502);
#2498 = LINE('',#2499,#2500);
#2499 = CARTESIAN_POINT('',(0.,0.));
#2500 = VECTOR('',#2501,1.);
#2501 = DIRECTION('',(0.,-1.));
#2502 = ( GEOMETRIC_REPRESENTATION_CONTEXT(2) 
PARAMETRIC_REPRESENTATION_CONTEXT() REPRESENTATION_CONTEXT('2D SPACE',''
  ) );
#2503 = ORIENTED_EDGE('',*,*,#1217,.F.);
#2504 = ADVANCED_FACE('',(#2505),#1149,.T.);
#2505 = FACE_BOUND('',#2506,.T.);
#2506 = EDGE_LOOP('',(#2507,#2530,#2551,#2552));
#2507 = ORIENTED_EDGE('',*,*,#2508,.T.);
#2508 = EDGE_CURVE('',#1134,#2509,#2511,.T.);
#2509 = VERTEX_POINT('',#2510);
#2510 = CARTESIAN_POINT('',(-26.64544826719,11.15,2.6));
#2511 = SURFACE_CURVE('',#2512,(#2516,#2523),.PCURVE_S1.);
#2512 = LINE('',#2513,#2514);
#2513 = CARTESIAN_POINT('',(-26.64544826719,11.15,0.));
#2514 = VECTOR('',#2515,1.);
#2515 = DIRECTION('',(0.,0.,1.));
#2516 = PCURVE('',#1149,#2517);
#2517 = DEFINITIONAL_REPRESENTATION('',(#2518),#2522);
#2518 = LINE('',#2519,#2520);
#2519 = CARTESIAN_POINT('',(0.,0.));
#2520 = VECTOR('',#2521,1.);
#2521 = DIRECTION('',(0.,-1.));
#2522 = ( GEOMETRIC_REPRESENTATION_CONTEXT(2) 
PARAMETRIC_REPRESENTATION_CONTEXT() REPRESENTATION_CONTEXT('2D SPACE',''
  ) );
#2523 = PCURVE('',#1177,#2524);
#2524 = DEFINITIONAL_REPRESENTATION('',(#2525),#2529);
#2525 = LINE('',#2526,#2527);
#2526 = CARTESIAN_POINT('',(3.290896534381,0.));
#2527 = VECTOR('',#2528,1.);
#2528 = DIRECTION('',(0.,-1.));
#2529 = ( GEOMETRIC_REPRESENTATION_CONTEXT(2) 
PARAMETRIC_REPRESENTATION_CONTEXT() REPRESENTATION_CONTEXT('2D SPACE',''
  ) );
#2530 = ORIENTED_EDGE('',*,*,#2531,.T.);
#2531 = EDGE_CURVE('',#2509,#2411,#2532,.T.);
#2532 = SURFACE_CURVE('',#2533,(#2537,#2544),.PCURVE_S1.);
#2533 = LINE('',#2534,#2535);
#2534 = CARTESIAN_POINT('',(-26.64544826719,11.15,2.6));
#2535 = VECTOR('',#2536,1.);
#2536 = DIRECTION('',(1.,-5.397789996866E-16,0.));
#2537 = PCURVE('',#1149,#2538);
#2538 = DEFINITIONAL_REPRESENTATION('',(#2539),#2543);
#2539 = LINE('',#2540,#2541);
#2540 = CARTESIAN_POINT('',(0.,-2.6));
#2541 = VECTOR('',#2542,1.);
#2542 = DIRECTION('',(1.,0.));
#2543 = ( GEOMETRIC_REPRESENTATION_CONTEXT(2) 
PARAMETRIC_REPRESENTATION_CONTEXT() REPRESENTATION_CONTEXT('2D SPACE',''
  ) );
#2544 = PCURVE('',#1681,#2545);
#2545 = DEFINITIONAL_REPRESENTATION('',(#2546),#2550);
#2546 = LINE('',#2547,#2548);
#2547 = CARTESIAN_POINT('',(-1.64544826719,-2.85));
#2548 = VECTOR('',#2549,1.);
#2549 = DIRECTION('',(1.,-5.397789996866E-16));
#2550 = ( GEOMETRIC_REPRESENTATION_CONTEXT(2) 
PARAMETRIC_REPRESENTATION_CONTEXT() REPRESENTATION_CONTEXT('2D SPACE',''
  ) );
#2551 = ORIENTED_EDGE('',*,*,#2410,.F.);
#2552 = ORIENTED_EDGE('',*,*,#1133,.F.);
#2553 = ADVANCED_FACE('',(#2554),#1205,.T.);
#2554 = FACE_BOUND('',#2555,.T.);
#2555 = EDGE_LOOP('',(#2556,#2557,#2580,#2601));
#2556 = ORIENTED_EDGE('',*,*,#2483,.T.);
#2557 = ORIENTED_EDGE('',*,*,#2558,.T.);
#2558 = EDGE_CURVE('',#2461,#2559,#2561,.T.);
#2559 = VERTEX_POINT('',#2560);
#2560 = CARTESIAN_POINT('',(-28.29089653438,14.,2.6));
#2561 = SURFACE_CURVE('',#2562,(#2566,#2573),.PCURVE_S1.);
#2562 = LINE('',#2563,#2564);
#2563 = CARTESIAN_POINT('',(-26.64544826719,16.85,2.6));
#2564 = VECTOR('',#2565,1.);
#2565 = DIRECTION('',(-0.5,-0.866025403784,0.));
#2566 = PCURVE('',#1205,#2567);
#2567 = DEFINITIONAL_REPRESENTATION('',(#2568),#2572);
#2568 = LINE('',#2569,#2570);
#2569 = CARTESIAN_POINT('',(0.,-2.6));
#2570 = VECTOR('',#2571,1.);
#2571 = DIRECTION('',(1.,0.));
#2572 = ( GEOMETRIC_REPRESENTATION_CONTEXT(2) 
PARAMETRIC_REPRESENTATION_CONTEXT() REPRESENTATION_CONTEXT('2D SPACE',''
  ) );
#2573 = PCURVE('',#1681,#2574);
#2574 = DEFINITIONAL_REPRESENTATION('',(#2575),#2579);
#2575 = LINE('',#2576,#2577);
#2576 = CARTESIAN_POINT('',(-1.64544826719,2.85));
#2577 = VECTOR('',#2578,1.);
#2578 = DIRECTION('',(-0.5,-0.866025403784));
#2579 = ( GEOMETRIC_REPRESENTATION_CONTEXT(2) 
PARAMETRIC_REPRESENTATION_CONTEXT() REPRESENTATION_CONTEXT('2D SPACE',''
  ) );
#2580 = ORIENTED_EDGE('',*,*,#2581,.F.);
#2581 = EDGE_CURVE('',#1162,#2559,#2582,.T.);
#2582 = SURFACE_CURVE('',#2583,(#2587,#2594),.PCURVE_S1.);
#2583 = LINE('',#2584,#2585);
#2584 = CARTESIAN_POINT('',(-28.29089653438,14.,0.));
#2585 = VECTOR('',#2586,1.);
#2586 = DIRECTION('',(0.,0.,1.));
#2587 = PCURVE('',#1205,#2588);
#2588 = DEFINITIONAL_REPRESENTATION('',(#2589),#2593);
#2589 = LINE('',#2590,#2591);
#2590 = CARTESIAN_POINT('',(3.290896534381,0.));
#2591 = VECTOR('',#2592,1.);
#2592 = DIRECTION('',(0.,-1.));
#2593 = ( GEOMETRIC_REPRESENTATION_CONTEXT(2) 
PARAMETRIC_REPRESENTATION_CONTEXT() REPRESENTATION_CONTEXT('2D SPACE',''
  ) );
#2594 = PCURVE('',#1177,#2595);
#2595 = DEFINITIONAL_REPRESENTATION('',(#2596),#2600);
#2596 = LINE('',#2597,#2598);
#2597 = CARTESIAN_POINT('',(0.,0.));
#2598 = VECTOR('',#2599,1.);
#2599 = DIRECTION('',(0.,-1.));
#2600 = ( GEOMETRIC_REPRESENTATION_CONTEXT(2) 
PARAMETRIC_REPRESENTATION_CONTEXT() REPRESENTATION_CONTEXT('2D SPACE',''
  ) );
#2601 = ORIENTED_EDGE('',*,*,#1189,.F.);
#2602 = ADVANCED_FACE('',(#2603),#1177,.T.);
#2603 = FACE_BOUND('',#2604,.T.);
#2604 = EDGE_LOOP('',(#2605,#2606,#2627,#2628));
#2605 = ORIENTED_EDGE('',*,*,#2581,.T.);
#2606 = ORIENTED_EDGE('',*,*,#2607,.T.);
#2607 = EDGE_CURVE('',#2559,#2509,#2608,.T.);
#2608 = SURFACE_CURVE('',#2609,(#2613,#2620),.PCURVE_S1.);
#2609 = LINE('',#2610,#2611);
#2610 = CARTESIAN_POINT('',(-28.29089653438,14.,2.6));
#2611 = VECTOR('',#2612,1.);
#2612 = DIRECTION('',(0.5,-0.866025403784,0.));
#2613 = PCURVE('',#1177,#2614);
#2614 = DEFINITIONAL_REPRESENTATION('',(#2615),#2619);
#2615 = LINE('',#2616,#2617);
#2616 = CARTESIAN_POINT('',(0.,-2.6));
#2617 = VECTOR('',#2618,1.);
#2618 = DIRECTION('',(1.,0.));
#2619 = ( GEOMETRIC_REPRESENTATION_CONTEXT(2) 
PARAMETRIC_REPRESENTATION_CONTEXT() REPRESENTATION_CONTEXT('2D SPACE',''
  ) );
#2620 = PCURVE('',#1681,#2621);
#2621 = DEFINITIONAL_REPRESENTATION('',(#2622),#2626);
#2622 = LINE('',#2623,#2624);
#2623 = CARTESIAN_POINT('',(-3.290896534381,0.));
#2624 = VECTOR('',#2625,1.);
#2625 = DIRECTION('',(0.5,-0.866025403784));
#2626 = ( GEOMETRIC_REPRESENTATION_CONTEXT(2) 
PARAMETRIC_REPRESENTATION_CONTEXT() REPRESENTATION_CONTEXT('2D SPACE',''
  ) );
#2627 = ORIENTED_EDGE('',*,*,#2508,.F.);
#2628 = ORIENTED_EDGE('',*,*,#1161,.F.);
#2629 = ADVANCED_FACE('',(#2630),#1263,.T.);
#2630 = FACE_BOUND('',#2631,.T.);
#2631 = EDGE_LOOP('',(#2632,#2655,#2678,#2699));
#2632 = ORIENTED_EDGE('',*,*,#2633,.T.);
#2633 = EDGE_CURVE('',#1246,#2634,#2636,.T.);
#2634 = VERTEX_POINT('',#2635);
#2635 = CARTESIAN_POINT('',(28.290896534381,14.,2.6));
#2636 = SURFACE_CURVE('',#2637,(#2641,#2648),.PCURVE_S1.);
#2637 = LINE('',#2638,#2639);
#2638 = CARTESIAN_POINT('',(28.290896534381,14.,0.));
#2639 = VECTOR('',#2640,1.);
#2640 = DIRECTION('',(0.,0.,1.));
#2641 = PCURVE('',#1263,#2642);
#2642 = DEFINITIONAL_REPRESENTATION('',(#2643),#2647);
#2643 = LINE('',#2644,#2645);
#2644 = CARTESIAN_POINT('',(0.,0.));
#2645 = VECTOR('',#2646,1.);
#2646 = DIRECTION('',(0.,-1.));
#2647 = ( GEOMETRIC_REPRESENTATION_CONTEXT(2) 
PARAMETRIC_REPRESENTATION_CONTEXT() REPRESENTATION_CONTEXT('2D SPACE',''
  ) );
#2648 = PCURVE('',#1291,#2649);
#2649 = DEFINITIONAL_REPRESENTATION('',(#2650),#2654);
#2650 = LINE('',#2651,#2652);
#2651 = CARTESIAN_POINT('',(3.290896534381,0.));
#2652 = VECTOR('',#2653,1.);
#2653 = DIRECTION('',(0.,-1.));
#2654 = ( GEOMETRIC_REPRESENTATION_CONTEXT(2) 
PARAMETRIC_REPRESENTATION_CONTEXT() REPRESENTATION_CONTEXT('2D SPACE',''
  ) );
#2655 = ORIENTED_EDGE('',*,*,#2656,.T.);
#2656 = EDGE_CURVE('',#2634,#2657,#2659,.T.);
#2657 = VERTEX_POINT('',#2658);
#2658 = CARTESIAN_POINT('',(26.64544826719,16.85,2.6));
#2659 = SURFACE_CURVE('',#2660,(#2664,#2671),.PCURVE_S1.);
#2660 = LINE('',#2661,#2662);
#2661 = CARTESIAN_POINT('',(28.290896534381,14.,2.6));
#2662 = VECTOR('',#2663,1.);
#2663 = DIRECTION('',(-0.5,0.866025403784,0.));
#2664 = PCURVE('',#1263,#2665);
#2665 = DEFINITIONAL_REPRESENTATION('',(#2666),#2670);
#2666 = LINE('',#2667,#2668);
#2667 = CARTESIAN_POINT('',(0.,-2.6));
#2668 = VECTOR('',#2669,1.);
#2669 = DIRECTION('',(1.,0.));
#2670 = ( GEOMETRIC_REPRESENTATION_CONTEXT(2) 
PARAMETRIC_REPRESENTATION_CONTEXT() REPRESENTATION_CONTEXT('2D SPACE',''
  ) );
#2671 = PCURVE('',#1736,#2672);
#2672 = DEFINITIONAL_REPRESENTATION('',(#2673),#2677);
#2673 = LINE('',#2674,#2675);
#2674 = CARTESIAN_POINT('',(3.290896534381,0.));
#2675 = VECTOR('',#2676,1.);
#2676 = DIRECTION('',(-0.5,0.866025403784));
#2677 = ( GEOMETRIC_REPRESENTATION_CONTEXT(2) 
PARAMETRIC_REPRESENTATION_CONTEXT() REPRESENTATION_CONTEXT('2D SPACE',''
  ) );
#2678 = ORIENTED_EDGE('',*,*,#2679,.F.);
#2679 = EDGE_CURVE('',#1248,#2657,#2680,.T.);
#2680 = SURFACE_CURVE('',#2681,(#2685,#2692),.PCURVE_S1.);
#2681 = LINE('',#2682,#2683);
#2682 = CARTESIAN_POINT('',(26.64544826719,16.85,0.));
#2683 = VECTOR('',#2684,1.);
#2684 = DIRECTION('',(0.,0.,1.));
#2685 = PCURVE('',#1263,#2686);
#2686 = DEFINITIONAL_REPRESENTATION('',(#2687),#2691);
#2687 = LINE('',#2688,#2689);
#2688 = CARTESIAN_POINT('',(3.290896534381,0.));
#2689 = VECTOR('',#2690,1.);
#2690 = DIRECTION('',(0.,-1.));
#2691 = ( GEOMETRIC_REPRESENTATION_CONTEXT(2) 
PARAMETRIC_REPRESENTATION_CONTEXT() REPRESENTATION_CONTEXT('2D SPACE',''
  ) );
#2692 = PCURVE('',#1401,#2693);
#2693 = DEFINITIONAL_REPRESENTATION('',(#2694),#2698);
#2694 = LINE('',#2695,#2696);
#2695 = CARTESIAN_POINT('',(0.,0.));
#2696 = VECTOR('',#2697,1.);
#2697 = DIRECTION('',(0.,-1.));
#2698 = ( GEOMETRIC_REPRESENTATION_CONTEXT(2) 
PARAMETRIC_REPRESENTATION_CONTEXT() REPRESENTATION_CONTEXT('2D SPACE',''
  ) );
#2699 = ORIENTED_EDGE('',*,*,#1245,.F.);
#2700 = ADVANCED_FACE('',(#2701),#1401,.T.);
#2701 = FACE_BOUND('',#2702,.T.);
#2702 = EDGE_LOOP('',(#2703,#2704,#2727,#2748));
#2703 = ORIENTED_EDGE('',*,*,#2679,.T.);
#2704 = ORIENTED_EDGE('',*,*,#2705,.T.);
#2705 = EDGE_CURVE('',#2657,#2706,#2708,.T.);
#2706 = VERTEX_POINT('',#2707);
#2707 = CARTESIAN_POINT('',(23.35455173281,16.85,2.6));
#2708 = SURFACE_CURVE('',#2709,(#2713,#2720),.PCURVE_S1.);
#2709 = LINE('',#2710,#2711);
#2710 = CARTESIAN_POINT('',(26.64544826719,16.85,2.6));
#2711 = VECTOR('',#2712,1.);
#2712 = DIRECTION('',(-1.,1.349447499217E-16,0.));
#2713 = PCURVE('',#1401,#2714);
#2714 = DEFINITIONAL_REPRESENTATION('',(#2715),#2719);
#2715 = LINE('',#2716,#2717);
#2716 = CARTESIAN_POINT('',(0.,-2.6));
#2717 = VECTOR('',#2718,1.);
#2718 = DIRECTION('',(1.,0.));
#2719 = ( GEOMETRIC_REPRESENTATION_CONTEXT(2) 
PARAMETRIC_REPRESENTATION_CONTEXT() REPRESENTATION_CONTEXT('2D SPACE',''
  ) );
#2720 = PCURVE('',#1736,#2721);
#2721 = DEFINITIONAL_REPRESENTATION('',(#2722),#2726);
#2722 = LINE('',#2723,#2724);
#2723 = CARTESIAN_POINT('',(1.64544826719,2.85));
#2724 = VECTOR('',#2725,1.);
#2725 = DIRECTION('',(-1.,1.349447499217E-16));
#2726 = ( GEOMETRIC_REPRESENTATION_CONTEXT(2) 
PARAMETRIC_REPRESENTATION_CONTEXT() REPRESENTATION_CONTEXT('2D SPACE',''
  ) );
#2727 = ORIENTED_EDGE('',*,*,#2728,.F.);
#2728 = EDGE_CURVE('',#1360,#2706,#2729,.T.);
#2729 = SURFACE_CURVE('',#2730,(#2734,#2741),.PCURVE_S1.);
#2730 = LINE('',#2731,#2732);
#2731 = CARTESIAN_POINT('',(23.35455173281,16.85,0.));
#2732 = VECTOR('',#2733,1.);
#2733 = DIRECTION('',(0.,0.,1.));
#2734 = PCURVE('',#1401,#2735);
#2735 = DEFINITIONAL_REPRESENTATION('',(#2736),#2740);
#2736 = LINE('',#2737,#2738);
#2737 = CARTESIAN_POINT('',(3.290896534381,0.));
#2738 = VECTOR('',#2739,1.);
#2739 = DIRECTION('',(0.,-1.));
#2740 = ( GEOMETRIC_REPRESENTATION_CONTEXT(2) 
PARAMETRIC_REPRESENTATION_CONTEXT() REPRESENTATION_CONTEXT('2D SPACE',''
  ) );
#2741 = PCURVE('',#1375,#2742);
#2742 = DEFINITIONAL_REPRESENTATION('',(#2743),#2747);
#2743 = LINE('',#2744,#2745);
#2744 = CARTESIAN_POINT('',(0.,0.));
#2745 = VECTOR('',#2746,1.);
#2746 = DIRECTION('',(0.,-1.));
#2747 = ( GEOMETRIC_REPRESENTATION_CONTEXT(2) 
PARAMETRIC_REPRESENTATION_CONTEXT() REPRESENTATION_CONTEXT('2D SPACE',''
  ) );
#2748 = ORIENTED_EDGE('',*,*,#1387,.F.);
#2749 = ADVANCED_FACE('',(#2750),#1375,.T.);
#2750 = FACE_BOUND('',#2751,.T.);
#2751 = EDGE_LOOP('',(#2752,#2753,#2776,#2797));
#2752 = ORIENTED_EDGE('',*,*,#2728,.T.);
#2753 = ORIENTED_EDGE('',*,*,#2754,.T.);
#2754 = EDGE_CURVE('',#2706,#2755,#2757,.T.);
#2755 = VERTEX_POINT('',#2756);
#2756 = CARTESIAN_POINT('',(21.709103465619,14.,2.6));
#2757 = SURFACE_CURVE('',#2758,(#2762,#2769),.PCURVE_S1.);
#2758 = LINE('',#2759,#2760);
#2759 = CARTESIAN_POINT('',(23.35455173281,16.85,2.6));
#2760 = VECTOR('',#2761,1.);
#2761 = DIRECTION('',(-0.5,-0.866025403784,0.));
#2762 = PCURVE('',#1375,#2763);
#2763 = DEFINITIONAL_REPRESENTATION('',(#2764),#2768);
#2764 = LINE('',#2765,#2766);
#2765 = CARTESIAN_POINT('',(0.,-2.6));
#2766 = VECTOR('',#2767,1.);
#2767 = DIRECTION('',(1.,0.));
#2768 = ( GEOMETRIC_REPRESENTATION_CONTEXT(2) 
PARAMETRIC_REPRESENTATION_CONTEXT() REPRESENTATION_CONTEXT('2D SPACE',''
  ) );
#2769 = PCURVE('',#1736,#2770);
#2770 = DEFINITIONAL_REPRESENTATION('',(#2771),#2775);
#2771 = LINE('',#2772,#2773);
#2772 = CARTESIAN_POINT('',(-1.64544826719,2.85));
#2773 = VECTOR('',#2774,1.);
#2774 = DIRECTION('',(-0.5,-0.866025403784));
#2775 = ( GEOMETRIC_REPRESENTATION_CONTEXT(2) 
PARAMETRIC_REPRESENTATION_CONTEXT() REPRESENTATION_CONTEXT('2D SPACE',''
  ) );
#2776 = ORIENTED_EDGE('',*,*,#2777,.F.);
#2777 = EDGE_CURVE('',#1332,#2755,#2778,.T.);
#2778 = SURFACE_CURVE('',#2779,(#2783,#2790),.PCURVE_S1.);
#2779 = LINE('',#2780,#2781);
#2780 = CARTESIAN_POINT('',(21.709103465619,14.,0.));
#2781 = VECTOR('',#2782,1.);
#2782 = DIRECTION('',(0.,0.,1.));
#2783 = PCURVE('',#1375,#2784);
#2784 = DEFINITIONAL_REPRESENTATION('',(#2785),#2789);
#2785 = LINE('',#2786,#2787);
#2786 = CARTESIAN_POINT('',(3.290896534381,0.));
#2787 = VECTOR('',#2788,1.);
#2788 = DIRECTION('',(0.,-1.));
#2789 = ( GEOMETRIC_REPRESENTATION_CONTEXT(2) 
PARAMETRIC_REPRESENTATION_CONTEXT() REPRESENTATION_CONTEXT('2D SPACE',''
  ) );
#2790 = PCURVE('',#1347,#2791);
#2791 = DEFINITIONAL_REPRESENTATION('',(#2792),#2796);
#2792 = LINE('',#2793,#2794);
#2793 = CARTESIAN_POINT('',(0.,0.));
#2794 = VECTOR('',#2795,1.);
#2795 = DIRECTION('',(0.,-1.));
#2796 = ( GEOMETRIC_REPRESENTATION_CONTEXT(2) 
PARAMETRIC_REPRESENTATION_CONTEXT() REPRESENTATION_CONTEXT('2D SPACE',''
  ) );
#2797 = ORIENTED_EDGE('',*,*,#1359,.F.);
#2798 = ADVANCED_FACE('',(#2799),#1347,.T.);
#2799 = FACE_BOUND('',#2800,.T.);
#2800 = EDGE_LOOP('',(#2801,#2802,#2825,#2846));
#2801 = ORIENTED_EDGE('',*,*,#2777,.T.);
#2802 = ORIENTED_EDGE('',*,*,#2803,.T.);
#2803 = EDGE_CURVE('',#2755,#2804,#2806,.T.);
#2804 = VERTEX_POINT('',#2805);
#2805 = CARTESIAN_POINT('',(23.35455173281,11.15,2.6));
#2806 = SURFACE_CURVE('',#2807,(#2811,#2818),.PCURVE_S1.);
#2807 = LINE('',#2808,#2809);
#2808 = CARTESIAN_POINT('',(21.709103465619,14.,2.6));
#2809 = VECTOR('',#2810,1.);
#2810 = DIRECTION('',(0.5,-0.866025403784,0.));
#2811 = PCURVE('',#1347,#2812);
#2812 = DEFINITIONAL_REPRESENTATION('',(#2813),#2817);
#2813 = LINE('',#2814,#2815);
#2814 = CARTESIAN_POINT('',(0.,-2.6));
#2815 = VECTOR('',#2816,1.);
#2816 = DIRECTION('',(1.,0.));
#2817 = ( GEOMETRIC_REPRESENTATION_CONTEXT(2) 
PARAMETRIC_REPRESENTATION_CONTEXT() REPRESENTATION_CONTEXT('2D SPACE',''
  ) );
#2818 = PCURVE('',#1736,#2819);
#2819 = DEFINITIONAL_REPRESENTATION('',(#2820),#2824);
#2820 = LINE('',#2821,#2822);
#2821 = CARTESIAN_POINT('',(-3.290896534381,0.));
#2822 = VECTOR('',#2823,1.);
#2823 = DIRECTION('',(0.5,-0.866025403784));
#2824 = ( GEOMETRIC_REPRESENTATION_CONTEXT(2) 
PARAMETRIC_REPRESENTATION_CONTEXT() REPRESENTATION_CONTEXT('2D SPACE',''
  ) );
#2825 = ORIENTED_EDGE('',*,*,#2826,.F.);
#2826 = EDGE_CURVE('',#1304,#2804,#2827,.T.);
#2827 = SURFACE_CURVE('',#2828,(#2832,#2839),.PCURVE_S1.);
#2828 = LINE('',#2829,#2830);
#2829 = CARTESIAN_POINT('',(23.35455173281,11.15,0.));
#2830 = VECTOR('',#2831,1.);
#2831 = DIRECTION('',(0.,0.,1.));
#2832 = PCURVE('',#1347,#2833);
#2833 = DEFINITIONAL_REPRESENTATION('',(#2834),#2838);
#2834 = LINE('',#2835,#2836);
#2835 = CARTESIAN_POINT('',(3.290896534381,0.));
#2836 = VECTOR('',#2837,1.);
#2837 = DIRECTION('',(0.,-1.));
#2838 = ( GEOMETRIC_REPRESENTATION_CONTEXT(2) 
PARAMETRIC_REPRESENTATION_CONTEXT() REPRESENTATION_CONTEXT('2D SPACE',''
  ) );
#2839 = PCURVE('',#1319,#2840);
#2840 = DEFINITIONAL_REPRESENTATION('',(#2841),#2845);
#2841 = LINE('',#2842,#2843);
#2842 = CARTESIAN_POINT('',(0.,0.));
#2843 = VECTOR('',#2844,1.);
#2844 = DIRECTION('',(0.,-1.));
#2845 = ( GEOMETRIC_REPRESENTATION_CONTEXT(2) 
PARAMETRIC_REPRESENTATION_CONTEXT() REPRESENTATION_CONTEXT('2D SPACE',''
  ) );
#2846 = ORIENTED_EDGE('',*,*,#1331,.F.);
#2847 = ADVANCED_FACE('',(#2848),#1319,.T.);
#2848 = FACE_BOUND('',#2849,.T.);
#2849 = EDGE_LOOP('',(#2850,#2851,#2874,#2895));
#2850 = ORIENTED_EDGE('',*,*,#2826,.T.);
#2851 = ORIENTED_EDGE('',*,*,#2852,.T.);
#2852 = EDGE_CURVE('',#2804,#2853,#2855,.T.);
#2853 = VERTEX_POINT('',#2854);
#2854 = CARTESIAN_POINT('',(26.64544826719,11.15,2.6));
#2855 = SURFACE_CURVE('',#2856,(#2860,#2867),.PCURVE_S1.);
#2856 = LINE('',#2857,#2858);
#2857 = CARTESIAN_POINT('',(23.35455173281,11.15,2.6));
#2858 = VECTOR('',#2859,1.);
#2859 = DIRECTION('',(1.,-5.397789996866E-16,0.));
#2860 = PCURVE('',#1319,#2861);
#2861 = DEFINITIONAL_REPRESENTATION('',(#2862),#2866);
#2862 = LINE('',#2863,#2864);
#2863 = CARTESIAN_POINT('',(0.,-2.6));
#2864 = VECTOR('',#2865,1.);
#2865 = DIRECTION('',(1.,0.));
#2866 = ( GEOMETRIC_REPRESENTATION_CONTEXT(2) 
PARAMETRIC_REPRESENTATION_CONTEXT() REPRESENTATION_CONTEXT('2D SPACE',''
  ) );
#2867 = PCURVE('',#1736,#2868);
#2868 = DEFINITIONAL_REPRESENTATION('',(#2869),#2873);
#2869 = LINE('',#2870,#2871);
#2870 = CARTESIAN_POINT('',(-1.64544826719,-2.85));
#2871 = VECTOR('',#2872,1.);
#2872 = DIRECTION('',(1.,-5.397789996866E-16));
#2873 = ( GEOMETRIC_REPRESENTATION_CONTEXT(2) 
PARAMETRIC_REPRESENTATION_CONTEXT() REPRESENTATION_CONTEXT('2D SPACE',''
  ) );
#2874 = ORIENTED_EDGE('',*,*,#2875,.F.);
#2875 = EDGE_CURVE('',#1276,#2853,#2876,.T.);
#2876 = SURFACE_CURVE('',#2877,(#2881,#2888),.PCURVE_S1.);
#2877 = LINE('',#2878,#2879);
#2878 = CARTESIAN_POINT('',(26.64544826719,11.15,0.));
#2879 = VECTOR('',#2880,1.);
#2880 = DIRECTION('',(0.,0.,1.));
#2881 = PCURVE('',#1319,#2882);
#2882 = DEFINITIONAL_REPRESENTATION('',(#2883),#2887);
#2883 = LINE('',#2884,#2885);
#2884 = CARTESIAN_POINT('',(3.290896534381,0.));
#2885 = VECTOR('',#2886,1.);
#2886 = DIRECTION('',(0.,-1.));
#2887 = ( GEOMETRIC_REPRESENTATION_CONTEXT(2) 
PARAMETRIC_REPRESENTATION_CONTEXT() REPRESENTATION_CONTEXT('2D SPACE',''
  ) );
#2888 = PCURVE('',#1291,#2889);
#2889 = DEFINITIONAL_REPRESENTATION('',(#2890),#2894);
#2890 = LINE('',#2891,#2892);
#2891 = CARTESIAN_POINT('',(0.,0.));
#2892 = VECTOR('',#2893,1.);
#2893 = DIRECTION('',(0.,-1.));
#2894 = ( GEOMETRIC_REPRESENTATION_CONTEXT(2) 
PARAMETRIC_REPRESENTATION_CONTEXT() REPRESENTATION_CONTEXT('2D SPACE',''
  ) );
#2895 = ORIENTED_EDGE('',*,*,#1303,.F.);
#2896 = ADVANCED_FACE('',(#2897),#1291,.T.);
#2897 = FACE_BOUND('',#2898,.T.);
#2898 = EDGE_LOOP('',(#2899,#2900,#2921,#2922));
#2899 = ORIENTED_EDGE('',*,*,#2875,.T.);
#2900 = ORIENTED_EDGE('',*,*,#2901,.T.);
#2901 = EDGE_CURVE('',#2853,#2634,#2902,.T.);
#2902 = SURFACE_CURVE('',#2903,(#2907,#2914),.PCURVE_S1.);
#2903 = LINE('',#2904,#2905);
#2904 = CARTESIAN_POINT('',(26.64544826719,11.15,2.6));
#2905 = VECTOR('',#2906,1.);
#2906 = DIRECTION('',(0.5,0.866025403784,0.));
#2907 = PCURVE('',#1291,#2908);
#2908 = DEFINITIONAL_REPRESENTATION('',(#2909),#2913);
#2909 = LINE('',#2910,#2911);
#2910 = CARTESIAN_POINT('',(0.,-2.6));
#2911 = VECTOR('',#2912,1.);
#2912 = DIRECTION('',(1.,0.));
#2913 = ( GEOMETRIC_REPRESENTATION_CONTEXT(2) 
PARAMETRIC_REPRESENTATION_CONTEXT() REPRESENTATION_CONTEXT('2D SPACE',''
  ) );
#2914 = PCURVE('',#1736,#2915);
#2915 = DEFINITIONAL_REPRESENTATION('',(#2916),#2920);
#2916 = LINE('',#2917,#2918);
#2917 = CARTESIAN_POINT('',(1.64544826719,-2.85));
#2918 = VECTOR('',#2919,1.);
#2919 = DIRECTION('',(0.5,0.866025403784));
#2920 = ( GEOMETRIC_REPRESENTATION_CONTEXT(2) 
PARAMETRIC_REPRESENTATION_CONTEXT() REPRESENTATION_CONTEXT('2D SPACE',''
  ) );
#2921 = ORIENTED_EDGE('',*,*,#2633,.F.);
#2922 = ORIENTED_EDGE('',*,*,#1275,.F.);
#2923 = ADVANCED_FACE('',(#2924,#2932),#1571,.F.);
#2924 = FACE_BOUND('',#2925,.F.);
#2925 = EDGE_LOOP('',(#2926,#2927,#2928,#2929,#2930,#2931));
#2926 = ORIENTED_EDGE('',*,*,#1774,.T.);
#2927 = ORIENTED_EDGE('',*,*,#1872,.T.);
#2928 = ORIENTED_EDGE('',*,*,#1970,.T.);
#2929 = ORIENTED_EDGE('',*,*,#2019,.T.);
#2930 = ORIENTED_EDGE('',*,*,#1943,.T.);
#2931 = ORIENTED_EDGE('',*,*,#1845,.T.);
#2932 = FACE_BOUND('',#2933,.F.);
#2933 = EDGE_LOOP('',(#2934));
#2934 = ORIENTED_EDGE('',*,*,#1556,.F.);
#2935 = ADVANCED_FACE('',(#2936,#2944),#1626,.F.);
#2936 = FACE_BOUND('',#2937,.F.);
#2937 = EDGE_LOOP('',(#2938,#2939,#2940,#2941,#2942,#2943));
#2938 = ORIENTED_EDGE('',*,*,#2068,.T.);
#2939 = ORIENTED_EDGE('',*,*,#2166,.T.);
#2940 = ORIENTED_EDGE('',*,*,#2264,.T.);
#2941 = ORIENTED_EDGE('',*,*,#2313,.T.);
#2942 = ORIENTED_EDGE('',*,*,#2237,.T.);
#2943 = ORIENTED_EDGE('',*,*,#2139,.T.);
#2944 = FACE_BOUND('',#2945,.F.);
#2945 = EDGE_LOOP('',(#2946));
#2946 = ORIENTED_EDGE('',*,*,#1611,.F.);
#2947 = ADVANCED_FACE('',(#2948,#2956),#1681,.F.);
#2948 = FACE_BOUND('',#2949,.F.);
#2949 = EDGE_LOOP('',(#2950,#2951,#2952,#2953,#2954,#2955));
#2950 = ORIENTED_EDGE('',*,*,#2362,.T.);
#2951 = ORIENTED_EDGE('',*,*,#2460,.T.);
#2952 = ORIENTED_EDGE('',*,*,#2558,.T.);
#2953 = ORIENTED_EDGE('',*,*,#2607,.T.);
#2954 = ORIENTED_EDGE('',*,*,#2531,.T.);
#2955 = ORIENTED_EDGE('',*,*,#2433,.T.);
#2956 = FACE_BOUND('',#2957,.F.);
#2957 = EDGE_LOOP('',(#2958));
#2958 = ORIENTED_EDGE('',*,*,#1666,.F.);
#2959 = ADVANCED_FACE('',(#2960,#2968),#1736,.F.);
#2960 = FACE_BOUND('',#2961,.F.);
#2961 = EDGE_LOOP('',(#2962,#2963,#2964,#2965,#2966,#2967));
#2962 = ORIENTED_EDGE('',*,*,#2656,.T.);
#2963 = ORIENTED_EDGE('',*,*,#2705,.T.);
#2964 = ORIENTED_EDGE('',*,*,#2754,.T.);
#2965 = ORIENTED_EDGE('',*,*,#2803,.T.);
#2966 = ORIENTED_EDGE('',*,*,#2852,.T.);
#2967 = ORIENTED_EDGE('',*,*,#2901,.T.);
#2968 = FACE_BOUND('',#2969,.F.);
#2969 = EDGE_LOOP('',(#2970));
#2970 = ORIENTED_EDGE('',*,*,#1721,.F.);
#2971 = ( GEOMETRIC_REPRESENTATION_CONTEXT(3) 
GLOBAL_UNCERTAINTY_ASSIGNED_CONTEXT((#2975)) 
GLOBAL_UNIT_ASSIGNED_CONTEXT((#2972,#2973,#2974)) REPRESENTATION_CONTEXT
('Context #1','3D Context with UNIT and UNCERTAINTY') );
#2972 = ( LENGTH_UNIT() NAMED_UNIT(*) SI_UNIT(.MILLI.,.METRE.) );
#2973 = ( NAMED_UNIT(*) PLANE_ANGLE_UNIT() SI_UNIT($,.RADIAN.) );
#2974 = ( NAMED_UNIT(*) SI_UNIT($,.STERADIAN.) SOLID_ANGLE_UNIT() );
#2975 = UNCERTAINTY_MEASURE_WITH_UNIT(LENGTH_MEASURE(1.E-07),#2972,
  'distance_accuracy_value','confusion accuracy');
#2976 = CONTEXT_DEPENDENT_SHAPE_REPRESENTATION(#2977,#2979);
#2977 = ( REPRESENTATION_RELATIONSHIP('','',#56,#10) 
REPRESENTATION_RELATIONSHIP_WITH_TRANSFORMATION(#2978) 
SHAPE_REPRESENTATION_RELATIONSHIP() );
#2978 = ITEM_DEFINED_TRANSFORMATION('','',#11,#15);
#2979 = PRODUCT_DEFINITION_SHAPE('Placement','Placement of an item',
  #2980);
#2980 = NEXT_ASSEMBLY_USAGE_OCCURRENCE('1','base','',#5,#51,$);
#2981 = PRODUCT_RELATED_PRODUCT_CATEGORY('part',$,(#53));
#2982 = SHAPE_DEFINITION_REPRESENTATION(#2983,#2989);
#2983 = PRODUCT_DEFINITION_SHAPE('','',#2984);
#2984 = PRODUCT_DEFINITION('design','',#2985,#2988);
#2985 = PRODUCT_DEFINITION_FORMATION('','',#2986);
#2986 = PRODUCT('mast','mast','',(#2987));
#2987 = PRODUCT_CONTEXT('',#2,'mechanical');
#2988 = PRODUCT_DEFINITION_CONTEXT('part definition',#2,'design');
#2989 = ADVANCED_BREP_SHAPE_REPRESENTATION('',(#11,#2990),#5646);
#2990 = MANIFOLD_SOLID_BREP('',#2991);
#2991 = CLOSED_SHELL('',(#2992,#3112,#3188,#3689,#3738,#3889,#3896,#3951
    ,#4027,#4386,#4831,#4858,#4884,#4911,#4937,#4943,#4970,#4976,#5031,
    #5086,#5141,#5191,#5241,#5291,#5341,#5348,#5355,#5382,#5409,#5436,
    #5463,#5490,#5517,#5544,#5571,#5598,#5625,#5632,#5639));
#2992 = ADVANCED_FACE('',(#2993),#3007,.F.);
#2993 = FACE_BOUND('',#2994,.F.);
#2994 = EDGE_LOOP('',(#2995,#3030,#3058,#3086));
#2995 = ORIENTED_EDGE('',*,*,#2996,.F.);
#2996 = EDGE_CURVE('',#2997,#2999,#3001,.T.);
#2997 = VERTEX_POINT('',#2998);
#2998 = CARTESIAN_POINT('',(-32.,-25.,6.));
#2999 = VERTEX_POINT('',#3000);
#3000 = CARTESIAN_POINT('',(-32.,-25.,14.));
#3001 = SURFACE_CURVE('',#3002,(#3006,#3018),.PCURVE_S1.);
#3002 = LINE('',#3003,#3004);
#3003 = CARTESIAN_POINT('',(-32.,-25.,6.));
#3004 = VECTOR('',#3005,1.);
#3005 = DIRECTION('',(0.,0.,1.));
#3006 = PCURVE('',#3007,#3012);
#3007 = PLANE('',#3008);
#3008 = AXIS2_PLACEMENT_3D('',#3009,#3010,#3011);
#3009 = CARTESIAN_POINT('',(-32.,-25.,6.));
#3010 = DIRECTION('',(1.,0.,0.));
#3011 = DIRECTION('',(0.,0.,1.));
#3012 = DEFINITIONAL_REPRESENTATION('',(#3013),#3017);
#3013 = LINE('',#3014,#3015);
#3014 = CARTESIAN_POINT('',(0.,0.));
#3015 = VECTOR('',#3016,1.);
#3016 = DIRECTION('',(1.,0.));
#3017 = ( GEOMETRIC_REPRESENTATION_CONTEXT(2) 
PARAMETRIC_REPRESENTATION_CONTEXT() REPRESENTATION_CONTEXT('2D SPACE',''
  ) );
#3018 = PCURVE('',#3019,#3024);
#3019 = PLANE('',#3020);
#3020 = AXIS2_PLACEMENT_3D('',#3021,#3022,#3023);
#3021 = CARTESIAN_POINT('',(-32.,-25.,6.));
#3022 = DIRECTION('',(0.,1.,0.));
#3023 = DIRECTION('',(0.,0.,1.));
#3024 = DEFINITIONAL_REPRESENTATION('',(#3025),#3029);
#3025 = LINE('',#3026,#3027);
#3026 = CARTESIAN_POINT('',(0.,0.));
#3027 = VECTOR('',#3028,1.);
#3028 = DIRECTION('',(1.,0.));
#3029 = ( GEOMETRIC_REPRESENTATION_CONTEXT(2) 
PARAMETRIC_REPRESENTATION_CONTEXT() REPRESENTATION_CONTEXT('2D SPACE',''
  ) );
#3030 = ORIENTED_EDGE('',*,*,#3031,.T.);
#3031 = EDGE_CURVE('',#2997,#3032,#3034,.T.);
#3032 = VERTEX_POINT('',#3033);
#3033 = CARTESIAN_POINT('',(-32.,25.,6.));
#3034 = SURFACE_CURVE('',#3035,(#3039,#3046),.PCURVE_S1.);
#3035 = LINE('',#3036,#3037);
#3036 = CARTESIAN_POINT('',(-32.,-25.,6.));
#3037 = VECTOR('',#3038,1.);
#3038 = DIRECTION('',(0.,1.,0.));
#3039 = PCURVE('',#3007,#3040);
#3040 = DEFINITIONAL_REPRESENTATION('',(#3041),#3045);
#3041 = LINE('',#3042,#3043);
#3042 = CARTESIAN_POINT('',(0.,0.));
#3043 = VECTOR('',#3044,1.);
#3044 = DIRECTION('',(0.,-1.));
#3045 = ( GEOMETRIC_REPRESENTATION_CONTEXT(2) 
PARAMETRIC_REPRESENTATION_CONTEXT() REPRESENTATION_CONTEXT('2D SPACE',''
  ) );
#3046 = PCURVE('',#3047,#3052);
#3047 = PLANE('',#3048);
#3048 = AXIS2_PLACEMENT_3D('',#3049,#3050,#3051);
#3049 = CARTESIAN_POINT('',(-32.,-25.,6.));
#3050 = DIRECTION('',(0.,0.,1.));
#3051 = DIRECTION('',(1.,0.,0.));
#3052 = DEFINITIONAL_REPRESENTATION('',(#3053),#3057);
#3053 = LINE('',#3054,#3055);
#3054 = CARTESIAN_POINT('',(0.,0.));
#3055 = VECTOR('',#3056,1.);
#3056 = DIRECTION('',(0.,1.));
#3057 = ( GEOMETRIC_REPRESENTATION_CONTEXT(2) 
PARAMETRIC_REPRESENTATION_CONTEXT() REPRESENTATION_CONTEXT('2D SPACE',''
  ) );
#3058 = ORIENTED_EDGE('',*,*,#3059,.T.);
#3059 = EDGE_CURVE('',#3032,#3060,#3062,.T.);
#3060 = VERTEX_POINT('',#3061);
#3061 = CARTESIAN_POINT('',(-32.,25.,14.));
#3062 = SURFACE_CURVE('',#3063,(#3067,#3074),.PCURVE_S1.);
#3063 = LINE('',#3064,#3065);
#3064 = CARTESIAN_POINT('',(-32.,25.,6.));
#3065 = VECTOR('',#3066,1.);
#3066 = DIRECTION('',(0.,0.,1.));
#3067 = PCURVE('',#3007,#3068);
#3068 = DEFINITIONAL_REPRESENTATION('',(#3069),#3073);
#3069 = LINE('',#3070,#3071);
#3070 = CARTESIAN_POINT('',(0.,-50.));
#3071 = VECTOR('',#3072,1.);
#3072 = DIRECTION('',(1.,0.));
#3073 = ( GEOMETRIC_REPRESENTATION_CONTEXT(2) 
PARAMETRIC_REPRESENTATION_CONTEXT() REPRESENTATION_CONTEXT('2D SPACE',''
  ) );
#3074 = PCURVE('',#3075,#3080);
#3075 = PLANE('',#3076);
#3076 = AXIS2_PLACEMENT_3D('',#3077,#3078,#3079);
#3077 = CARTESIAN_POINT('',(-32.,25.,6.));
#3078 = DIRECTION('',(0.,1.,0.));
#3079 = DIRECTION('',(0.,0.,1.));
#3080 = DEFINITIONAL_REPRESENTATION('',(#3081),#3085);
#3081 = LINE('',#3082,#3083);
#3082 = CARTESIAN_POINT('',(0.,0.));
#3083 = VECTOR('',#3084,1.);
#3084 = DIRECTION('',(1.,0.));
#3085 = ( GEOMETRIC_REPRESENTATION_CONTEXT(2) 
PARAMETRIC_REPRESENTATION_CONTEXT() REPRESENTATION_CONTEXT('2D SPACE',''
  ) );
#3086 = ORIENTED_EDGE('',*,*,#3087,.F.);
#3087 = EDGE_CURVE('',#2999,#3060,#3088,.T.);
#3088 = SURFACE_CURVE('',#3089,(#3093,#3100),.PCURVE_S1.);
#3089 = LINE('',#3090,#3091);
#3090 = CARTESIAN_POINT('',(-32.,-25.,14.));
#3091 = VECTOR('',#3092,1.);
#3092 = DIRECTION('',(0.,1.,0.));
#3093 = PCURVE('',#3007,#3094);
#3094 = DEFINITIONAL_REPRESENTATION('',(#3095),#3099);
#3095 = LINE('',#3096,#3097);
#3096 = CARTESIAN_POINT('',(8.,0.));
#3097 = VECTOR('',#3098,1.);
#3098 = DIRECTION('',(0.,-1.));
#3099 = ( GEOMETRIC_REPRESENTATION_CONTEXT(2) 
PARAMETRIC_REPRESENTATION_CONTEXT() REPRESENTATION_CONTEXT('2D SPACE',''
  ) );
#3100 = PCURVE('',#3101,#3106);
#3101 = PLANE('',#3102);
#3102 = AXIS2_PLACEMENT_3D('',#3103,#3104,#3105);
#3103 = CARTESIAN_POINT('',(-32.,-25.,14.));
#3104 = DIRECTION('',(0.,0.,1.));
#3105 = DIRECTION('',(1.,0.,0.));
#3106 = DEFINITIONAL_REPRESENTATION('',(#3107),#3111);
#3107 = LINE('',#3108,#3109);
#3108 = CARTESIAN_POINT('',(0.,0.));
#3109 = VECTOR('',#3110,1.);
#3110 = DIRECTION('',(0.,1.));
#3111 = ( GEOMETRIC_REPRESENTATION_CONTEXT(2) 
PARAMETRIC_REPRESENTATION_CONTEXT() REPRESENTATION_CONTEXT('2D SPACE',''
  ) );
#3112 = ADVANCED_FACE('',(#3113),#3019,.F.);
#3113 = FACE_BOUND('',#3114,.F.);
#3114 = EDGE_LOOP('',(#3115,#3138,#3139,#3162));
#3115 = ORIENTED_EDGE('',*,*,#3116,.F.);
#3116 = EDGE_CURVE('',#2997,#3117,#3119,.T.);
#3117 = VERTEX_POINT('',#3118);
#3118 = CARTESIAN_POINT('',(32.,-25.,6.));
#3119 = SURFACE_CURVE('',#3120,(#3124,#3131),.PCURVE_S1.);
#3120 = LINE('',#3121,#3122);
#3121 = CARTESIAN_POINT('',(-32.,-25.,6.));
#3122 = VECTOR('',#3123,1.);
#3123 = DIRECTION('',(1.,0.,0.));
#3124 = PCURVE('',#3019,#3125);
#3125 = DEFINITIONAL_REPRESENTATION('',(#3126),#3130);
#3126 = LINE('',#3127,#3128);
#3127 = CARTESIAN_POINT('',(0.,0.));
#3128 = VECTOR('',#3129,1.);
#3129 = DIRECTION('',(0.,1.));
#3130 = ( GEOMETRIC_REPRESENTATION_CONTEXT(2) 
PARAMETRIC_REPRESENTATION_CONTEXT() REPRESENTATION_CONTEXT('2D SPACE',''
  ) );
#3131 = PCURVE('',#3047,#3132);
#3132 = DEFINITIONAL_REPRESENTATION('',(#3133),#3137);
#3133 = LINE('',#3134,#3135);
#3134 = CARTESIAN_POINT('',(0.,0.));
#3135 = VECTOR('',#3136,1.);
#3136 = DIRECTION('',(1.,0.));
#3137 = ( GEOMETRIC_REPRESENTATION_CONTEXT(2) 
PARAMETRIC_REPRESENTATION_CONTEXT() REPRESENTATION_CONTEXT('2D SPACE',''
  ) );
#3138 = ORIENTED_EDGE('',*,*,#2996,.T.);
#3139 = ORIENTED_EDGE('',*,*,#3140,.T.);
#3140 = EDGE_CURVE('',#2999,#3141,#3143,.T.);
#3141 = VERTEX_POINT('',#3142);
#3142 = CARTESIAN_POINT('',(32.,-25.,14.));
#3143 = SURFACE_CURVE('',#3144,(#3148,#3155),.PCURVE_S1.);
#3144 = LINE('',#3145,#3146);
#3145 = CARTESIAN_POINT('',(-32.,-25.,14.));
#3146 = VECTOR('',#3147,1.);
#3147 = DIRECTION('',(1.,0.,0.));
#3148 = PCURVE('',#3019,#3149);
#3149 = DEFINITIONAL_REPRESENTATION('',(#3150),#3154);
#3150 = LINE('',#3151,#3152);
#3151 = CARTESIAN_POINT('',(8.,0.));
#3152 = VECTOR('',#3153,1.);
#3153 = DIRECTION('',(0.,1.));
#3154 = ( GEOMETRIC_REPRESENTATION_CONTEXT(2) 
PARAMETRIC_REPRESENTATION_CONTEXT() REPRESENTATION_CONTEXT('2D SPACE',''
  ) );
#3155 = PCURVE('',#3101,#3156);
#3156 = DEFINITIONAL_REPRESENTATION('',(#3157),#3161);
#3157 = LINE('',#3158,#3159);
#3158 = CARTESIAN_POINT('',(0.,0.));
#3159 = VECTOR('',#3160,1.);
#3160 = DIRECTION('',(1.,0.));
#3161 = ( GEOMETRIC_REPRESENTATION_CONTEXT(2) 
PARAMETRIC_REPRESENTATION_CONTEXT() REPRESENTATION_CONTEXT('2D SPACE',''
  ) );
#3162 = ORIENTED_EDGE('',*,*,#3163,.F.);
#3163 = EDGE_CURVE('',#3117,#3141,#3164,.T.);
#3164 = SURFACE_CURVE('',#3165,(#3169,#3176),.PCURVE_S1.);
#3165 = LINE('',#3166,#3167);
#3166 = CARTESIAN_POINT('',(32.,-25.,6.));
#3167 = VECTOR('',#3168,1.);
#3168 = DIRECTION('',(0.,0.,1.));
#3169 = PCURVE('',#3019,#3170);
#3170 = DEFINITIONAL_REPRESENTATION('',(#3171),#3175);
#3171 = LINE('',#3172,#3173);
#3172 = CARTESIAN_POINT('',(0.,64.));
#3173 = VECTOR('',#3174,1.);
#3174 = DIRECTION('',(1.,0.));
#3175 = ( GEOMETRIC_REPRESENTATION_CONTEXT(2) 
PARAMETRIC_REPRESENTATION_CONTEXT() REPRESENTATION_CONTEXT('2D SPACE',''
  ) );
#3176 = PCURVE('',#3177,#3182);
#3177 = PLANE('',#3178);
#3178 = AXIS2_PLACEMENT_3D('',#3179,#3180,#3181);
#3179 = CARTESIAN_POINT('',(32.,-25.,6.));
#3180 = DIRECTION('',(1.,0.,0.));
#3181 = DIRECTION('',(0.,0.,1.));
#3182 = DEFINITIONAL_REPRESENTATION('',(#3183),#3187);
#3183 = LINE('',#3184,#3185);
#3184 = CARTESIAN_POINT('',(0.,0.));
#3185 = VECTOR('',#3186,1.);
#3186 = DIRECTION('',(1.,0.));
#3187 = ( GEOMETRIC_REPRESENTATION_CONTEXT(2) 
PARAMETRIC_REPRESENTATION_CONTEXT() REPRESENTATION_CONTEXT('2D SPACE',''
  ) );
#3188 = ADVANCED_FACE('',(#3189,#3237,#3268,#3596,#3627,#3658),#3101,.T.
  );
#3189 = FACE_BOUND('',#3190,.T.);
#3190 = EDGE_LOOP('',(#3191,#3192,#3193,#3216));
#3191 = ORIENTED_EDGE('',*,*,#3087,.F.);
#3192 = ORIENTED_EDGE('',*,*,#3140,.T.);
#3193 = ORIENTED_EDGE('',*,*,#3194,.T.);
#3194 = EDGE_CURVE('',#3141,#3195,#3197,.T.);
#3195 = VERTEX_POINT('',#3196);
#3196 = CARTESIAN_POINT('',(32.,25.,14.));
#3197 = SURFACE_CURVE('',#3198,(#3202,#3209),.PCURVE_S1.);
#3198 = LINE('',#3199,#3200);
#3199 = CARTESIAN_POINT('',(32.,-25.,14.));
#3200 = VECTOR('',#3201,1.);
#3201 = DIRECTION('',(0.,1.,0.));
#3202 = PCURVE('',#3101,#3203);
#3203 = DEFINITIONAL_REPRESENTATION('',(#3204),#3208);
#3204 = LINE('',#3205,#3206);
#3205 = CARTESIAN_POINT('',(64.,0.));
#3206 = VECTOR('',#3207,1.);
#3207 = DIRECTION('',(0.,1.));
#3208 = ( GEOMETRIC_REPRESENTATION_CONTEXT(2) 
PARAMETRIC_REPRESENTATION_CONTEXT() REPRESENTATION_CONTEXT('2D SPACE',''
  ) );
#3209 = PCURVE('',#3177,#3210);
#3210 = DEFINITIONAL_REPRESENTATION('',(#3211),#3215);
#3211 = LINE('',#3212,#3213);
#3212 = CARTESIAN_POINT('',(8.,0.));
#3213 = VECTOR('',#3214,1.);
#3214 = DIRECTION('',(0.,-1.));
#3215 = ( GEOMETRIC_REPRESENTATION_CONTEXT(2) 
PARAMETRIC_REPRESENTATION_CONTEXT() REPRESENTATION_CONTEXT('2D SPACE',''
  ) );
#3216 = ORIENTED_EDGE('',*,*,#3217,.F.);
#3217 = EDGE_CURVE('',#3060,#3195,#3218,.T.);
#3218 = SURFACE_CURVE('',#3219,(#3223,#3230),.PCURVE_S1.);
#3219 = LINE('',#3220,#3221);
#3220 = CARTESIAN_POINT('',(-32.,25.,14.));
#3221 = VECTOR('',#3222,1.);
#3222 = DIRECTION('',(1.,0.,0.));
#3223 = PCURVE('',#3101,#3224);
#3224 = DEFINITIONAL_REPRESENTATION('',(#3225),#3229);
#3225 = LINE('',#3226,#3227);
#3226 = CARTESIAN_POINT('',(0.,50.));
#3227 = VECTOR('',#3228,1.);
#3228 = DIRECTION('',(1.,0.));
#3229 = ( GEOMETRIC_REPRESENTATION_CONTEXT(2) 
PARAMETRIC_REPRESENTATION_CONTEXT() REPRESENTATION_CONTEXT('2D SPACE',''
  ) );
#3230 = PCURVE('',#3075,#3231);
#3231 = DEFINITIONAL_REPRESENTATION('',(#3232),#3236);
#3232 = LINE('',#3233,#3234);
#3233 = CARTESIAN_POINT('',(8.,0.));
#3234 = VECTOR('',#3235,1.);
#3235 = DIRECTION('',(0.,1.));
#3236 = ( GEOMETRIC_REPRESENTATION_CONTEXT(2) 
PARAMETRIC_REPRESENTATION_CONTEXT() REPRESENTATION_CONTEXT('2D SPACE',''
  ) );
#3237 = FACE_BOUND('',#3238,.T.);
#3238 = EDGE_LOOP('',(#3239));
#3239 = ORIENTED_EDGE('',*,*,#3240,.F.);
#3240 = EDGE_CURVE('',#3241,#3241,#3243,.T.);
#3241 = VERTEX_POINT('',#3242);
#3242 = CARTESIAN_POINT('',(-21.8,-14.,14.));
#3243 = SURFACE_CURVE('',#3244,(#3249,#3256),.PCURVE_S1.);
#3244 = CIRCLE('',#3245,3.2);
#3245 = AXIS2_PLACEMENT_3D('',#3246,#3247,#3248);
#3246 = CARTESIAN_POINT('',(-25.,-14.,14.));
#3247 = DIRECTION('',(0.,0.,1.));
#3248 = DIRECTION('',(1.,0.,-0.));
#3249 = PCURVE('',#3101,#3250);
#3250 = DEFINITIONAL_REPRESENTATION('',(#3251),#3255);
#3251 = CIRCLE('',#3252,3.2);
#3252 = AXIS2_PLACEMENT_2D('',#3253,#3254);
#3253 = CARTESIAN_POINT('',(7.,11.));
#3254 = DIRECTION('',(1.,0.));
#3255 = ( GEOMETRIC_REPRESENTATION_CONTEXT(2) 
PARAMETRIC_REPRESENTATION_CONTEXT() REPRESENTATION_CONTEXT('2D SPACE',''
  ) );
#3256 = PCURVE('',#3257,#3262);
#3257 = CYLINDRICAL_SURFACE('',#3258,3.2);
#3258 = AXIS2_PLACEMENT_3D('',#3259,#3260,#3261);
#3259 = CARTESIAN_POINT('',(-25.,-14.,12.));
#3260 = DIRECTION('',(0.,0.,1.));
#3261 = DIRECTION('',(1.,0.,-0.));
#3262 = DEFINITIONAL_REPRESENTATION('',(#3263),#3267);
#3263 = LINE('',#3264,#3265);
#3264 = CARTESIAN_POINT('',(0.,2.));
#3265 = VECTOR('',#3266,1.);
#3266 = DIRECTION('',(1.,0.));
#3267 = ( GEOMETRIC_REPRESENTATION_CONTEXT(2) 
PARAMETRIC_REPRESENTATION_CONTEXT() REPRESENTATION_CONTEXT('2D SPACE',''
  ) );
#3268 = FACE_BOUND('',#3269,.T.);
#3269 = EDGE_LOOP('',(#3270,#3300,#3328,#3356,#3384,#3412,#3440,#3468,
    #3491,#3519,#3547,#3575));
#3270 = ORIENTED_EDGE('',*,*,#3271,.T.);
#3271 = EDGE_CURVE('',#3272,#3274,#3276,.T.);
#3272 = VERTEX_POINT('',#3273);
#3273 = CARTESIAN_POINT('',(-20.,-10.,14.));
#3274 = VERTEX_POINT('',#3275);
#3275 = CARTESIAN_POINT('',(-20.,0.,14.));
#3276 = SURFACE_CURVE('',#3277,(#3281,#3288),.PCURVE_S1.);
#3277 = LINE('',#3278,#3279);
#3278 = CARTESIAN_POINT('',(-20.,-10.,14.));
#3279 = VECTOR('',#3280,1.);
#3280 = DIRECTION('',(0.,1.,0.));
#3281 = PCURVE('',#3101,#3282);
#3282 = DEFINITIONAL_REPRESENTATION('',(#3283),#3287);
#3283 = LINE('',#3284,#3285);
#3284 = CARTESIAN_POINT('',(12.,15.));
#3285 = VECTOR('',#3286,1.);
#3286 = DIRECTION('',(0.,1.));
#3287 = ( GEOMETRIC_REPRESENTATION_CONTEXT(2) 
PARAMETRIC_REPRESENTATION_CONTEXT() REPRESENTATION_CONTEXT('2D SPACE',''
  ) );
#3288 = PCURVE('',#3289,#3294);
#3289 = PLANE('',#3290);
#3290 = AXIS2_PLACEMENT_3D('',#3291,#3292,#3293);
#3291 = CARTESIAN_POINT('',(-20.,-10.,14.));
#3292 = DIRECTION('',(1.,0.,0.));
#3293 = DIRECTION('',(0.,0.,1.));
#3294 = DEFINITIONAL_REPRESENTATION('',(#3295),#3299);
#3295 = LINE('',#3296,#3297);
#3296 = CARTESIAN_POINT('',(0.,0.));
#3297 = VECTOR('',#3298,1.);
#3298 = DIRECTION('',(0.,-1.));
#3299 = ( GEOMETRIC_REPRESENTATION_CONTEXT(2) 
PARAMETRIC_REPRESENTATION_CONTEXT() REPRESENTATION_CONTEXT('2D SPACE',''
  ) );
#3300 = ORIENTED_EDGE('',*,*,#3301,.T.);
#3301 = EDGE_CURVE('',#3274,#3302,#3304,.T.);
#3302 = VERTEX_POINT('',#3303);
#3303 = CARTESIAN_POINT('',(20.,0.,14.));
#3304 = SURFACE_CURVE('',#3305,(#3309,#3316),.PCURVE_S1.);
#3305 = LINE('',#3306,#3307);
#3306 = CARTESIAN_POINT('',(-20.,0.,14.));
#3307 = VECTOR('',#3308,1.);
#3308 = DIRECTION('',(1.,0.,0.));
#3309 = PCURVE('',#3101,#3310);
#3310 = DEFINITIONAL_REPRESENTATION('',(#3311),#3315);
#3311 = LINE('',#3312,#3313);
#3312 = CARTESIAN_POINT('',(12.,25.));
#3313 = VECTOR('',#3314,1.);
#3314 = DIRECTION('',(1.,0.));
#3315 = ( GEOMETRIC_REPRESENTATION_CONTEXT(2) 
PARAMETRIC_REPRESENTATION_CONTEXT() REPRESENTATION_CONTEXT('2D SPACE',''
  ) );
#3316 = PCURVE('',#3317,#3322);
#3317 = PLANE('',#3318);
#3318 = AXIS2_PLACEMENT_3D('',#3319,#3320,#3321);
#3319 = CARTESIAN_POINT('',(-20.,0.,14.));
#3320 = DIRECTION('',(0.,1.,0.));
#3321 = DIRECTION('',(0.,0.,1.));
#3322 = DEFINITIONAL_REPRESENTATION('',(#3323),#3327);
#3323 = LINE('',#3324,#3325);
#3324 = CARTESIAN_POINT('',(0.,0.));
#3325 = VECTOR('',#3326,1.);
#3326 = DIRECTION('',(0.,1.));
#3327 = ( GEOMETRIC_REPRESENTATION_CONTEXT(2) 
PARAMETRIC_REPRESENTATION_CONTEXT() REPRESENTATION_CONTEXT('2D SPACE',''
  ) );
#3328 = ORIENTED_EDGE('',*,*,#3329,.F.);
#3329 = EDGE_CURVE('',#3330,#3302,#3332,.T.);
#3330 = VERTEX_POINT('',#3331);
#3331 = CARTESIAN_POINT('',(20.,-10.,14.));
#3332 = SURFACE_CURVE('',#3333,(#3337,#3344),.PCURVE_S1.);
#3333 = LINE('',#3334,#3335);
#3334 = CARTESIAN_POINT('',(20.,-10.,14.));
#3335 = VECTOR('',#3336,1.);
#3336 = DIRECTION('',(0.,1.,0.));
#3337 = PCURVE('',#3101,#3338);
#3338 = DEFINITIONAL_REPRESENTATION('',(#3339),#3343);
#3339 = LINE('',#3340,#3341);
#3340 = CARTESIAN_POINT('',(52.,15.));
#3341 = VECTOR('',#3342,1.);
#3342 = DIRECTION('',(0.,1.));
#3343 = ( GEOMETRIC_REPRESENTATION_CONTEXT(2) 
PARAMETRIC_REPRESENTATION_CONTEXT() REPRESENTATION_CONTEXT('2D SPACE',''
  ) );
#3344 = PCURVE('',#3345,#3350);
#3345 = PLANE('',#3346);
#3346 = AXIS2_PLACEMENT_3D('',#3347,#3348,#3349);
#3347 = CARTESIAN_POINT('',(20.,-10.,14.));
#3348 = DIRECTION('',(1.,0.,0.));
#3349 = DIRECTION('',(0.,0.,1.));
#3350 = DEFINITIONAL_REPRESENTATION('',(#3351),#3355);
#3351 = LINE('',#3352,#3353);
#3352 = CARTESIAN_POINT('',(0.,0.));
#3353 = VECTOR('',#3354,1.);
#3354 = DIRECTION('',(0.,-1.));
#3355 = ( GEOMETRIC_REPRESENTATION_CONTEXT(2) 
PARAMETRIC_REPRESENTATION_CONTEXT() REPRESENTATION_CONTEXT('2D SPACE',''
  ) );
#3356 = ORIENTED_EDGE('',*,*,#3357,.F.);
#3357 = EDGE_CURVE('',#3358,#3330,#3360,.T.);
#3358 = VERTEX_POINT('',#3359);
#3359 = CARTESIAN_POINT('',(18.,-10.,14.));
#3360 = SURFACE_CURVE('',#3361,(#3365,#3372),.PCURVE_S1.);
#3361 = LINE('',#3362,#3363);
#3362 = CARTESIAN_POINT('',(-20.,-10.,14.));
#3363 = VECTOR('',#3364,1.);
#3364 = DIRECTION('',(1.,0.,0.));
#3365 = PCURVE('',#3101,#3366);
#3366 = DEFINITIONAL_REPRESENTATION('',(#3367),#3371);
#3367 = LINE('',#3368,#3369);
#3368 = CARTESIAN_POINT('',(12.,15.));
#3369 = VECTOR('',#3370,1.);
#3370 = DIRECTION('',(1.,0.));
#3371 = ( GEOMETRIC_REPRESENTATION_CONTEXT(2) 
PARAMETRIC_REPRESENTATION_CONTEXT() REPRESENTATION_CONTEXT('2D SPACE',''
  ) );
#3372 = PCURVE('',#3373,#3378);
#3373 = PLANE('',#3374);
#3374 = AXIS2_PLACEMENT_3D('',#3375,#3376,#3377);
#3375 = CARTESIAN_POINT('',(-20.,-10.,14.));
#3376 = DIRECTION('',(0.,1.,0.));
#3377 = DIRECTION('',(0.,0.,1.));
#3378 = DEFINITIONAL_REPRESENTATION('',(#3379),#3383);
#3379 = LINE('',#3380,#3381);
#3380 = CARTESIAN_POINT('',(0.,0.));
#3381 = VECTOR('',#3382,1.);
#3382 = DIRECTION('',(0.,1.));
#3383 = ( GEOMETRIC_REPRESENTATION_CONTEXT(2) 
PARAMETRIC_REPRESENTATION_CONTEXT() REPRESENTATION_CONTEXT('2D SPACE',''
  ) );
#3384 = ORIENTED_EDGE('',*,*,#3385,.T.);
#3385 = EDGE_CURVE('',#3358,#3386,#3388,.T.);
#3386 = VERTEX_POINT('',#3387);
#3387 = CARTESIAN_POINT('',(18.,-24.,14.));
#3388 = SURFACE_CURVE('',#3389,(#3393,#3400),.PCURVE_S1.);
#3389 = LINE('',#3390,#3391);
#3390 = CARTESIAN_POINT('',(18.,-10.,14.));
#3391 = VECTOR('',#3392,1.);
#3392 = DIRECTION('',(0.,-1.,0.));
#3393 = PCURVE('',#3101,#3394);
#3394 = DEFINITIONAL_REPRESENTATION('',(#3395),#3399);
#3395 = LINE('',#3396,#3397);
#3396 = CARTESIAN_POINT('',(50.,15.));
#3397 = VECTOR('',#3398,1.);
#3398 = DIRECTION('',(0.,-1.));
#3399 = ( GEOMETRIC_REPRESENTATION_CONTEXT(2) 
PARAMETRIC_REPRESENTATION_CONTEXT() REPRESENTATION_CONTEXT('2D SPACE',''
  ) );
#3400 = PCURVE('',#3401,#3406);
#3401 = PLANE('',#3402);
#3402 = AXIS2_PLACEMENT_3D('',#3403,#3404,#3405);
#3403 = CARTESIAN_POINT('',(18.,-13.81967908636,48.819679086362));
#3404 = DIRECTION('',(-1.,-0.,-0.));
#3405 = DIRECTION('',(0.,0.,-1.));
#3406 = DEFINITIONAL_REPRESENTATION('',(#3407),#3411);
#3407 = LINE('',#3408,#3409);
#3408 = CARTESIAN_POINT('',(34.819679086362,-3.819679086362));
#3409 = VECTOR('',#3410,1.);
#3410 = DIRECTION('',(0.,1.));
#3411 = ( GEOMETRIC_REPRESENTATION_CONTEXT(2) 
PARAMETRIC_REPRESENTATION_CONTEXT() REPRESENTATION_CONTEXT('2D SPACE',''
  ) );
#3412 = ORIENTED_EDGE('',*,*,#3413,.F.);
#3413 = EDGE_CURVE('',#3414,#3386,#3416,.T.);
#3414 = VERTEX_POINT('',#3415);
#3415 = CARTESIAN_POINT('',(14.,-24.,14.));
#3416 = SURFACE_CURVE('',#3417,(#3421,#3428),.PCURVE_S1.);
#3417 = LINE('',#3418,#3419);
#3418 = CARTESIAN_POINT('',(14.,-24.,14.));
#3419 = VECTOR('',#3420,1.);
#3420 = DIRECTION('',(1.,0.,0.));
#3421 = PCURVE('',#3101,#3422);
#3422 = DEFINITIONAL_REPRESENTATION('',(#3423),#3427);
#3423 = LINE('',#3424,#3425);
#3424 = CARTESIAN_POINT('',(46.,1.));
#3425 = VECTOR('',#3426,1.);
#3426 = DIRECTION('',(1.,0.));
#3427 = ( GEOMETRIC_REPRESENTATION_CONTEXT(2) 
PARAMETRIC_REPRESENTATION_CONTEXT() REPRESENTATION_CONTEXT('2D SPACE',''
  ) );
#3428 = PCURVE('',#3429,#3434);
#3429 = PLANE('',#3430);
#3430 = AXIS2_PLACEMENT_3D('',#3431,#3432,#3433);
#3431 = CARTESIAN_POINT('',(14.,-24.,14.));
#3432 = DIRECTION('',(0.,-0.983453188589,0.181162429477));
#3433 = DIRECTION('',(0.,0.181162429477,0.983453188589));
#3434 = DEFINITIONAL_REPRESENTATION('',(#3435),#3439);
#3435 = LINE('',#3436,#3437);
#3436 = CARTESIAN_POINT('',(0.,0.));
#3437 = VECTOR('',#3438,1.);
#3438 = DIRECTION('',(0.,-1.));
#3439 = ( GEOMETRIC_REPRESENTATION_CONTEXT(2) 
PARAMETRIC_REPRESENTATION_CONTEXT() REPRESENTATION_CONTEXT('2D SPACE',''
  ) );
#3440 = ORIENTED_EDGE('',*,*,#3441,.F.);
#3441 = EDGE_CURVE('',#3442,#3414,#3444,.T.);
#3442 = VERTEX_POINT('',#3443);
#3443 = CARTESIAN_POINT('',(14.,-10.,14.));
#3444 = SURFACE_CURVE('',#3445,(#3449,#3456),.PCURVE_S1.);
#3445 = LINE('',#3446,#3447);
#3446 = CARTESIAN_POINT('',(14.,-10.,14.));
#3447 = VECTOR('',#3448,1.);
#3448 = DIRECTION('',(0.,-1.,0.));
#3449 = PCURVE('',#3101,#3450);
#3450 = DEFINITIONAL_REPRESENTATION('',(#3451),#3455);
#3451 = LINE('',#3452,#3453);
#3452 = CARTESIAN_POINT('',(46.,15.));
#3453 = VECTOR('',#3454,1.);
#3454 = DIRECTION('',(0.,-1.));
#3455 = ( GEOMETRIC_REPRESENTATION_CONTEXT(2) 
PARAMETRIC_REPRESENTATION_CONTEXT() REPRESENTATION_CONTEXT('2D SPACE',''
  ) );
#3456 = PCURVE('',#3457,#3462);
#3457 = PLANE('',#3458);
#3458 = AXIS2_PLACEMENT_3D('',#3459,#3460,#3461);
#3459 = CARTESIAN_POINT('',(14.,-13.81967908636,48.819679086362));
#3460 = DIRECTION('',(-1.,-0.,-0.));
#3461 = DIRECTION('',(0.,0.,-1.));
#3462 = DEFINITIONAL_REPRESENTATION('',(#3463),#3467);
#3463 = LINE('',#3464,#3465);
#3464 = CARTESIAN_POINT('',(34.819679086362,-3.819679086362));
#3465 = VECTOR('',#3466,1.);
#3466 = DIRECTION('',(0.,1.));
#3467 = ( GEOMETRIC_REPRESENTATION_CONTEXT(2) 
PARAMETRIC_REPRESENTATION_CONTEXT() REPRESENTATION_CONTEXT('2D SPACE',''
  ) );
#3468 = ORIENTED_EDGE('',*,*,#3469,.F.);
#3469 = EDGE_CURVE('',#3470,#3442,#3472,.T.);
#3470 = VERTEX_POINT('',#3471);
#3471 = CARTESIAN_POINT('',(-14.,-10.,14.));
#3472 = SURFACE_CURVE('',#3473,(#3477,#3484),.PCURVE_S1.);
#3473 = LINE('',#3474,#3475);
#3474 = CARTESIAN_POINT('',(-20.,-10.,14.));
#3475 = VECTOR('',#3476,1.);
#3476 = DIRECTION('',(1.,0.,0.));
#3477 = PCURVE('',#3101,#3478);
#3478 = DEFINITIONAL_REPRESENTATION('',(#3479),#3483);
#3479 = LINE('',#3480,#3481);
#3480 = CARTESIAN_POINT('',(12.,15.));
#3481 = VECTOR('',#3482,1.);
#3482 = DIRECTION('',(1.,0.));
#3483 = ( GEOMETRIC_REPRESENTATION_CONTEXT(2) 
PARAMETRIC_REPRESENTATION_CONTEXT() REPRESENTATION_CONTEXT('2D SPACE',''
  ) );
#3484 = PCURVE('',#3373,#3485);
#3485 = DEFINITIONAL_REPRESENTATION('',(#3486),#3490);
#3486 = LINE('',#3487,#3488);
#3487 = CARTESIAN_POINT('',(0.,0.));
#3488 = VECTOR('',#3489,1.);
#3489 = DIRECTION('',(0.,1.));
#3490 = ( GEOMETRIC_REPRESENTATION_CONTEXT(2) 
PARAMETRIC_REPRESENTATION_CONTEXT() REPRESENTATION_CONTEXT('2D SPACE',''
  ) );
#3491 = ORIENTED_EDGE('',*,*,#3492,.T.);
#3492 = EDGE_CURVE('',#3470,#3493,#3495,.T.);
#3493 = VERTEX_POINT('',#3494);
#3494 = CARTESIAN_POINT('',(-14.,-24.,14.));
#3495 = SURFACE_CURVE('',#3496,(#3500,#3507),.PCURVE_S1.);
#3496 = LINE('',#3497,#3498);
#3497 = CARTESIAN_POINT('',(-14.,-10.,14.));
#3498 = VECTOR('',#3499,1.);
#3499 = DIRECTION('',(0.,-1.,0.));
#3500 = PCURVE('',#3101,#3501);
#3501 = DEFINITIONAL_REPRESENTATION('',(#3502),#3506);
#3502 = LINE('',#3503,#3504);
#3503 = CARTESIAN_POINT('',(18.,15.));
#3504 = VECTOR('',#3505,1.);
#3505 = DIRECTION('',(0.,-1.));
#3506 = ( GEOMETRIC_REPRESENTATION_CONTEXT(2) 
PARAMETRIC_REPRESENTATION_CONTEXT() REPRESENTATION_CONTEXT('2D SPACE',''
  ) );
#3507 = PCURVE('',#3508,#3513);
#3508 = PLANE('',#3509);
#3509 = AXIS2_PLACEMENT_3D('',#3510,#3511,#3512);
#3510 = CARTESIAN_POINT('',(-14.,-13.81967908636,48.819679086362));
#3511 = DIRECTION('',(-1.,-0.,-0.));
#3512 = DIRECTION('',(0.,0.,-1.));
#3513 = DEFINITIONAL_REPRESENTATION('',(#3514),#3518);
#3514 = LINE('',#3515,#3516);
#3515 = CARTESIAN_POINT('',(34.819679086362,-3.819679086362));
#3516 = VECTOR('',#3517,1.);
#3517 = DIRECTION('',(0.,1.));
#3518 = ( GEOMETRIC_REPRESENTATION_CONTEXT(2) 
PARAMETRIC_REPRESENTATION_CONTEXT() REPRESENTATION_CONTEXT('2D SPACE',''
  ) );
#3519 = ORIENTED_EDGE('',*,*,#3520,.F.);
#3520 = EDGE_CURVE('',#3521,#3493,#3523,.T.);
#3521 = VERTEX_POINT('',#3522);
#3522 = CARTESIAN_POINT('',(-18.,-24.,14.));
#3523 = SURFACE_CURVE('',#3524,(#3528,#3535),.PCURVE_S1.);
#3524 = LINE('',#3525,#3526);
#3525 = CARTESIAN_POINT('',(-18.,-24.,14.));
#3526 = VECTOR('',#3527,1.);
#3527 = DIRECTION('',(1.,0.,0.));
#3528 = PCURVE('',#3101,#3529);
#3529 = DEFINITIONAL_REPRESENTATION('',(#3530),#3534);
#3530 = LINE('',#3531,#3532);
#3531 = CARTESIAN_POINT('',(14.,1.));
#3532 = VECTOR('',#3533,1.);
#3533 = DIRECTION('',(1.,0.));
#3534 = ( GEOMETRIC_REPRESENTATION_CONTEXT(2) 
PARAMETRIC_REPRESENTATION_CONTEXT() REPRESENTATION_CONTEXT('2D SPACE',''
  ) );
#3535 = PCURVE('',#3536,#3541);
#3536 = PLANE('',#3537);
#3537 = AXIS2_PLACEMENT_3D('',#3538,#3539,#3540);
#3538 = CARTESIAN_POINT('',(-18.,-24.,14.));
#3539 = DIRECTION('',(0.,-0.983453188589,0.181162429477));
#3540 = DIRECTION('',(0.,0.181162429477,0.983453188589));
#3541 = DEFINITIONAL_REPRESENTATION('',(#3542),#3546);
#3542 = LINE('',#3543,#3544);
#3543 = CARTESIAN_POINT('',(0.,0.));
#3544 = VECTOR('',#3545,1.);
#3545 = DIRECTION('',(0.,-1.));
#3546 = ( GEOMETRIC_REPRESENTATION_CONTEXT(2) 
PARAMETRIC_REPRESENTATION_CONTEXT() REPRESENTATION_CONTEXT('2D SPACE',''
  ) );
#3547 = ORIENTED_EDGE('',*,*,#3548,.F.);
#3548 = EDGE_CURVE('',#3549,#3521,#3551,.T.);
#3549 = VERTEX_POINT('',#3550);
#3550 = CARTESIAN_POINT('',(-18.,-10.,14.));
#3551 = SURFACE_CURVE('',#3552,(#3556,#3563),.PCURVE_S1.);
#3552 = LINE('',#3553,#3554);
#3553 = CARTESIAN_POINT('',(-18.,-10.,14.));
#3554 = VECTOR('',#3555,1.);
#3555 = DIRECTION('',(0.,-1.,0.));
#3556 = PCURVE('',#3101,#3557);
#3557 = DEFINITIONAL_REPRESENTATION('',(#3558),#3562);
#3558 = LINE('',#3559,#3560);
#3559 = CARTESIAN_POINT('',(14.,15.));
#3560 = VECTOR('',#3561,1.);
#3561 = DIRECTION('',(0.,-1.));
#3562 = ( GEOMETRIC_REPRESENTATION_CONTEXT(2) 
PARAMETRIC_REPRESENTATION_CONTEXT() REPRESENTATION_CONTEXT('2D SPACE',''
  ) );
#3563 = PCURVE('',#3564,#3569);
#3564 = PLANE('',#3565);
#3565 = AXIS2_PLACEMENT_3D('',#3566,#3567,#3568);
#3566 = CARTESIAN_POINT('',(-18.,-13.81967908636,48.819679086362));
#3567 = DIRECTION('',(-1.,-0.,-0.));
#3568 = DIRECTION('',(0.,0.,-1.));
#3569 = DEFINITIONAL_REPRESENTATION('',(#3570),#3574);
#3570 = LINE('',#3571,#3572);
#3571 = CARTESIAN_POINT('',(34.819679086362,-3.819679086362));
#3572 = VECTOR('',#3573,1.);
#3573 = DIRECTION('',(0.,1.));
#3574 = ( GEOMETRIC_REPRESENTATION_CONTEXT(2) 
PARAMETRIC_REPRESENTATION_CONTEXT() REPRESENTATION_CONTEXT('2D SPACE',''
  ) );
#3575 = ORIENTED_EDGE('',*,*,#3576,.F.);
#3576 = EDGE_CURVE('',#3272,#3549,#3577,.T.);
#3577 = SURFACE_CURVE('',#3578,(#3582,#3589),.PCURVE_S1.);
#3578 = LINE('',#3579,#3580);
#3579 = CARTESIAN_POINT('',(-20.,-10.,14.));
#3580 = VECTOR('',#3581,1.);
#3581 = DIRECTION('',(1.,0.,0.));
#3582 = PCURVE('',#3101,#3583);
#3583 = DEFINITIONAL_REPRESENTATION('',(#3584),#3588);
#3584 = LINE('',#3585,#3586);
#3585 = CARTESIAN_POINT('',(12.,15.));
#3586 = VECTOR('',#3587,1.);
#3587 = DIRECTION('',(1.,0.));
#3588 = ( GEOMETRIC_REPRESENTATION_CONTEXT(2) 
PARAMETRIC_REPRESENTATION_CONTEXT() REPRESENTATION_CONTEXT('2D SPACE',''
  ) );
#3589 = PCURVE('',#3373,#3590);
#3590 = DEFINITIONAL_REPRESENTATION('',(#3591),#3595);
#3591 = LINE('',#3592,#3593);
#3592 = CARTESIAN_POINT('',(0.,0.));
#3593 = VECTOR('',#3594,1.);
#3594 = DIRECTION('',(0.,1.));
#3595 = ( GEOMETRIC_REPRESENTATION_CONTEXT(2) 
PARAMETRIC_REPRESENTATION_CONTEXT() REPRESENTATION_CONTEXT('2D SPACE',''
  ) );
#3596 = FACE_BOUND('',#3597,.T.);
#3597 = EDGE_LOOP('',(#3598));
#3598 = ORIENTED_EDGE('',*,*,#3599,.F.);
#3599 = EDGE_CURVE('',#3600,#3600,#3602,.T.);
#3600 = VERTEX_POINT('',#3601);
#3601 = CARTESIAN_POINT('',(28.2,-14.,14.));
#3602 = SURFACE_CURVE('',#3603,(#3608,#3615),.PCURVE_S1.);
#3603 = CIRCLE('',#3604,3.2);
#3604 = AXIS2_PLACEMENT_3D('',#3605,#3606,#3607);
#3605 = CARTESIAN_POINT('',(25.,-14.,14.));
#3606 = DIRECTION('',(0.,0.,1.));
#3607 = DIRECTION('',(1.,0.,-0.));
#3608 = PCURVE('',#3101,#3609);
#3609 = DEFINITIONAL_REPRESENTATION('',(#3610),#3614);
#3610 = CIRCLE('',#3611,3.2);
#3611 = AXIS2_PLACEMENT_2D('',#3612,#3613);
#3612 = CARTESIAN_POINT('',(57.,11.));
#3613 = DIRECTION('',(1.,0.));
#3614 = ( GEOMETRIC_REPRESENTATION_CONTEXT(2) 
PARAMETRIC_REPRESENTATION_CONTEXT() REPRESENTATION_CONTEXT('2D SPACE',''
  ) );
#3615 = PCURVE('',#3616,#3621);
#3616 = CYLINDRICAL_SURFACE('',#3617,3.2);
#3617 = AXIS2_PLACEMENT_3D('',#3618,#3619,#3620);
#3618 = CARTESIAN_POINT('',(25.,-14.,12.));
#3619 = DIRECTION('',(0.,0.,1.));
#3620 = DIRECTION('',(1.,0.,-0.));
#3621 = DEFINITIONAL_REPRESENTATION('',(#3622),#3626);
#3622 = LINE('',#3623,#3624);
#3623 = CARTESIAN_POINT('',(0.,2.));
#3624 = VECTOR('',#3625,1.);
#3625 = DIRECTION('',(1.,0.));
#3626 = ( GEOMETRIC_REPRESENTATION_CONTEXT(2) 
PARAMETRIC_REPRESENTATION_CONTEXT() REPRESENTATION_CONTEXT('2D SPACE',''
  ) );
#3627 = FACE_BOUND('',#3628,.T.);
#3628 = EDGE_LOOP('',(#3629));
#3629 = ORIENTED_EDGE('',*,*,#3630,.F.);
#3630 = EDGE_CURVE('',#3631,#3631,#3633,.T.);
#3631 = VERTEX_POINT('',#3632);
#3632 = CARTESIAN_POINT('',(-21.8,14.,14.));
#3633 = SURFACE_CURVE('',#3634,(#3639,#3646),.PCURVE_S1.);
#3634 = CIRCLE('',#3635,3.2);
#3635 = AXIS2_PLACEMENT_3D('',#3636,#3637,#3638);
#3636 = CARTESIAN_POINT('',(-25.,14.,14.));
#3637 = DIRECTION('',(0.,0.,1.));
#3638 = DIRECTION('',(1.,0.,-0.));
#3639 = PCURVE('',#3101,#3640);
#3640 = DEFINITIONAL_REPRESENTATION('',(#3641),#3645);
#3641 = CIRCLE('',#3642,3.2);
#3642 = AXIS2_PLACEMENT_2D('',#3643,#3644);
#3643 = CARTESIAN_POINT('',(7.,39.));
#3644 = DIRECTION('',(1.,0.));
#3645 = ( GEOMETRIC_REPRESENTATION_CONTEXT(2) 
PARAMETRIC_REPRESENTATION_CONTEXT() REPRESENTATION_CONTEXT('2D SPACE',''
  ) );
#3646 = PCURVE('',#3647,#3652);
#3647 = CYLINDRICAL_SURFACE('',#3648,3.2);
#3648 = AXIS2_PLACEMENT_3D('',#3649,#3650,#3651);
#3649 = CARTESIAN_POINT('',(-25.,14.,12.));
#3650 = DIRECTION('',(0.,0.,1.));
#3651 = DIRECTION('',(1.,0.,-0.));
#3652 = DEFINITIONAL_REPRESENTATION('',(#3653),#3657);
#3653 = LINE('',#3654,#3655);
#3654 = CARTESIAN_POINT('',(0.,2.));
#3655 = VECTOR('',#3656,1.);
#3656 = DIRECTION('',(1.,0.));
#3657 = ( GEOMETRIC_REPRESENTATION_CONTEXT(2) 
PARAMETRIC_REPRESENTATION_CONTEXT() REPRESENTATION_CONTEXT('2D SPACE',''
  ) );
#3658 = FACE_BOUND('',#3659,.T.);
#3659 = EDGE_LOOP('',(#3660));
#3660 = ORIENTED_EDGE('',*,*,#3661,.F.);
#3661 = EDGE_CURVE('',#3662,#3662,#3664,.T.);
#3662 = VERTEX_POINT('',#3663);
#3663 = CARTESIAN_POINT('',(28.2,14.,14.));
#3664 = SURFACE_CURVE('',#3665,(#3670,#3677),.PCURVE_S1.);
#3665 = CIRCLE('',#3666,3.2);
#3666 = AXIS2_PLACEMENT_3D('',#3667,#3668,#3669);
#3667 = CARTESIAN_POINT('',(25.,14.,14.));
#3668 = DIRECTION('',(0.,0.,1.));
#3669 = DIRECTION('',(1.,0.,-0.));
#3670 = PCURVE('',#3101,#3671);
#3671 = DEFINITIONAL_REPRESENTATION('',(#3672),#3676);
#3672 = CIRCLE('',#3673,3.2);
#3673 = AXIS2_PLACEMENT_2D('',#3674,#3675);
#3674 = CARTESIAN_POINT('',(57.,39.));
#3675 = DIRECTION('',(1.,0.));
#3676 = ( GEOMETRIC_REPRESENTATION_CONTEXT(2) 
PARAMETRIC_REPRESENTATION_CONTEXT() REPRESENTATION_CONTEXT('2D SPACE',''
  ) );
#3677 = PCURVE('',#3678,#3683);
#3678 = CYLINDRICAL_SURFACE('',#3679,3.2);
#3679 = AXIS2_PLACEMENT_3D('',#3680,#3681,#3682);
#3680 = CARTESIAN_POINT('',(25.,14.,12.));
#3681 = DIRECTION('',(0.,0.,1.));
#3682 = DIRECTION('',(1.,0.,-0.));
#3683 = DEFINITIONAL_REPRESENTATION('',(#3684),#3688);
#3684 = LINE('',#3685,#3686);
#3685 = CARTESIAN_POINT('',(0.,2.));
#3686 = VECTOR('',#3687,1.);
#3687 = DIRECTION('',(1.,0.));
#3688 = ( GEOMETRIC_REPRESENTATION_CONTEXT(2) 
PARAMETRIC_REPRESENTATION_CONTEXT() REPRESENTATION_CONTEXT('2D SPACE',''
  ) );
#3689 = ADVANCED_FACE('',(#3690),#3075,.T.);
#3690 = FACE_BOUND('',#3691,.T.);
#3691 = EDGE_LOOP('',(#3692,#3715,#3716,#3717));
#3692 = ORIENTED_EDGE('',*,*,#3693,.F.);
#3693 = EDGE_CURVE('',#3032,#3694,#3696,.T.);
#3694 = VERTEX_POINT('',#3695);
#3695 = CARTESIAN_POINT('',(32.,25.,6.));
#3696 = SURFACE_CURVE('',#3697,(#3701,#3708),.PCURVE_S1.);
#3697 = LINE('',#3698,#3699);
#3698 = CARTESIAN_POINT('',(-32.,25.,6.));
#3699 = VECTOR('',#3700,1.);
#3700 = DIRECTION('',(1.,0.,0.));
#3701 = PCURVE('',#3075,#3702);
#3702 = DEFINITIONAL_REPRESENTATION('',(#3703),#3707);
#3703 = LINE('',#3704,#3705);
#3704 = CARTESIAN_POINT('',(0.,0.));
#3705 = VECTOR('',#3706,1.);
#3706 = DIRECTION('',(0.,1.));
#3707 = ( GEOMETRIC_REPRESENTATION_CONTEXT(2) 
PARAMETRIC_REPRESENTATION_CONTEXT() REPRESENTATION_CONTEXT('2D SPACE',''
  ) );
#3708 = PCURVE('',#3047,#3709);
#3709 = DEFINITIONAL_REPRESENTATION('',(#3710),#3714);
#3710 = LINE('',#3711,#3712);
#3711 = CARTESIAN_POINT('',(0.,50.));
#3712 = VECTOR('',#3713,1.);
#3713 = DIRECTION('',(1.,0.));
#3714 = ( GEOMETRIC_REPRESENTATION_CONTEXT(2) 
PARAMETRIC_REPRESENTATION_CONTEXT() REPRESENTATION_CONTEXT('2D SPACE',''
  ) );
#3715 = ORIENTED_EDGE('',*,*,#3059,.T.);
#3716 = ORIENTED_EDGE('',*,*,#3217,.T.);
#3717 = ORIENTED_EDGE('',*,*,#3718,.F.);
#3718 = EDGE_CURVE('',#3694,#3195,#3719,.T.);
#3719 = SURFACE_CURVE('',#3720,(#3724,#3731),.PCURVE_S1.);
#3720 = LINE('',#3721,#3722);
#3721 = CARTESIAN_POINT('',(32.,25.,6.));
#3722 = VECTOR('',#3723,1.);
#3723 = DIRECTION('',(0.,0.,1.));
#3724 = PCURVE('',#3075,#3725);
#3725 = DEFINITIONAL_REPRESENTATION('',(#3726),#3730);
#3726 = LINE('',#3727,#3728);
#3727 = CARTESIAN_POINT('',(0.,64.));
#3728 = VECTOR('',#3729,1.);
#3729 = DIRECTION('',(1.,0.));
#3730 = ( GEOMETRIC_REPRESENTATION_CONTEXT(2) 
PARAMETRIC_REPRESENTATION_CONTEXT() REPRESENTATION_CONTEXT('2D SPACE',''
  ) );
#3731 = PCURVE('',#3177,#3732);
#3732 = DEFINITIONAL_REPRESENTATION('',(#3733),#3737);
#3733 = LINE('',#3734,#3735);
#3734 = CARTESIAN_POINT('',(0.,-50.));
#3735 = VECTOR('',#3736,1.);
#3736 = DIRECTION('',(1.,0.));
#3737 = ( GEOMETRIC_REPRESENTATION_CONTEXT(2) 
PARAMETRIC_REPRESENTATION_CONTEXT() REPRESENTATION_CONTEXT('2D SPACE',''
  ) );
#3738 = ADVANCED_FACE('',(#3739,#3765,#3796,#3827,#3858),#3047,.F.);
#3739 = FACE_BOUND('',#3740,.F.);
#3740 = EDGE_LOOP('',(#3741,#3742,#3743,#3764));
#3741 = ORIENTED_EDGE('',*,*,#3031,.F.);
#3742 = ORIENTED_EDGE('',*,*,#3116,.T.);
#3743 = ORIENTED_EDGE('',*,*,#3744,.T.);
#3744 = EDGE_CURVE('',#3117,#3694,#3745,.T.);
#3745 = SURFACE_CURVE('',#3746,(#3750,#3757),.PCURVE_S1.);
#3746 = LINE('',#3747,#3748);
#3747 = CARTESIAN_POINT('',(32.,-25.,6.));
#3748 = VECTOR('',#3749,1.);
#3749 = DIRECTION('',(0.,1.,0.));
#3750 = PCURVE('',#3047,#3751);
#3751 = DEFINITIONAL_REPRESENTATION('',(#3752),#3756);
#3752 = LINE('',#3753,#3754);
#3753 = CARTESIAN_POINT('',(64.,0.));
#3754 = VECTOR('',#3755,1.);
#3755 = DIRECTION('',(0.,1.));
#3756 = ( GEOMETRIC_REPRESENTATION_CONTEXT(2) 
PARAMETRIC_REPRESENTATION_CONTEXT() REPRESENTATION_CONTEXT('2D SPACE',''
  ) );
#3757 = PCURVE('',#3177,#3758);
#3758 = DEFINITIONAL_REPRESENTATION('',(#3759),#3763);
#3759 = LINE('',#3760,#3761);
#3760 = CARTESIAN_POINT('',(0.,0.));
#3761 = VECTOR('',#3762,1.);
#3762 = DIRECTION('',(0.,-1.));
#3763 = ( GEOMETRIC_REPRESENTATION_CONTEXT(2) 
PARAMETRIC_REPRESENTATION_CONTEXT() REPRESENTATION_CONTEXT('2D SPACE',''
  ) );
#3764 = ORIENTED_EDGE('',*,*,#3693,.F.);
#3765 = FACE_BOUND('',#3766,.F.);
#3766 = EDGE_LOOP('',(#3767));
#3767 = ORIENTED_EDGE('',*,*,#3768,.F.);
#3768 = EDGE_CURVE('',#3769,#3769,#3771,.T.);
#3769 = VERTEX_POINT('',#3770);
#3770 = CARTESIAN_POINT('',(-23.3,-14.,6.));
#3771 = SURFACE_CURVE('',#3772,(#3777,#3784),.PCURVE_S1.);
#3772 = CIRCLE('',#3773,1.7);
#3773 = AXIS2_PLACEMENT_3D('',#3774,#3775,#3776);
#3774 = CARTESIAN_POINT('',(-25.,-14.,6.));
#3775 = DIRECTION('',(0.,0.,1.));
#3776 = DIRECTION('',(1.,0.,-0.));
#3777 = PCURVE('',#3047,#3778);
#3778 = DEFINITIONAL_REPRESENTATION('',(#3779),#3783);
#3779 = CIRCLE('',#3780,1.7);
#3780 = AXIS2_PLACEMENT_2D('',#3781,#3782);
#3781 = CARTESIAN_POINT('',(7.,11.));
#3782 = DIRECTION('',(1.,0.));
#3783 = ( GEOMETRIC_REPRESENTATION_CONTEXT(2) 
PARAMETRIC_REPRESENTATION_CONTEXT() REPRESENTATION_CONTEXT('2D SPACE',''
  ) );
#3784 = PCURVE('',#3785,#3790);
#3785 = CYLINDRICAL_SURFACE('',#3786,1.7);
#3786 = AXIS2_PLACEMENT_3D('',#3787,#3788,#3789);
#3787 = CARTESIAN_POINT('',(-25.,-14.,5.));
#3788 = DIRECTION('',(0.,0.,1.));
#3789 = DIRECTION('',(1.,0.,-0.));
#3790 = DEFINITIONAL_REPRESENTATION('',(#3791),#3795);
#3791 = LINE('',#3792,#3793);
#3792 = CARTESIAN_POINT('',(0.,1.));
#3793 = VECTOR('',#3794,1.);
#3794 = DIRECTION('',(1.,0.));
#3795 = ( GEOMETRIC_REPRESENTATION_CONTEXT(2) 
PARAMETRIC_REPRESENTATION_CONTEXT() REPRESENTATION_CONTEXT('2D SPACE',''
  ) );
#3796 = FACE_BOUND('',#3797,.F.);
#3797 = EDGE_LOOP('',(#3798));
#3798 = ORIENTED_EDGE('',*,*,#3799,.F.);
#3799 = EDGE_CURVE('',#3800,#3800,#3802,.T.);
#3800 = VERTEX_POINT('',#3801);
#3801 = CARTESIAN_POINT('',(26.7,-14.,6.));
#3802 = SURFACE_CURVE('',#3803,(#3808,#3815),.PCURVE_S1.);
#3803 = CIRCLE('',#3804,1.7);
#3804 = AXIS2_PLACEMENT_3D('',#3805,#3806,#3807);
#3805 = CARTESIAN_POINT('',(25.,-14.,6.));
#3806 = DIRECTION('',(0.,0.,1.));
#3807 = DIRECTION('',(1.,0.,-0.));
#3808 = PCURVE('',#3047,#3809);
#3809 = DEFINITIONAL_REPRESENTATION('',(#3810),#3814);
#3810 = CIRCLE('',#3811,1.7);
#3811 = AXIS2_PLACEMENT_2D('',#3812,#3813);
#3812 = CARTESIAN_POINT('',(57.,11.));
#3813 = DIRECTION('',(1.,0.));
#3814 = ( GEOMETRIC_REPRESENTATION_CONTEXT(2) 
PARAMETRIC_REPRESENTATION_CONTEXT() REPRESENTATION_CONTEXT('2D SPACE',''
  ) );
#3815 = PCURVE('',#3816,#3821);
#3816 = CYLINDRICAL_SURFACE('',#3817,1.7);
#3817 = AXIS2_PLACEMENT_3D('',#3818,#3819,#3820);
#3818 = CARTESIAN_POINT('',(25.,-14.,5.));
#3819 = DIRECTION('',(0.,0.,1.));
#3820 = DIRECTION('',(1.,0.,-0.));
#3821 = DEFINITIONAL_REPRESENTATION('',(#3822),#3826);
#3822 = LINE('',#3823,#3824);
#3823 = CARTESIAN_POINT('',(0.,1.));
#3824 = VECTOR('',#3825,1.);
#3825 = DIRECTION('',(1.,0.));
#3826 = ( GEOMETRIC_REPRESENTATION_CONTEXT(2) 
PARAMETRIC_REPRESENTATION_CONTEXT() REPRESENTATION_CONTEXT('2D SPACE',''
  ) );
#3827 = FACE_BOUND('',#3828,.F.);
#3828 = EDGE_LOOP('',(#3829));
#3829 = ORIENTED_EDGE('',*,*,#3830,.F.);
#3830 = EDGE_CURVE('',#3831,#3831,#3833,.T.);
#3831 = VERTEX_POINT('',#3832);
#3832 = CARTESIAN_POINT('',(-23.3,14.,6.));
#3833 = SURFACE_CURVE('',#3834,(#3839,#3846),.PCURVE_S1.);
#3834 = CIRCLE('',#3835,1.7);
#3835 = AXIS2_PLACEMENT_3D('',#3836,#3837,#3838);
#3836 = CARTESIAN_POINT('',(-25.,14.,6.));
#3837 = DIRECTION('',(0.,0.,1.));
#3838 = DIRECTION('',(1.,0.,-0.));
#3839 = PCURVE('',#3047,#3840);
#3840 = DEFINITIONAL_REPRESENTATION('',(#3841),#3845);
#3841 = CIRCLE('',#3842,1.7);
#3842 = AXIS2_PLACEMENT_2D('',#3843,#3844);
#3843 = CARTESIAN_POINT('',(7.,39.));
#3844 = DIRECTION('',(1.,0.));
#3845 = ( GEOMETRIC_REPRESENTATION_CONTEXT(2) 
PARAMETRIC_REPRESENTATION_CONTEXT() REPRESENTATION_CONTEXT('2D SPACE',''
  ) );
#3846 = PCURVE('',#3847,#3852);
#3847 = CYLINDRICAL_SURFACE('',#3848,1.7);
#3848 = AXIS2_PLACEMENT_3D('',#3849,#3850,#3851);
#3849 = CARTESIAN_POINT('',(-25.,14.,5.));
#3850 = DIRECTION('',(0.,0.,1.));
#3851 = DIRECTION('',(1.,0.,-0.));
#3852 = DEFINITIONAL_REPRESENTATION('',(#3853),#3857);
#3853 = LINE('',#3854,#3855);
#3854 = CARTESIAN_POINT('',(0.,1.));
#3855 = VECTOR('',#3856,1.);
#3856 = DIRECTION('',(1.,0.));
#3857 = ( GEOMETRIC_REPRESENTATION_CONTEXT(2) 
PARAMETRIC_REPRESENTATION_CONTEXT() REPRESENTATION_CONTEXT('2D SPACE',''
  ) );
#3858 = FACE_BOUND('',#3859,.F.);
#3859 = EDGE_LOOP('',(#3860));
#3860 = ORIENTED_EDGE('',*,*,#3861,.F.);
#3861 = EDGE_CURVE('',#3862,#3862,#3864,.T.);
#3862 = VERTEX_POINT('',#3863);
#3863 = CARTESIAN_POINT('',(26.7,14.,6.));
#3864 = SURFACE_CURVE('',#3865,(#3870,#3877),.PCURVE_S1.);
#3865 = CIRCLE('',#3866,1.7);
#3866 = AXIS2_PLACEMENT_3D('',#3867,#3868,#3869);
#3867 = CARTESIAN_POINT('',(25.,14.,6.));
#3868 = DIRECTION('',(0.,0.,1.));
#3869 = DIRECTION('',(1.,0.,-0.));
#3870 = PCURVE('',#3047,#3871);
#3871 = DEFINITIONAL_REPRESENTATION('',(#3872),#3876);
#3872 = CIRCLE('',#3873,1.7);
#3873 = AXIS2_PLACEMENT_2D('',#3874,#3875);
#3874 = CARTESIAN_POINT('',(57.,39.));
#3875 = DIRECTION('',(1.,0.));
#3876 = ( GEOMETRIC_REPRESENTATION_CONTEXT(2) 
PARAMETRIC_REPRESENTATION_CONTEXT() REPRESENTATION_CONTEXT('2D SPACE',''
  ) );
#3877 = PCURVE('',#3878,#3883);
#3878 = CYLINDRICAL_SURFACE('',#3879,1.7);
#3879 = AXIS2_PLACEMENT_3D('',#3880,#3881,#3882);
#3880 = CARTESIAN_POINT('',(25.,14.,5.));
#3881 = DIRECTION('',(0.,0.,1.));
#3882 = DIRECTION('',(1.,0.,-0.));
#3883 = DEFINITIONAL_REPRESENTATION('',(#3884),#3888);
#3884 = LINE('',#3885,#3886);
#3885 = CARTESIAN_POINT('',(0.,1.));
#3886 = VECTOR('',#3887,1.);
#3887 = DIRECTION('',(1.,0.));
#3888 = ( GEOMETRIC_REPRESENTATION_CONTEXT(2) 
PARAMETRIC_REPRESENTATION_CONTEXT() REPRESENTATION_CONTEXT('2D SPACE',''
  ) );
#3889 = ADVANCED_FACE('',(#3890),#3177,.T.);
#3890 = FACE_BOUND('',#3891,.T.);
#3891 = EDGE_LOOP('',(#3892,#3893,#3894,#3895));
#3892 = ORIENTED_EDGE('',*,*,#3163,.F.);
#3893 = ORIENTED_EDGE('',*,*,#3744,.T.);
#3894 = ORIENTED_EDGE('',*,*,#3718,.T.);
#3895 = ORIENTED_EDGE('',*,*,#3194,.F.);
#3896 = ADVANCED_FACE('',(#3897),#3257,.F.);
#3897 = FACE_BOUND('',#3898,.F.);
#3898 = EDGE_LOOP('',(#3899,#3900,#3923,#3950));
#3899 = ORIENTED_EDGE('',*,*,#3240,.F.);
#3900 = ORIENTED_EDGE('',*,*,#3901,.F.);
#3901 = EDGE_CURVE('',#3902,#3241,#3904,.T.);
#3902 = VERTEX_POINT('',#3903);
#3903 = CARTESIAN_POINT('',(-21.8,-14.,12.));
#3904 = SEAM_CURVE('',#3905,(#3909,#3916),.PCURVE_S1.);
#3905 = LINE('',#3906,#3907);
#3906 = CARTESIAN_POINT('',(-21.8,-14.,12.));
#3907 = VECTOR('',#3908,1.);
#3908 = DIRECTION('',(0.,0.,1.));
#3909 = PCURVE('',#3257,#3910);
#3910 = DEFINITIONAL_REPRESENTATION('',(#3911),#3915);
#3911 = LINE('',#3912,#3913);
#3912 = CARTESIAN_POINT('',(6.28318530718,-0.));
#3913 = VECTOR('',#3914,1.);
#3914 = DIRECTION('',(0.,1.));
#3915 = ( GEOMETRIC_REPRESENTATION_CONTEXT(2) 
PARAMETRIC_REPRESENTATION_CONTEXT() REPRESENTATION_CONTEXT('2D SPACE',''
  ) );
#3916 = PCURVE('',#3257,#3917);
#3917 = DEFINITIONAL_REPRESENTATION('',(#3918),#3922);
#3918 = LINE('',#3919,#3920);
#3919 = CARTESIAN_POINT('',(0.,-0.));
#3920 = VECTOR('',#3921,1.);
#3921 = DIRECTION('',(0.,1.));
#3922 = ( GEOMETRIC_REPRESENTATION_CONTEXT(2) 
PARAMETRIC_REPRESENTATION_CONTEXT() REPRESENTATION_CONTEXT('2D SPACE',''
  ) );
#3923 = ORIENTED_EDGE('',*,*,#3924,.T.);
#3924 = EDGE_CURVE('',#3902,#3902,#3925,.T.);
#3925 = SURFACE_CURVE('',#3926,(#3931,#3938),.PCURVE_S1.);
#3926 = CIRCLE('',#3927,3.2);
#3927 = AXIS2_PLACEMENT_3D('',#3928,#3929,#3930);
#3928 = CARTESIAN_POINT('',(-25.,-14.,12.));
#3929 = DIRECTION('',(0.,0.,1.));
#3930 = DIRECTION('',(1.,0.,-0.));
#3931 = PCURVE('',#3257,#3932);
#3932 = DEFINITIONAL_REPRESENTATION('',(#3933),#3937);
#3933 = LINE('',#3934,#3935);
#3934 = CARTESIAN_POINT('',(0.,0.));
#3935 = VECTOR('',#3936,1.);
#3936 = DIRECTION('',(1.,0.));
#3937 = ( GEOMETRIC_REPRESENTATION_CONTEXT(2) 
PARAMETRIC_REPRESENTATION_CONTEXT() REPRESENTATION_CONTEXT('2D SPACE',''
  ) );
#3938 = PCURVE('',#3939,#3944);
#3939 = PLANE('',#3940);
#3940 = AXIS2_PLACEMENT_3D('',#3941,#3942,#3943);
#3941 = CARTESIAN_POINT('',(-25.,-14.,12.));
#3942 = DIRECTION('',(0.,0.,1.));
#3943 = DIRECTION('',(1.,0.,-0.));
#3944 = DEFINITIONAL_REPRESENTATION('',(#3945),#3949);
#3945 = CIRCLE('',#3946,3.2);
#3946 = AXIS2_PLACEMENT_2D('',#3947,#3948);
#3947 = CARTESIAN_POINT('',(0.,0.));
#3948 = DIRECTION('',(1.,0.));
#3949 = ( GEOMETRIC_REPRESENTATION_CONTEXT(2) 
PARAMETRIC_REPRESENTATION_CONTEXT() REPRESENTATION_CONTEXT('2D SPACE',''
  ) );
#3950 = ORIENTED_EDGE('',*,*,#3901,.T.);
#3951 = ADVANCED_FACE('',(#3952),#3289,.F.);
#3952 = FACE_BOUND('',#3953,.F.);
#3953 = EDGE_LOOP('',(#3954,#3977,#3978,#4001));
#3954 = ORIENTED_EDGE('',*,*,#3955,.F.);
#3955 = EDGE_CURVE('',#3272,#3956,#3958,.T.);
#3956 = VERTEX_POINT('',#3957);
#3957 = CARTESIAN_POINT('',(-20.,-10.,116.));
#3958 = SURFACE_CURVE('',#3959,(#3963,#3970),.PCURVE_S1.);
#3959 = LINE('',#3960,#3961);
#3960 = CARTESIAN_POINT('',(-20.,-10.,14.));
#3961 = VECTOR('',#3962,1.);
#3962 = DIRECTION('',(0.,0.,1.));
#3963 = PCURVE('',#3289,#3964);
#3964 = DEFINITIONAL_REPRESENTATION('',(#3965),#3969);
#3965 = LINE('',#3966,#3967);
#3966 = CARTESIAN_POINT('',(0.,0.));
#3967 = VECTOR('',#3968,1.);
#3968 = DIRECTION('',(1.,0.));
#3969 = ( GEOMETRIC_REPRESENTATION_CONTEXT(2) 
PARAMETRIC_REPRESENTATION_CONTEXT() REPRESENTATION_CONTEXT('2D SPACE',''
  ) );
#3970 = PCURVE('',#3373,#3971);
#3971 = DEFINITIONAL_REPRESENTATION('',(#3972),#3976);
#3972 = LINE('',#3973,#3974);
#3973 = CARTESIAN_POINT('',(0.,0.));
#3974 = VECTOR('',#3975,1.);
#3975 = DIRECTION('',(1.,0.));
#3976 = ( GEOMETRIC_REPRESENTATION_CONTEXT(2) 
PARAMETRIC_REPRESENTATION_CONTEXT() REPRESENTATION_CONTEXT('2D SPACE',''
  ) );
#3977 = ORIENTED_EDGE('',*,*,#3271,.T.);
#3978 = ORIENTED_EDGE('',*,*,#3979,.T.);
#3979 = EDGE_CURVE('',#3274,#3980,#3982,.T.);
#3980 = VERTEX_POINT('',#3981);
#3981 = CARTESIAN_POINT('',(-20.,0.,116.));
#3982 = SURFACE_CURVE('',#3983,(#3987,#3994),.PCURVE_S1.);
#3983 = LINE('',#3984,#3985);
#3984 = CARTESIAN_POINT('',(-20.,0.,14.));
#3985 = VECTOR('',#3986,1.);
#3986 = DIRECTION('',(0.,0.,1.));
#3987 = PCURVE('',#3289,#3988);
#3988 = DEFINITIONAL_REPRESENTATION('',(#3989),#3993);
#3989 = LINE('',#3990,#3991);
#3990 = CARTESIAN_POINT('',(0.,-10.));
#3991 = VECTOR('',#3992,1.);
#3992 = DIRECTION('',(1.,0.));
#3993 = ( GEOMETRIC_REPRESENTATION_CONTEXT(2) 
PARAMETRIC_REPRESENTATION_CONTEXT() REPRESENTATION_CONTEXT('2D SPACE',''
  ) );
#3994 = PCURVE('',#3317,#3995);
#3995 = DEFINITIONAL_REPRESENTATION('',(#3996),#4000);
#3996 = LINE('',#3997,#3998);
#3997 = CARTESIAN_POINT('',(0.,0.));
#3998 = VECTOR('',#3999,1.);
#3999 = DIRECTION('',(1.,0.));
#4000 = ( GEOMETRIC_REPRESENTATION_CONTEXT(2) 
PARAMETRIC_REPRESENTATION_CONTEXT() REPRESENTATION_CONTEXT('2D SPACE',''
  ) );
#4001 = ORIENTED_EDGE('',*,*,#4002,.F.);
#4002 = EDGE_CURVE('',#3956,#3980,#4003,.T.);
#4003 = SURFACE_CURVE('',#4004,(#4008,#4015),.PCURVE_S1.);
#4004 = LINE('',#4005,#4006);
#4005 = CARTESIAN_POINT('',(-20.,-10.,116.));
#4006 = VECTOR('',#4007,1.);
#4007 = DIRECTION('',(0.,1.,0.));
#4008 = PCURVE('',#3289,#4009);
#4009 = DEFINITIONAL_REPRESENTATION('',(#4010),#4014);
#4010 = LINE('',#4011,#4012);
#4011 = CARTESIAN_POINT('',(102.,0.));
#4012 = VECTOR('',#4013,1.);
#4013 = DIRECTION('',(0.,-1.));
#4014 = ( GEOMETRIC_REPRESENTATION_CONTEXT(2) 
PARAMETRIC_REPRESENTATION_CONTEXT() REPRESENTATION_CONTEXT('2D SPACE',''
  ) );
#4015 = PCURVE('',#4016,#4021);
#4016 = PLANE('',#4017);
#4017 = AXIS2_PLACEMENT_3D('',#4018,#4019,#4020);
#4018 = CARTESIAN_POINT('',(-20.,-10.,116.));
#4019 = DIRECTION('',(0.,0.,1.));
#4020 = DIRECTION('',(1.,0.,0.));
#4021 = DEFINITIONAL_REPRESENTATION('',(#4022),#4026);
#4022 = LINE('',#4023,#4024);
#4023 = CARTESIAN_POINT('',(0.,0.));
#4024 = VECTOR('',#4025,1.);
#4025 = DIRECTION('',(0.,1.));
#4026 = ( GEOMETRIC_REPRESENTATION_CONTEXT(2) 
PARAMETRIC_REPRESENTATION_CONTEXT() REPRESENTATION_CONTEXT('2D SPACE',''
  ) );
#4027 = ADVANCED_FACE('',(#4028,#4076,#4107,#4138,#4169,#4200,#4231,
    #4262,#4293,#4324,#4355),#3317,.T.);
#4028 = FACE_BOUND('',#4029,.T.);
#4029 = EDGE_LOOP('',(#4030,#4031,#4032,#4055));
#4030 = ORIENTED_EDGE('',*,*,#3301,.F.);
#4031 = ORIENTED_EDGE('',*,*,#3979,.T.);
#4032 = ORIENTED_EDGE('',*,*,#4033,.T.);
#4033 = EDGE_CURVE('',#3980,#4034,#4036,.T.);
#4034 = VERTEX_POINT('',#4035);
#4035 = CARTESIAN_POINT('',(20.,0.,116.));
#4036 = SURFACE_CURVE('',#4037,(#4041,#4048),.PCURVE_S1.);
#4037 = LINE('',#4038,#4039);
#4038 = CARTESIAN_POINT('',(-20.,0.,116.));
#4039 = VECTOR('',#4040,1.);
#4040 = DIRECTION('',(1.,0.,0.));
#4041 = PCURVE('',#3317,#4042);
#4042 = DEFINITIONAL_REPRESENTATION('',(#4043),#4047);
#4043 = LINE('',#4044,#4045);
#4044 = CARTESIAN_POINT('',(102.,0.));
#4045 = VECTOR('',#4046,1.);
#4046 = DIRECTION('',(0.,1.));
#4047 = ( GEOMETRIC_REPRESENTATION_CONTEXT(2) 
PARAMETRIC_REPRESENTATION_CONTEXT() REPRESENTATION_CONTEXT('2D SPACE',''
  ) );
#4048 = PCURVE('',#4016,#4049);
#4049 = DEFINITIONAL_REPRESENTATION('',(#4050),#4054);
#4050 = LINE('',#4051,#4052);
#4051 = CARTESIAN_POINT('',(0.,10.));
#4052 = VECTOR('',#4053,1.);
#4053 = DIRECTION('',(1.,0.));
#4054 = ( GEOMETRIC_REPRESENTATION_CONTEXT(2) 
PARAMETRIC_REPRESENTATION_CONTEXT() REPRESENTATION_CONTEXT('2D SPACE',''
  ) );
#4055 = ORIENTED_EDGE('',*,*,#4056,.F.);
#4056 = EDGE_CURVE('',#3302,#4034,#4057,.T.);
#4057 = SURFACE_CURVE('',#4058,(#4062,#4069),.PCURVE_S1.);
#4058 = LINE('',#4059,#4060);
#4059 = CARTESIAN_POINT('',(20.,0.,14.));
#4060 = VECTOR('',#4061,1.);
#4061 = DIRECTION('',(0.,0.,1.));
#4062 = PCURVE('',#3317,#4063);
#4063 = DEFINITIONAL_REPRESENTATION('',(#4064),#4068);
#4064 = LINE('',#4065,#4066);
#4065 = CARTESIAN_POINT('',(0.,40.));
#4066 = VECTOR('',#4067,1.);
#4067 = DIRECTION('',(1.,0.));
#4068 = ( GEOMETRIC_REPRESENTATION_CONTEXT(2) 
PARAMETRIC_REPRESENTATION_CONTEXT() REPRESENTATION_CONTEXT('2D SPACE',''
  ) );
#4069 = PCURVE('',#3345,#4070);
#4070 = DEFINITIONAL_REPRESENTATION('',(#4071),#4075);
#4071 = LINE('',#4072,#4073);
#4072 = CARTESIAN_POINT('',(0.,-10.));
#4073 = VECTOR('',#4074,1.);
#4074 = DIRECTION('',(1.,0.));
#4075 = ( GEOMETRIC_REPRESENTATION_CONTEXT(2) 
PARAMETRIC_REPRESENTATION_CONTEXT() REPRESENTATION_CONTEXT('2D SPACE',''
  ) );
#4076 = FACE_BOUND('',#4077,.T.);
#4077 = EDGE_LOOP('',(#4078));
#4078 = ORIENTED_EDGE('',*,*,#4079,.F.);
#4079 = EDGE_CURVE('',#4080,#4080,#4082,.T.);
#4080 = VERTEX_POINT('',#4081);
#4081 = CARTESIAN_POINT('',(-4.163799117101E-16,0.,21.7));
#4082 = SURFACE_CURVE('',#4083,(#4088,#4095),.PCURVE_S1.);
#4083 = CIRCLE('',#4084,1.7);
#4084 = AXIS2_PLACEMENT_3D('',#4085,#4086,#4087);
#4085 = CARTESIAN_POINT('',(0.,0.,20.));
#4086 = DIRECTION('',(0.,1.,0.));
#4087 = DIRECTION('',(0.,-0.,1.));
#4088 = PCURVE('',#3317,#4089);
#4089 = DEFINITIONAL_REPRESENTATION('',(#4090),#4094);
#4090 = CIRCLE('',#4091,1.7);
#4091 = AXIS2_PLACEMENT_2D('',#4092,#4093);
#4092 = CARTESIAN_POINT('',(6.,20.));
#4093 = DIRECTION('',(1.,0.));
#4094 = ( GEOMETRIC_REPRESENTATION_CONTEXT(2) 
PARAMETRIC_REPRESENTATION_CONTEXT() REPRESENTATION_CONTEXT('2D SPACE',''
  ) );
#4095 = PCURVE('',#4096,#4101);
#4096 = CYLINDRICAL_SURFACE('',#4097,1.7);
#4097 = AXIS2_PLACEMENT_3D('',#4098,#4099,#4100);
#4098 = CARTESIAN_POINT('',(0.,-11.,20.));
#4099 = DIRECTION('',(0.,1.,0.));
#4100 = DIRECTION('',(0.,-0.,1.));
#4101 = DEFINITIONAL_REPRESENTATION('',(#4102),#4106);
#4102 = LINE('',#4103,#4104);
#4103 = CARTESIAN_POINT('',(0.,11.));
#4104 = VECTOR('',#4105,1.);
#4105 = DIRECTION('',(1.,0.));
#4106 = ( GEOMETRIC_REPRESENTATION_CONTEXT(2) 
PARAMETRIC_REPRESENTATION_CONTEXT() REPRESENTATION_CONTEXT('2D SPACE',''
  ) );
#4107 = FACE_BOUND('',#4108,.T.);
#4108 = EDGE_LOOP('',(#4109));
#4109 = ORIENTED_EDGE('',*,*,#4110,.F.);
#4110 = EDGE_CURVE('',#4111,#4111,#4113,.T.);
#4111 = VERTEX_POINT('',#4112);
#4112 = CARTESIAN_POINT('',(-4.163799117101E-16,0.,31.7));
#4113 = SURFACE_CURVE('',#4114,(#4119,#4126),.PCURVE_S1.);
#4114 = CIRCLE('',#4115,1.7);
#4115 = AXIS2_PLACEMENT_3D('',#4116,#4117,#4118);
#4116 = CARTESIAN_POINT('',(0.,0.,30.));
#4117 = DIRECTION('',(0.,1.,0.));
#4118 = DIRECTION('',(0.,-0.,1.));
#4119 = PCURVE('',#3317,#4120);
#4120 = DEFINITIONAL_REPRESENTATION('',(#4121),#4125);
#4121 = CIRCLE('',#4122,1.7);
#4122 = AXIS2_PLACEMENT_2D('',#4123,#4124);
#4123 = CARTESIAN_POINT('',(16.,20.));
#4124 = DIRECTION('',(1.,0.));
#4125 = ( GEOMETRIC_REPRESENTATION_CONTEXT(2) 
PARAMETRIC_REPRESENTATION_CONTEXT() REPRESENTATION_CONTEXT('2D SPACE',''
  ) );
#4126 = PCURVE('',#4127,#4132);
#4127 = CYLINDRICAL_SURFACE('',#4128,1.7);
#4128 = AXIS2_PLACEMENT_3D('',#4129,#4130,#4131);
#4129 = CARTESIAN_POINT('',(0.,-11.,30.));
#4130 = DIRECTION('',(0.,1.,0.));
#4131 = DIRECTION('',(0.,-0.,1.));
#4132 = DEFINITIONAL_REPRESENTATION('',(#4133),#4137);
#4133 = LINE('',#4134,#4135);
#4134 = CARTESIAN_POINT('',(0.,11.));
#4135 = VECTOR('',#4136,1.);
#4136 = DIRECTION('',(1.,0.));
#4137 = ( GEOMETRIC_REPRESENTATION_CONTEXT(2) 
PARAMETRIC_REPRESENTATION_CONTEXT() REPRESENTATION_CONTEXT('2D SPACE',''
  ) );
#4138 = FACE_BOUND('',#4139,.T.);
#4139 = EDGE_LOOP('',(#4140));
#4140 = ORIENTED_EDGE('',*,*,#4141,.F.);
#4141 = EDGE_CURVE('',#4142,#4142,#4144,.T.);
#4142 = VERTEX_POINT('',#4143);
#4143 = CARTESIAN_POINT('',(-4.163799117101E-16,0.,41.7));
#4144 = SURFACE_CURVE('',#4145,(#4150,#4157),.PCURVE_S1.);
#4145 = CIRCLE('',#4146,1.7);
#4146 = AXIS2_PLACEMENT_3D('',#4147,#4148,#4149);
#4147 = CARTESIAN_POINT('',(0.,0.,40.));
#4148 = DIRECTION('',(0.,1.,0.));
#4149 = DIRECTION('',(0.,-0.,1.));
#4150 = PCURVE('',#3317,#4151);
#4151 = DEFINITIONAL_REPRESENTATION('',(#4152),#4156);
#4152 = CIRCLE('',#4153,1.7);
#4153 = AXIS2_PLACEMENT_2D('',#4154,#4155);
#4154 = CARTESIAN_POINT('',(26.,20.));
#4155 = DIRECTION('',(1.,0.));
#4156 = ( GEOMETRIC_REPRESENTATION_CONTEXT(2) 
PARAMETRIC_REPRESENTATION_CONTEXT() REPRESENTATION_CONTEXT('2D SPACE',''
  ) );
#4157 = PCURVE('',#4158,#4163);
#4158 = CYLINDRICAL_SURFACE('',#4159,1.7);
#4159 = AXIS2_PLACEMENT_3D('',#4160,#4161,#4162);
#4160 = CARTESIAN_POINT('',(0.,-11.,40.));
#4161 = DIRECTION('',(0.,1.,0.));
#4162 = DIRECTION('',(0.,-0.,1.));
#4163 = DEFINITIONAL_REPRESENTATION('',(#4164),#4168);
#4164 = LINE('',#4165,#4166);
#4165 = CARTESIAN_POINT('',(0.,11.));
#4166 = VECTOR('',#4167,1.);
#4167 = DIRECTION('',(1.,0.));
#4168 = ( GEOMETRIC_REPRESENTATION_CONTEXT(2) 
PARAMETRIC_REPRESENTATION_CONTEXT() REPRESENTATION_CONTEXT('2D SPACE',''
  ) );
#4169 = FACE_BOUND('',#4170,.T.);
#4170 = EDGE_LOOP('',(#4171));
#4171 = ORIENTED_EDGE('',*,*,#4172,.F.);
#4172 = EDGE_CURVE('',#4173,#4173,#4175,.T.);
#4173 = VERTEX_POINT('',#4174);
#4174 = CARTESIAN_POINT('',(-4.163799117101E-16,0.,51.7));
#4175 = SURFACE_CURVE('',#4176,(#4181,#4188),.PCURVE_S1.);
#4176 = CIRCLE('',#4177,1.7);
#4177 = AXIS2_PLACEMENT_3D('',#4178,#4179,#4180);
#4178 = CARTESIAN_POINT('',(0.,0.,50.));
#4179 = DIRECTION('',(0.,1.,0.));
#4180 = DIRECTION('',(0.,-0.,1.));
#4181 = PCURVE('',#3317,#4182);
#4182 = DEFINITIONAL_REPRESENTATION('',(#4183),#4187);
#4183 = CIRCLE('',#4184,1.7);
#4184 = AXIS2_PLACEMENT_2D('',#4185,#4186);
#4185 = CARTESIAN_POINT('',(36.,20.));
#4186 = DIRECTION('',(1.,0.));
#4187 = ( GEOMETRIC_REPRESENTATION_CONTEXT(2) 
PARAMETRIC_REPRESENTATION_CONTEXT() REPRESENTATION_CONTEXT('2D SPACE',''
  ) );
#4188 = PCURVE('',#4189,#4194);
#4189 = CYLINDRICAL_SURFACE('',#4190,1.7);
#4190 = AXIS2_PLACEMENT_3D('',#4191,#4192,#4193);
#4191 = CARTESIAN_POINT('',(0.,-11.,50.));
#4192 = DIRECTION('',(0.,1.,0.));
#4193 = DIRECTION('',(0.,-0.,1.));
#4194 = DEFINITIONAL_REPRESENTATION('',(#4195),#4199);
#4195 = LINE('',#4196,#4197);
#4196 = CARTESIAN_POINT('',(0.,11.));
#4197 = VECTOR('',#4198,1.);
#4198 = DIRECTION('',(1.,0.));
#4199 = ( GEOMETRIC_REPRESENTATION_CONTEXT(2) 
PARAMETRIC_REPRESENTATION_CONTEXT() REPRESENTATION_CONTEXT('2D SPACE',''
  ) );
#4200 = FACE_BOUND('',#4201,.T.);
#4201 = EDGE_LOOP('',(#4202));
#4202 = ORIENTED_EDGE('',*,*,#4203,.F.);
#4203 = EDGE_CURVE('',#4204,#4204,#4206,.T.);
#4204 = VERTEX_POINT('',#4205);
#4205 = CARTESIAN_POINT('',(-4.163799117101E-16,0.,61.7));
#4206 = SURFACE_CURVE('',#4207,(#4212,#4219),.PCURVE_S1.);
#4207 = CIRCLE('',#4208,1.7);
#4208 = AXIS2_PLACEMENT_3D('',#4209,#4210,#4211);
#4209 = CARTESIAN_POINT('',(0.,0.,60.));
#4210 = DIRECTION('',(0.,1.,0.));
#4211 = DIRECTION('',(0.,-0.,1.));
#4212 = PCURVE('',#3317,#4213);
#4213 = DEFINITIONAL_REPRESENTATION('',(#4214),#4218);
#4214 = CIRCLE('',#4215,1.7);
#4215 = AXIS2_PLACEMENT_2D('',#4216,#4217);
#4216 = CARTESIAN_POINT('',(46.,20.));
#4217 = DIRECTION('',(1.,0.));
#4218 = ( GEOMETRIC_REPRESENTATION_CONTEXT(2) 
PARAMETRIC_REPRESENTATION_CONTEXT() REPRESENTATION_CONTEXT('2D SPACE',''
  ) );
#4219 = PCURVE('',#4220,#4225);
#4220 = CYLINDRICAL_SURFACE('',#4221,1.7);
#4221 = AXIS2_PLACEMENT_3D('',#4222,#4223,#4224);
#4222 = CARTESIAN_POINT('',(0.,-11.,60.));
#4223 = DIRECTION('',(0.,1.,0.));
#4224 = DIRECTION('',(0.,-0.,1.));
#4225 = DEFINITIONAL_REPRESENTATION('',(#4226),#4230);
#4226 = LINE('',#4227,#4228);
#4227 = CARTESIAN_POINT('',(0.,11.));
#4228 = VECTOR('',#4229,1.);
#4229 = DIRECTION('',(1.,0.));
#4230 = ( GEOMETRIC_REPRESENTATION_CONTEXT(2) 
PARAMETRIC_REPRESENTATION_CONTEXT() REPRESENTATION_CONTEXT('2D SPACE',''
  ) );
#4231 = FACE_BOUND('',#4232,.T.);
#4232 = EDGE_LOOP('',(#4233));
#4233 = ORIENTED_EDGE('',*,*,#4234,.F.);
#4234 = EDGE_CURVE('',#4235,#4235,#4237,.T.);
#4235 = VERTEX_POINT('',#4236);
#4236 = CARTESIAN_POINT('',(-4.163799117101E-16,0.,71.7));
#4237 = SURFACE_CURVE('',#4238,(#4243,#4250),.PCURVE_S1.);
#4238 = CIRCLE('',#4239,1.7);
#4239 = AXIS2_PLACEMENT_3D('',#4240,#4241,#4242);
#4240 = CARTESIAN_POINT('',(0.,0.,70.));
#4241 = DIRECTION('',(0.,1.,0.));
#4242 = DIRECTION('',(0.,-0.,1.));
#4243 = PCURVE('',#3317,#4244);
#4244 = DEFINITIONAL_REPRESENTATION('',(#4245),#4249);
#4245 = CIRCLE('',#4246,1.7);
#4246 = AXIS2_PLACEMENT_2D('',#4247,#4248);
#4247 = CARTESIAN_POINT('',(56.,20.));
#4248 = DIRECTION('',(1.,0.));
#4249 = ( GEOMETRIC_REPRESENTATION_CONTEXT(2) 
PARAMETRIC_REPRESENTATION_CONTEXT() REPRESENTATION_CONTEXT('2D SPACE',''
  ) );
#4250 = PCURVE('',#4251,#4256);
#4251 = CYLINDRICAL_SURFACE('',#4252,1.7);
#4252 = AXIS2_PLACEMENT_3D('',#4253,#4254,#4255);
#4253 = CARTESIAN_POINT('',(0.,-11.,70.));
#4254 = DIRECTION('',(0.,1.,0.));
#4255 = DIRECTION('',(0.,-0.,1.));
#4256 = DEFINITIONAL_REPRESENTATION('',(#4257),#4261);
#4257 = LINE('',#4258,#4259);
#4258 = CARTESIAN_POINT('',(0.,11.));
#4259 = VECTOR('',#4260,1.);
#4260 = DIRECTION('',(1.,0.));
#4261 = ( GEOMETRIC_REPRESENTATION_CONTEXT(2) 
PARAMETRIC_REPRESENTATION_CONTEXT() REPRESENTATION_CONTEXT('2D SPACE',''
  ) );
#4262 = FACE_BOUND('',#4263,.T.);
#4263 = EDGE_LOOP('',(#4264));
#4264 = ORIENTED_EDGE('',*,*,#4265,.F.);
#4265 = EDGE_CURVE('',#4266,#4266,#4268,.T.);
#4266 = VERTEX_POINT('',#4267);
#4267 = CARTESIAN_POINT('',(-4.163799117101E-16,0.,81.7));
#4268 = SURFACE_CURVE('',#4269,(#4274,#4281),.PCURVE_S1.);
#4269 = CIRCLE('',#4270,1.7);
#4270 = AXIS2_PLACEMENT_3D('',#4271,#4272,#4273);
#4271 = CARTESIAN_POINT('',(0.,0.,80.));
#4272 = DIRECTION('',(0.,1.,0.));
#4273 = DIRECTION('',(0.,-0.,1.));
#4274 = PCURVE('',#3317,#4275);
#4275 = DEFINITIONAL_REPRESENTATION('',(#4276),#4280);
#4276 = CIRCLE('',#4277,1.7);
#4277 = AXIS2_PLACEMENT_2D('',#4278,#4279);
#4278 = CARTESIAN_POINT('',(66.,20.));
#4279 = DIRECTION('',(1.,0.));
#4280 = ( GEOMETRIC_REPRESENTATION_CONTEXT(2) 
PARAMETRIC_REPRESENTATION_CONTEXT() REPRESENTATION_CONTEXT('2D SPACE',''
  ) );
#4281 = PCURVE('',#4282,#4287);
#4282 = CYLINDRICAL_SURFACE('',#4283,1.7);
#4283 = AXIS2_PLACEMENT_3D('',#4284,#4285,#4286);
#4284 = CARTESIAN_POINT('',(0.,-11.,80.));
#4285 = DIRECTION('',(0.,1.,0.));
#4286 = DIRECTION('',(0.,-0.,1.));
#4287 = DEFINITIONAL_REPRESENTATION('',(#4288),#4292);
#4288 = LINE('',#4289,#4290);
#4289 = CARTESIAN_POINT('',(0.,11.));
#4290 = VECTOR('',#4291,1.);
#4291 = DIRECTION('',(1.,0.));
#4292 = ( GEOMETRIC_REPRESENTATION_CONTEXT(2) 
PARAMETRIC_REPRESENTATION_CONTEXT() REPRESENTATION_CONTEXT('2D SPACE',''
  ) );
#4293 = FACE_BOUND('',#4294,.T.);
#4294 = EDGE_LOOP('',(#4295));
#4295 = ORIENTED_EDGE('',*,*,#4296,.F.);
#4296 = EDGE_CURVE('',#4297,#4297,#4299,.T.);
#4297 = VERTEX_POINT('',#4298);
#4298 = CARTESIAN_POINT('',(-4.163799117101E-16,0.,91.7));
#4299 = SURFACE_CURVE('',#4300,(#4305,#4312),.PCURVE_S1.);
#4300 = CIRCLE('',#4301,1.7);
#4301 = AXIS2_PLACEMENT_3D('',#4302,#4303,#4304);
#4302 = CARTESIAN_POINT('',(0.,0.,90.));
#4303 = DIRECTION('',(0.,1.,0.));
#4304 = DIRECTION('',(0.,-0.,1.));
#4305 = PCURVE('',#3317,#4306);
#4306 = DEFINITIONAL_REPRESENTATION('',(#4307),#4311);
#4307 = CIRCLE('',#4308,1.7);
#4308 = AXIS2_PLACEMENT_2D('',#4309,#4310);
#4309 = CARTESIAN_POINT('',(76.,20.));
#4310 = DIRECTION('',(1.,0.));
#4311 = ( GEOMETRIC_REPRESENTATION_CONTEXT(2) 
PARAMETRIC_REPRESENTATION_CONTEXT() REPRESENTATION_CONTEXT('2D SPACE',''
  ) );
#4312 = PCURVE('',#4313,#4318);
#4313 = CYLINDRICAL_SURFACE('',#4314,1.7);
#4314 = AXIS2_PLACEMENT_3D('',#4315,#4316,#4317);
#4315 = CARTESIAN_POINT('',(0.,-11.,90.));
#4316 = DIRECTION('',(0.,1.,0.));
#4317 = DIRECTION('',(0.,-0.,1.));
#4318 = DEFINITIONAL_REPRESENTATION('',(#4319),#4323);
#4319 = LINE('',#4320,#4321);
#4320 = CARTESIAN_POINT('',(0.,11.));
#4321 = VECTOR('',#4322,1.);
#4322 = DIRECTION('',(1.,0.));
#4323 = ( GEOMETRIC_REPRESENTATION_CONTEXT(2) 
PARAMETRIC_REPRESENTATION_CONTEXT() REPRESENTATION_CONTEXT('2D SPACE',''
  ) );
#4324 = FACE_BOUND('',#4325,.T.);
#4325 = EDGE_LOOP('',(#4326));
#4326 = ORIENTED_EDGE('',*,*,#4327,.F.);
#4327 = EDGE_CURVE('',#4328,#4328,#4330,.T.);
#4328 = VERTEX_POINT('',#4329);
#4329 = CARTESIAN_POINT('',(-4.163799117101E-16,0.,101.7));
#4330 = SURFACE_CURVE('',#4331,(#4336,#4343),.PCURVE_S1.);
#4331 = CIRCLE('',#4332,1.7);
#4332 = AXIS2_PLACEMENT_3D('',#4333,#4334,#4335);
#4333 = CARTESIAN_POINT('',(0.,0.,100.));
#4334 = DIRECTION('',(0.,1.,0.));
#4335 = DIRECTION('',(0.,-0.,1.));
#4336 = PCURVE('',#3317,#4337);
#4337 = DEFINITIONAL_REPRESENTATION('',(#4338),#4342);
#4338 = CIRCLE('',#4339,1.7);
#4339 = AXIS2_PLACEMENT_2D('',#4340,#4341);
#4340 = CARTESIAN_POINT('',(86.,20.));
#4341 = DIRECTION('',(1.,0.));
#4342 = ( GEOMETRIC_REPRESENTATION_CONTEXT(2) 
PARAMETRIC_REPRESENTATION_CONTEXT() REPRESENTATION_CONTEXT('2D SPACE',''
  ) );
#4343 = PCURVE('',#4344,#4349);
#4344 = CYLINDRICAL_SURFACE('',#4345,1.7);
#4345 = AXIS2_PLACEMENT_3D('',#4346,#4347,#4348);
#4346 = CARTESIAN_POINT('',(0.,-11.,100.));
#4347 = DIRECTION('',(0.,1.,0.));
#4348 = DIRECTION('',(0.,-0.,1.));
#4349 = DEFINITIONAL_REPRESENTATION('',(#4350),#4354);
#4350 = LINE('',#4351,#4352);
#4351 = CARTESIAN_POINT('',(0.,11.));
#4352 = VECTOR('',#4353,1.);
#4353 = DIRECTION('',(1.,0.));
#4354 = ( GEOMETRIC_REPRESENTATION_CONTEXT(2) 
PARAMETRIC_REPRESENTATION_CONTEXT() REPRESENTATION_CONTEXT('2D SPACE',''
  ) );
#4355 = FACE_BOUND('',#4356,.T.);
#4356 = EDGE_LOOP('',(#4357));
#4357 = ORIENTED_EDGE('',*,*,#4358,.F.);
#4358 = EDGE_CURVE('',#4359,#4359,#4361,.T.);
#4359 = VERTEX_POINT('',#4360);
#4360 = CARTESIAN_POINT('',(-4.163799117101E-16,0.,111.7));
#4361 = SURFACE_CURVE('',#4362,(#4367,#4374),.PCURVE_S1.);
#4362 = CIRCLE('',#4363,1.7);
#4363 = AXIS2_PLACEMENT_3D('',#4364,#4365,#4366);
#4364 = CARTESIAN_POINT('',(0.,0.,110.));
#4365 = DIRECTION('',(0.,1.,0.));
#4366 = DIRECTION('',(0.,-0.,1.));
#4367 = PCURVE('',#3317,#4368);
#4368 = DEFINITIONAL_REPRESENTATION('',(#4369),#4373);
#4369 = CIRCLE('',#4370,1.7);
#4370 = AXIS2_PLACEMENT_2D('',#4371,#4372);
#4371 = CARTESIAN_POINT('',(96.,20.));
#4372 = DIRECTION('',(1.,0.));
#4373 = ( GEOMETRIC_REPRESENTATION_CONTEXT(2) 
PARAMETRIC_REPRESENTATION_CONTEXT() REPRESENTATION_CONTEXT('2D SPACE',''
  ) );
#4374 = PCURVE('',#4375,#4380);
#4375 = CYLINDRICAL_SURFACE('',#4376,1.7);
#4376 = AXIS2_PLACEMENT_3D('',#4377,#4378,#4379);
#4377 = CARTESIAN_POINT('',(0.,-11.,110.));
#4378 = DIRECTION('',(0.,1.,0.));
#4379 = DIRECTION('',(0.,-0.,1.));
#4380 = DEFINITIONAL_REPRESENTATION('',(#4381),#4385);
#4381 = LINE('',#4382,#4383);
#4382 = CARTESIAN_POINT('',(0.,11.));
#4383 = VECTOR('',#4384,1.);
#4384 = DIRECTION('',(1.,0.));
#4385 = ( GEOMETRIC_REPRESENTATION_CONTEXT(2) 
PARAMETRIC_REPRESENTATION_CONTEXT() REPRESENTATION_CONTEXT('2D SPACE',''
  ) );
#4386 = ADVANCED_FACE('',(#4387,#4571,#4597,#4623,#4649,#4675,#4701,
    #4727,#4753,#4779,#4805),#3373,.F.);
#4387 = FACE_BOUND('',#4388,.F.);
#4388 = EDGE_LOOP('',(#4389,#4390,#4391,#4414,#4435,#4436,#4459,#4482,
    #4503,#4504,#4527,#4550));
#4389 = ORIENTED_EDGE('',*,*,#3576,.F.);
#4390 = ORIENTED_EDGE('',*,*,#3955,.T.);
#4391 = ORIENTED_EDGE('',*,*,#4392,.T.);
#4392 = EDGE_CURVE('',#3956,#4393,#4395,.T.);
#4393 = VERTEX_POINT('',#4394);
#4394 = CARTESIAN_POINT('',(20.,-10.,116.));
#4395 = SURFACE_CURVE('',#4396,(#4400,#4407),.PCURVE_S1.);
#4396 = LINE('',#4397,#4398);
#4397 = CARTESIAN_POINT('',(-20.,-10.,116.));
#4398 = VECTOR('',#4399,1.);
#4399 = DIRECTION('',(1.,0.,0.));
#4400 = PCURVE('',#3373,#4401);
#4401 = DEFINITIONAL_REPRESENTATION('',(#4402),#4406);
#4402 = LINE('',#4403,#4404);
#4403 = CARTESIAN_POINT('',(102.,0.));
#4404 = VECTOR('',#4405,1.);
#4405 = DIRECTION('',(0.,1.));
#4406 = ( GEOMETRIC_REPRESENTATION_CONTEXT(2) 
PARAMETRIC_REPRESENTATION_CONTEXT() REPRESENTATION_CONTEXT('2D SPACE',''
  ) );
#4407 = PCURVE('',#4016,#4408);
#4408 = DEFINITIONAL_REPRESENTATION('',(#4409),#4413);
#4409 = LINE('',#4410,#4411);
#4410 = CARTESIAN_POINT('',(0.,0.));
#4411 = VECTOR('',#4412,1.);
#4412 = DIRECTION('',(1.,0.));
#4413 = ( GEOMETRIC_REPRESENTATION_CONTEXT(2) 
PARAMETRIC_REPRESENTATION_CONTEXT() REPRESENTATION_CONTEXT('2D SPACE',''
  ) );
#4414 = ORIENTED_EDGE('',*,*,#4415,.F.);
#4415 = EDGE_CURVE('',#3330,#4393,#4416,.T.);
#4416 = SURFACE_CURVE('',#4417,(#4421,#4428),.PCURVE_S1.);
#4417 = LINE('',#4418,#4419);
#4418 = CARTESIAN_POINT('',(20.,-10.,14.));
#4419 = VECTOR('',#4420,1.);
#4420 = DIRECTION('',(0.,0.,1.));
#4421 = PCURVE('',#3373,#4422);
#4422 = DEFINITIONAL_REPRESENTATION('',(#4423),#4427);
#4423 = LINE('',#4424,#4425);
#4424 = CARTESIAN_POINT('',(0.,40.));
#4425 = VECTOR('',#4426,1.);
#4426 = DIRECTION('',(1.,0.));
#4427 = ( GEOMETRIC_REPRESENTATION_CONTEXT(2) 
PARAMETRIC_REPRESENTATION_CONTEXT() REPRESENTATION_CONTEXT('2D SPACE',''
  ) );
#4428 = PCURVE('',#3345,#4429);
#4429 = DEFINITIONAL_REPRESENTATION('',(#4430),#4434);
#4430 = LINE('',#4431,#4432);
#4431 = CARTESIAN_POINT('',(0.,0.));
#4432 = VECTOR('',#4433,1.);
#4433 = DIRECTION('',(1.,0.));
#4434 = ( GEOMETRIC_REPRESENTATION_CONTEXT(2) 
PARAMETRIC_REPRESENTATION_CONTEXT() REPRESENTATION_CONTEXT('2D SPACE',''
  ) );
#4435 = ORIENTED_EDGE('',*,*,#3357,.F.);
#4436 = ORIENTED_EDGE('',*,*,#4437,.F.);
#4437 = EDGE_CURVE('',#4438,#3358,#4440,.T.);
#4438 = VERTEX_POINT('',#4439);
#4439 = CARTESIAN_POINT('',(18.,-10.,90.));
#4440 = SURFACE_CURVE('',#4441,(#4445,#4452),.PCURVE_S1.);
#4441 = LINE('',#4442,#4443);
#4442 = CARTESIAN_POINT('',(18.,-10.,90.));
#4443 = VECTOR('',#4444,1.);
#4444 = DIRECTION('',(0.,0.,-1.));
#4445 = PCURVE('',#3373,#4446);
#4446 = DEFINITIONAL_REPRESENTATION('',(#4447),#4451);
#4447 = LINE('',#4448,#4449);
#4448 = CARTESIAN_POINT('',(76.,38.));
#4449 = VECTOR('',#4450,1.);
#4450 = DIRECTION('',(-1.,0.));
#4451 = ( GEOMETRIC_REPRESENTATION_CONTEXT(2) 
PARAMETRIC_REPRESENTATION_CONTEXT() REPRESENTATION_CONTEXT('2D SPACE',''
  ) );
#4452 = PCURVE('',#3401,#4453);
#4453 = DEFINITIONAL_REPRESENTATION('',(#4454),#4458);
#4454 = LINE('',#4455,#4456);
#4455 = CARTESIAN_POINT('',(-41.18032091363,-3.819679086362));
#4456 = VECTOR('',#4457,1.);
#4457 = DIRECTION('',(1.,0.));
#4458 = ( GEOMETRIC_REPRESENTATION_CONTEXT(2) 
PARAMETRIC_REPRESENTATION_CONTEXT() REPRESENTATION_CONTEXT('2D SPACE',''
  ) );
#4459 = ORIENTED_EDGE('',*,*,#4460,.F.);
#4460 = EDGE_CURVE('',#4461,#4438,#4463,.T.);
#4461 = VERTEX_POINT('',#4462);
#4462 = CARTESIAN_POINT('',(14.,-10.,90.));
#4463 = SURFACE_CURVE('',#4464,(#4468,#4475),.PCURVE_S1.);
#4464 = LINE('',#4465,#4466);
#4465 = CARTESIAN_POINT('',(14.,-10.,90.));
#4466 = VECTOR('',#4467,1.);
#4467 = DIRECTION('',(1.,0.,0.));
#4468 = PCURVE('',#3373,#4469);
#4469 = DEFINITIONAL_REPRESENTATION('',(#4470),#4474);
#4470 = LINE('',#4471,#4472);
#4471 = CARTESIAN_POINT('',(76.,34.));
#4472 = VECTOR('',#4473,1.);
#4473 = DIRECTION('',(0.,1.));
#4474 = ( GEOMETRIC_REPRESENTATION_CONTEXT(2) 
PARAMETRIC_REPRESENTATION_CONTEXT() REPRESENTATION_CONTEXT('2D SPACE',''
  ) );
#4475 = PCURVE('',#3429,#4476);
#4476 = DEFINITIONAL_REPRESENTATION('',(#4477),#4481);
#4477 = LINE('',#4478,#4479);
#4478 = CARTESIAN_POINT('',(77.278716345447,0.));
#4479 = VECTOR('',#4480,1.);
#4480 = DIRECTION('',(0.,-1.));
#4481 = ( GEOMETRIC_REPRESENTATION_CONTEXT(2) 
PARAMETRIC_REPRESENTATION_CONTEXT() REPRESENTATION_CONTEXT('2D SPACE',''
  ) );
#4482 = ORIENTED_EDGE('',*,*,#4483,.T.);
#4483 = EDGE_CURVE('',#4461,#3442,#4484,.T.);
#4484 = SURFACE_CURVE('',#4485,(#4489,#4496),.PCURVE_S1.);
#4485 = LINE('',#4486,#4487);
#4486 = CARTESIAN_POINT('',(14.,-10.,90.));
#4487 = VECTOR('',#4488,1.);
#4488 = DIRECTION('',(0.,0.,-1.));
#4489 = PCURVE('',#3373,#4490);
#4490 = DEFINITIONAL_REPRESENTATION('',(#4491),#4495);
#4491 = LINE('',#4492,#4493);
#4492 = CARTESIAN_POINT('',(76.,34.));
#4493 = VECTOR('',#4494,1.);
#4494 = DIRECTION('',(-1.,0.));
#4495 = ( GEOMETRIC_REPRESENTATION_CONTEXT(2) 
PARAMETRIC_REPRESENTATION_CONTEXT() REPRESENTATION_CONTEXT('2D SPACE',''
  ) );
#4496 = PCURVE('',#3457,#4497);
#4497 = DEFINITIONAL_REPRESENTATION('',(#4498),#4502);
#4498 = LINE('',#4499,#4500);
#4499 = CARTESIAN_POINT('',(-41.18032091363,-3.819679086362));
#4500 = VECTOR('',#4501,1.);
#4501 = DIRECTION('',(1.,0.));
#4502 = ( GEOMETRIC_REPRESENTATION_CONTEXT(2) 
PARAMETRIC_REPRESENTATION_CONTEXT() REPRESENTATION_CONTEXT('2D SPACE',''
  ) );
#4503 = ORIENTED_EDGE('',*,*,#3469,.F.);
#4504 = ORIENTED_EDGE('',*,*,#4505,.F.);
#4505 = EDGE_CURVE('',#4506,#3470,#4508,.T.);
#4506 = VERTEX_POINT('',#4507);
#4507 = CARTESIAN_POINT('',(-14.,-10.,90.));
#4508 = SURFACE_CURVE('',#4509,(#4513,#4520),.PCURVE_S1.);
#4509 = LINE('',#4510,#4511);
#4510 = CARTESIAN_POINT('',(-14.,-10.,90.));
#4511 = VECTOR('',#4512,1.);
#4512 = DIRECTION('',(0.,0.,-1.));
#4513 = PCURVE('',#3373,#4514);
#4514 = DEFINITIONAL_REPRESENTATION('',(#4515),#4519);
#4515 = LINE('',#4516,#4517);
#4516 = CARTESIAN_POINT('',(76.,6.));
#4517 = VECTOR('',#4518,1.);
#4518 = DIRECTION('',(-1.,0.));
#4519 = ( GEOMETRIC_REPRESENTATION_CONTEXT(2) 
PARAMETRIC_REPRESENTATION_CONTEXT() REPRESENTATION_CONTEXT('2D SPACE',''
  ) );
#4520 = PCURVE('',#3508,#4521);
#4521 = DEFINITIONAL_REPRESENTATION('',(#4522),#4526);
#4522 = LINE('',#4523,#4524);
#4523 = CARTESIAN_POINT('',(-41.18032091363,-3.819679086362));
#4524 = VECTOR('',#4525,1.);
#4525 = DIRECTION('',(1.,0.));
#4526 = ( GEOMETRIC_REPRESENTATION_CONTEXT(2) 
PARAMETRIC_REPRESENTATION_CONTEXT() REPRESENTATION_CONTEXT('2D SPACE',''
  ) );
#4527 = ORIENTED_EDGE('',*,*,#4528,.F.);
#4528 = EDGE_CURVE('',#4529,#4506,#4531,.T.);
#4529 = VERTEX_POINT('',#4530);
#4530 = CARTESIAN_POINT('',(-18.,-10.,90.));
#4531 = SURFACE_CURVE('',#4532,(#4536,#4543),.PCURVE_S1.);
#4532 = LINE('',#4533,#4534);
#4533 = CARTESIAN_POINT('',(-18.,-10.,90.));
#4534 = VECTOR('',#4535,1.);
#4535 = DIRECTION('',(1.,0.,0.));
#4536 = PCURVE('',#3373,#4537);
#4537 = DEFINITIONAL_REPRESENTATION('',(#4538),#4542);
#4538 = LINE('',#4539,#4540);
#4539 = CARTESIAN_POINT('',(76.,2.));
#4540 = VECTOR('',#4541,1.);
#4541 = DIRECTION('',(0.,1.));
#4542 = ( GEOMETRIC_REPRESENTATION_CONTEXT(2) 
PARAMETRIC_REPRESENTATION_CONTEXT() REPRESENTATION_CONTEXT('2D SPACE',''
  ) );
#4543 = PCURVE('',#3536,#4544);
#4544 = DEFINITIONAL_REPRESENTATION('',(#4545),#4549);
#4545 = LINE('',#4546,#4547);
#4546 = CARTESIAN_POINT('',(77.278716345447,0.));
#4547 = VECTOR('',#4548,1.);
#4548 = DIRECTION('',(0.,-1.));
#4549 = ( GEOMETRIC_REPRESENTATION_CONTEXT(2) 
PARAMETRIC_REPRESENTATION_CONTEXT() REPRESENTATION_CONTEXT('2D SPACE',''
  ) );
#4550 = ORIENTED_EDGE('',*,*,#4551,.T.);
#4551 = EDGE_CURVE('',#4529,#3549,#4552,.T.);
#4552 = SURFACE_CURVE('',#4553,(#4557,#4564),.PCURVE_S1.);
#4553 = LINE('',#4554,#4555);
#4554 = CARTESIAN_POINT('',(-18.,-10.,90.));
#4555 = VECTOR('',#4556,1.);
#4556 = DIRECTION('',(0.,0.,-1.));
#4557 = PCURVE('',#3373,#4558);
#4558 = DEFINITIONAL_REPRESENTATION('',(#4559),#4563);
#4559 = LINE('',#4560,#4561);
#4560 = CARTESIAN_POINT('',(76.,2.));
#4561 = VECTOR('',#4562,1.);
#4562 = DIRECTION('',(-1.,0.));
#4563 = ( GEOMETRIC_REPRESENTATION_CONTEXT(2) 
PARAMETRIC_REPRESENTATION_CONTEXT() REPRESENTATION_CONTEXT('2D SPACE',''
  ) );
#4564 = PCURVE('',#3564,#4565);
#4565 = DEFINITIONAL_REPRESENTATION('',(#4566),#4570);
#4566 = LINE('',#4567,#4568);
#4567 = CARTESIAN_POINT('',(-41.18032091363,-3.819679086362));
#4568 = VECTOR('',#4569,1.);
#4569 = DIRECTION('',(1.,0.));
#4570 = ( GEOMETRIC_REPRESENTATION_CONTEXT(2) 
PARAMETRIC_REPRESENTATION_CONTEXT() REPRESENTATION_CONTEXT('2D SPACE',''
  ) );
#4571 = FACE_BOUND('',#4572,.F.);
#4572 = EDGE_LOOP('',(#4573));
#4573 = ORIENTED_EDGE('',*,*,#4574,.F.);
#4574 = EDGE_CURVE('',#4575,#4575,#4577,.T.);
#4575 = VERTEX_POINT('',#4576);
#4576 = CARTESIAN_POINT('',(-4.163799117101E-16,-10.,21.7));
#4577 = SURFACE_CURVE('',#4578,(#4583,#4590),.PCURVE_S1.);
#4578 = CIRCLE('',#4579,1.7);
#4579 = AXIS2_PLACEMENT_3D('',#4580,#4581,#4582);
#4580 = CARTESIAN_POINT('',(0.,-10.,20.));
#4581 = DIRECTION('',(0.,1.,0.));
#4582 = DIRECTION('',(0.,-0.,1.));
#4583 = PCURVE('',#3373,#4584);
#4584 = DEFINITIONAL_REPRESENTATION('',(#4585),#4589);
#4585 = CIRCLE('',#4586,1.7);
#4586 = AXIS2_PLACEMENT_2D('',#4587,#4588);
#4587 = CARTESIAN_POINT('',(6.,20.));
#4588 = DIRECTION('',(1.,0.));
#4589 = ( GEOMETRIC_REPRESENTATION_CONTEXT(2) 
PARAMETRIC_REPRESENTATION_CONTEXT() REPRESENTATION_CONTEXT('2D SPACE',''
  ) );
#4590 = PCURVE('',#4096,#4591);
#4591 = DEFINITIONAL_REPRESENTATION('',(#4592),#4596);
#4592 = LINE('',#4593,#4594);
#4593 = CARTESIAN_POINT('',(0.,1.));
#4594 = VECTOR('',#4595,1.);
#4595 = DIRECTION('',(1.,0.));
#4596 = ( GEOMETRIC_REPRESENTATION_CONTEXT(2) 
PARAMETRIC_REPRESENTATION_CONTEXT() REPRESENTATION_CONTEXT('2D SPACE',''
  ) );
#4597 = FACE_BOUND('',#4598,.F.);
#4598 = EDGE_LOOP('',(#4599));
#4599 = ORIENTED_EDGE('',*,*,#4600,.F.);
#4600 = EDGE_CURVE('',#4601,#4601,#4603,.T.);
#4601 = VERTEX_POINT('',#4602);
#4602 = CARTESIAN_POINT('',(-4.163799117101E-16,-10.,31.7));
#4603 = SURFACE_CURVE('',#4604,(#4609,#4616),.PCURVE_S1.);
#4604 = CIRCLE('',#4605,1.7);
#4605 = AXIS2_PLACEMENT_3D('',#4606,#4607,#4608);
#4606 = CARTESIAN_POINT('',(0.,-10.,30.));
#4607 = DIRECTION('',(0.,1.,0.));
#4608 = DIRECTION('',(0.,-0.,1.));
#4609 = PCURVE('',#3373,#4610);
#4610 = DEFINITIONAL_REPRESENTATION('',(#4611),#4615);
#4611 = CIRCLE('',#4612,1.7);
#4612 = AXIS2_PLACEMENT_2D('',#4613,#4614);
#4613 = CARTESIAN_POINT('',(16.,20.));
#4614 = DIRECTION('',(1.,0.));
#4615 = ( GEOMETRIC_REPRESENTATION_CONTEXT(2) 
PARAMETRIC_REPRESENTATION_CONTEXT() REPRESENTATION_CONTEXT('2D SPACE',''
  ) );
#4616 = PCURVE('',#4127,#4617);
#4617 = DEFINITIONAL_REPRESENTATION('',(#4618),#4622);
#4618 = LINE('',#4619,#4620);
#4619 = CARTESIAN_POINT('',(0.,1.));
#4620 = VECTOR('',#4621,1.);
#4621 = DIRECTION('',(1.,0.));
#4622 = ( GEOMETRIC_REPRESENTATION_CONTEXT(2) 
PARAMETRIC_REPRESENTATION_CONTEXT() REPRESENTATION_CONTEXT('2D SPACE',''
  ) );
#4623 = FACE_BOUND('',#4624,.F.);
#4624 = EDGE_LOOP('',(#4625));
#4625 = ORIENTED_EDGE('',*,*,#4626,.F.);
#4626 = EDGE_CURVE('',#4627,#4627,#4629,.T.);
#4627 = VERTEX_POINT('',#4628);
#4628 = CARTESIAN_POINT('',(-4.163799117101E-16,-10.,41.7));
#4629 = SURFACE_CURVE('',#4630,(#4635,#4642),.PCURVE_S1.);
#4630 = CIRCLE('',#4631,1.7);
#4631 = AXIS2_PLACEMENT_3D('',#4632,#4633,#4634);
#4632 = CARTESIAN_POINT('',(0.,-10.,40.));
#4633 = DIRECTION('',(0.,1.,0.));
#4634 = DIRECTION('',(0.,-0.,1.));
#4635 = PCURVE('',#3373,#4636);
#4636 = DEFINITIONAL_REPRESENTATION('',(#4637),#4641);
#4637 = CIRCLE('',#4638,1.7);
#4638 = AXIS2_PLACEMENT_2D('',#4639,#4640);
#4639 = CARTESIAN_POINT('',(26.,20.));
#4640 = DIRECTION('',(1.,0.));
#4641 = ( GEOMETRIC_REPRESENTATION_CONTEXT(2) 
PARAMETRIC_REPRESENTATION_CONTEXT() REPRESENTATION_CONTEXT('2D SPACE',''
  ) );
#4642 = PCURVE('',#4158,#4643);
#4643 = DEFINITIONAL_REPRESENTATION('',(#4644),#4648);
#4644 = LINE('',#4645,#4646);
#4645 = CARTESIAN_POINT('',(0.,1.));
#4646 = VECTOR('',#4647,1.);
#4647 = DIRECTION('',(1.,0.));
#4648 = ( GEOMETRIC_REPRESENTATION_CONTEXT(2) 
PARAMETRIC_REPRESENTATION_CONTEXT() REPRESENTATION_CONTEXT('2D SPACE',''
  ) );
#4649 = FACE_BOUND('',#4650,.F.);
#4650 = EDGE_LOOP('',(#4651));
#4651 = ORIENTED_EDGE('',*,*,#4652,.F.);
#4652 = EDGE_CURVE('',#4653,#4653,#4655,.T.);
#4653 = VERTEX_POINT('',#4654);
#4654 = CARTESIAN_POINT('',(-4.163799117101E-16,-10.,51.7));
#4655 = SURFACE_CURVE('',#4656,(#4661,#4668),.PCURVE_S1.);
#4656 = CIRCLE('',#4657,1.7);
#4657 = AXIS2_PLACEMENT_3D('',#4658,#4659,#4660);
#4658 = CARTESIAN_POINT('',(0.,-10.,50.));
#4659 = DIRECTION('',(0.,1.,0.));
#4660 = DIRECTION('',(0.,-0.,1.));
#4661 = PCURVE('',#3373,#4662);
#4662 = DEFINITIONAL_REPRESENTATION('',(#4663),#4667);
#4663 = CIRCLE('',#4664,1.7);
#4664 = AXIS2_PLACEMENT_2D('',#4665,#4666);
#4665 = CARTESIAN_POINT('',(36.,20.));
#4666 = DIRECTION('',(1.,0.));
#4667 = ( GEOMETRIC_REPRESENTATION_CONTEXT(2) 
PARAMETRIC_REPRESENTATION_CONTEXT() REPRESENTATION_CONTEXT('2D SPACE',''
  ) );
#4668 = PCURVE('',#4189,#4669);
#4669 = DEFINITIONAL_REPRESENTATION('',(#4670),#4674);
#4670 = LINE('',#4671,#4672);
#4671 = CARTESIAN_POINT('',(0.,1.));
#4672 = VECTOR('',#4673,1.);
#4673 = DIRECTION('',(1.,0.));
#4674 = ( GEOMETRIC_REPRESENTATION_CONTEXT(2) 
PARAMETRIC_REPRESENTATION_CONTEXT() REPRESENTATION_CONTEXT('2D SPACE',''
  ) );
#4675 = FACE_BOUND('',#4676,.F.);
#4676 = EDGE_LOOP('',(#4677));
#4677 = ORIENTED_EDGE('',*,*,#4678,.F.);
#4678 = EDGE_CURVE('',#4679,#4679,#4681,.T.);
#4679 = VERTEX_POINT('',#4680);
#4680 = CARTESIAN_POINT('',(-4.163799117101E-16,-10.,61.7));
#4681 = SURFACE_CURVE('',#4682,(#4687,#4694),.PCURVE_S1.);
#4682 = CIRCLE('',#4683,1.7);
#4683 = AXIS2_PLACEMENT_3D('',#4684,#4685,#4686);
#4684 = CARTESIAN_POINT('',(0.,-10.,60.));
#4685 = DIRECTION('',(0.,1.,0.));
#4686 = DIRECTION('',(0.,-0.,1.));
#4687 = PCURVE('',#3373,#4688);
#4688 = DEFINITIONAL_REPRESENTATION('',(#4689),#4693);
#4689 = CIRCLE('',#4690,1.7);
#4690 = AXIS2_PLACEMENT_2D('',#4691,#4692);
#4691 = CARTESIAN_POINT('',(46.,20.));
#4692 = DIRECTION('',(1.,0.));
#4693 = ( GEOMETRIC_REPRESENTATION_CONTEXT(2) 
PARAMETRIC_REPRESENTATION_CONTEXT() REPRESENTATION_CONTEXT('2D SPACE',''
  ) );
#4694 = PCURVE('',#4220,#4695);
#4695 = DEFINITIONAL_REPRESENTATION('',(#4696),#4700);
#4696 = LINE('',#4697,#4698);
#4697 = CARTESIAN_POINT('',(0.,1.));
#4698 = VECTOR('',#4699,1.);
#4699 = DIRECTION('',(1.,0.));
#4700 = ( GEOMETRIC_REPRESENTATION_CONTEXT(2) 
PARAMETRIC_REPRESENTATION_CONTEXT() REPRESENTATION_CONTEXT('2D SPACE',''
  ) );
#4701 = FACE_BOUND('',#4702,.F.);
#4702 = EDGE_LOOP('',(#4703));
#4703 = ORIENTED_EDGE('',*,*,#4704,.F.);
#4704 = EDGE_CURVE('',#4705,#4705,#4707,.T.);
#4705 = VERTEX_POINT('',#4706);
#4706 = CARTESIAN_POINT('',(-4.163799117101E-16,-10.,71.7));
#4707 = SURFACE_CURVE('',#4708,(#4713,#4720),.PCURVE_S1.);
#4708 = CIRCLE('',#4709,1.7);
#4709 = AXIS2_PLACEMENT_3D('',#4710,#4711,#4712);
#4710 = CARTESIAN_POINT('',(0.,-10.,70.));
#4711 = DIRECTION('',(0.,1.,0.));
#4712 = DIRECTION('',(0.,-0.,1.));
#4713 = PCURVE('',#3373,#4714);
#4714 = DEFINITIONAL_REPRESENTATION('',(#4715),#4719);
#4715 = CIRCLE('',#4716,1.7);
#4716 = AXIS2_PLACEMENT_2D('',#4717,#4718);
#4717 = CARTESIAN_POINT('',(56.,20.));
#4718 = DIRECTION('',(1.,0.));
#4719 = ( GEOMETRIC_REPRESENTATION_CONTEXT(2) 
PARAMETRIC_REPRESENTATION_CONTEXT() REPRESENTATION_CONTEXT('2D SPACE',''
  ) );
#4720 = PCURVE('',#4251,#4721);
#4721 = DEFINITIONAL_REPRESENTATION('',(#4722),#4726);
#4722 = LINE('',#4723,#4724);
#4723 = CARTESIAN_POINT('',(0.,1.));
#4724 = VECTOR('',#4725,1.);
#4725 = DIRECTION('',(1.,0.));
#4726 = ( GEOMETRIC_REPRESENTATION_CONTEXT(2) 
PARAMETRIC_REPRESENTATION_CONTEXT() REPRESENTATION_CONTEXT('2D SPACE',''
  ) );
#4727 = FACE_BOUND('',#4728,.F.);
#4728 = EDGE_LOOP('',(#4729));
#4729 = ORIENTED_EDGE('',*,*,#4730,.F.);
#4730 = EDGE_CURVE('',#4731,#4731,#4733,.T.);
#4731 = VERTEX_POINT('',#4732);
#4732 = CARTESIAN_POINT('',(-4.163799117101E-16,-10.,81.7));
#4733 = SURFACE_CURVE('',#4734,(#4739,#4746),.PCURVE_S1.);
#4734 = CIRCLE('',#4735,1.7);
#4735 = AXIS2_PLACEMENT_3D('',#4736,#4737,#4738);
#4736 = CARTESIAN_POINT('',(0.,-10.,80.));
#4737 = DIRECTION('',(0.,1.,0.));
#4738 = DIRECTION('',(0.,-0.,1.));
#4739 = PCURVE('',#3373,#4740);
#4740 = DEFINITIONAL_REPRESENTATION('',(#4741),#4745);
#4741 = CIRCLE('',#4742,1.7);
#4742 = AXIS2_PLACEMENT_2D('',#4743,#4744);
#4743 = CARTESIAN_POINT('',(66.,20.));
#4744 = DIRECTION('',(1.,0.));
#4745 = ( GEOMETRIC_REPRESENTATION_CONTEXT(2) 
PARAMETRIC_REPRESENTATION_CONTEXT() REPRESENTATION_CONTEXT('2D SPACE',''
  ) );
#4746 = PCURVE('',#4282,#4747);
#4747 = DEFINITIONAL_REPRESENTATION('',(#4748),#4752);
#4748 = LINE('',#4749,#4750);
#4749 = CARTESIAN_POINT('',(0.,1.));
#4750 = VECTOR('',#4751,1.);
#4751 = DIRECTION('',(1.,0.));
#4752 = ( GEOMETRIC_REPRESENTATION_CONTEXT(2) 
PARAMETRIC_REPRESENTATION_CONTEXT() REPRESENTATION_CONTEXT('2D SPACE',''
  ) );
#4753 = FACE_BOUND('',#4754,.F.);
#4754 = EDGE_LOOP('',(#4755));
#4755 = ORIENTED_EDGE('',*,*,#4756,.F.);
#4756 = EDGE_CURVE('',#4757,#4757,#4759,.T.);
#4757 = VERTEX_POINT('',#4758);
#4758 = CARTESIAN_POINT('',(-4.163799117101E-16,-10.,91.7));
#4759 = SURFACE_CURVE('',#4760,(#4765,#4772),.PCURVE_S1.);
#4760 = CIRCLE('',#4761,1.7);
#4761 = AXIS2_PLACEMENT_3D('',#4762,#4763,#4764);
#4762 = CARTESIAN_POINT('',(0.,-10.,90.));
#4763 = DIRECTION('',(0.,1.,0.));
#4764 = DIRECTION('',(0.,-0.,1.));
#4765 = PCURVE('',#3373,#4766);
#4766 = DEFINITIONAL_REPRESENTATION('',(#4767),#4771);
#4767 = CIRCLE('',#4768,1.7);
#4768 = AXIS2_PLACEMENT_2D('',#4769,#4770);
#4769 = CARTESIAN_POINT('',(76.,20.));
#4770 = DIRECTION('',(1.,0.));
#4771 = ( GEOMETRIC_REPRESENTATION_CONTEXT(2) 
PARAMETRIC_REPRESENTATION_CONTEXT() REPRESENTATION_CONTEXT('2D SPACE',''
  ) );
#4772 = PCURVE('',#4313,#4773);
#4773 = DEFINITIONAL_REPRESENTATION('',(#4774),#4778);
#4774 = LINE('',#4775,#4776);
#4775 = CARTESIAN_POINT('',(0.,1.));
#4776 = VECTOR('',#4777,1.);
#4777 = DIRECTION('',(1.,0.));
#4778 = ( GEOMETRIC_REPRESENTATION_CONTEXT(2) 
PARAMETRIC_REPRESENTATION_CONTEXT() REPRESENTATION_CONTEXT('2D SPACE',''
  ) );
#4779 = FACE_BOUND('',#4780,.F.);
#4780 = EDGE_LOOP('',(#4781));
#4781 = ORIENTED_EDGE('',*,*,#4782,.F.);
#4782 = EDGE_CURVE('',#4783,#4783,#4785,.T.);
#4783 = VERTEX_POINT('',#4784);
#4784 = CARTESIAN_POINT('',(-4.163799117101E-16,-10.,101.7));
#4785 = SURFACE_CURVE('',#4786,(#4791,#4798),.PCURVE_S1.);
#4786 = CIRCLE('',#4787,1.7);
#4787 = AXIS2_PLACEMENT_3D('',#4788,#4789,#4790);
#4788 = CARTESIAN_POINT('',(0.,-10.,100.));
#4789 = DIRECTION('',(0.,1.,0.));
#4790 = DIRECTION('',(0.,-0.,1.));
#4791 = PCURVE('',#3373,#4792);
#4792 = DEFINITIONAL_REPRESENTATION('',(#4793),#4797);
#4793 = CIRCLE('',#4794,1.7);
#4794 = AXIS2_PLACEMENT_2D('',#4795,#4796);
#4795 = CARTESIAN_POINT('',(86.,20.));
#4796 = DIRECTION('',(1.,0.));
#4797 = ( GEOMETRIC_REPRESENTATION_CONTEXT(2) 
PARAMETRIC_REPRESENTATION_CONTEXT() REPRESENTATION_CONTEXT('2D SPACE',''
  ) );
#4798 = PCURVE('',#4344,#4799);
#4799 = DEFINITIONAL_REPRESENTATION('',(#4800),#4804);
#4800 = LINE('',#4801,#4802);
#4801 = CARTESIAN_POINT('',(0.,1.));
#4802 = VECTOR('',#4803,1.);
#4803 = DIRECTION('',(1.,0.));
#4804 = ( GEOMETRIC_REPRESENTATION_CONTEXT(2) 
PARAMETRIC_REPRESENTATION_CONTEXT() REPRESENTATION_CONTEXT('2D SPACE',''
  ) );
#4805 = FACE_BOUND('',#4806,.F.);
#4806 = EDGE_LOOP('',(#4807));
#4807 = ORIENTED_EDGE('',*,*,#4808,.F.);
#4808 = EDGE_CURVE('',#4809,#4809,#4811,.T.);
#4809 = VERTEX_POINT('',#4810);
#4810 = CARTESIAN_POINT('',(-4.163799117101E-16,-10.,111.7));
#4811 = SURFACE_CURVE('',#4812,(#4817,#4824),.PCURVE_S1.);
#4812 = CIRCLE('',#4813,1.7);
#4813 = AXIS2_PLACEMENT_3D('',#4814,#4815,#4816);
#4814 = CARTESIAN_POINT('',(0.,-10.,110.));
#4815 = DIRECTION('',(0.,1.,0.));
#4816 = DIRECTION('',(0.,-0.,1.));
#4817 = PCURVE('',#3373,#4818);
#4818 = DEFINITIONAL_REPRESENTATION('',(#4819),#4823);
#4819 = CIRCLE('',#4820,1.7);
#4820 = AXIS2_PLACEMENT_2D('',#4821,#4822);
#4821 = CARTESIAN_POINT('',(96.,20.));
#4822 = DIRECTION('',(1.,0.));
#4823 = ( GEOMETRIC_REPRESENTATION_CONTEXT(2) 
PARAMETRIC_REPRESENTATION_CONTEXT() REPRESENTATION_CONTEXT('2D SPACE',''
  ) );
#4824 = PCURVE('',#4375,#4825);
#4825 = DEFINITIONAL_REPRESENTATION('',(#4826),#4830);
#4826 = LINE('',#4827,#4828);
#4827 = CARTESIAN_POINT('',(0.,1.));
#4828 = VECTOR('',#4829,1.);
#4829 = DIRECTION('',(1.,0.));
#4830 = ( GEOMETRIC_REPRESENTATION_CONTEXT(2) 
PARAMETRIC_REPRESENTATION_CONTEXT() REPRESENTATION_CONTEXT('2D SPACE',''
  ) );
#4831 = ADVANCED_FACE('',(#4832),#3345,.T.);
#4832 = FACE_BOUND('',#4833,.T.);
#4833 = EDGE_LOOP('',(#4834,#4835,#4836,#4837));
#4834 = ORIENTED_EDGE('',*,*,#4415,.F.);
#4835 = ORIENTED_EDGE('',*,*,#3329,.T.);
#4836 = ORIENTED_EDGE('',*,*,#4056,.T.);
#4837 = ORIENTED_EDGE('',*,*,#4838,.F.);
#4838 = EDGE_CURVE('',#4393,#4034,#4839,.T.);
#4839 = SURFACE_CURVE('',#4840,(#4844,#4851),.PCURVE_S1.);
#4840 = LINE('',#4841,#4842);
#4841 = CARTESIAN_POINT('',(20.,-10.,116.));
#4842 = VECTOR('',#4843,1.);
#4843 = DIRECTION('',(0.,1.,0.));
#4844 = PCURVE('',#3345,#4845);
#4845 = DEFINITIONAL_REPRESENTATION('',(#4846),#4850);
#4846 = LINE('',#4847,#4848);
#4847 = CARTESIAN_POINT('',(102.,0.));
#4848 = VECTOR('',#4849,1.);
#4849 = DIRECTION('',(0.,-1.));
#4850 = ( GEOMETRIC_REPRESENTATION_CONTEXT(2) 
PARAMETRIC_REPRESENTATION_CONTEXT() REPRESENTATION_CONTEXT('2D SPACE',''
  ) );
#4851 = PCURVE('',#4016,#4852);
#4852 = DEFINITIONAL_REPRESENTATION('',(#4853),#4857);
#4853 = LINE('',#4854,#4855);
#4854 = CARTESIAN_POINT('',(40.,0.));
#4855 = VECTOR('',#4856,1.);
#4856 = DIRECTION('',(0.,1.));
#4857 = ( GEOMETRIC_REPRESENTATION_CONTEXT(2) 
PARAMETRIC_REPRESENTATION_CONTEXT() REPRESENTATION_CONTEXT('2D SPACE',''
  ) );
#4858 = ADVANCED_FACE('',(#4859),#3564,.T.);
#4859 = FACE_BOUND('',#4860,.T.);
#4860 = EDGE_LOOP('',(#4861,#4862,#4883));
#4861 = ORIENTED_EDGE('',*,*,#3548,.T.);
#4862 = ORIENTED_EDGE('',*,*,#4863,.T.);
#4863 = EDGE_CURVE('',#3521,#4529,#4864,.T.);
#4864 = SURFACE_CURVE('',#4865,(#4869,#4876),.PCURVE_S1.);
#4865 = LINE('',#4866,#4867);
#4866 = CARTESIAN_POINT('',(-18.,-24.,14.));
#4867 = VECTOR('',#4868,1.);
#4868 = DIRECTION('',(0.,0.181162429477,0.983453188589));
#4869 = PCURVE('',#3564,#4870);
#4870 = DEFINITIONAL_REPRESENTATION('',(#4871),#4875);
#4871 = LINE('',#4872,#4873);
#4872 = CARTESIAN_POINT('',(34.819679086362,10.180320913638));
#4873 = VECTOR('',#4874,1.);
#4874 = DIRECTION('',(-0.983453188589,-0.181162429477));
#4875 = ( GEOMETRIC_REPRESENTATION_CONTEXT(2) 
PARAMETRIC_REPRESENTATION_CONTEXT() REPRESENTATION_CONTEXT('2D SPACE',''
  ) );
#4876 = PCURVE('',#3536,#4877);
#4877 = DEFINITIONAL_REPRESENTATION('',(#4878),#4882);
#4878 = LINE('',#4879,#4880);
#4879 = CARTESIAN_POINT('',(0.,0.));
#4880 = VECTOR('',#4881,1.);
#4881 = DIRECTION('',(1.,0.));
#4882 = ( GEOMETRIC_REPRESENTATION_CONTEXT(2) 
PARAMETRIC_REPRESENTATION_CONTEXT() REPRESENTATION_CONTEXT('2D SPACE',''
  ) );
#4883 = ORIENTED_EDGE('',*,*,#4551,.T.);
#4884 = ADVANCED_FACE('',(#4885),#3536,.T.);
#4885 = FACE_BOUND('',#4886,.T.);
#4886 = EDGE_LOOP('',(#4887,#4888,#4909,#4910));
#4887 = ORIENTED_EDGE('',*,*,#3520,.T.);
#4888 = ORIENTED_EDGE('',*,*,#4889,.T.);
#4889 = EDGE_CURVE('',#3493,#4506,#4890,.T.);
#4890 = SURFACE_CURVE('',#4891,(#4895,#4902),.PCURVE_S1.);
#4891 = LINE('',#4892,#4893);
#4892 = CARTESIAN_POINT('',(-14.,-24.,14.));
#4893 = VECTOR('',#4894,1.);
#4894 = DIRECTION('',(0.,0.181162429477,0.983453188589));
#4895 = PCURVE('',#3536,#4896);
#4896 = DEFINITIONAL_REPRESENTATION('',(#4897),#4901);
#4897 = LINE('',#4898,#4899);
#4898 = CARTESIAN_POINT('',(0.,-4.));
#4899 = VECTOR('',#4900,1.);
#4900 = DIRECTION('',(1.,0.));
#4901 = ( GEOMETRIC_REPRESENTATION_CONTEXT(2) 
PARAMETRIC_REPRESENTATION_CONTEXT() REPRESENTATION_CONTEXT('2D SPACE',''
  ) );
#4902 = PCURVE('',#3508,#4903);
#4903 = DEFINITIONAL_REPRESENTATION('',(#4904),#4908);
#4904 = LINE('',#4905,#4906);
#4905 = CARTESIAN_POINT('',(34.819679086362,10.180320913638));
#4906 = VECTOR('',#4907,1.);
#4907 = DIRECTION('',(-0.983453188589,-0.181162429477));
#4908 = ( GEOMETRIC_REPRESENTATION_CONTEXT(2) 
PARAMETRIC_REPRESENTATION_CONTEXT() REPRESENTATION_CONTEXT('2D SPACE',''
  ) );
#4909 = ORIENTED_EDGE('',*,*,#4528,.F.);
#4910 = ORIENTED_EDGE('',*,*,#4863,.F.);
#4911 = ADVANCED_FACE('',(#4912),#3401,.F.);
#4912 = FACE_BOUND('',#4913,.F.);
#4913 = EDGE_LOOP('',(#4914,#4915,#4936));
#4914 = ORIENTED_EDGE('',*,*,#3385,.T.);
#4915 = ORIENTED_EDGE('',*,*,#4916,.T.);
#4916 = EDGE_CURVE('',#3386,#4438,#4917,.T.);
#4917 = SURFACE_CURVE('',#4918,(#4922,#4929),.PCURVE_S1.);
#4918 = LINE('',#4919,#4920);
#4919 = CARTESIAN_POINT('',(18.,-24.,14.));
#4920 = VECTOR('',#4921,1.);
#4921 = DIRECTION('',(0.,0.181162429477,0.983453188589));
#4922 = PCURVE('',#3401,#4923);
#4923 = DEFINITIONAL_REPRESENTATION('',(#4924),#4928);
#4924 = LINE('',#4925,#4926);
#4925 = CARTESIAN_POINT('',(34.819679086362,10.180320913638));
#4926 = VECTOR('',#4927,1.);
#4927 = DIRECTION('',(-0.983453188589,-0.181162429477));
#4928 = ( GEOMETRIC_REPRESENTATION_CONTEXT(2) 
PARAMETRIC_REPRESENTATION_CONTEXT() REPRESENTATION_CONTEXT('2D SPACE',''
  ) );
#4929 = PCURVE('',#3429,#4930);
#4930 = DEFINITIONAL_REPRESENTATION('',(#4931),#4935);
#4931 = LINE('',#4932,#4933);
#4932 = CARTESIAN_POINT('',(0.,-4.));
#4933 = VECTOR('',#4934,1.);
#4934 = DIRECTION('',(1.,0.));
#4935 = ( GEOMETRIC_REPRESENTATION_CONTEXT(2) 
PARAMETRIC_REPRESENTATION_CONTEXT() REPRESENTATION_CONTEXT('2D SPACE',''
  ) );
#4936 = ORIENTED_EDGE('',*,*,#4437,.T.);
#4937 = ADVANCED_FACE('',(#4938),#3508,.F.);
#4938 = FACE_BOUND('',#4939,.F.);
#4939 = EDGE_LOOP('',(#4940,#4941,#4942));
#4940 = ORIENTED_EDGE('',*,*,#3492,.T.);
#4941 = ORIENTED_EDGE('',*,*,#4889,.T.);
#4942 = ORIENTED_EDGE('',*,*,#4505,.T.);
#4943 = ADVANCED_FACE('',(#4944),#3429,.T.);
#4944 = FACE_BOUND('',#4945,.T.);
#4945 = EDGE_LOOP('',(#4946,#4947,#4948,#4949));
#4946 = ORIENTED_EDGE('',*,*,#3413,.T.);
#4947 = ORIENTED_EDGE('',*,*,#4916,.T.);
#4948 = ORIENTED_EDGE('',*,*,#4460,.F.);
#4949 = ORIENTED_EDGE('',*,*,#4950,.F.);
#4950 = EDGE_CURVE('',#3414,#4461,#4951,.T.);
#4951 = SURFACE_CURVE('',#4952,(#4956,#4963),.PCURVE_S1.);
#4952 = LINE('',#4953,#4954);
#4953 = CARTESIAN_POINT('',(14.,-24.,14.));
#4954 = VECTOR('',#4955,1.);
#4955 = DIRECTION('',(0.,0.181162429477,0.983453188589));
#4956 = PCURVE('',#3429,#4957);
#4957 = DEFINITIONAL_REPRESENTATION('',(#4958),#4962);
#4958 = LINE('',#4959,#4960);
#4959 = CARTESIAN_POINT('',(0.,0.));
#4960 = VECTOR('',#4961,1.);
#4961 = DIRECTION('',(1.,0.));
#4962 = ( GEOMETRIC_REPRESENTATION_CONTEXT(2) 
PARAMETRIC_REPRESENTATION_CONTEXT() REPRESENTATION_CONTEXT('2D SPACE',''
  ) );
#4963 = PCURVE('',#3457,#4964);
#4964 = DEFINITIONAL_REPRESENTATION('',(#4965),#4969);
#4965 = LINE('',#4966,#4967);
#4966 = CARTESIAN_POINT('',(34.819679086362,10.180320913638));
#4967 = VECTOR('',#4968,1.);
#4968 = DIRECTION('',(-0.983453188589,-0.181162429477));
#4969 = ( GEOMETRIC_REPRESENTATION_CONTEXT(2) 
PARAMETRIC_REPRESENTATION_CONTEXT() REPRESENTATION_CONTEXT('2D SPACE',''
  ) );
#4970 = ADVANCED_FACE('',(#4971),#3457,.T.);
#4971 = FACE_BOUND('',#4972,.T.);
#4972 = EDGE_LOOP('',(#4973,#4974,#4975));
#4973 = ORIENTED_EDGE('',*,*,#3441,.T.);
#4974 = ORIENTED_EDGE('',*,*,#4950,.T.);
#4975 = ORIENTED_EDGE('',*,*,#4483,.T.);
#4976 = ADVANCED_FACE('',(#4977),#3616,.F.);
#4977 = FACE_BOUND('',#4978,.F.);
#4978 = EDGE_LOOP('',(#4979,#4980,#5003,#5030));
#4979 = ORIENTED_EDGE('',*,*,#3599,.F.);
#4980 = ORIENTED_EDGE('',*,*,#4981,.F.);
#4981 = EDGE_CURVE('',#4982,#3600,#4984,.T.);
#4982 = VERTEX_POINT('',#4983);
#4983 = CARTESIAN_POINT('',(28.2,-14.,12.));
#4984 = SEAM_CURVE('',#4985,(#4989,#4996),.PCURVE_S1.);
#4985 = LINE('',#4986,#4987);
#4986 = CARTESIAN_POINT('',(28.2,-14.,12.));
#4987 = VECTOR('',#4988,1.);
#4988 = DIRECTION('',(0.,0.,1.));
#4989 = PCURVE('',#3616,#4990);
#4990 = DEFINITIONAL_REPRESENTATION('',(#4991),#4995);
#4991 = LINE('',#4992,#4993);
#4992 = CARTESIAN_POINT('',(6.28318530718,-0.));
#4993 = VECTOR('',#4994,1.);
#4994 = DIRECTION('',(0.,1.));
#4995 = ( GEOMETRIC_REPRESENTATION_CONTEXT(2) 
PARAMETRIC_REPRESENTATION_CONTEXT() REPRESENTATION_CONTEXT('2D SPACE',''
  ) );
#4996 = PCURVE('',#3616,#4997);
#4997 = DEFINITIONAL_REPRESENTATION('',(#4998),#5002);
#4998 = LINE('',#4999,#5000);
#4999 = CARTESIAN_POINT('',(0.,-0.));
#5000 = VECTOR('',#5001,1.);
#5001 = DIRECTION('',(0.,1.));
#5002 = ( GEOMETRIC_REPRESENTATION_CONTEXT(2) 
PARAMETRIC_REPRESENTATION_CONTEXT() REPRESENTATION_CONTEXT('2D SPACE',''
  ) );
#5003 = ORIENTED_EDGE('',*,*,#5004,.T.);
#5004 = EDGE_CURVE('',#4982,#4982,#5005,.T.);
#5005 = SURFACE_CURVE('',#5006,(#5011,#5018),.PCURVE_S1.);
#5006 = CIRCLE('',#5007,3.2);
#5007 = AXIS2_PLACEMENT_3D('',#5008,#5009,#5010);
#5008 = CARTESIAN_POINT('',(25.,-14.,12.));
#5009 = DIRECTION('',(0.,0.,1.));
#5010 = DIRECTION('',(1.,0.,-0.));
#5011 = PCURVE('',#3616,#5012);
#5012 = DEFINITIONAL_REPRESENTATION('',(#5013),#5017);
#5013 = LINE('',#5014,#5015);
#5014 = CARTESIAN_POINT('',(0.,0.));
#5015 = VECTOR('',#5016,1.);
#5016 = DIRECTION('',(1.,0.));
#5017 = ( GEOMETRIC_REPRESENTATION_CONTEXT(2) 
PARAMETRIC_REPRESENTATION_CONTEXT() REPRESENTATION_CONTEXT('2D SPACE',''
  ) );
#5018 = PCURVE('',#5019,#5024);
#5019 = PLANE('',#5020);
#5020 = AXIS2_PLACEMENT_3D('',#5021,#5022,#5023);
#5021 = CARTESIAN_POINT('',(25.,-14.,12.));
#5022 = DIRECTION('',(0.,0.,1.));
#5023 = DIRECTION('',(1.,0.,-0.));
#5024 = DEFINITIONAL_REPRESENTATION('',(#5025),#5029);
#5025 = CIRCLE('',#5026,3.2);
#5026 = AXIS2_PLACEMENT_2D('',#5027,#5028);
#5027 = CARTESIAN_POINT('',(0.,0.));
#5028 = DIRECTION('',(1.,0.));
#5029 = ( GEOMETRIC_REPRESENTATION_CONTEXT(2) 
PARAMETRIC_REPRESENTATION_CONTEXT() REPRESENTATION_CONTEXT('2D SPACE',''
  ) );
#5030 = ORIENTED_EDGE('',*,*,#4981,.T.);
#5031 = ADVANCED_FACE('',(#5032),#3647,.F.);
#5032 = FACE_BOUND('',#5033,.F.);
#5033 = EDGE_LOOP('',(#5034,#5035,#5058,#5085));
#5034 = ORIENTED_EDGE('',*,*,#3630,.F.);
#5035 = ORIENTED_EDGE('',*,*,#5036,.F.);
#5036 = EDGE_CURVE('',#5037,#3631,#5039,.T.);
#5037 = VERTEX_POINT('',#5038);
#5038 = CARTESIAN_POINT('',(-21.8,14.,12.));
#5039 = SEAM_CURVE('',#5040,(#5044,#5051),.PCURVE_S1.);
#5040 = LINE('',#5041,#5042);
#5041 = CARTESIAN_POINT('',(-21.8,14.,12.));
#5042 = VECTOR('',#5043,1.);
#5043 = DIRECTION('',(0.,0.,1.));
#5044 = PCURVE('',#3647,#5045);
#5045 = DEFINITIONAL_REPRESENTATION('',(#5046),#5050);
#5046 = LINE('',#5047,#5048);
#5047 = CARTESIAN_POINT('',(6.28318530718,-0.));
#5048 = VECTOR('',#5049,1.);
#5049 = DIRECTION('',(0.,1.));
#5050 = ( GEOMETRIC_REPRESENTATION_CONTEXT(2) 
PARAMETRIC_REPRESENTATION_CONTEXT() REPRESENTATION_CONTEXT('2D SPACE',''
  ) );
#5051 = PCURVE('',#3647,#5052);
#5052 = DEFINITIONAL_REPRESENTATION('',(#5053),#5057);
#5053 = LINE('',#5054,#5055);
#5054 = CARTESIAN_POINT('',(0.,-0.));
#5055 = VECTOR('',#5056,1.);
#5056 = DIRECTION('',(0.,1.));
#5057 = ( GEOMETRIC_REPRESENTATION_CONTEXT(2) 
PARAMETRIC_REPRESENTATION_CONTEXT() REPRESENTATION_CONTEXT('2D SPACE',''
  ) );
#5058 = ORIENTED_EDGE('',*,*,#5059,.T.);
#5059 = EDGE_CURVE('',#5037,#5037,#5060,.T.);
#5060 = SURFACE_CURVE('',#5061,(#5066,#5073),.PCURVE_S1.);
#5061 = CIRCLE('',#5062,3.2);
#5062 = AXIS2_PLACEMENT_3D('',#5063,#5064,#5065);
#5063 = CARTESIAN_POINT('',(-25.,14.,12.));
#5064 = DIRECTION('',(0.,0.,1.));
#5065 = DIRECTION('',(1.,0.,-0.));
#5066 = PCURVE('',#3647,#5067);
#5067 = DEFINITIONAL_REPRESENTATION('',(#5068),#5072);
#5068 = LINE('',#5069,#5070);
#5069 = CARTESIAN_POINT('',(0.,0.));
#5070 = VECTOR('',#5071,1.);
#5071 = DIRECTION('',(1.,0.));
#5072 = ( GEOMETRIC_REPRESENTATION_CONTEXT(2) 
PARAMETRIC_REPRESENTATION_CONTEXT() REPRESENTATION_CONTEXT('2D SPACE',''
  ) );
#5073 = PCURVE('',#5074,#5079);
#5074 = PLANE('',#5075);
#5075 = AXIS2_PLACEMENT_3D('',#5076,#5077,#5078);
#5076 = CARTESIAN_POINT('',(-25.,14.,12.));
#5077 = DIRECTION('',(0.,0.,1.));
#5078 = DIRECTION('',(1.,0.,-0.));
#5079 = DEFINITIONAL_REPRESENTATION('',(#5080),#5084);
#5080 = CIRCLE('',#5081,3.2);
#5081 = AXIS2_PLACEMENT_2D('',#5082,#5083);
#5082 = CARTESIAN_POINT('',(0.,0.));
#5083 = DIRECTION('',(1.,0.));
#5084 = ( GEOMETRIC_REPRESENTATION_CONTEXT(2) 
PARAMETRIC_REPRESENTATION_CONTEXT() REPRESENTATION_CONTEXT('2D SPACE',''
  ) );
#5085 = ORIENTED_EDGE('',*,*,#5036,.T.);
#5086 = ADVANCED_FACE('',(#5087),#3678,.F.);
#5087 = FACE_BOUND('',#5088,.F.);
#5088 = EDGE_LOOP('',(#5089,#5090,#5113,#5140));
#5089 = ORIENTED_EDGE('',*,*,#3661,.F.);
#5090 = ORIENTED_EDGE('',*,*,#5091,.F.);
#5091 = EDGE_CURVE('',#5092,#3662,#5094,.T.);
#5092 = VERTEX_POINT('',#5093);
#5093 = CARTESIAN_POINT('',(28.2,14.,12.));
#5094 = SEAM_CURVE('',#5095,(#5099,#5106),.PCURVE_S1.);
#5095 = LINE('',#5096,#5097);
#5096 = CARTESIAN_POINT('',(28.2,14.,12.));
#5097 = VECTOR('',#5098,1.);
#5098 = DIRECTION('',(0.,0.,1.));
#5099 = PCURVE('',#3678,#5100);
#5100 = DEFINITIONAL_REPRESENTATION('',(#5101),#5105);
#5101 = LINE('',#5102,#5103);
#5102 = CARTESIAN_POINT('',(6.28318530718,-0.));
#5103 = VECTOR('',#5104,1.);
#5104 = DIRECTION('',(0.,1.));
#5105 = ( GEOMETRIC_REPRESENTATION_CONTEXT(2) 
PARAMETRIC_REPRESENTATION_CONTEXT() REPRESENTATION_CONTEXT('2D SPACE',''
  ) );
#5106 = PCURVE('',#3678,#5107);
#5107 = DEFINITIONAL_REPRESENTATION('',(#5108),#5112);
#5108 = LINE('',#5109,#5110);
#5109 = CARTESIAN_POINT('',(0.,-0.));
#5110 = VECTOR('',#5111,1.);
#5111 = DIRECTION('',(0.,1.));
#5112 = ( GEOMETRIC_REPRESENTATION_CONTEXT(2) 
PARAMETRIC_REPRESENTATION_CONTEXT() REPRESENTATION_CONTEXT('2D SPACE',''
  ) );
#5113 = ORIENTED_EDGE('',*,*,#5114,.T.);
#5114 = EDGE_CURVE('',#5092,#5092,#5115,.T.);
#5115 = SURFACE_CURVE('',#5116,(#5121,#5128),.PCURVE_S1.);
#5116 = CIRCLE('',#5117,3.2);
#5117 = AXIS2_PLACEMENT_3D('',#5118,#5119,#5120);
#5118 = CARTESIAN_POINT('',(25.,14.,12.));
#5119 = DIRECTION('',(0.,0.,1.));
#5120 = DIRECTION('',(1.,0.,-0.));
#5121 = PCURVE('',#3678,#5122);
#5122 = DEFINITIONAL_REPRESENTATION('',(#5123),#5127);
#5123 = LINE('',#5124,#5125);
#5124 = CARTESIAN_POINT('',(0.,0.));
#5125 = VECTOR('',#5126,1.);
#5126 = DIRECTION('',(1.,0.));
#5127 = ( GEOMETRIC_REPRESENTATION_CONTEXT(2) 
PARAMETRIC_REPRESENTATION_CONTEXT() REPRESENTATION_CONTEXT('2D SPACE',''
  ) );
#5128 = PCURVE('',#5129,#5134);
#5129 = PLANE('',#5130);
#5130 = AXIS2_PLACEMENT_3D('',#5131,#5132,#5133);
#5131 = CARTESIAN_POINT('',(25.,14.,12.));
#5132 = DIRECTION('',(0.,0.,1.));
#5133 = DIRECTION('',(1.,0.,-0.));
#5134 = DEFINITIONAL_REPRESENTATION('',(#5135),#5139);
#5135 = CIRCLE('',#5136,3.2);
#5136 = AXIS2_PLACEMENT_2D('',#5137,#5138);
#5137 = CARTESIAN_POINT('',(0.,0.));
#5138 = DIRECTION('',(1.,0.));
#5139 = ( GEOMETRIC_REPRESENTATION_CONTEXT(2) 
PARAMETRIC_REPRESENTATION_CONTEXT() REPRESENTATION_CONTEXT('2D SPACE',''
  ) );
#5140 = ORIENTED_EDGE('',*,*,#5091,.T.);
#5141 = ADVANCED_FACE('',(#5142),#3785,.F.);
#5142 = FACE_BOUND('',#5143,.F.);
#5143 = EDGE_LOOP('',(#5144,#5168,#5189,#5190));
#5144 = ORIENTED_EDGE('',*,*,#5145,.F.);
#5145 = EDGE_CURVE('',#5146,#5146,#5148,.T.);
#5146 = VERTEX_POINT('',#5147);
#5147 = CARTESIAN_POINT('',(-23.3,-14.,12.));
#5148 = SURFACE_CURVE('',#5149,(#5154,#5161),.PCURVE_S1.);
#5149 = CIRCLE('',#5150,1.7);
#5150 = AXIS2_PLACEMENT_3D('',#5151,#5152,#5153);
#5151 = CARTESIAN_POINT('',(-25.,-14.,12.));
#5152 = DIRECTION('',(0.,0.,1.));
#5153 = DIRECTION('',(1.,0.,-0.));
#5154 = PCURVE('',#3785,#5155);
#5155 = DEFINITIONAL_REPRESENTATION('',(#5156),#5160);
#5156 = LINE('',#5157,#5158);
#5157 = CARTESIAN_POINT('',(0.,7.));
#5158 = VECTOR('',#5159,1.);
#5159 = DIRECTION('',(1.,0.));
#5160 = ( GEOMETRIC_REPRESENTATION_CONTEXT(2) 
PARAMETRIC_REPRESENTATION_CONTEXT() REPRESENTATION_CONTEXT('2D SPACE',''
  ) );
#5161 = PCURVE('',#3939,#5162);
#5162 = DEFINITIONAL_REPRESENTATION('',(#5163),#5167);
#5163 = CIRCLE('',#5164,1.7);
#5164 = AXIS2_PLACEMENT_2D('',#5165,#5166);
#5165 = CARTESIAN_POINT('',(0.,0.));
#5166 = DIRECTION('',(1.,0.));
#5167 = ( GEOMETRIC_REPRESENTATION_CONTEXT(2) 
PARAMETRIC_REPRESENTATION_CONTEXT() REPRESENTATION_CONTEXT('2D SPACE',''
  ) );
#5168 = ORIENTED_EDGE('',*,*,#5169,.F.);
#5169 = EDGE_CURVE('',#3769,#5146,#5170,.T.);
#5170 = SEAM_CURVE('',#5171,(#5175,#5182),.PCURVE_S1.);
#5171 = LINE('',#5172,#5173);
#5172 = CARTESIAN_POINT('',(-23.3,-14.,5.));
#5173 = VECTOR('',#5174,1.);
#5174 = DIRECTION('',(0.,0.,1.));
#5175 = PCURVE('',#3785,#5176);
#5176 = DEFINITIONAL_REPRESENTATION('',(#5177),#5181);
#5177 = LINE('',#5178,#5179);
#5178 = CARTESIAN_POINT('',(6.28318530718,-0.));
#5179 = VECTOR('',#5180,1.);
#5180 = DIRECTION('',(0.,1.));
#5181 = ( GEOMETRIC_REPRESENTATION_CONTEXT(2) 
PARAMETRIC_REPRESENTATION_CONTEXT() REPRESENTATION_CONTEXT('2D SPACE',''
  ) );
#5182 = PCURVE('',#3785,#5183);
#5183 = DEFINITIONAL_REPRESENTATION('',(#5184),#5188);
#5184 = LINE('',#5185,#5186);
#5185 = CARTESIAN_POINT('',(0.,-0.));
#5186 = VECTOR('',#5187,1.);
#5187 = DIRECTION('',(0.,1.));
#5188 = ( GEOMETRIC_REPRESENTATION_CONTEXT(2) 
PARAMETRIC_REPRESENTATION_CONTEXT() REPRESENTATION_CONTEXT('2D SPACE',''
  ) );
#5189 = ORIENTED_EDGE('',*,*,#3768,.T.);
#5190 = ORIENTED_EDGE('',*,*,#5169,.T.);
#5191 = ADVANCED_FACE('',(#5192),#3816,.F.);
#5192 = FACE_BOUND('',#5193,.F.);
#5193 = EDGE_LOOP('',(#5194,#5218,#5239,#5240));
#5194 = ORIENTED_EDGE('',*,*,#5195,.F.);
#5195 = EDGE_CURVE('',#5196,#5196,#5198,.T.);
#5196 = VERTEX_POINT('',#5197);
#5197 = CARTESIAN_POINT('',(26.7,-14.,12.));
#5198 = SURFACE_CURVE('',#5199,(#5204,#5211),.PCURVE_S1.);
#5199 = CIRCLE('',#5200,1.7);
#5200 = AXIS2_PLACEMENT_3D('',#5201,#5202,#5203);
#5201 = CARTESIAN_POINT('',(25.,-14.,12.));
#5202 = DIRECTION('',(0.,0.,1.));
#5203 = DIRECTION('',(1.,0.,-0.));
#5204 = PCURVE('',#3816,#5205);
#5205 = DEFINITIONAL_REPRESENTATION('',(#5206),#5210);
#5206 = LINE('',#5207,#5208);
#5207 = CARTESIAN_POINT('',(0.,7.));
#5208 = VECTOR('',#5209,1.);
#5209 = DIRECTION('',(1.,0.));
#5210 = ( GEOMETRIC_REPRESENTATION_CONTEXT(2) 
PARAMETRIC_REPRESENTATION_CONTEXT() REPRESENTATION_CONTEXT('2D SPACE',''
  ) );
#5211 = PCURVE('',#5019,#5212);
#5212 = DEFINITIONAL_REPRESENTATION('',(#5213),#5217);
#5213 = CIRCLE('',#5214,1.7);
#5214 = AXIS2_PLACEMENT_2D('',#5215,#5216);
#5215 = CARTESIAN_POINT('',(0.,0.));
#5216 = DIRECTION('',(1.,0.));
#5217 = ( GEOMETRIC_REPRESENTATION_CONTEXT(2) 
PARAMETRIC_REPRESENTATION_CONTEXT() REPRESENTATION_CONTEXT('2D SPACE',''
  ) );
#5218 = ORIENTED_EDGE('',*,*,#5219,.F.);
#5219 = EDGE_CURVE('',#3800,#5196,#5220,.T.);
#5220 = SEAM_CURVE('',#5221,(#5225,#5232),.PCURVE_S1.);
#5221 = LINE('',#5222,#5223);
#5222 = CARTESIAN_POINT('',(26.7,-14.,5.));
#5223 = VECTOR('',#5224,1.);
#5224 = DIRECTION('',(0.,0.,1.));
#5225 = PCURVE('',#3816,#5226);
#5226 = DEFINITIONAL_REPRESENTATION('',(#5227),#5231);
#5227 = LINE('',#5228,#5229);
#5228 = CARTESIAN_POINT('',(6.28318530718,-0.));
#5229 = VECTOR('',#5230,1.);
#5230 = DIRECTION('',(0.,1.));
#5231 = ( GEOMETRIC_REPRESENTATION_CONTEXT(2) 
PARAMETRIC_REPRESENTATION_CONTEXT() REPRESENTATION_CONTEXT('2D SPACE',''
  ) );
#5232 = PCURVE('',#3816,#5233);
#5233 = DEFINITIONAL_REPRESENTATION('',(#5234),#5238);
#5234 = LINE('',#5235,#5236);
#5235 = CARTESIAN_POINT('',(0.,-0.));
#5236 = VECTOR('',#5237,1.);
#5237 = DIRECTION('',(0.,1.));
#5238 = ( GEOMETRIC_REPRESENTATION_CONTEXT(2) 
PARAMETRIC_REPRESENTATION_CONTEXT() REPRESENTATION_CONTEXT('2D SPACE',''
  ) );
#5239 = ORIENTED_EDGE('',*,*,#3799,.T.);
#5240 = ORIENTED_EDGE('',*,*,#5219,.T.);
#5241 = ADVANCED_FACE('',(#5242),#3847,.F.);
#5242 = FACE_BOUND('',#5243,.F.);
#5243 = EDGE_LOOP('',(#5244,#5268,#5289,#5290));
#5244 = ORIENTED_EDGE('',*,*,#5245,.F.);
#5245 = EDGE_CURVE('',#5246,#5246,#5248,.T.);
#5246 = VERTEX_POINT('',#5247);
#5247 = CARTESIAN_POINT('',(-23.3,14.,12.));
#5248 = SURFACE_CURVE('',#5249,(#5254,#5261),.PCURVE_S1.);
#5249 = CIRCLE('',#5250,1.7);
#5250 = AXIS2_PLACEMENT_3D('',#5251,#5252,#5253);
#5251 = CARTESIAN_POINT('',(-25.,14.,12.));
#5252 = DIRECTION('',(0.,0.,1.));
#5253 = DIRECTION('',(1.,0.,-0.));
#5254 = PCURVE('',#3847,#5255);
#5255 = DEFINITIONAL_REPRESENTATION('',(#5256),#5260);
#5256 = LINE('',#5257,#5258);
#5257 = CARTESIAN_POINT('',(0.,7.));
#5258 = VECTOR('',#5259,1.);
#5259 = DIRECTION('',(1.,0.));
#5260 = ( GEOMETRIC_REPRESENTATION_CONTEXT(2) 
PARAMETRIC_REPRESENTATION_CONTEXT() REPRESENTATION_CONTEXT('2D SPACE',''
  ) );
#5261 = PCURVE('',#5074,#5262);
#5262 = DEFINITIONAL_REPRESENTATION('',(#5263),#5267);
#5263 = CIRCLE('',#5264,1.7);
#5264 = AXIS2_PLACEMENT_2D('',#5265,#5266);
#5265 = CARTESIAN_POINT('',(0.,0.));
#5266 = DIRECTION('',(1.,0.));
#5267 = ( GEOMETRIC_REPRESENTATION_CONTEXT(2) 
PARAMETRIC_REPRESENTATION_CONTEXT() REPRESENTATION_CONTEXT('2D SPACE',''
  ) );
#5268 = ORIENTED_EDGE('',*,*,#5269,.F.);
#5269 = EDGE_CURVE('',#3831,#5246,#5270,.T.);
#5270 = SEAM_CURVE('',#5271,(#5275,#5282),.PCURVE_S1.);
#5271 = LINE('',#5272,#5273);
#5272 = CARTESIAN_POINT('',(-23.3,14.,5.));
#5273 = VECTOR('',#5274,1.);
#5274 = DIRECTION('',(0.,0.,1.));
#5275 = PCURVE('',#3847,#5276);
#5276 = DEFINITIONAL_REPRESENTATION('',(#5277),#5281);
#5277 = LINE('',#5278,#5279);
#5278 = CARTESIAN_POINT('',(6.28318530718,-0.));
#5279 = VECTOR('',#5280,1.);
#5280 = DIRECTION('',(0.,1.));
#5281 = ( GEOMETRIC_REPRESENTATION_CONTEXT(2) 
PARAMETRIC_REPRESENTATION_CONTEXT() REPRESENTATION_CONTEXT('2D SPACE',''
  ) );
#5282 = PCURVE('',#3847,#5283);
#5283 = DEFINITIONAL_REPRESENTATION('',(#5284),#5288);
#5284 = LINE('',#5285,#5286);
#5285 = CARTESIAN_POINT('',(0.,-0.));
#5286 = VECTOR('',#5287,1.);
#5287 = DIRECTION('',(0.,1.));
#5288 = ( GEOMETRIC_REPRESENTATION_CONTEXT(2) 
PARAMETRIC_REPRESENTATION_CONTEXT() REPRESENTATION_CONTEXT('2D SPACE',''
  ) );
#5289 = ORIENTED_EDGE('',*,*,#3830,.T.);
#5290 = ORIENTED_EDGE('',*,*,#5269,.T.);
#5291 = ADVANCED_FACE('',(#5292),#3878,.F.);
#5292 = FACE_BOUND('',#5293,.F.);
#5293 = EDGE_LOOP('',(#5294,#5318,#5339,#5340));
#5294 = ORIENTED_EDGE('',*,*,#5295,.F.);
#5295 = EDGE_CURVE('',#5296,#5296,#5298,.T.);
#5296 = VERTEX_POINT('',#5297);
#5297 = CARTESIAN_POINT('',(26.7,14.,12.));
#5298 = SURFACE_CURVE('',#5299,(#5304,#5311),.PCURVE_S1.);
#5299 = CIRCLE('',#5300,1.7);
#5300 = AXIS2_PLACEMENT_3D('',#5301,#5302,#5303);
#5301 = CARTESIAN_POINT('',(25.,14.,12.));
#5302 = DIRECTION('',(0.,0.,1.));
#5303 = DIRECTION('',(1.,0.,-0.));
#5304 = PCURVE('',#3878,#5305);
#5305 = DEFINITIONAL_REPRESENTATION('',(#5306),#5310);
#5306 = LINE('',#5307,#5308);
#5307 = CARTESIAN_POINT('',(0.,7.));
#5308 = VECTOR('',#5309,1.);
#5309 = DIRECTION('',(1.,0.));
#5310 = ( GEOMETRIC_REPRESENTATION_CONTEXT(2) 
PARAMETRIC_REPRESENTATION_CONTEXT() REPRESENTATION_CONTEXT('2D SPACE',''
  ) );
#5311 = PCURVE('',#5129,#5312);
#5312 = DEFINITIONAL_REPRESENTATION('',(#5313),#5317);
#5313 = CIRCLE('',#5314,1.7);
#5314 = AXIS2_PLACEMENT_2D('',#5315,#5316);
#5315 = CARTESIAN_POINT('',(0.,0.));
#5316 = DIRECTION('',(1.,0.));
#5317 = ( GEOMETRIC_REPRESENTATION_CONTEXT(2) 
PARAMETRIC_REPRESENTATION_CONTEXT() REPRESENTATION_CONTEXT('2D SPACE',''
  ) );
#5318 = ORIENTED_EDGE('',*,*,#5319,.F.);
#5319 = EDGE_CURVE('',#3862,#5296,#5320,.T.);
#5320 = SEAM_CURVE('',#5321,(#5325,#5332),.PCURVE_S1.);
#5321 = LINE('',#5322,#5323);
#5322 = CARTESIAN_POINT('',(26.7,14.,5.));
#5323 = VECTOR('',#5324,1.);
#5324 = DIRECTION('',(0.,0.,1.));
#5325 = PCURVE('',#3878,#5326);
#5326 = DEFINITIONAL_REPRESENTATION('',(#5327),#5331);
#5327 = LINE('',#5328,#5329);
#5328 = CARTESIAN_POINT('',(6.28318530718,-0.));
#5329 = VECTOR('',#5330,1.);
#5330 = DIRECTION('',(0.,1.));
#5331 = ( GEOMETRIC_REPRESENTATION_CONTEXT(2) 
PARAMETRIC_REPRESENTATION_CONTEXT() REPRESENTATION_CONTEXT('2D SPACE',''
  ) );
#5332 = PCURVE('',#3878,#5333);
#5333 = DEFINITIONAL_REPRESENTATION('',(#5334),#5338);
#5334 = LINE('',#5335,#5336);
#5335 = CARTESIAN_POINT('',(0.,-0.));
#5336 = VECTOR('',#5337,1.);
#5337 = DIRECTION('',(0.,1.));
#5338 = ( GEOMETRIC_REPRESENTATION_CONTEXT(2) 
PARAMETRIC_REPRESENTATION_CONTEXT() REPRESENTATION_CONTEXT('2D SPACE',''
  ) );
#5339 = ORIENTED_EDGE('',*,*,#3861,.T.);
#5340 = ORIENTED_EDGE('',*,*,#5319,.T.);
#5341 = ADVANCED_FACE('',(#5342,#5345),#3939,.T.);
#5342 = FACE_BOUND('',#5343,.T.);
#5343 = EDGE_LOOP('',(#5344));
#5344 = ORIENTED_EDGE('',*,*,#3924,.T.);
#5345 = FACE_BOUND('',#5346,.T.);
#5346 = EDGE_LOOP('',(#5347));
#5347 = ORIENTED_EDGE('',*,*,#5145,.F.);
#5348 = ADVANCED_FACE('',(#5349),#4016,.T.);
#5349 = FACE_BOUND('',#5350,.T.);
#5350 = EDGE_LOOP('',(#5351,#5352,#5353,#5354));
#5351 = ORIENTED_EDGE('',*,*,#4002,.F.);
#5352 = ORIENTED_EDGE('',*,*,#4392,.T.);
#5353 = ORIENTED_EDGE('',*,*,#4838,.T.);
#5354 = ORIENTED_EDGE('',*,*,#4033,.F.);
#5355 = ADVANCED_FACE('',(#5356),#4096,.F.);
#5356 = FACE_BOUND('',#5357,.F.);
#5357 = EDGE_LOOP('',(#5358,#5359,#5380,#5381));
#5358 = ORIENTED_EDGE('',*,*,#4079,.F.);
#5359 = ORIENTED_EDGE('',*,*,#5360,.F.);
#5360 = EDGE_CURVE('',#4575,#4080,#5361,.T.);
#5361 = SEAM_CURVE('',#5362,(#5366,#5373),.PCURVE_S1.);
#5362 = LINE('',#5363,#5364);
#5363 = CARTESIAN_POINT('',(-4.163799117101E-16,-11.,21.7));
#5364 = VECTOR('',#5365,1.);
#5365 = DIRECTION('',(0.,1.,0.));
#5366 = PCURVE('',#4096,#5367);
#5367 = DEFINITIONAL_REPRESENTATION('',(#5368),#5372);
#5368 = LINE('',#5369,#5370);
#5369 = CARTESIAN_POINT('',(6.28318530718,-0.));
#5370 = VECTOR('',#5371,1.);
#5371 = DIRECTION('',(0.,1.));
#5372 = ( GEOMETRIC_REPRESENTATION_CONTEXT(2) 
PARAMETRIC_REPRESENTATION_CONTEXT() REPRESENTATION_CONTEXT('2D SPACE',''
  ) );
#5373 = PCURVE('',#4096,#5374);
#5374 = DEFINITIONAL_REPRESENTATION('',(#5375),#5379);
#5375 = LINE('',#5376,#5377);
#5376 = CARTESIAN_POINT('',(0.,-0.));
#5377 = VECTOR('',#5378,1.);
#5378 = DIRECTION('',(0.,1.));
#5379 = ( GEOMETRIC_REPRESENTATION_CONTEXT(2) 
PARAMETRIC_REPRESENTATION_CONTEXT() REPRESENTATION_CONTEXT('2D SPACE',''
  ) );
#5380 = ORIENTED_EDGE('',*,*,#4574,.T.);
#5381 = ORIENTED_EDGE('',*,*,#5360,.T.);
#5382 = ADVANCED_FACE('',(#5383),#4127,.F.);
#5383 = FACE_BOUND('',#5384,.F.);
#5384 = EDGE_LOOP('',(#5385,#5386,#5407,#5408));
#5385 = ORIENTED_EDGE('',*,*,#4110,.F.);
#5386 = ORIENTED_EDGE('',*,*,#5387,.F.);
#5387 = EDGE_CURVE('',#4601,#4111,#5388,.T.);
#5388 = SEAM_CURVE('',#5389,(#5393,#5400),.PCURVE_S1.);
#5389 = LINE('',#5390,#5391);
#5390 = CARTESIAN_POINT('',(-4.163799117101E-16,-11.,31.7));
#5391 = VECTOR('',#5392,1.);
#5392 = DIRECTION('',(0.,1.,0.));
#5393 = PCURVE('',#4127,#5394);
#5394 = DEFINITIONAL_REPRESENTATION('',(#5395),#5399);
#5395 = LINE('',#5396,#5397);
#5396 = CARTESIAN_POINT('',(6.28318530718,-0.));
#5397 = VECTOR('',#5398,1.);
#5398 = DIRECTION('',(0.,1.));
#5399 = ( GEOMETRIC_REPRESENTATION_CONTEXT(2) 
PARAMETRIC_REPRESENTATION_CONTEXT() REPRESENTATION_CONTEXT('2D SPACE',''
  ) );
#5400 = PCURVE('',#4127,#5401);
#5401 = DEFINITIONAL_REPRESENTATION('',(#5402),#5406);
#5402 = LINE('',#5403,#5404);
#5403 = CARTESIAN_POINT('',(0.,-0.));
#5404 = VECTOR('',#5405,1.);
#5405 = DIRECTION('',(0.,1.));
#5406 = ( GEOMETRIC_REPRESENTATION_CONTEXT(2) 
PARAMETRIC_REPRESENTATION_CONTEXT() REPRESENTATION_CONTEXT('2D SPACE',''
  ) );
#5407 = ORIENTED_EDGE('',*,*,#4600,.T.);
#5408 = ORIENTED_EDGE('',*,*,#5387,.T.);
#5409 = ADVANCED_FACE('',(#5410),#4158,.F.);
#5410 = FACE_BOUND('',#5411,.F.);
#5411 = EDGE_LOOP('',(#5412,#5413,#5434,#5435));
#5412 = ORIENTED_EDGE('',*,*,#4141,.F.);
#5413 = ORIENTED_EDGE('',*,*,#5414,.F.);
#5414 = EDGE_CURVE('',#4627,#4142,#5415,.T.);
#5415 = SEAM_CURVE('',#5416,(#5420,#5427),.PCURVE_S1.);
#5416 = LINE('',#5417,#5418);
#5417 = CARTESIAN_POINT('',(-4.163799117101E-16,-11.,41.7));
#5418 = VECTOR('',#5419,1.);
#5419 = DIRECTION('',(0.,1.,0.));
#5420 = PCURVE('',#4158,#5421);
#5421 = DEFINITIONAL_REPRESENTATION('',(#5422),#5426);
#5422 = LINE('',#5423,#5424);
#5423 = CARTESIAN_POINT('',(6.28318530718,-0.));
#5424 = VECTOR('',#5425,1.);
#5425 = DIRECTION('',(0.,1.));
#5426 = ( GEOMETRIC_REPRESENTATION_CONTEXT(2) 
PARAMETRIC_REPRESENTATION_CONTEXT() REPRESENTATION_CONTEXT('2D SPACE',''
  ) );
#5427 = PCURVE('',#4158,#5428);
#5428 = DEFINITIONAL_REPRESENTATION('',(#5429),#5433);
#5429 = LINE('',#5430,#5431);
#5430 = CARTESIAN_POINT('',(0.,-0.));
#5431 = VECTOR('',#5432,1.);
#5432 = DIRECTION('',(0.,1.));
#5433 = ( GEOMETRIC_REPRESENTATION_CONTEXT(2) 
PARAMETRIC_REPRESENTATION_CONTEXT() REPRESENTATION_CONTEXT('2D SPACE',''
  ) );
#5434 = ORIENTED_EDGE('',*,*,#4626,.T.);
#5435 = ORIENTED_EDGE('',*,*,#5414,.T.);
#5436 = ADVANCED_FACE('',(#5437),#4189,.F.);
#5437 = FACE_BOUND('',#5438,.F.);
#5438 = EDGE_LOOP('',(#5439,#5440,#5461,#5462));
#5439 = ORIENTED_EDGE('',*,*,#4172,.F.);
#5440 = ORIENTED_EDGE('',*,*,#5441,.F.);
#5441 = EDGE_CURVE('',#4653,#4173,#5442,.T.);
#5442 = SEAM_CURVE('',#5443,(#5447,#5454),.PCURVE_S1.);
#5443 = LINE('',#5444,#5445);
#5444 = CARTESIAN_POINT('',(-4.163799117101E-16,-11.,51.7));
#5445 = VECTOR('',#5446,1.);
#5446 = DIRECTION('',(0.,1.,0.));
#5447 = PCURVE('',#4189,#5448);
#5448 = DEFINITIONAL_REPRESENTATION('',(#5449),#5453);
#5449 = LINE('',#5450,#5451);
#5450 = CARTESIAN_POINT('',(6.28318530718,-0.));
#5451 = VECTOR('',#5452,1.);
#5452 = DIRECTION('',(0.,1.));
#5453 = ( GEOMETRIC_REPRESENTATION_CONTEXT(2) 
PARAMETRIC_REPRESENTATION_CONTEXT() REPRESENTATION_CONTEXT('2D SPACE',''
  ) );
#5454 = PCURVE('',#4189,#5455);
#5455 = DEFINITIONAL_REPRESENTATION('',(#5456),#5460);
#5456 = LINE('',#5457,#5458);
#5457 = CARTESIAN_POINT('',(0.,-0.));
#5458 = VECTOR('',#5459,1.);
#5459 = DIRECTION('',(0.,1.));
#5460 = ( GEOMETRIC_REPRESENTATION_CONTEXT(2) 
PARAMETRIC_REPRESENTATION_CONTEXT() REPRESENTATION_CONTEXT('2D SPACE',''
  ) );
#5461 = ORIENTED_EDGE('',*,*,#4652,.T.);
#5462 = ORIENTED_EDGE('',*,*,#5441,.T.);
#5463 = ADVANCED_FACE('',(#5464),#4220,.F.);
#5464 = FACE_BOUND('',#5465,.F.);
#5465 = EDGE_LOOP('',(#5466,#5467,#5488,#5489));
#5466 = ORIENTED_EDGE('',*,*,#4203,.F.);
#5467 = ORIENTED_EDGE('',*,*,#5468,.F.);
#5468 = EDGE_CURVE('',#4679,#4204,#5469,.T.);
#5469 = SEAM_CURVE('',#5470,(#5474,#5481),.PCURVE_S1.);
#5470 = LINE('',#5471,#5472);
#5471 = CARTESIAN_POINT('',(-4.163799117101E-16,-11.,61.7));
#5472 = VECTOR('',#5473,1.);
#5473 = DIRECTION('',(0.,1.,0.));
#5474 = PCURVE('',#4220,#5475);
#5475 = DEFINITIONAL_REPRESENTATION('',(#5476),#5480);
#5476 = LINE('',#5477,#5478);
#5477 = CARTESIAN_POINT('',(6.28318530718,-0.));
#5478 = VECTOR('',#5479,1.);
#5479 = DIRECTION('',(0.,1.));
#5480 = ( GEOMETRIC_REPRESENTATION_CONTEXT(2) 
PARAMETRIC_REPRESENTATION_CONTEXT() REPRESENTATION_CONTEXT('2D SPACE',''
  ) );
#5481 = PCURVE('',#4220,#5482);
#5482 = DEFINITIONAL_REPRESENTATION('',(#5483),#5487);
#5483 = LINE('',#5484,#5485);
#5484 = CARTESIAN_POINT('',(0.,-0.));
#5485 = VECTOR('',#5486,1.);
#5486 = DIRECTION('',(0.,1.));
#5487 = ( GEOMETRIC_REPRESENTATION_CONTEXT(2) 
PARAMETRIC_REPRESENTATION_CONTEXT() REPRESENTATION_CONTEXT('2D SPACE',''
  ) );
#5488 = ORIENTED_EDGE('',*,*,#4678,.T.);
#5489 = ORIENTED_EDGE('',*,*,#5468,.T.);
#5490 = ADVANCED_FACE('',(#5491),#4251,.F.);
#5491 = FACE_BOUND('',#5492,.F.);
#5492 = EDGE_LOOP('',(#5493,#5494,#5515,#5516));
#5493 = ORIENTED_EDGE('',*,*,#4234,.F.);
#5494 = ORIENTED_EDGE('',*,*,#5495,.F.);
#5495 = EDGE_CURVE('',#4705,#4235,#5496,.T.);
#5496 = SEAM_CURVE('',#5497,(#5501,#5508),.PCURVE_S1.);
#5497 = LINE('',#5498,#5499);
#5498 = CARTESIAN_POINT('',(-4.163799117101E-16,-11.,71.7));
#5499 = VECTOR('',#5500,1.);
#5500 = DIRECTION('',(0.,1.,0.));
#5501 = PCURVE('',#4251,#5502);
#5502 = DEFINITIONAL_REPRESENTATION('',(#5503),#5507);
#5503 = LINE('',#5504,#5505);
#5504 = CARTESIAN_POINT('',(6.28318530718,-0.));
#5505 = VECTOR('',#5506,1.);
#5506 = DIRECTION('',(0.,1.));
#5507 = ( GEOMETRIC_REPRESENTATION_CONTEXT(2) 
PARAMETRIC_REPRESENTATION_CONTEXT() REPRESENTATION_CONTEXT('2D SPACE',''
  ) );
#5508 = PCURVE('',#4251,#5509);
#5509 = DEFINITIONAL_REPRESENTATION('',(#5510),#5514);
#5510 = LINE('',#5511,#5512);
#5511 = CARTESIAN_POINT('',(0.,-0.));
#5512 = VECTOR('',#5513,1.);
#5513 = DIRECTION('',(0.,1.));
#5514 = ( GEOMETRIC_REPRESENTATION_CONTEXT(2) 
PARAMETRIC_REPRESENTATION_CONTEXT() REPRESENTATION_CONTEXT('2D SPACE',''
  ) );
#5515 = ORIENTED_EDGE('',*,*,#4704,.T.);
#5516 = ORIENTED_EDGE('',*,*,#5495,.T.);
#5517 = ADVANCED_FACE('',(#5518),#4282,.F.);
#5518 = FACE_BOUND('',#5519,.F.);
#5519 = EDGE_LOOP('',(#5520,#5521,#5542,#5543));
#5520 = ORIENTED_EDGE('',*,*,#4265,.F.);
#5521 = ORIENTED_EDGE('',*,*,#5522,.F.);
#5522 = EDGE_CURVE('',#4731,#4266,#5523,.T.);
#5523 = SEAM_CURVE('',#5524,(#5528,#5535),.PCURVE_S1.);
#5524 = LINE('',#5525,#5526);
#5525 = CARTESIAN_POINT('',(-4.163799117101E-16,-11.,81.7));
#5526 = VECTOR('',#5527,1.);
#5527 = DIRECTION('',(0.,1.,0.));
#5528 = PCURVE('',#4282,#5529);
#5529 = DEFINITIONAL_REPRESENTATION('',(#5530),#5534);
#5530 = LINE('',#5531,#5532);
#5531 = CARTESIAN_POINT('',(6.28318530718,-0.));
#5532 = VECTOR('',#5533,1.);
#5533 = DIRECTION('',(0.,1.));
#5534 = ( GEOMETRIC_REPRESENTATION_CONTEXT(2) 
PARAMETRIC_REPRESENTATION_CONTEXT() REPRESENTATION_CONTEXT('2D SPACE',''
  ) );
#5535 = PCURVE('',#4282,#5536);
#5536 = DEFINITIONAL_REPRESENTATION('',(#5537),#5541);
#5537 = LINE('',#5538,#5539);
#5538 = CARTESIAN_POINT('',(0.,-0.));
#5539 = VECTOR('',#5540,1.);
#5540 = DIRECTION('',(0.,1.));
#5541 = ( GEOMETRIC_REPRESENTATION_CONTEXT(2) 
PARAMETRIC_REPRESENTATION_CONTEXT() REPRESENTATION_CONTEXT('2D SPACE',''
  ) );
#5542 = ORIENTED_EDGE('',*,*,#4730,.T.);
#5543 = ORIENTED_EDGE('',*,*,#5522,.T.);
#5544 = ADVANCED_FACE('',(#5545),#4313,.F.);
#5545 = FACE_BOUND('',#5546,.F.);
#5546 = EDGE_LOOP('',(#5547,#5548,#5569,#5570));
#5547 = ORIENTED_EDGE('',*,*,#4296,.F.);
#5548 = ORIENTED_EDGE('',*,*,#5549,.F.);
#5549 = EDGE_CURVE('',#4757,#4297,#5550,.T.);
#5550 = SEAM_CURVE('',#5551,(#5555,#5562),.PCURVE_S1.);
#5551 = LINE('',#5552,#5553);
#5552 = CARTESIAN_POINT('',(-4.163799117101E-16,-11.,91.7));
#5553 = VECTOR('',#5554,1.);
#5554 = DIRECTION('',(0.,1.,0.));
#5555 = PCURVE('',#4313,#5556);
#5556 = DEFINITIONAL_REPRESENTATION('',(#5557),#5561);
#5557 = LINE('',#5558,#5559);
#5558 = CARTESIAN_POINT('',(6.28318530718,-0.));
#5559 = VECTOR('',#5560,1.);
#5560 = DIRECTION('',(0.,1.));
#5561 = ( GEOMETRIC_REPRESENTATION_CONTEXT(2) 
PARAMETRIC_REPRESENTATION_CONTEXT() REPRESENTATION_CONTEXT('2D SPACE',''
  ) );
#5562 = PCURVE('',#4313,#5563);
#5563 = DEFINITIONAL_REPRESENTATION('',(#5564),#5568);
#5564 = LINE('',#5565,#5566);
#5565 = CARTESIAN_POINT('',(0.,-0.));
#5566 = VECTOR('',#5567,1.);
#5567 = DIRECTION('',(0.,1.));
#5568 = ( GEOMETRIC_REPRESENTATION_CONTEXT(2) 
PARAMETRIC_REPRESENTATION_CONTEXT() REPRESENTATION_CONTEXT('2D SPACE',''
  ) );
#5569 = ORIENTED_EDGE('',*,*,#4756,.T.);
#5570 = ORIENTED_EDGE('',*,*,#5549,.T.);
#5571 = ADVANCED_FACE('',(#5572),#4344,.F.);
#5572 = FACE_BOUND('',#5573,.F.);
#5573 = EDGE_LOOP('',(#5574,#5575,#5596,#5597));
#5574 = ORIENTED_EDGE('',*,*,#4327,.F.);
#5575 = ORIENTED_EDGE('',*,*,#5576,.F.);
#5576 = EDGE_CURVE('',#4783,#4328,#5577,.T.);
#5577 = SEAM_CURVE('',#5578,(#5582,#5589),.PCURVE_S1.);
#5578 = LINE('',#5579,#5580);
#5579 = CARTESIAN_POINT('',(-4.163799117101E-16,-11.,101.7));
#5580 = VECTOR('',#5581,1.);
#5581 = DIRECTION('',(0.,1.,0.));
#5582 = PCURVE('',#4344,#5583);
#5583 = DEFINITIONAL_REPRESENTATION('',(#5584),#5588);
#5584 = LINE('',#5585,#5586);
#5585 = CARTESIAN_POINT('',(6.28318530718,-0.));
#5586 = VECTOR('',#5587,1.);
#5587 = DIRECTION('',(0.,1.));
#5588 = ( GEOMETRIC_REPRESENTATION_CONTEXT(2) 
PARAMETRIC_REPRESENTATION_CONTEXT() REPRESENTATION_CONTEXT('2D SPACE',''
  ) );
#5589 = PCURVE('',#4344,#5590);
#5590 = DEFINITIONAL_REPRESENTATION('',(#5591),#5595);
#5591 = LINE('',#5592,#5593);
#5592 = CARTESIAN_POINT('',(0.,-0.));
#5593 = VECTOR('',#5594,1.);
#5594 = DIRECTION('',(0.,1.));
#5595 = ( GEOMETRIC_REPRESENTATION_CONTEXT(2) 
PARAMETRIC_REPRESENTATION_CONTEXT() REPRESENTATION_CONTEXT('2D SPACE',''
  ) );
#5596 = ORIENTED_EDGE('',*,*,#4782,.T.);
#5597 = ORIENTED_EDGE('',*,*,#5576,.T.);
#5598 = ADVANCED_FACE('',(#5599),#4375,.F.);
#5599 = FACE_BOUND('',#5600,.F.);
#5600 = EDGE_LOOP('',(#5601,#5602,#5623,#5624));
#5601 = ORIENTED_EDGE('',*,*,#4358,.F.);
#5602 = ORIENTED_EDGE('',*,*,#5603,.F.);
#5603 = EDGE_CURVE('',#4809,#4359,#5604,.T.);
#5604 = SEAM_CURVE('',#5605,(#5609,#5616),.PCURVE_S1.);
#5605 = LINE('',#5606,#5607);
#5606 = CARTESIAN_POINT('',(-4.163799117101E-16,-11.,111.7));
#5607 = VECTOR('',#5608,1.);
#5608 = DIRECTION('',(0.,1.,0.));
#5609 = PCURVE('',#4375,#5610);
#5610 = DEFINITIONAL_REPRESENTATION('',(#5611),#5615);
#5611 = LINE('',#5612,#5613);
#5612 = CARTESIAN_POINT('',(6.28318530718,-0.));
#5613 = VECTOR('',#5614,1.);
#5614 = DIRECTION('',(0.,1.));
#5615 = ( GEOMETRIC_REPRESENTATION_CONTEXT(2) 
PARAMETRIC_REPRESENTATION_CONTEXT() REPRESENTATION_CONTEXT('2D SPACE',''
  ) );
#5616 = PCURVE('',#4375,#5617);
#5617 = DEFINITIONAL_REPRESENTATION('',(#5618),#5622);
#5618 = LINE('',#5619,#5620);
#5619 = CARTESIAN_POINT('',(0.,-0.));
#5620 = VECTOR('',#5621,1.);
#5621 = DIRECTION('',(0.,1.));
#5622 = ( GEOMETRIC_REPRESENTATION_CONTEXT(2) 
PARAMETRIC_REPRESENTATION_CONTEXT() REPRESENTATION_CONTEXT('2D SPACE',''
  ) );
#5623 = ORIENTED_EDGE('',*,*,#4808,.T.);
#5624 = ORIENTED_EDGE('',*,*,#5603,.T.);
#5625 = ADVANCED_FACE('',(#5626,#5629),#5019,.T.);
#5626 = FACE_BOUND('',#5627,.T.);
#5627 = EDGE_LOOP('',(#5628));
#5628 = ORIENTED_EDGE('',*,*,#5004,.T.);
#5629 = FACE_BOUND('',#5630,.T.);
#5630 = EDGE_LOOP('',(#5631));
#5631 = ORIENTED_EDGE('',*,*,#5195,.F.);
#5632 = ADVANCED_FACE('',(#5633,#5636),#5074,.T.);
#5633 = FACE_BOUND('',#5634,.T.);
#5634 = EDGE_LOOP('',(#5635));
#5635 = ORIENTED_EDGE('',*,*,#5059,.T.);
#5636 = FACE_BOUND('',#5637,.T.);
#5637 = EDGE_LOOP('',(#5638));
#5638 = ORIENTED_EDGE('',*,*,#5245,.F.);
#5639 = ADVANCED_FACE('',(#5640,#5643),#5129,.T.);
#5640 = FACE_BOUND('',#5641,.T.);
#5641 = EDGE_LOOP('',(#5642));
#5642 = ORIENTED_EDGE('',*,*,#5114,.T.);
#5643 = FACE_BOUND('',#5644,.T.);
#5644 = EDGE_LOOP('',(#5645));
#5645 = ORIENTED_EDGE('',*,*,#5295,.F.);
#5646 = ( GEOMETRIC_REPRESENTATION_CONTEXT(3) 
GLOBAL_UNCERTAINTY_ASSIGNED_CONTEXT((#5650)) 
GLOBAL_UNIT_ASSIGNED_CONTEXT((#5647,#5648,#5649)) REPRESENTATION_CONTEXT
('Context #1','3D Context with UNIT and UNCERTAINTY') );
#5647 = ( LENGTH_UNIT() NAMED_UNIT(*) SI_UNIT(.MILLI.,.METRE.) );
#5648 = ( NAMED_UNIT(*) PLANE_ANGLE_UNIT() SI_UNIT($,.RADIAN.) );
#5649 = ( NAMED_UNIT(*) SI_UNIT($,.STERADIAN.) SOLID_ANGLE_UNIT() );
#5650 = UNCERTAINTY_MEASURE_WITH_UNIT(LENGTH_MEASURE(1.E-07),#5647,
  'distance_accuracy_value','confusion accuracy');
#5651 = CONTEXT_DEPENDENT_SHAPE_REPRESENTATION(#5652,#5654);
#5652 = ( REPRESENTATION_RELATIONSHIP('','',#2989,#10) 
REPRESENTATION_RELATIONSHIP_WITH_TRANSFORMATION(#5653) 
SHAPE_REPRESENTATION_RELATIONSHIP() );
#5653 = ITEM_DEFINED_TRANSFORMATION('','',#11,#19);
#5654 = PRODUCT_DEFINITION_SHAPE('Placement','Placement of an item',
  #5655);
#5655 = NEXT_ASSEMBLY_USAGE_OCCURRENCE('2','mast','',#5,#2984,$);
#5656 = PRODUCT_RELATED_PRODUCT_CATEGORY('part',$,(#2986));
#5657 = SHAPE_DEFINITION_REPRESENTATION(#5658,#5664);
#5658 = PRODUCT_DEFINITION_SHAPE('','',#5659);
#5659 = PRODUCT_DEFINITION('design','',#5660,#5663);
#5660 = PRODUCT_DEFINITION_FORMATION('','',#5661);
#5661 = PRODUCT('carriage','carriage','',(#5662));
#5662 = PRODUCT_CONTEXT('',#2,'mechanical');
#5663 = PRODUCT_DEFINITION_CONTEXT('part definition',#2,'design');
#5664 = ADVANCED_BREP_SHAPE_REPRESENTATION('',(#11,#5665),#8601);
#5665 = MANIFOLD_SOLID_BREP('',#5666);
#5666 = CLOSED_SHELL('',(#5667,#5787,#6737,#6806,#6860,#6907,#6939,#7015
    ,#7062,#7116,#7141,#7341,#7391,#7441,#7491,#7541,#7668,#7693,#7718,
    #7766,#7815,#7841,#7889,#7938,#7964,#8009,#8034,#8041,#8117,#8164,
    #8218,#8243,#8319,#8366,#8420,#8445,#8516,#8543,#8594));
#5667 = ADVANCED_FACE('',(#5668),#5682,.F.);
#5668 = FACE_BOUND('',#5669,.F.);
#5669 = EDGE_LOOP('',(#5670,#5705,#5733,#5761));
#5670 = ORIENTED_EDGE('',*,*,#5671,.F.);
#5671 = EDGE_CURVE('',#5672,#5674,#5676,.T.);
#5672 = VERTEX_POINT('',#5673);
#5673 = CARTESIAN_POINT('',(-22.,-45.,144.));
#5674 = VERTEX_POINT('',#5675);
#5675 = CARTESIAN_POINT('',(-22.,-45.,150.));
#5676 = SURFACE_CURVE('',#5677,(#5681,#5693),.PCURVE_S1.);
#5677 = LINE('',#5678,#5679);
#5678 = CARTESIAN_POINT('',(-22.,-45.,144.));
#5679 = VECTOR('',#5680,1.);
#5680 = DIRECTION('',(0.,0.,1.));
#5681 = PCURVE('',#5682,#5687);
#5682 = PLANE('',#5683);
#5683 = AXIS2_PLACEMENT_3D('',#5684,#5685,#5686);
#5684 = CARTESIAN_POINT('',(-22.,-45.,144.));
#5685 = DIRECTION('',(1.,0.,0.));
#5686 = DIRECTION('',(0.,0.,1.));
#5687 = DEFINITIONAL_REPRESENTATION('',(#5688),#5692);
#5688 = LINE('',#5689,#5690);
#5689 = CARTESIAN_POINT('',(0.,0.));
#5690 = VECTOR('',#5691,1.);
#5691 = DIRECTION('',(1.,0.));
#5692 = ( GEOMETRIC_REPRESENTATION_CONTEXT(2) 
PARAMETRIC_REPRESENTATION_CONTEXT() REPRESENTATION_CONTEXT('2D SPACE',''
  ) );
#5693 = PCURVE('',#5694,#5699);
#5694 = PLANE('',#5695);
#5695 = AXIS2_PLACEMENT_3D('',#5696,#5697,#5698);
#5696 = CARTESIAN_POINT('',(-22.,-45.,144.));
#5697 = DIRECTION('',(0.,1.,0.));
#5698 = DIRECTION('',(0.,0.,1.));
#5699 = DEFINITIONAL_REPRESENTATION('',(#5700),#5704);
#5700 = LINE('',#5701,#5702);
#5701 = CARTESIAN_POINT('',(0.,0.));
#5702 = VECTOR('',#5703,1.);
#5703 = DIRECTION('',(1.,0.));
#5704 = ( GEOMETRIC_REPRESENTATION_CONTEXT(2) 
PARAMETRIC_REPRESENTATION_CONTEXT() REPRESENTATION_CONTEXT('2D SPACE',''
  ) );
#5705 = ORIENTED_EDGE('',*,*,#5706,.T.);
#5706 = EDGE_CURVE('',#5672,#5707,#5709,.T.);
#5707 = VERTEX_POINT('',#5708);
#5708 = CARTESIAN_POINT('',(-22.,45.,144.));
#5709 = SURFACE_CURVE('',#5710,(#5714,#5721),.PCURVE_S1.);
#5710 = LINE('',#5711,#5712);
#5711 = CARTESIAN_POINT('',(-22.,-45.,144.));
#5712 = VECTOR('',#5713,1.);
#5713 = DIRECTION('',(0.,1.,0.));
#5714 = PCURVE('',#5682,#5715);
#5715 = DEFINITIONAL_REPRESENTATION('',(#5716),#5720);
#5716 = LINE('',#5717,#5718);
#5717 = CARTESIAN_POINT('',(0.,0.));
#5718 = VECTOR('',#5719,1.);
#5719 = DIRECTION('',(0.,-1.));
#5720 = ( GEOMETRIC_REPRESENTATION_CONTEXT(2) 
PARAMETRIC_REPRESENTATION_CONTEXT() REPRESENTATION_CONTEXT('2D SPACE',''
  ) );
#5721 = PCURVE('',#5722,#5727);
#5722 = PLANE('',#5723);
#5723 = AXIS2_PLACEMENT_3D('',#5724,#5725,#5726);
#5724 = CARTESIAN_POINT('',(-22.,-45.,144.));
#5725 = DIRECTION('',(0.,0.,1.));
#5726 = DIRECTION('',(1.,0.,0.));
#5727 = DEFINITIONAL_REPRESENTATION('',(#5728),#5732);
#5728 = LINE('',#5729,#5730);
#5729 = CARTESIAN_POINT('',(0.,0.));
#5730 = VECTOR('',#5731,1.);
#5731 = DIRECTION('',(0.,1.));
#5732 = ( GEOMETRIC_REPRESENTATION_CONTEXT(2) 
PARAMETRIC_REPRESENTATION_CONTEXT() REPRESENTATION_CONTEXT('2D SPACE',''
  ) );
#5733 = ORIENTED_EDGE('',*,*,#5734,.T.);
#5734 = EDGE_CURVE('',#5707,#5735,#5737,.T.);
#5735 = VERTEX_POINT('',#5736);
#5736 = CARTESIAN_POINT('',(-22.,45.,150.));
#5737 = SURFACE_CURVE('',#5738,(#5742,#5749),.PCURVE_S1.);
#5738 = LINE('',#5739,#5740);
#5739 = CARTESIAN_POINT('',(-22.,45.,144.));
#5740 = VECTOR('',#5741,1.);
#5741 = DIRECTION('',(0.,0.,1.));
#5742 = PCURVE('',#5682,#5743);
#5743 = DEFINITIONAL_REPRESENTATION('',(#5744),#5748);
#5744 = LINE('',#5745,#5746);
#5745 = CARTESIAN_POINT('',(0.,-90.));
#5746 = VECTOR('',#5747,1.);
#5747 = DIRECTION('',(1.,0.));
#5748 = ( GEOMETRIC_REPRESENTATION_CONTEXT(2) 
PARAMETRIC_REPRESENTATION_CONTEXT() REPRESENTATION_CONTEXT('2D SPACE',''
  ) );
#5749 = PCURVE('',#5750,#5755);
#5750 = PLANE('',#5751);
#5751 = AXIS2_PLACEMENT_3D('',#5752,#5753,#5754);
#5752 = CARTESIAN_POINT('',(-22.,45.,144.));
#5753 = DIRECTION('',(0.,1.,0.));
#5754 = DIRECTION('',(0.,0.,1.));
#5755 = DEFINITIONAL_REPRESENTATION('',(#5756),#5760);
#5756 = LINE('',#5757,#5758);
#5757 = CARTESIAN_POINT('',(0.,0.));
#5758 = VECTOR('',#5759,1.);
#5759 = DIRECTION('',(1.,0.));
#5760 = ( GEOMETRIC_REPRESENTATION_CONTEXT(2) 
PARAMETRIC_REPRESENTATION_CONTEXT() REPRESENTATION_CONTEXT('2D SPACE',''
  ) );
#5761 = ORIENTED_EDGE('',*,*,#5762,.F.);
#5762 = EDGE_CURVE('',#5674,#5735,#5763,.T.);
#5763 = SURFACE_CURVE('',#5764,(#5768,#5775),.PCURVE_S1.);
#5764 = LINE('',#5765,#5766);
#5765 = CARTESIAN_POINT('',(-22.,-45.,150.));
#5766 = VECTOR('',#5767,1.);
#5767 = DIRECTION('',(0.,1.,0.));
#5768 = PCURVE('',#5682,#5769);
#5769 = DEFINITIONAL_REPRESENTATION('',(#5770),#5774);
#5770 = LINE('',#5771,#5772);
#5771 = CARTESIAN_POINT('',(6.,0.));
#5772 = VECTOR('',#5773,1.);
#5773 = DIRECTION('',(0.,-1.));
#5774 = ( GEOMETRIC_REPRESENTATION_CONTEXT(2) 
PARAMETRIC_REPRESENTATION_CONTEXT() REPRESENTATION_CONTEXT('2D SPACE',''
  ) );
#5775 = PCURVE('',#5776,#5781);
#5776 = PLANE('',#5777);
#5777 = AXIS2_PLACEMENT_3D('',#5778,#5779,#5780);
#5778 = CARTESIAN_POINT('',(-22.,-45.,150.));
#5779 = DIRECTION('',(0.,0.,1.));
#5780 = DIRECTION('',(1.,0.,0.));
#5781 = DEFINITIONAL_REPRESENTATION('',(#5782),#5786);
#5782 = LINE('',#5783,#5784);
#5783 = CARTESIAN_POINT('',(0.,0.));
#5784 = VECTOR('',#5785,1.);
#5785 = DIRECTION('',(0.,1.));
#5786 = ( GEOMETRIC_REPRESENTATION_CONTEXT(2) 
PARAMETRIC_REPRESENTATION_CONTEXT() REPRESENTATION_CONTEXT('2D SPACE',''
  ) );
#5787 = ADVANCED_FACE('',(#5788,#5863,#5985,#6107,#6501,#6619),#5722,.F.
  );
#5788 = FACE_BOUND('',#5789,.F.);
#5789 = EDGE_LOOP('',(#5790,#5791,#5814,#5842));
#5790 = ORIENTED_EDGE('',*,*,#5706,.F.);
#5791 = ORIENTED_EDGE('',*,*,#5792,.T.);
#5792 = EDGE_CURVE('',#5672,#5793,#5795,.T.);
#5793 = VERTEX_POINT('',#5794);
#5794 = CARTESIAN_POINT('',(22.,-45.,144.));
#5795 = SURFACE_CURVE('',#5796,(#5800,#5807),.PCURVE_S1.);
#5796 = LINE('',#5797,#5798);
#5797 = CARTESIAN_POINT('',(-22.,-45.,144.));
#5798 = VECTOR('',#5799,1.);
#5799 = DIRECTION('',(1.,0.,0.));
#5800 = PCURVE('',#5722,#5801);
#5801 = DEFINITIONAL_REPRESENTATION('',(#5802),#5806);
#5802 = LINE('',#5803,#5804);
#5803 = CARTESIAN_POINT('',(0.,0.));
#5804 = VECTOR('',#5805,1.);
#5805 = DIRECTION('',(1.,0.));
#5806 = ( GEOMETRIC_REPRESENTATION_CONTEXT(2) 
PARAMETRIC_REPRESENTATION_CONTEXT() REPRESENTATION_CONTEXT('2D SPACE',''
  ) );
#5807 = PCURVE('',#5694,#5808);
#5808 = DEFINITIONAL_REPRESENTATION('',(#5809),#5813);
#5809 = LINE('',#5810,#5811);
#5810 = CARTESIAN_POINT('',(0.,0.));
#5811 = VECTOR('',#5812,1.);
#5812 = DIRECTION('',(0.,1.));
#5813 = ( GEOMETRIC_REPRESENTATION_CONTEXT(2) 
PARAMETRIC_REPRESENTATION_CONTEXT() REPRESENTATION_CONTEXT('2D SPACE',''
  ) );
#5814 = ORIENTED_EDGE('',*,*,#5815,.T.);
#5815 = EDGE_CURVE('',#5793,#5816,#5818,.T.);
#5816 = VERTEX_POINT('',#5817);
#5817 = CARTESIAN_POINT('',(22.,45.,144.));
#5818 = SURFACE_CURVE('',#5819,(#5823,#5830),.PCURVE_S1.);
#5819 = LINE('',#5820,#5821);
#5820 = CARTESIAN_POINT('',(22.,-45.,144.));
#5821 = VECTOR('',#5822,1.);
#5822 = DIRECTION('',(0.,1.,0.));
#5823 = PCURVE('',#5722,#5824);
#5824 = DEFINITIONAL_REPRESENTATION('',(#5825),#5829);
#5825 = LINE('',#5826,#5827);
#5826 = CARTESIAN_POINT('',(44.,0.));
#5827 = VECTOR('',#5828,1.);
#5828 = DIRECTION('',(0.,1.));
#5829 = ( GEOMETRIC_REPRESENTATION_CONTEXT(2) 
PARAMETRIC_REPRESENTATION_CONTEXT() REPRESENTATION_CONTEXT('2D SPACE',''
  ) );
#5830 = PCURVE('',#5831,#5836);
#5831 = PLANE('',#5832);
#5832 = AXIS2_PLACEMENT_3D('',#5833,#5834,#5835);
#5833 = CARTESIAN_POINT('',(22.,-45.,144.));
#5834 = DIRECTION('',(1.,0.,0.));
#5835 = DIRECTION('',(0.,0.,1.));
#5836 = DEFINITIONAL_REPRESENTATION('',(#5837),#5841);
#5837 = LINE('',#5838,#5839);
#5838 = CARTESIAN_POINT('',(0.,0.));
#5839 = VECTOR('',#5840,1.);
#5840 = DIRECTION('',(0.,-1.));
#5841 = ( GEOMETRIC_REPRESENTATION_CONTEXT(2) 
PARAMETRIC_REPRESENTATION_CONTEXT() REPRESENTATION_CONTEXT('2D SPACE',''
  ) );
#5842 = ORIENTED_EDGE('',*,*,#5843,.F.);
#5843 = EDGE_CURVE('',#5707,#5816,#5844,.T.);
#5844 = SURFACE_CURVE('',#5845,(#5849,#5856),.PCURVE_S1.);
#5845 = LINE('',#5846,#5847);
#5846 = CARTESIAN_POINT('',(-22.,45.,144.));
#5847 = VECTOR('',#5848,1.);
#5848 = DIRECTION('',(1.,0.,0.));
#5849 = PCURVE('',#5722,#5850);
#5850 = DEFINITIONAL_REPRESENTATION('',(#5851),#5855);
#5851 = LINE('',#5852,#5853);
#5852 = CARTESIAN_POINT('',(0.,90.));
#5853 = VECTOR('',#5854,1.);
#5854 = DIRECTION('',(1.,0.));
#5855 = ( GEOMETRIC_REPRESENTATION_CONTEXT(2) 
PARAMETRIC_REPRESENTATION_CONTEXT() REPRESENTATION_CONTEXT('2D SPACE',''
  ) );
#5856 = PCURVE('',#5750,#5857);
#5857 = DEFINITIONAL_REPRESENTATION('',(#5858),#5862);
#5858 = LINE('',#5859,#5860);
#5859 = CARTESIAN_POINT('',(0.,0.));
#5860 = VECTOR('',#5861,1.);
#5861 = DIRECTION('',(0.,1.));
#5862 = ( GEOMETRIC_REPRESENTATION_CONTEXT(2) 
PARAMETRIC_REPRESENTATION_CONTEXT() REPRESENTATION_CONTEXT('2D SPACE',''
  ) );
#5863 = FACE_BOUND('',#5864,.F.);
#5864 = EDGE_LOOP('',(#5865,#5894,#5927,#5954));
#5865 = ORIENTED_EDGE('',*,*,#5866,.F.);
#5866 = EDGE_CURVE('',#5867,#5869,#5871,.T.);
#5867 = VERTEX_POINT('',#5868);
#5868 = CARTESIAN_POINT('',(-13.7,-12.,144.));
#5869 = VERTEX_POINT('',#5870);
#5870 = CARTESIAN_POINT('',(-13.7,-37.,144.));
#5871 = SURFACE_CURVE('',#5872,(#5876,#5883),.PCURVE_S1.);
#5872 = LINE('',#5873,#5874);
#5873 = CARTESIAN_POINT('',(-13.7,-41.,144.));
#5874 = VECTOR('',#5875,1.);
#5875 = DIRECTION('',(-1.110223024625E-16,-1.,0.));
#5876 = PCURVE('',#5722,#5877);
#5877 = DEFINITIONAL_REPRESENTATION('',(#5878),#5882);
#5878 = LINE('',#5879,#5880);
#5879 = CARTESIAN_POINT('',(8.3,4.));
#5880 = VECTOR('',#5881,1.);
#5881 = DIRECTION('',(-1.110223024625E-16,-1.));
#5882 = ( GEOMETRIC_REPRESENTATION_CONTEXT(2) 
PARAMETRIC_REPRESENTATION_CONTEXT() REPRESENTATION_CONTEXT('2D SPACE',''
  ) );
#5883 = PCURVE('',#5884,#5889);
#5884 = PLANE('',#5885);
#5885 = AXIS2_PLACEMENT_3D('',#5886,#5887,#5888);
#5886 = CARTESIAN_POINT('',(-13.7,-37.,143.));
#5887 = DIRECTION('',(-1.,1.110223024625E-16,0.));
#5888 = DIRECTION('',(1.110223024625E-16,1.,0.));
#5889 = DEFINITIONAL_REPRESENTATION('',(#5890),#5893);
#5890 = B_SPLINE_CURVE_WITH_KNOTS('',1,(#5891,#5892),.UNSPECIFIED.,.F.,
  .F.,(2,2),(-29.,-4.),.PIECEWISE_BEZIER_KNOTS.);
#5891 = CARTESIAN_POINT('',(25.,-1.));
#5892 = CARTESIAN_POINT('',(0.,-1.));
#5893 = ( GEOMETRIC_REPRESENTATION_CONTEXT(2) 
PARAMETRIC_REPRESENTATION_CONTEXT() REPRESENTATION_CONTEXT('2D SPACE',''
  ) );
#5894 = ORIENTED_EDGE('',*,*,#5895,.T.);
#5895 = EDGE_CURVE('',#5867,#5896,#5898,.T.);
#5896 = VERTEX_POINT('',#5897);
#5897 = CARTESIAN_POINT('',(-10.3,-12.,144.));
#5898 = SURFACE_CURVE('',#5899,(#5904,#5915),.PCURVE_S1.);
#5899 = CIRCLE('',#5900,1.7);
#5900 = AXIS2_PLACEMENT_3D('',#5901,#5902,#5903);
#5901 = CARTESIAN_POINT('',(-12.,-12.,144.));
#5902 = DIRECTION('',(0.,0.,-1.));
#5903 = DIRECTION('',(-1.,1.110223024625E-16,0.));
#5904 = PCURVE('',#5722,#5905);
#5905 = DEFINITIONAL_REPRESENTATION('',(#5906),#5914);
#5906 = ( BOUNDED_CURVE() B_SPLINE_CURVE(2,(#5907,#5908,#5909,#5910,
#5911,#5912,#5913),.UNSPECIFIED.,.T.,.F.) B_SPLINE_CURVE_WITH_KNOTS((1,2
    ,2,2,2,1),(-2.094395102393,0.,2.094395102393,4.188790204786,
6.28318530718,8.377580409573),.UNSPECIFIED.) CURVE() 
GEOMETRIC_REPRESENTATION_ITEM() RATIONAL_B_SPLINE_CURVE((1.,0.5,1.,0.5,
1.,0.5,1.)) REPRESENTATION_ITEM('') );
#5907 = CARTESIAN_POINT('',(8.3,33.));
#5908 = CARTESIAN_POINT('',(8.3,35.944486372867));
#5909 = CARTESIAN_POINT('',(10.85,34.472243186434));
#5910 = CARTESIAN_POINT('',(13.4,33.));
#5911 = CARTESIAN_POINT('',(10.85,31.527756813566));
#5912 = CARTESIAN_POINT('',(8.3,30.055513627133));
#5913 = CARTESIAN_POINT('',(8.3,33.));
#5914 = ( GEOMETRIC_REPRESENTATION_CONTEXT(2) 
PARAMETRIC_REPRESENTATION_CONTEXT() REPRESENTATION_CONTEXT('2D SPACE',''
  ) );
#5915 = PCURVE('',#5916,#5921);
#5916 = CYLINDRICAL_SURFACE('',#5917,1.7);
#5917 = AXIS2_PLACEMENT_3D('',#5918,#5919,#5920);
#5918 = CARTESIAN_POINT('',(-12.,-12.,143.));
#5919 = DIRECTION('',(0.,0.,-1.));
#5920 = DIRECTION('',(-1.,1.110223024625E-16,0.));
#5921 = DEFINITIONAL_REPRESENTATION('',(#5922),#5926);
#5922 = LINE('',#5923,#5924);
#5923 = CARTESIAN_POINT('',(0.,-1.));
#5924 = VECTOR('',#5925,1.);
#5925 = DIRECTION('',(1.,0.));
#5926 = ( GEOMETRIC_REPRESENTATION_CONTEXT(2) 
PARAMETRIC_REPRESENTATION_CONTEXT() REPRESENTATION_CONTEXT('2D SPACE',''
  ) );
#5927 = ORIENTED_EDGE('',*,*,#5928,.F.);
#5928 = EDGE_CURVE('',#5929,#5896,#5931,.T.);
#5929 = VERTEX_POINT('',#5930);
#5930 = CARTESIAN_POINT('',(-10.3,-37.,144.));
#5931 = SURFACE_CURVE('',#5932,(#5936,#5943),.PCURVE_S1.);
#5932 = LINE('',#5933,#5934);
#5933 = CARTESIAN_POINT('',(-10.3,-28.5,144.));
#5934 = VECTOR('',#5935,1.);
#5935 = DIRECTION('',(1.110223024625E-16,1.,-0.));
#5936 = PCURVE('',#5722,#5937);
#5937 = DEFINITIONAL_REPRESENTATION('',(#5938),#5942);
#5938 = LINE('',#5939,#5940);
#5939 = CARTESIAN_POINT('',(11.7,16.5));
#5940 = VECTOR('',#5941,1.);
#5941 = DIRECTION('',(1.110223024625E-16,1.));
#5942 = ( GEOMETRIC_REPRESENTATION_CONTEXT(2) 
PARAMETRIC_REPRESENTATION_CONTEXT() REPRESENTATION_CONTEXT('2D SPACE',''
  ) );
#5943 = PCURVE('',#5944,#5949);
#5944 = PLANE('',#5945);
#5945 = AXIS2_PLACEMENT_3D('',#5946,#5947,#5948);
#5946 = CARTESIAN_POINT('',(-10.3,-12.,143.));
#5947 = DIRECTION('',(1.,-1.110223024625E-16,0.));
#5948 = DIRECTION('',(-1.110223024625E-16,-1.,0.));
#5949 = DEFINITIONAL_REPRESENTATION('',(#5950),#5953);
#5950 = B_SPLINE_CURVE_WITH_KNOTS('',1,(#5951,#5952),.UNSPECIFIED.,.F.,
  .F.,(2,2),(-8.5,16.5),.PIECEWISE_BEZIER_KNOTS.);
#5951 = CARTESIAN_POINT('',(25.,-1.));
#5952 = CARTESIAN_POINT('',(0.,-1.));
#5953 = ( GEOMETRIC_REPRESENTATION_CONTEXT(2) 
PARAMETRIC_REPRESENTATION_CONTEXT() REPRESENTATION_CONTEXT('2D SPACE',''
  ) );
#5954 = ORIENTED_EDGE('',*,*,#5955,.T.);
#5955 = EDGE_CURVE('',#5929,#5869,#5956,.T.);
#5956 = SURFACE_CURVE('',#5957,(#5962,#5973),.PCURVE_S1.);
#5957 = CIRCLE('',#5958,1.7);
#5958 = AXIS2_PLACEMENT_3D('',#5959,#5960,#5961);
#5959 = CARTESIAN_POINT('',(-12.,-37.,144.));
#5960 = DIRECTION('',(0.,-0.,-1.));
#5961 = DIRECTION('',(1.,-1.110223024625E-16,0.));
#5962 = PCURVE('',#5722,#5963);
#5963 = DEFINITIONAL_REPRESENTATION('',(#5964),#5972);
#5964 = ( BOUNDED_CURVE() B_SPLINE_CURVE(2,(#5965,#5966,#5967,#5968,
#5969,#5970,#5971),.UNSPECIFIED.,.T.,.F.) B_SPLINE_CURVE_WITH_KNOTS((1,2
    ,2,2,2,1),(-2.094395102393,0.,2.094395102393,4.188790204786,
6.28318530718,8.377580409573),.UNSPECIFIED.) CURVE() 
GEOMETRIC_REPRESENTATION_ITEM() RATIONAL_B_SPLINE_CURVE((1.,0.5,1.,0.5,
1.,0.5,1.)) REPRESENTATION_ITEM('') );
#5965 = CARTESIAN_POINT('',(11.7,8.));
#5966 = CARTESIAN_POINT('',(11.7,5.055513627133));
#5967 = CARTESIAN_POINT('',(9.15,6.527756813566));
#5968 = CARTESIAN_POINT('',(6.6,8.));
#5969 = CARTESIAN_POINT('',(9.15,9.472243186434));
#5970 = CARTESIAN_POINT('',(11.7,10.944486372867));
#5971 = CARTESIAN_POINT('',(11.7,8.));
#5972 = ( GEOMETRIC_REPRESENTATION_CONTEXT(2) 
PARAMETRIC_REPRESENTATION_CONTEXT() REPRESENTATION_CONTEXT('2D SPACE',''
  ) );
#5973 = PCURVE('',#5974,#5979);
#5974 = CYLINDRICAL_SURFACE('',#5975,1.7);
#5975 = AXIS2_PLACEMENT_3D('',#5976,#5977,#5978);
#5976 = CARTESIAN_POINT('',(-12.,-37.,143.));
#5977 = DIRECTION('',(0.,-0.,-1.));
#5978 = DIRECTION('',(1.,-1.110223024625E-16,0.));
#5979 = DEFINITIONAL_REPRESENTATION('',(#5980),#5984);
#5980 = LINE('',#5981,#5982);
#5981 = CARTESIAN_POINT('',(0.,-1.));
#5982 = VECTOR('',#5983,1.);
#5983 = DIRECTION('',(1.,0.));
#5984 = ( GEOMETRIC_REPRESENTATION_CONTEXT(2) 
PARAMETRIC_REPRESENTATION_CONTEXT() REPRESENTATION_CONTEXT('2D SPACE',''
  ) );
#5985 = FACE_BOUND('',#5986,.F.);
#5986 = EDGE_LOOP('',(#5987,#6016,#6049,#6076));
#5987 = ORIENTED_EDGE('',*,*,#5988,.F.);
#5988 = EDGE_CURVE('',#5989,#5991,#5993,.T.);
#5989 = VERTEX_POINT('',#5990);
#5990 = CARTESIAN_POINT('',(10.3,-12.,144.));
#5991 = VERTEX_POINT('',#5992);
#5992 = CARTESIAN_POINT('',(10.3,-37.,144.));
#5993 = SURFACE_CURVE('',#5994,(#5998,#6005),.PCURVE_S1.);
#5994 = LINE('',#5995,#5996);
#5995 = CARTESIAN_POINT('',(10.3,-41.,144.));
#5996 = VECTOR('',#5997,1.);
#5997 = DIRECTION('',(-1.110223024625E-16,-1.,0.));
#5998 = PCURVE('',#5722,#5999);
#5999 = DEFINITIONAL_REPRESENTATION('',(#6000),#6004);
#6000 = LINE('',#6001,#6002);
#6001 = CARTESIAN_POINT('',(32.3,4.));
#6002 = VECTOR('',#6003,1.);
#6003 = DIRECTION('',(-1.110223024625E-16,-1.));
#6004 = ( GEOMETRIC_REPRESENTATION_CONTEXT(2) 
PARAMETRIC_REPRESENTATION_CONTEXT() REPRESENTATION_CONTEXT('2D SPACE',''
  ) );
#6005 = PCURVE('',#6006,#6011);
#6006 = PLANE('',#6007);
#6007 = AXIS2_PLACEMENT_3D('',#6008,#6009,#6010);
#6008 = CARTESIAN_POINT('',(10.3,-37.,143.));
#6009 = DIRECTION('',(-1.,1.110223024625E-16,0.));
#6010 = DIRECTION('',(1.110223024625E-16,1.,0.));
#6011 = DEFINITIONAL_REPRESENTATION('',(#6012),#6015);
#6012 = B_SPLINE_CURVE_WITH_KNOTS('',1,(#6013,#6014),.UNSPECIFIED.,.F.,
  .F.,(2,2),(-29.,-4.),.PIECEWISE_BEZIER_KNOTS.);
#6013 = CARTESIAN_POINT('',(25.,-1.));
#6014 = CARTESIAN_POINT('',(0.,-1.));
#6015 = ( GEOMETRIC_REPRESENTATION_CONTEXT(2) 
PARAMETRIC_REPRESENTATION_CONTEXT() REPRESENTATION_CONTEXT('2D SPACE',''
  ) );
#6016 = ORIENTED_EDGE('',*,*,#6017,.T.);
#6017 = EDGE_CURVE('',#5989,#6018,#6020,.T.);
#6018 = VERTEX_POINT('',#6019);
#6019 = CARTESIAN_POINT('',(13.7,-12.,144.));
#6020 = SURFACE_CURVE('',#6021,(#6026,#6037),.PCURVE_S1.);
#6021 = CIRCLE('',#6022,1.7);
#6022 = AXIS2_PLACEMENT_3D('',#6023,#6024,#6025);
#6023 = CARTESIAN_POINT('',(12.,-12.,144.));
#6024 = DIRECTION('',(0.,0.,-1.));
#6025 = DIRECTION('',(-1.,1.110223024625E-16,0.));
#6026 = PCURVE('',#5722,#6027);
#6027 = DEFINITIONAL_REPRESENTATION('',(#6028),#6036);
#6028 = ( BOUNDED_CURVE() B_SPLINE_CURVE(2,(#6029,#6030,#6031,#6032,
#6033,#6034,#6035),.UNSPECIFIED.,.T.,.F.) B_SPLINE_CURVE_WITH_KNOTS((1,2
    ,2,2,2,1),(-2.094395102393,0.,2.094395102393,4.188790204786,
6.28318530718,8.377580409573),.UNSPECIFIED.) CURVE() 
GEOMETRIC_REPRESENTATION_ITEM() RATIONAL_B_SPLINE_CURVE((1.,0.5,1.,0.5,
1.,0.5,1.)) REPRESENTATION_ITEM('') );
#6029 = CARTESIAN_POINT('',(32.3,33.));
#6030 = CARTESIAN_POINT('',(32.3,35.944486372867));
#6031 = CARTESIAN_POINT('',(34.85,34.472243186434));
#6032 = CARTESIAN_POINT('',(37.4,33.));
#6033 = CARTESIAN_POINT('',(34.85,31.527756813566));
#6034 = CARTESIAN_POINT('',(32.3,30.055513627133));
#6035 = CARTESIAN_POINT('',(32.3,33.));
#6036 = ( GEOMETRIC_REPRESENTATION_CONTEXT(2) 
PARAMETRIC_REPRESENTATION_CONTEXT() REPRESENTATION_CONTEXT('2D SPACE',''
  ) );
#6037 = PCURVE('',#6038,#6043);
#6038 = CYLINDRICAL_SURFACE('',#6039,1.7);
#6039 = AXIS2_PLACEMENT_3D('',#6040,#6041,#6042);
#6040 = CARTESIAN_POINT('',(12.,-12.,143.));
#6041 = DIRECTION('',(0.,0.,-1.));
#6042 = DIRECTION('',(-1.,1.110223024625E-16,0.));
#6043 = DEFINITIONAL_REPRESENTATION('',(#6044),#6048);
#6044 = LINE('',#6045,#6046);
#6045 = CARTESIAN_POINT('',(0.,-1.));
#6046 = VECTOR('',#6047,1.);
#6047 = DIRECTION('',(1.,0.));
#6048 = ( GEOMETRIC_REPRESENTATION_CONTEXT(2) 
PARAMETRIC_REPRESENTATION_CONTEXT() REPRESENTATION_CONTEXT('2D SPACE',''
  ) );
#6049 = ORIENTED_EDGE('',*,*,#6050,.F.);
#6050 = EDGE_CURVE('',#6051,#6018,#6053,.T.);
#6051 = VERTEX_POINT('',#6052);
#6052 = CARTESIAN_POINT('',(13.7,-37.,144.));
#6053 = SURFACE_CURVE('',#6054,(#6058,#6065),.PCURVE_S1.);
#6054 = LINE('',#6055,#6056);
#6055 = CARTESIAN_POINT('',(13.7,-28.5,144.));
#6056 = VECTOR('',#6057,1.);
#6057 = DIRECTION('',(1.110223024625E-16,1.,-0.));
#6058 = PCURVE('',#5722,#6059);
#6059 = DEFINITIONAL_REPRESENTATION('',(#6060),#6064);
#6060 = LINE('',#6061,#6062);
#6061 = CARTESIAN_POINT('',(35.7,16.5));
#6062 = VECTOR('',#6063,1.);
#6063 = DIRECTION('',(1.110223024625E-16,1.));
#6064 = ( GEOMETRIC_REPRESENTATION_CONTEXT(2) 
PARAMETRIC_REPRESENTATION_CONTEXT() REPRESENTATION_CONTEXT('2D SPACE',''
  ) );
#6065 = PCURVE('',#6066,#6071);
#6066 = PLANE('',#6067);
#6067 = AXIS2_PLACEMENT_3D('',#6068,#6069,#6070);
#6068 = CARTESIAN_POINT('',(13.7,-12.,143.));
#6069 = DIRECTION('',(1.,-1.110223024625E-16,0.));
#6070 = DIRECTION('',(-1.110223024625E-16,-1.,0.));
#6071 = DEFINITIONAL_REPRESENTATION('',(#6072),#6075);
#6072 = B_SPLINE_CURVE_WITH_KNOTS('',1,(#6073,#6074),.UNSPECIFIED.,.F.,
  .F.,(2,2),(-8.5,16.5),.PIECEWISE_BEZIER_KNOTS.);
#6073 = CARTESIAN_POINT('',(25.,-1.));
#6074 = CARTESIAN_POINT('',(0.,-1.));
#6075 = ( GEOMETRIC_REPRESENTATION_CONTEXT(2) 
PARAMETRIC_REPRESENTATION_CONTEXT() REPRESENTATION_CONTEXT('2D SPACE',''
  ) );
#6076 = ORIENTED_EDGE('',*,*,#6077,.T.);
#6077 = EDGE_CURVE('',#6051,#5991,#6078,.T.);
#6078 = SURFACE_CURVE('',#6079,(#6084,#6095),.PCURVE_S1.);
#6079 = CIRCLE('',#6080,1.7);
#6080 = AXIS2_PLACEMENT_3D('',#6081,#6082,#6083);
#6081 = CARTESIAN_POINT('',(12.,-37.,144.));
#6082 = DIRECTION('',(0.,-0.,-1.));
#6083 = DIRECTION('',(1.,-1.110223024625E-16,0.));
#6084 = PCURVE('',#5722,#6085);
#6085 = DEFINITIONAL_REPRESENTATION('',(#6086),#6094);
#6086 = ( BOUNDED_CURVE() B_SPLINE_CURVE(2,(#6087,#6088,#6089,#6090,
#6091,#6092,#6093),.UNSPECIFIED.,.T.,.F.) B_SPLINE_CURVE_WITH_KNOTS((1,2
    ,2,2,2,1),(-2.094395102393,0.,2.094395102393,4.188790204786,
6.28318530718,8.377580409573),.UNSPECIFIED.) CURVE() 
GEOMETRIC_REPRESENTATION_ITEM() RATIONAL_B_SPLINE_CURVE((1.,0.5,1.,0.5,
1.,0.5,1.)) REPRESENTATION_ITEM('') );
#6087 = CARTESIAN_POINT('',(35.7,8.));
#6088 = CARTESIAN_POINT('',(35.7,5.055513627133));
#6089 = CARTESIAN_POINT('',(33.15,6.527756813566));
#6090 = CARTESIAN_POINT('',(30.6,8.));
#6091 = CARTESIAN_POINT('',(33.15,9.472243186434));
#6092 = CARTESIAN_POINT('',(35.7,10.944486372867));
#6093 = CARTESIAN_POINT('',(35.7,8.));
#6094 = ( GEOMETRIC_REPRESENTATION_CONTEXT(2) 
PARAMETRIC_REPRESENTATION_CONTEXT() REPRESENTATION_CONTEXT('2D SPACE',''
  ) );
#6095 = PCURVE('',#6096,#6101);
#6096 = CYLINDRICAL_SURFACE('',#6097,1.7);
#6097 = AXIS2_PLACEMENT_3D('',#6098,#6099,#6100);
#6098 = CARTESIAN_POINT('',(12.,-37.,143.));
#6099 = DIRECTION('',(0.,-0.,-1.));
#6100 = DIRECTION('',(1.,-1.110223024625E-16,0.));
#6101 = DEFINITIONAL_REPRESENTATION('',(#6102),#6106);
#6102 = LINE('',#6103,#6104);
#6103 = CARTESIAN_POINT('',(0.,-1.));
#6104 = VECTOR('',#6105,1.);
#6105 = DIRECTION('',(1.,0.));
#6106 = ( GEOMETRIC_REPRESENTATION_CONTEXT(2) 
PARAMETRIC_REPRESENTATION_CONTEXT() REPRESENTATION_CONTEXT('2D SPACE',''
  ) );
#6107 = FACE_BOUND('',#6108,.F.);
#6108 = EDGE_LOOP('',(#6109,#6139,#6172,#6200,#6228,#6256,#6284,#6307,
    #6335,#6363,#6391,#6414,#6447,#6475));
#6109 = ORIENTED_EDGE('',*,*,#6110,.T.);
#6110 = EDGE_CURVE('',#6111,#6113,#6115,.T.);
#6111 = VERTEX_POINT('',#6112);
#6112 = CARTESIAN_POINT('',(-14.,0.3,144.));
#6113 = VERTEX_POINT('',#6114);
#6114 = CARTESIAN_POINT('',(-14.,9.127718676731,144.));
#6115 = SURFACE_CURVE('',#6116,(#6120,#6127),.PCURVE_S1.);
#6116 = LINE('',#6117,#6118);
#6117 = CARTESIAN_POINT('',(-14.,0.3,144.));
#6118 = VECTOR('',#6119,1.);
#6119 = DIRECTION('',(0.,1.,0.));
#6120 = PCURVE('',#5722,#6121);
#6121 = DEFINITIONAL_REPRESENTATION('',(#6122),#6126);
#6122 = LINE('',#6123,#6124);
#6123 = CARTESIAN_POINT('',(8.,45.3));
#6124 = VECTOR('',#6125,1.);
#6125 = DIRECTION('',(0.,1.));
#6126 = ( GEOMETRIC_REPRESENTATION_CONTEXT(2) 
PARAMETRIC_REPRESENTATION_CONTEXT() REPRESENTATION_CONTEXT('2D SPACE',''
  ) );
#6127 = PCURVE('',#6128,#6133);
#6128 = PLANE('',#6129);
#6129 = AXIS2_PLACEMENT_3D('',#6130,#6131,#6132);
#6130 = CARTESIAN_POINT('',(-14.,0.3,64.));
#6131 = DIRECTION('',(1.,0.,0.));
#6132 = DIRECTION('',(0.,0.,1.));
#6133 = DEFINITIONAL_REPRESENTATION('',(#6134),#6138);
#6134 = LINE('',#6135,#6136);
#6135 = CARTESIAN_POINT('',(80.,0.));
#6136 = VECTOR('',#6137,1.);
#6137 = DIRECTION('',(0.,-1.));
#6138 = ( GEOMETRIC_REPRESENTATION_CONTEXT(2) 
PARAMETRIC_REPRESENTATION_CONTEXT() REPRESENTATION_CONTEXT('2D SPACE',''
  ) );
#6139 = ORIENTED_EDGE('',*,*,#6140,.F.);
#6140 = EDGE_CURVE('',#6141,#6113,#6143,.T.);
#6141 = VERTEX_POINT('',#6142);
#6142 = CARTESIAN_POINT('',(-8.940588291844,10.3,144.));
#6143 = SURFACE_CURVE('',#6144,(#6149,#6160),.PCURVE_S1.);
#6144 = CIRCLE('',#6145,3.5);
#6145 = AXIS2_PLACEMENT_3D('',#6146,#6147,#6148);
#6146 = CARTESIAN_POINT('',(-12.,12.,144.));
#6147 = DIRECTION('',(0.,-0.,-1.));
#6148 = DIRECTION('',(1.,-1.110223024625E-16,0.));
#6149 = PCURVE('',#5722,#6150);
#6150 = DEFINITIONAL_REPRESENTATION('',(#6151),#6159);
#6151 = ( BOUNDED_CURVE() B_SPLINE_CURVE(2,(#6152,#6153,#6154,#6155,
#6156,#6157,#6158),.UNSPECIFIED.,.T.,.F.) B_SPLINE_CURVE_WITH_KNOTS((1,2
    ,2,2,2,1),(-2.094395102393,0.,2.094395102393,4.188790204786,
6.28318530718,8.377580409573),.UNSPECIFIED.) CURVE() 
GEOMETRIC_REPRESENTATION_ITEM() RATIONAL_B_SPLINE_CURVE((1.,0.5,1.,0.5,
1.,0.5,1.)) REPRESENTATION_ITEM('') );
#6152 = CARTESIAN_POINT('',(13.5,57.));
#6153 = CARTESIAN_POINT('',(13.5,50.937822173509));
#6154 = CARTESIAN_POINT('',(8.25,53.968911086754));
#6155 = CARTESIAN_POINT('',(3.,57.));
#6156 = CARTESIAN_POINT('',(8.25,60.031088913246));
#6157 = CARTESIAN_POINT('',(13.5,63.062177826491));
#6158 = CARTESIAN_POINT('',(13.5,57.));
#6159 = ( GEOMETRIC_REPRESENTATION_CONTEXT(2) 
PARAMETRIC_REPRESENTATION_CONTEXT() REPRESENTATION_CONTEXT('2D SPACE',''
  ) );
#6160 = PCURVE('',#6161,#6166);
#6161 = CYLINDRICAL_SURFACE('',#6162,3.5);
#6162 = AXIS2_PLACEMENT_3D('',#6163,#6164,#6165);
#6163 = CARTESIAN_POINT('',(-12.,12.,64.));
#6164 = DIRECTION('',(0.,-0.,-1.));
#6165 = DIRECTION('',(1.,-1.110223024625E-16,0.));
#6166 = DEFINITIONAL_REPRESENTATION('',(#6167),#6171);
#6167 = LINE('',#6168,#6169);
#6168 = CARTESIAN_POINT('',(0.,-80.));
#6169 = VECTOR('',#6170,1.);
#6170 = DIRECTION('',(1.,0.));
#6171 = ( GEOMETRIC_REPRESENTATION_CONTEXT(2) 
PARAMETRIC_REPRESENTATION_CONTEXT() REPRESENTATION_CONTEXT('2D SPACE',''
  ) );
#6172 = ORIENTED_EDGE('',*,*,#6173,.T.);
#6173 = EDGE_CURVE('',#6141,#6174,#6176,.T.);
#6174 = VERTEX_POINT('',#6175);
#6175 = CARTESIAN_POINT('',(-8.,10.3,144.));
#6176 = SURFACE_CURVE('',#6177,(#6181,#6188),.PCURVE_S1.);
#6177 = LINE('',#6178,#6179);
#6178 = CARTESIAN_POINT('',(-14.,10.3,144.));
#6179 = VECTOR('',#6180,1.);
#6180 = DIRECTION('',(1.,0.,0.));
#6181 = PCURVE('',#5722,#6182);
#6182 = DEFINITIONAL_REPRESENTATION('',(#6183),#6187);
#6183 = LINE('',#6184,#6185);
#6184 = CARTESIAN_POINT('',(8.,55.3));
#6185 = VECTOR('',#6186,1.);
#6186 = DIRECTION('',(1.,0.));
#6187 = ( GEOMETRIC_REPRESENTATION_CONTEXT(2) 
PARAMETRIC_REPRESENTATION_CONTEXT() REPRESENTATION_CONTEXT('2D SPACE',''
  ) );
#6188 = PCURVE('',#6189,#6194);
#6189 = PLANE('',#6190);
#6190 = AXIS2_PLACEMENT_3D('',#6191,#6192,#6193);
#6191 = CARTESIAN_POINT('',(-14.,10.3,64.));
#6192 = DIRECTION('',(0.,1.,0.));
#6193 = DIRECTION('',(0.,0.,1.));
#6194 = DEFINITIONAL_REPRESENTATION('',(#6195),#6199);
#6195 = LINE('',#6196,#6197);
#6196 = CARTESIAN_POINT('',(80.,0.));
#6197 = VECTOR('',#6198,1.);
#6198 = DIRECTION('',(0.,1.));
#6199 = ( GEOMETRIC_REPRESENTATION_CONTEXT(2) 
PARAMETRIC_REPRESENTATION_CONTEXT() REPRESENTATION_CONTEXT('2D SPACE',''
  ) );
#6200 = ORIENTED_EDGE('',*,*,#6201,.T.);
#6201 = EDGE_CURVE('',#6174,#6202,#6204,.T.);
#6202 = VERTEX_POINT('',#6203);
#6203 = CARTESIAN_POINT('',(-8.,43.,144.));
#6204 = SURFACE_CURVE('',#6205,(#6209,#6216),.PCURVE_S1.);
#6205 = LINE('',#6206,#6207);
#6206 = CARTESIAN_POINT('',(-8.,10.3,144.));
#6207 = VECTOR('',#6208,1.);
#6208 = DIRECTION('',(0.,1.,0.));
#6209 = PCURVE('',#5722,#6210);
#6210 = DEFINITIONAL_REPRESENTATION('',(#6211),#6215);
#6211 = LINE('',#6212,#6213);
#6212 = CARTESIAN_POINT('',(14.,55.3));
#6213 = VECTOR('',#6214,1.);
#6214 = DIRECTION('',(0.,1.));
#6215 = ( GEOMETRIC_REPRESENTATION_CONTEXT(2) 
PARAMETRIC_REPRESENTATION_CONTEXT() REPRESENTATION_CONTEXT('2D SPACE',''
  ) );
#6216 = PCURVE('',#6217,#6222);
#6217 = PLANE('',#6218);
#6218 = AXIS2_PLACEMENT_3D('',#6219,#6220,#6221);
#6219 = CARTESIAN_POINT('',(-8.,23.867728771305,139.78227122869));
#6220 = DIRECTION('',(-1.,-0.,-0.));
#6221 = DIRECTION('',(0.,0.,-1.));
#6222 = DEFINITIONAL_REPRESENTATION('',(#6223),#6227);
#6223 = LINE('',#6224,#6225);
#6224 = CARTESIAN_POINT('',(-4.217728771305,13.567728771305));
#6225 = VECTOR('',#6226,1.);
#6226 = DIRECTION('',(0.,-1.));
#6227 = ( GEOMETRIC_REPRESENTATION_CONTEXT(2) 
PARAMETRIC_REPRESENTATION_CONTEXT() REPRESENTATION_CONTEXT('2D SPACE',''
  ) );
#6228 = ORIENTED_EDGE('',*,*,#6229,.T.);
#6229 = EDGE_CURVE('',#6202,#6230,#6232,.T.);
#6230 = VERTEX_POINT('',#6231);
#6231 = CARTESIAN_POINT('',(-4.,43.,144.));
#6232 = SURFACE_CURVE('',#6233,(#6237,#6244),.PCURVE_S1.);
#6233 = LINE('',#6234,#6235);
#6234 = CARTESIAN_POINT('',(-8.,43.,144.));
#6235 = VECTOR('',#6236,1.);
#6236 = DIRECTION('',(1.,0.,0.));
#6237 = PCURVE('',#5722,#6238);
#6238 = DEFINITIONAL_REPRESENTATION('',(#6239),#6243);
#6239 = LINE('',#6240,#6241);
#6240 = CARTESIAN_POINT('',(14.,88.));
#6241 = VECTOR('',#6242,1.);
#6242 = DIRECTION('',(1.,0.));
#6243 = ( GEOMETRIC_REPRESENTATION_CONTEXT(2) 
PARAMETRIC_REPRESENTATION_CONTEXT() REPRESENTATION_CONTEXT('2D SPACE',''
  ) );
#6244 = PCURVE('',#6245,#6250);
#6245 = PLANE('',#6246);
#6246 = AXIS2_PLACEMENT_3D('',#6247,#6248,#6249);
#6247 = CARTESIAN_POINT('',(-8.,43.,144.));
#6248 = DIRECTION('',(0.,0.393579978656,-0.919290378717));
#6249 = DIRECTION('',(0.,-0.919290378717,-0.393579978656));
#6250 = DEFINITIONAL_REPRESENTATION('',(#6251),#6255);
#6251 = LINE('',#6252,#6253);
#6252 = CARTESIAN_POINT('',(0.,0.));
#6253 = VECTOR('',#6254,1.);
#6254 = DIRECTION('',(0.,-1.));
#6255 = ( GEOMETRIC_REPRESENTATION_CONTEXT(2) 
PARAMETRIC_REPRESENTATION_CONTEXT() REPRESENTATION_CONTEXT('2D SPACE',''
  ) );
#6256 = ORIENTED_EDGE('',*,*,#6257,.F.);
#6257 = EDGE_CURVE('',#6258,#6230,#6260,.T.);
#6258 = VERTEX_POINT('',#6259);
#6259 = CARTESIAN_POINT('',(-4.,10.3,144.));
#6260 = SURFACE_CURVE('',#6261,(#6265,#6272),.PCURVE_S1.);
#6261 = LINE('',#6262,#6263);
#6262 = CARTESIAN_POINT('',(-4.,10.3,144.));
#6263 = VECTOR('',#6264,1.);
#6264 = DIRECTION('',(0.,1.,0.));
#6265 = PCURVE('',#5722,#6266);
#6266 = DEFINITIONAL_REPRESENTATION('',(#6267),#6271);
#6267 = LINE('',#6268,#6269);
#6268 = CARTESIAN_POINT('',(18.,55.3));
#6269 = VECTOR('',#6270,1.);
#6270 = DIRECTION('',(0.,1.));
#6271 = ( GEOMETRIC_REPRESENTATION_CONTEXT(2) 
PARAMETRIC_REPRESENTATION_CONTEXT() REPRESENTATION_CONTEXT('2D SPACE',''
  ) );
#6272 = PCURVE('',#6273,#6278);
#6273 = PLANE('',#6274);
#6274 = AXIS2_PLACEMENT_3D('',#6275,#6276,#6277);
#6275 = CARTESIAN_POINT('',(-4.,23.867728771305,139.78227122869));
#6276 = DIRECTION('',(-1.,-0.,-0.));
#6277 = DIRECTION('',(0.,0.,-1.));
#6278 = DEFINITIONAL_REPRESENTATION('',(#6279),#6283);
#6279 = LINE('',#6280,#6281);
#6280 = CARTESIAN_POINT('',(-4.217728771305,13.567728771305));
#6281 = VECTOR('',#6282,1.);
#6282 = DIRECTION('',(0.,-1.));
#6283 = ( GEOMETRIC_REPRESENTATION_CONTEXT(2) 
PARAMETRIC_REPRESENTATION_CONTEXT() REPRESENTATION_CONTEXT('2D SPACE',''
  ) );
#6284 = ORIENTED_EDGE('',*,*,#6285,.T.);
#6285 = EDGE_CURVE('',#6258,#6286,#6288,.T.);
#6286 = VERTEX_POINT('',#6287);
#6287 = CARTESIAN_POINT('',(4.,10.3,144.));
#6288 = SURFACE_CURVE('',#6289,(#6293,#6300),.PCURVE_S1.);
#6289 = LINE('',#6290,#6291);
#6290 = CARTESIAN_POINT('',(-14.,10.3,144.));
#6291 = VECTOR('',#6292,1.);
#6292 = DIRECTION('',(1.,0.,0.));
#6293 = PCURVE('',#5722,#6294);
#6294 = DEFINITIONAL_REPRESENTATION('',(#6295),#6299);
#6295 = LINE('',#6296,#6297);
#6296 = CARTESIAN_POINT('',(8.,55.3));
#6297 = VECTOR('',#6298,1.);
#6298 = DIRECTION('',(1.,0.));
#6299 = ( GEOMETRIC_REPRESENTATION_CONTEXT(2) 
PARAMETRIC_REPRESENTATION_CONTEXT() REPRESENTATION_CONTEXT('2D SPACE',''
  ) );
#6300 = PCURVE('',#6189,#6301);
#6301 = DEFINITIONAL_REPRESENTATION('',(#6302),#6306);
#6302 = LINE('',#6303,#6304);
#6303 = CARTESIAN_POINT('',(80.,0.));
#6304 = VECTOR('',#6305,1.);
#6305 = DIRECTION('',(0.,1.));
#6306 = ( GEOMETRIC_REPRESENTATION_CONTEXT(2) 
PARAMETRIC_REPRESENTATION_CONTEXT() REPRESENTATION_CONTEXT('2D SPACE',''
  ) );
#6307 = ORIENTED_EDGE('',*,*,#6308,.T.);
#6308 = EDGE_CURVE('',#6286,#6309,#6311,.T.);
#6309 = VERTEX_POINT('',#6310);
#6310 = CARTESIAN_POINT('',(4.,43.,144.));
#6311 = SURFACE_CURVE('',#6312,(#6316,#6323),.PCURVE_S1.);
#6312 = LINE('',#6313,#6314);
#6313 = CARTESIAN_POINT('',(4.,10.3,144.));
#6314 = VECTOR('',#6315,1.);
#6315 = DIRECTION('',(0.,1.,0.));
#6316 = PCURVE('',#5722,#6317);
#6317 = DEFINITIONAL_REPRESENTATION('',(#6318),#6322);
#6318 = LINE('',#6319,#6320);
#6319 = CARTESIAN_POINT('',(26.,55.3));
#6320 = VECTOR('',#6321,1.);
#6321 = DIRECTION('',(0.,1.));
#6322 = ( GEOMETRIC_REPRESENTATION_CONTEXT(2) 
PARAMETRIC_REPRESENTATION_CONTEXT() REPRESENTATION_CONTEXT('2D SPACE',''
  ) );
#6323 = PCURVE('',#6324,#6329);
#6324 = PLANE('',#6325);
#6325 = AXIS2_PLACEMENT_3D('',#6326,#6327,#6328);
#6326 = CARTESIAN_POINT('',(4.,23.867728771305,139.78227122869));
#6327 = DIRECTION('',(-1.,-0.,-0.));
#6328 = DIRECTION('',(0.,0.,-1.));
#6329 = DEFINITIONAL_REPRESENTATION('',(#6330),#6334);
#6330 = LINE('',#6331,#6332);
#6331 = CARTESIAN_POINT('',(-4.217728771305,13.567728771305));
#6332 = VECTOR('',#6333,1.);
#6333 = DIRECTION('',(0.,-1.));
#6334 = ( GEOMETRIC_REPRESENTATION_CONTEXT(2) 
PARAMETRIC_REPRESENTATION_CONTEXT() REPRESENTATION_CONTEXT('2D SPACE',''
  ) );
#6335 = ORIENTED_EDGE('',*,*,#6336,.T.);
#6336 = EDGE_CURVE('',#6309,#6337,#6339,.T.);
#6337 = VERTEX_POINT('',#6338);
#6338 = CARTESIAN_POINT('',(8.,43.,144.));
#6339 = SURFACE_CURVE('',#6340,(#6344,#6351),.PCURVE_S1.);
#6340 = LINE('',#6341,#6342);
#6341 = CARTESIAN_POINT('',(4.,43.,144.));
#6342 = VECTOR('',#6343,1.);
#6343 = DIRECTION('',(1.,0.,0.));
#6344 = PCURVE('',#5722,#6345);
#6345 = DEFINITIONAL_REPRESENTATION('',(#6346),#6350);
#6346 = LINE('',#6347,#6348);
#6347 = CARTESIAN_POINT('',(26.,88.));
#6348 = VECTOR('',#6349,1.);
#6349 = DIRECTION('',(1.,0.));
#6350 = ( GEOMETRIC_REPRESENTATION_CONTEXT(2) 
PARAMETRIC_REPRESENTATION_CONTEXT() REPRESENTATION_CONTEXT('2D SPACE',''
  ) );
#6351 = PCURVE('',#6352,#6357);
#6352 = PLANE('',#6353);
#6353 = AXIS2_PLACEMENT_3D('',#6354,#6355,#6356);
#6354 = CARTESIAN_POINT('',(4.,43.,144.));
#6355 = DIRECTION('',(0.,0.393579978656,-0.919290378717));
#6356 = DIRECTION('',(0.,-0.919290378717,-0.393579978656));
#6357 = DEFINITIONAL_REPRESENTATION('',(#6358),#6362);
#6358 = LINE('',#6359,#6360);
#6359 = CARTESIAN_POINT('',(0.,0.));
#6360 = VECTOR('',#6361,1.);
#6361 = DIRECTION('',(0.,-1.));
#6362 = ( GEOMETRIC_REPRESENTATION_CONTEXT(2) 
PARAMETRIC_REPRESENTATION_CONTEXT() REPRESENTATION_CONTEXT('2D SPACE',''
  ) );
#6363 = ORIENTED_EDGE('',*,*,#6364,.F.);
#6364 = EDGE_CURVE('',#6365,#6337,#6367,.T.);
#6365 = VERTEX_POINT('',#6366);
#6366 = CARTESIAN_POINT('',(8.,10.3,144.));
#6367 = SURFACE_CURVE('',#6368,(#6372,#6379),.PCURVE_S1.);
#6368 = LINE('',#6369,#6370);
#6369 = CARTESIAN_POINT('',(8.,10.3,144.));
#6370 = VECTOR('',#6371,1.);
#6371 = DIRECTION('',(0.,1.,0.));
#6372 = PCURVE('',#5722,#6373);
#6373 = DEFINITIONAL_REPRESENTATION('',(#6374),#6378);
#6374 = LINE('',#6375,#6376);
#6375 = CARTESIAN_POINT('',(30.,55.3));
#6376 = VECTOR('',#6377,1.);
#6377 = DIRECTION('',(0.,1.));
#6378 = ( GEOMETRIC_REPRESENTATION_CONTEXT(2) 
PARAMETRIC_REPRESENTATION_CONTEXT() REPRESENTATION_CONTEXT('2D SPACE',''
  ) );
#6379 = PCURVE('',#6380,#6385);
#6380 = PLANE('',#6381);
#6381 = AXIS2_PLACEMENT_3D('',#6382,#6383,#6384);
#6382 = CARTESIAN_POINT('',(8.,23.867728771305,139.78227122869));
#6383 = DIRECTION('',(-1.,-0.,-0.));
#6384 = DIRECTION('',(0.,0.,-1.));
#6385 = DEFINITIONAL_REPRESENTATION('',(#6386),#6390);
#6386 = LINE('',#6387,#6388);
#6387 = CARTESIAN_POINT('',(-4.217728771305,13.567728771305));
#6388 = VECTOR('',#6389,1.);
#6389 = DIRECTION('',(0.,-1.));
#6390 = ( GEOMETRIC_REPRESENTATION_CONTEXT(2) 
PARAMETRIC_REPRESENTATION_CONTEXT() REPRESENTATION_CONTEXT('2D SPACE',''
  ) );
#6391 = ORIENTED_EDGE('',*,*,#6392,.T.);
#6392 = EDGE_CURVE('',#6365,#6393,#6395,.T.);
#6393 = VERTEX_POINT('',#6394);
#6394 = CARTESIAN_POINT('',(8.940588291844,10.3,144.));
#6395 = SURFACE_CURVE('',#6396,(#6400,#6407),.PCURVE_S1.);
#6396 = LINE('',#6397,#6398);
#6397 = CARTESIAN_POINT('',(-14.,10.3,144.));
#6398 = VECTOR('',#6399,1.);
#6399 = DIRECTION('',(1.,0.,0.));
#6400 = PCURVE('',#5722,#6401);
#6401 = DEFINITIONAL_REPRESENTATION('',(#6402),#6406);
#6402 = LINE('',#6403,#6404);
#6403 = CARTESIAN_POINT('',(8.,55.3));
#6404 = VECTOR('',#6405,1.);
#6405 = DIRECTION('',(1.,0.));
#6406 = ( GEOMETRIC_REPRESENTATION_CONTEXT(2) 
PARAMETRIC_REPRESENTATION_CONTEXT() REPRESENTATION_CONTEXT('2D SPACE',''
  ) );
#6407 = PCURVE('',#6189,#6408);
#6408 = DEFINITIONAL_REPRESENTATION('',(#6409),#6413);
#6409 = LINE('',#6410,#6411);
#6410 = CARTESIAN_POINT('',(80.,0.));
#6411 = VECTOR('',#6412,1.);
#6412 = DIRECTION('',(0.,1.));
#6413 = ( GEOMETRIC_REPRESENTATION_CONTEXT(2) 
PARAMETRIC_REPRESENTATION_CONTEXT() REPRESENTATION_CONTEXT('2D SPACE',''
  ) );
#6414 = ORIENTED_EDGE('',*,*,#6415,.F.);
#6415 = EDGE_CURVE('',#6416,#6393,#6418,.T.);
#6416 = VERTEX_POINT('',#6417);
#6417 = CARTESIAN_POINT('',(14.,9.127718676731,144.));
#6418 = SURFACE_CURVE('',#6419,(#6424,#6435),.PCURVE_S1.);
#6419 = CIRCLE('',#6420,3.5);
#6420 = AXIS2_PLACEMENT_3D('',#6421,#6422,#6423);
#6421 = CARTESIAN_POINT('',(12.,12.,144.));
#6422 = DIRECTION('',(0.,-0.,-1.));
#6423 = DIRECTION('',(1.,-1.110223024625E-16,0.));
#6424 = PCURVE('',#5722,#6425);
#6425 = DEFINITIONAL_REPRESENTATION('',(#6426),#6434);
#6426 = ( BOUNDED_CURVE() B_SPLINE_CURVE(2,(#6427,#6428,#6429,#6430,
#6431,#6432,#6433),.UNSPECIFIED.,.T.,.F.) B_SPLINE_CURVE_WITH_KNOTS((1,2
    ,2,2,2,1),(-2.094395102393,0.,2.094395102393,4.188790204786,
6.28318530718,8.377580409573),.UNSPECIFIED.) CURVE() 
GEOMETRIC_REPRESENTATION_ITEM() RATIONAL_B_SPLINE_CURVE((1.,0.5,1.,0.5,
1.,0.5,1.)) REPRESENTATION_ITEM('') );
#6427 = CARTESIAN_POINT('',(37.5,57.));
#6428 = CARTESIAN_POINT('',(37.5,50.937822173509));
#6429 = CARTESIAN_POINT('',(32.25,53.968911086754));
#6430 = CARTESIAN_POINT('',(27.,57.));
#6431 = CARTESIAN_POINT('',(32.25,60.031088913246));
#6432 = CARTESIAN_POINT('',(37.5,63.062177826491));
#6433 = CARTESIAN_POINT('',(37.5,57.));
#6434 = ( GEOMETRIC_REPRESENTATION_CONTEXT(2) 
PARAMETRIC_REPRESENTATION_CONTEXT() REPRESENTATION_CONTEXT('2D SPACE',''
  ) );
#6435 = PCURVE('',#6436,#6441);
#6436 = CYLINDRICAL_SURFACE('',#6437,3.5);
#6437 = AXIS2_PLACEMENT_3D('',#6438,#6439,#6440);
#6438 = CARTESIAN_POINT('',(12.,12.,64.));
#6439 = DIRECTION('',(0.,-0.,-1.));
#6440 = DIRECTION('',(1.,-1.110223024625E-16,0.));
#6441 = DEFINITIONAL_REPRESENTATION('',(#6442),#6446);
#6442 = LINE('',#6443,#6444);
#6443 = CARTESIAN_POINT('',(0.,-80.));
#6444 = VECTOR('',#6445,1.);
#6445 = DIRECTION('',(1.,0.));
#6446 = ( GEOMETRIC_REPRESENTATION_CONTEXT(2) 
PARAMETRIC_REPRESENTATION_CONTEXT() REPRESENTATION_CONTEXT('2D SPACE',''
  ) );
#6447 = ORIENTED_EDGE('',*,*,#6448,.F.);
#6448 = EDGE_CURVE('',#6449,#6416,#6451,.T.);
#6449 = VERTEX_POINT('',#6450);
#6450 = CARTESIAN_POINT('',(14.,0.3,144.));
#6451 = SURFACE_CURVE('',#6452,(#6456,#6463),.PCURVE_S1.);
#6452 = LINE('',#6453,#6454);
#6453 = CARTESIAN_POINT('',(14.,0.3,144.));
#6454 = VECTOR('',#6455,1.);
#6455 = DIRECTION('',(0.,1.,0.));
#6456 = PCURVE('',#5722,#6457);
#6457 = DEFINITIONAL_REPRESENTATION('',(#6458),#6462);
#6458 = LINE('',#6459,#6460);
#6459 = CARTESIAN_POINT('',(36.,45.3));
#6460 = VECTOR('',#6461,1.);
#6461 = DIRECTION('',(0.,1.));
#6462 = ( GEOMETRIC_REPRESENTATION_CONTEXT(2) 
PARAMETRIC_REPRESENTATION_CONTEXT() REPRESENTATION_CONTEXT('2D SPACE',''
  ) );
#6463 = PCURVE('',#6464,#6469);
#6464 = PLANE('',#6465);
#6465 = AXIS2_PLACEMENT_3D('',#6466,#6467,#6468);
#6466 = CARTESIAN_POINT('',(14.,0.3,64.));
#6467 = DIRECTION('',(1.,0.,0.));
#6468 = DIRECTION('',(0.,0.,1.));
#6469 = DEFINITIONAL_REPRESENTATION('',(#6470),#6474);
#6470 = LINE('',#6471,#6472);
#6471 = CARTESIAN_POINT('',(80.,0.));
#6472 = VECTOR('',#6473,1.);
#6473 = DIRECTION('',(0.,-1.));
#6474 = ( GEOMETRIC_REPRESENTATION_CONTEXT(2) 
PARAMETRIC_REPRESENTATION_CONTEXT() REPRESENTATION_CONTEXT('2D SPACE',''
  ) );
#6475 = ORIENTED_EDGE('',*,*,#6476,.F.);
#6476 = EDGE_CURVE('',#6111,#6449,#6477,.T.);
#6477 = SURFACE_CURVE('',#6478,(#6482,#6489),.PCURVE_S1.);
#6478 = LINE('',#6479,#6480);
#6479 = CARTESIAN_POINT('',(-14.,0.3,144.));
#6480 = VECTOR('',#6481,1.);
#6481 = DIRECTION('',(1.,0.,0.));
#6482 = PCURVE('',#5722,#6483);
#6483 = DEFINITIONAL_REPRESENTATION('',(#6484),#6488);
#6484 = LINE('',#6485,#6486);
#6485 = CARTESIAN_POINT('',(8.,45.3));
#6486 = VECTOR('',#6487,1.);
#6487 = DIRECTION('',(1.,0.));
#6488 = ( GEOMETRIC_REPRESENTATION_CONTEXT(2) 
PARAMETRIC_REPRESENTATION_CONTEXT() REPRESENTATION_CONTEXT('2D SPACE',''
  ) );
#6489 = PCURVE('',#6490,#6495);
#6490 = PLANE('',#6491);
#6491 = AXIS2_PLACEMENT_3D('',#6492,#6493,#6494);
#6492 = CARTESIAN_POINT('',(-14.,0.3,64.));
#6493 = DIRECTION('',(0.,1.,0.));
#6494 = DIRECTION('',(0.,0.,1.));
#6495 = DEFINITIONAL_REPRESENTATION('',(#6496),#6500);
#6496 = LINE('',#6497,#6498);
#6497 = CARTESIAN_POINT('',(80.,0.));
#6498 = VECTOR('',#6499,1.);
#6499 = DIRECTION('',(0.,1.));
#6500 = ( GEOMETRIC_REPRESENTATION_CONTEXT(2) 
PARAMETRIC_REPRESENTATION_CONTEXT() REPRESENTATION_CONTEXT('2D SPACE',''
  ) );
#6501 = FACE_BOUND('',#6502,.F.);
#6502 = EDGE_LOOP('',(#6503,#6532,#6565,#6592));
#6503 = ORIENTED_EDGE('',*,*,#6504,.F.);
#6504 = EDGE_CURVE('',#6505,#6507,#6509,.T.);
#6505 = VERTEX_POINT('',#6506);
#6506 = CARTESIAN_POINT('',(-13.7,37.,144.));
#6507 = VERTEX_POINT('',#6508);
#6508 = CARTESIAN_POINT('',(-13.7,12.,144.));
#6509 = SURFACE_CURVE('',#6510,(#6514,#6521),.PCURVE_S1.);
#6510 = LINE('',#6511,#6512);
#6511 = CARTESIAN_POINT('',(-13.7,-16.5,144.));
#6512 = VECTOR('',#6513,1.);
#6513 = DIRECTION('',(-1.110223024625E-16,-1.,0.));
#6514 = PCURVE('',#5722,#6515);
#6515 = DEFINITIONAL_REPRESENTATION('',(#6516),#6520);
#6516 = LINE('',#6517,#6518);
#6517 = CARTESIAN_POINT('',(8.3,28.5));
#6518 = VECTOR('',#6519,1.);
#6519 = DIRECTION('',(-1.110223024625E-16,-1.));
#6520 = ( GEOMETRIC_REPRESENTATION_CONTEXT(2) 
PARAMETRIC_REPRESENTATION_CONTEXT() REPRESENTATION_CONTEXT('2D SPACE',''
  ) );
#6521 = PCURVE('',#6522,#6527);
#6522 = PLANE('',#6523);
#6523 = AXIS2_PLACEMENT_3D('',#6524,#6525,#6526);
#6524 = CARTESIAN_POINT('',(-13.7,12.,143.));
#6525 = DIRECTION('',(-1.,1.110223024625E-16,0.));
#6526 = DIRECTION('',(1.110223024625E-16,1.,0.));
#6527 = DEFINITIONAL_REPRESENTATION('',(#6528),#6531);
#6528 = B_SPLINE_CURVE_WITH_KNOTS('',1,(#6529,#6530),.UNSPECIFIED.,.F.,
  .F.,(2,2),(-53.5,-28.5),.PIECEWISE_BEZIER_KNOTS.);
#6529 = CARTESIAN_POINT('',(25.,-1.));
#6530 = CARTESIAN_POINT('',(0.,-1.));
#6531 = ( GEOMETRIC_REPRESENTATION_CONTEXT(2) 
PARAMETRIC_REPRESENTATION_CONTEXT() REPRESENTATION_CONTEXT('2D SPACE',''
  ) );
#6532 = ORIENTED_EDGE('',*,*,#6533,.T.);
#6533 = EDGE_CURVE('',#6505,#6534,#6536,.T.);
#6534 = VERTEX_POINT('',#6535);
#6535 = CARTESIAN_POINT('',(-10.3,37.,144.));
#6536 = SURFACE_CURVE('',#6537,(#6542,#6553),.PCURVE_S1.);
#6537 = CIRCLE('',#6538,1.7);
#6538 = AXIS2_PLACEMENT_3D('',#6539,#6540,#6541);
#6539 = CARTESIAN_POINT('',(-12.,37.,144.));
#6540 = DIRECTION('',(0.,0.,-1.));
#6541 = DIRECTION('',(-1.,1.110223024625E-16,0.));
#6542 = PCURVE('',#5722,#6543);
#6543 = DEFINITIONAL_REPRESENTATION('',(#6544),#6552);
#6544 = ( BOUNDED_CURVE() B_SPLINE_CURVE(2,(#6545,#6546,#6547,#6548,
#6549,#6550,#6551),.UNSPECIFIED.,.T.,.F.) B_SPLINE_CURVE_WITH_KNOTS((1,2
    ,2,2,2,1),(-2.094395102393,0.,2.094395102393,4.188790204786,
6.28318530718,8.377580409573),.UNSPECIFIED.) CURVE() 
GEOMETRIC_REPRESENTATION_ITEM() RATIONAL_B_SPLINE_CURVE((1.,0.5,1.,0.5,
1.,0.5,1.)) REPRESENTATION_ITEM('') );
#6545 = CARTESIAN_POINT('',(8.3,82.));
#6546 = CARTESIAN_POINT('',(8.3,84.944486372867));
#6547 = CARTESIAN_POINT('',(10.85,83.472243186434));
#6548 = CARTESIAN_POINT('',(13.4,82.));
#6549 = CARTESIAN_POINT('',(10.85,80.527756813566));
#6550 = CARTESIAN_POINT('',(8.3,79.055513627133));
#6551 = CARTESIAN_POINT('',(8.3,82.));
#6552 = ( GEOMETRIC_REPRESENTATION_CONTEXT(2) 
PARAMETRIC_REPRESENTATION_CONTEXT() REPRESENTATION_CONTEXT('2D SPACE',''
  ) );
#6553 = PCURVE('',#6554,#6559);
#6554 = CYLINDRICAL_SURFACE('',#6555,1.7);
#6555 = AXIS2_PLACEMENT_3D('',#6556,#6557,#6558);
#6556 = CARTESIAN_POINT('',(-12.,37.,143.));
#6557 = DIRECTION('',(0.,0.,-1.));
#6558 = DIRECTION('',(-1.,1.110223024625E-16,0.));
#6559 = DEFINITIONAL_REPRESENTATION('',(#6560),#6564);
#6560 = LINE('',#6561,#6562);
#6561 = CARTESIAN_POINT('',(0.,-1.));
#6562 = VECTOR('',#6563,1.);
#6563 = DIRECTION('',(1.,0.));
#6564 = ( GEOMETRIC_REPRESENTATION_CONTEXT(2) 
PARAMETRIC_REPRESENTATION_CONTEXT() REPRESENTATION_CONTEXT('2D SPACE',''
  ) );
#6565 = ORIENTED_EDGE('',*,*,#6566,.F.);
#6566 = EDGE_CURVE('',#6567,#6534,#6569,.T.);
#6567 = VERTEX_POINT('',#6568);
#6568 = CARTESIAN_POINT('',(-10.3,12.,144.));
#6569 = SURFACE_CURVE('',#6570,(#6574,#6581),.PCURVE_S1.);
#6570 = LINE('',#6571,#6572);
#6571 = CARTESIAN_POINT('',(-10.3,-4.,144.));
#6572 = VECTOR('',#6573,1.);
#6573 = DIRECTION('',(1.110223024625E-16,1.,-0.));
#6574 = PCURVE('',#5722,#6575);
#6575 = DEFINITIONAL_REPRESENTATION('',(#6576),#6580);
#6576 = LINE('',#6577,#6578);
#6577 = CARTESIAN_POINT('',(11.7,41.));
#6578 = VECTOR('',#6579,1.);
#6579 = DIRECTION('',(1.110223024625E-16,1.));
#6580 = ( GEOMETRIC_REPRESENTATION_CONTEXT(2) 
PARAMETRIC_REPRESENTATION_CONTEXT() REPRESENTATION_CONTEXT('2D SPACE',''
  ) );
#6581 = PCURVE('',#6582,#6587);
#6582 = PLANE('',#6583);
#6583 = AXIS2_PLACEMENT_3D('',#6584,#6585,#6586);
#6584 = CARTESIAN_POINT('',(-10.3,37.,143.));
#6585 = DIRECTION('',(1.,-1.110223024625E-16,0.));
#6586 = DIRECTION('',(-1.110223024625E-16,-1.,0.));
#6587 = DEFINITIONAL_REPRESENTATION('',(#6588),#6591);
#6588 = B_SPLINE_CURVE_WITH_KNOTS('',1,(#6589,#6590),.UNSPECIFIED.,.F.,
  .F.,(2,2),(16.,41.),.PIECEWISE_BEZIER_KNOTS.);
#6589 = CARTESIAN_POINT('',(25.,-1.));
#6590 = CARTESIAN_POINT('',(0.,-1.));
#6591 = ( GEOMETRIC_REPRESENTATION_CONTEXT(2) 
PARAMETRIC_REPRESENTATION_CONTEXT() REPRESENTATION_CONTEXT('2D SPACE',''
  ) );
#6592 = ORIENTED_EDGE('',*,*,#6593,.F.);
#6593 = EDGE_CURVE('',#6507,#6567,#6594,.T.);
#6594 = SURFACE_CURVE('',#6595,(#6600,#6607),.PCURVE_S1.);
#6595 = CIRCLE('',#6596,1.7);
#6596 = AXIS2_PLACEMENT_3D('',#6597,#6598,#6599);
#6597 = CARTESIAN_POINT('',(-12.,12.,144.));
#6598 = DIRECTION('',(0.,0.,1.));
#6599 = DIRECTION('',(-1.,0.,0.));
#6600 = PCURVE('',#5722,#6601);
#6601 = DEFINITIONAL_REPRESENTATION('',(#6602),#6606);
#6602 = CIRCLE('',#6603,1.7);
#6603 = AXIS2_PLACEMENT_2D('',#6604,#6605);
#6604 = CARTESIAN_POINT('',(10.,57.));
#6605 = DIRECTION('',(-1.,0.));
#6606 = ( GEOMETRIC_REPRESENTATION_CONTEXT(2) 
PARAMETRIC_REPRESENTATION_CONTEXT() REPRESENTATION_CONTEXT('2D SPACE',''
  ) );
#6607 = PCURVE('',#6608,#6613);
#6608 = CYLINDRICAL_SURFACE('',#6609,1.7);
#6609 = AXIS2_PLACEMENT_3D('',#6610,#6611,#6612);
#6610 = CARTESIAN_POINT('',(-12.,12.,143.));
#6611 = DIRECTION('',(0.,-0.,-1.));
#6612 = DIRECTION('',(1.,-1.110223024625E-16,0.));
#6613 = DEFINITIONAL_REPRESENTATION('',(#6614),#6618);
#6614 = LINE('',#6615,#6616);
#6615 = CARTESIAN_POINT('',(3.14159265359,-1.));
#6616 = VECTOR('',#6617,1.);
#6617 = DIRECTION('',(-1.,-0.));
#6618 = ( GEOMETRIC_REPRESENTATION_CONTEXT(2) 
PARAMETRIC_REPRESENTATION_CONTEXT() REPRESENTATION_CONTEXT('2D SPACE',''
  ) );
#6619 = FACE_BOUND('',#6620,.F.);
#6620 = EDGE_LOOP('',(#6621,#6652,#6679,#6712));
#6621 = ORIENTED_EDGE('',*,*,#6622,.F.);
#6622 = EDGE_CURVE('',#6623,#6625,#6627,.T.);
#6623 = VERTEX_POINT('',#6624);
#6624 = CARTESIAN_POINT('',(10.3,12.,144.));
#6625 = VERTEX_POINT('',#6626);
#6626 = CARTESIAN_POINT('',(13.7,12.,144.));
#6627 = SURFACE_CURVE('',#6628,(#6633,#6640),.PCURVE_S1.);
#6628 = CIRCLE('',#6629,1.7);
#6629 = AXIS2_PLACEMENT_3D('',#6630,#6631,#6632);
#6630 = CARTESIAN_POINT('',(12.,12.,144.));
#6631 = DIRECTION('',(0.,0.,1.));
#6632 = DIRECTION('',(-1.,0.,0.));
#6633 = PCURVE('',#5722,#6634);
#6634 = DEFINITIONAL_REPRESENTATION('',(#6635),#6639);
#6635 = CIRCLE('',#6636,1.7);
#6636 = AXIS2_PLACEMENT_2D('',#6637,#6638);
#6637 = CARTESIAN_POINT('',(34.,57.));
#6638 = DIRECTION('',(-1.,0.));
#6639 = ( GEOMETRIC_REPRESENTATION_CONTEXT(2) 
PARAMETRIC_REPRESENTATION_CONTEXT() REPRESENTATION_CONTEXT('2D SPACE',''
  ) );
#6640 = PCURVE('',#6641,#6646);
#6641 = CYLINDRICAL_SURFACE('',#6642,1.7);
#6642 = AXIS2_PLACEMENT_3D('',#6643,#6644,#6645);
#6643 = CARTESIAN_POINT('',(12.,12.,143.));
#6644 = DIRECTION('',(0.,-0.,-1.));
#6645 = DIRECTION('',(1.,-1.110223024625E-16,0.));
#6646 = DEFINITIONAL_REPRESENTATION('',(#6647),#6651);
#6647 = LINE('',#6648,#6649);
#6648 = CARTESIAN_POINT('',(3.14159265359,-1.));
#6649 = VECTOR('',#6650,1.);
#6650 = DIRECTION('',(-1.,-0.));
#6651 = ( GEOMETRIC_REPRESENTATION_CONTEXT(2) 
PARAMETRIC_REPRESENTATION_CONTEXT() REPRESENTATION_CONTEXT('2D SPACE',''
  ) );
#6652 = ORIENTED_EDGE('',*,*,#6653,.F.);
#6653 = EDGE_CURVE('',#6654,#6623,#6656,.T.);
#6654 = VERTEX_POINT('',#6655);
#6655 = CARTESIAN_POINT('',(10.3,37.,144.));
#6656 = SURFACE_CURVE('',#6657,(#6661,#6668),.PCURVE_S1.);
#6657 = LINE('',#6658,#6659);
#6658 = CARTESIAN_POINT('',(10.3,-16.5,144.));
#6659 = VECTOR('',#6660,1.);
#6660 = DIRECTION('',(-1.110223024625E-16,-1.,0.));
#6661 = PCURVE('',#5722,#6662);
#6662 = DEFINITIONAL_REPRESENTATION('',(#6663),#6667);
#6663 = LINE('',#6664,#6665);
#6664 = CARTESIAN_POINT('',(32.3,28.5));
#6665 = VECTOR('',#6666,1.);
#6666 = DIRECTION('',(-1.110223024625E-16,-1.));
#6667 = ( GEOMETRIC_REPRESENTATION_CONTEXT(2) 
PARAMETRIC_REPRESENTATION_CONTEXT() REPRESENTATION_CONTEXT('2D SPACE',''
  ) );
#6668 = PCURVE('',#6669,#6674);
#6669 = PLANE('',#6670);
#6670 = AXIS2_PLACEMENT_3D('',#6671,#6672,#6673);
#6671 = CARTESIAN_POINT('',(10.3,12.,143.));
#6672 = DIRECTION('',(-1.,1.110223024625E-16,0.));
#6673 = DIRECTION('',(1.110223024625E-16,1.,0.));
#6674 = DEFINITIONAL_REPRESENTATION('',(#6675),#6678);
#6675 = B_SPLINE_CURVE_WITH_KNOTS('',1,(#6676,#6677),.UNSPECIFIED.,.F.,
  .F.,(2,2),(-53.5,-28.5),.PIECEWISE_BEZIER_KNOTS.);
#6676 = CARTESIAN_POINT('',(25.,-1.));
#6677 = CARTESIAN_POINT('',(0.,-1.));
#6678 = ( GEOMETRIC_REPRESENTATION_CONTEXT(2) 
PARAMETRIC_REPRESENTATION_CONTEXT() REPRESENTATION_CONTEXT('2D SPACE',''
  ) );
#6679 = ORIENTED_EDGE('',*,*,#6680,.T.);
#6680 = EDGE_CURVE('',#6654,#6681,#6683,.T.);
#6681 = VERTEX_POINT('',#6682);
#6682 = CARTESIAN_POINT('',(13.7,37.,144.));
#6683 = SURFACE_CURVE('',#6684,(#6689,#6700),.PCURVE_S1.);
#6684 = CIRCLE('',#6685,1.7);
#6685 = AXIS2_PLACEMENT_3D('',#6686,#6687,#6688);
#6686 = CARTESIAN_POINT('',(12.,37.,144.));
#6687 = DIRECTION('',(0.,0.,-1.));
#6688 = DIRECTION('',(-1.,1.110223024625E-16,0.));
#6689 = PCURVE('',#5722,#6690);
#6690 = DEFINITIONAL_REPRESENTATION('',(#6691),#6699);
#6691 = ( BOUNDED_CURVE() B_SPLINE_CURVE(2,(#6692,#6693,#6694,#6695,
#6696,#6697,#6698),.UNSPECIFIED.,.T.,.F.) B_SPLINE_CURVE_WITH_KNOTS((1,2
    ,2,2,2,1),(-2.094395102393,0.,2.094395102393,4.188790204786,
6.28318530718,8.377580409573),.UNSPECIFIED.) CURVE() 
GEOMETRIC_REPRESENTATION_ITEM() RATIONAL_B_SPLINE_CURVE((1.,0.5,1.,0.5,
1.,0.5,1.)) REPRESENTATION_ITEM('') );
#6692 = CARTESIAN_POINT('',(32.3,82.));
#6693 = CARTESIAN_POINT('',(32.3,84.944486372867));
#6694 = CARTESIAN_POINT('',(34.85,83.472243186434));
#6695 = CARTESIAN_POINT('',(37.4,82.));
#6696 = CARTESIAN_POINT('',(34.85,80.527756813566));
#6697 = CARTESIAN_POINT('',(32.3,79.055513627133));
#6698 = CARTESIAN_POINT('',(32.3,82.));
#6699 = ( GEOMETRIC_REPRESENTATION_CONTEXT(2) 
PARAMETRIC_REPRESENTATION_CONTEXT() REPRESENTATION_CONTEXT('2D SPACE',''
  ) );
#6700 = PCURVE('',#6701,#6706);
#6701 = CYLINDRICAL_SURFACE('',#6702,1.7);
#6702 = AXIS2_PLACEMENT_3D('',#6703,#6704,#6705);
#6703 = CARTESIAN_POINT('',(12.,37.,143.));
#6704 = DIRECTION('',(0.,0.,-1.));
#6705 = DIRECTION('',(-1.,1.110223024625E-16,0.));
#6706 = DEFINITIONAL_REPRESENTATION('',(#6707),#6711);
#6707 = LINE('',#6708,#6709);
#6708 = CARTESIAN_POINT('',(0.,-1.));
#6709 = VECTOR('',#6710,1.);
#6710 = DIRECTION('',(1.,0.));
#6711 = ( GEOMETRIC_REPRESENTATION_CONTEXT(2) 
PARAMETRIC_REPRESENTATION_CONTEXT() REPRESENTATION_CONTEXT('2D SPACE',''
  ) );
#6712 = ORIENTED_EDGE('',*,*,#6713,.F.);
#6713 = EDGE_CURVE('',#6625,#6681,#6714,.T.);
#6714 = SURFACE_CURVE('',#6715,(#6719,#6726),.PCURVE_S1.);
#6715 = LINE('',#6716,#6717);
#6716 = CARTESIAN_POINT('',(13.7,-4.,144.));
#6717 = VECTOR('',#6718,1.);
#6718 = DIRECTION('',(1.110223024625E-16,1.,-0.));
#6719 = PCURVE('',#5722,#6720);
#6720 = DEFINITIONAL_REPRESENTATION('',(#6721),#6725);
#6721 = LINE('',#6722,#6723);
#6722 = CARTESIAN_POINT('',(35.7,41.));
#6723 = VECTOR('',#6724,1.);
#6724 = DIRECTION('',(1.110223024625E-16,1.));
#6725 = ( GEOMETRIC_REPRESENTATION_CONTEXT(2) 
PARAMETRIC_REPRESENTATION_CONTEXT() REPRESENTATION_CONTEXT('2D SPACE',''
  ) );
#6726 = PCURVE('',#6727,#6732);
#6727 = PLANE('',#6728);
#6728 = AXIS2_PLACEMENT_3D('',#6729,#6730,#6731);
#6729 = CARTESIAN_POINT('',(13.7,37.,143.));
#6730 = DIRECTION('',(1.,-1.110223024625E-16,0.));
#6731 = DIRECTION('',(-1.110223024625E-16,-1.,0.));
#6732 = DEFINITIONAL_REPRESENTATION('',(#6733),#6736);
#6733 = B_SPLINE_CURVE_WITH_KNOTS('',1,(#6734,#6735),.UNSPECIFIED.,.F.,
  .F.,(2,2),(16.,41.),.PIECEWISE_BEZIER_KNOTS.);
#6734 = CARTESIAN_POINT('',(25.,-1.));
#6735 = CARTESIAN_POINT('',(0.,-1.));
#6736 = ( GEOMETRIC_REPRESENTATION_CONTEXT(2) 
PARAMETRIC_REPRESENTATION_CONTEXT() REPRESENTATION_CONTEXT('2D SPACE',''
  ) );
#6737 = ADVANCED_FACE('',(#6738),#6727,.F.);
#6738 = FACE_BOUND('',#6739,.F.);
#6739 = EDGE_LOOP('',(#6740,#6741,#6764,#6785));
#6740 = ORIENTED_EDGE('',*,*,#6713,.T.);
#6741 = ORIENTED_EDGE('',*,*,#6742,.T.);
#6742 = EDGE_CURVE('',#6681,#6743,#6745,.T.);
#6743 = VERTEX_POINT('',#6744);
#6744 = CARTESIAN_POINT('',(13.7,37.,150.));
#6745 = SURFACE_CURVE('',#6746,(#6750,#6757),.PCURVE_S1.);
#6746 = LINE('',#6747,#6748);
#6747 = CARTESIAN_POINT('',(13.7,37.,143.));
#6748 = VECTOR('',#6749,1.);
#6749 = DIRECTION('',(0.,0.,1.));
#6750 = PCURVE('',#6727,#6751);
#6751 = DEFINITIONAL_REPRESENTATION('',(#6752),#6756);
#6752 = LINE('',#6753,#6754);
#6753 = CARTESIAN_POINT('',(0.,0.));
#6754 = VECTOR('',#6755,1.);
#6755 = DIRECTION('',(0.,-1.));
#6756 = ( GEOMETRIC_REPRESENTATION_CONTEXT(2) 
PARAMETRIC_REPRESENTATION_CONTEXT() REPRESENTATION_CONTEXT('2D SPACE',''
  ) );
#6757 = PCURVE('',#6701,#6758);
#6758 = DEFINITIONAL_REPRESENTATION('',(#6759),#6763);
#6759 = LINE('',#6760,#6761);
#6760 = CARTESIAN_POINT('',(3.14159265359,0.));
#6761 = VECTOR('',#6762,1.);
#6762 = DIRECTION('',(0.,-1.));
#6763 = ( GEOMETRIC_REPRESENTATION_CONTEXT(2) 
PARAMETRIC_REPRESENTATION_CONTEXT() REPRESENTATION_CONTEXT('2D SPACE',''
  ) );
#6764 = ORIENTED_EDGE('',*,*,#6765,.F.);
#6765 = EDGE_CURVE('',#6766,#6743,#6768,.T.);
#6766 = VERTEX_POINT('',#6767);
#6767 = CARTESIAN_POINT('',(13.7,12.,150.));
#6768 = SURFACE_CURVE('',#6769,(#6773,#6779),.PCURVE_S1.);
#6769 = LINE('',#6770,#6771);
#6770 = CARTESIAN_POINT('',(13.7,-4.,150.));
#6771 = VECTOR('',#6772,1.);
#6772 = DIRECTION('',(1.110223024625E-16,1.,-0.));
#6773 = PCURVE('',#6727,#6774);
#6774 = DEFINITIONAL_REPRESENTATION('',(#6775),#6778);
#6775 = B_SPLINE_CURVE_WITH_KNOTS('',1,(#6776,#6777),.UNSPECIFIED.,.F.,
  .F.,(2,2),(16.,41.),.PIECEWISE_BEZIER_KNOTS.);
#6776 = CARTESIAN_POINT('',(25.,-7.));
#6777 = CARTESIAN_POINT('',(0.,-7.));
#6778 = ( GEOMETRIC_REPRESENTATION_CONTEXT(2) 
PARAMETRIC_REPRESENTATION_CONTEXT() REPRESENTATION_CONTEXT('2D SPACE',''
  ) );
#6779 = PCURVE('',#5776,#6780);
#6780 = DEFINITIONAL_REPRESENTATION('',(#6781),#6784);
#6781 = B_SPLINE_CURVE_WITH_KNOTS('',1,(#6782,#6783),.UNSPECIFIED.,.F.,
  .F.,(2,2),(16.,41.),.PIECEWISE_BEZIER_KNOTS.);
#6782 = CARTESIAN_POINT('',(35.7,57.));
#6783 = CARTESIAN_POINT('',(35.7,82.));
#6784 = ( GEOMETRIC_REPRESENTATION_CONTEXT(2) 
PARAMETRIC_REPRESENTATION_CONTEXT() REPRESENTATION_CONTEXT('2D SPACE',''
  ) );
#6785 = ORIENTED_EDGE('',*,*,#6786,.F.);
#6786 = EDGE_CURVE('',#6625,#6766,#6787,.T.);
#6787 = SURFACE_CURVE('',#6788,(#6792,#6799),.PCURVE_S1.);
#6788 = LINE('',#6789,#6790);
#6789 = CARTESIAN_POINT('',(13.7,12.,143.));
#6790 = VECTOR('',#6791,1.);
#6791 = DIRECTION('',(0.,0.,1.));
#6792 = PCURVE('',#6727,#6793);
#6793 = DEFINITIONAL_REPRESENTATION('',(#6794),#6798);
#6794 = LINE('',#6795,#6796);
#6795 = CARTESIAN_POINT('',(25.,0.));
#6796 = VECTOR('',#6797,1.);
#6797 = DIRECTION('',(0.,-1.));
#6798 = ( GEOMETRIC_REPRESENTATION_CONTEXT(2) 
PARAMETRIC_REPRESENTATION_CONTEXT() REPRESENTATION_CONTEXT('2D SPACE',''
  ) );
#6799 = PCURVE('',#6641,#6800);
#6800 = DEFINITIONAL_REPRESENTATION('',(#6801),#6805);
#6801 = LINE('',#6802,#6803);
#6802 = CARTESIAN_POINT('',(0.,0.));
#6803 = VECTOR('',#6804,1.);
#6804 = DIRECTION('',(0.,-1.));
#6805 = ( GEOMETRIC_REPRESENTATION_CONTEXT(2) 
PARAMETRIC_REPRESENTATION_CONTEXT() REPRESENTATION_CONTEXT('2D SPACE',''
  ) );
#6806 = ADVANCED_FACE('',(#6807),#6701,.F.);
#6807 = FACE_BOUND('',#6808,.F.);
#6808 = EDGE_LOOP('',(#6809,#6810,#6833,#6859));
#6809 = ORIENTED_EDGE('',*,*,#6680,.F.);
#6810 = ORIENTED_EDGE('',*,*,#6811,.T.);
#6811 = EDGE_CURVE('',#6654,#6812,#6814,.T.);
#6812 = VERTEX_POINT('',#6813);
#6813 = CARTESIAN_POINT('',(10.3,37.,150.));
#6814 = SURFACE_CURVE('',#6815,(#6819,#6826),.PCURVE_S1.);
#6815 = LINE('',#6816,#6817);
#6816 = CARTESIAN_POINT('',(10.3,37.,143.));
#6817 = VECTOR('',#6818,1.);
#6818 = DIRECTION('',(0.,0.,1.));
#6819 = PCURVE('',#6701,#6820);
#6820 = DEFINITIONAL_REPRESENTATION('',(#6821),#6825);
#6821 = LINE('',#6822,#6823);
#6822 = CARTESIAN_POINT('',(0.,0.));
#6823 = VECTOR('',#6824,1.);
#6824 = DIRECTION('',(0.,-1.));
#6825 = ( GEOMETRIC_REPRESENTATION_CONTEXT(2) 
PARAMETRIC_REPRESENTATION_CONTEXT() REPRESENTATION_CONTEXT('2D SPACE',''
  ) );
#6826 = PCURVE('',#6669,#6827);
#6827 = DEFINITIONAL_REPRESENTATION('',(#6828),#6832);
#6828 = LINE('',#6829,#6830);
#6829 = CARTESIAN_POINT('',(25.,0.));
#6830 = VECTOR('',#6831,1.);
#6831 = DIRECTION('',(0.,-1.));
#6832 = ( GEOMETRIC_REPRESENTATION_CONTEXT(2) 
PARAMETRIC_REPRESENTATION_CONTEXT() REPRESENTATION_CONTEXT('2D SPACE',''
  ) );
#6833 = ORIENTED_EDGE('',*,*,#6834,.T.);
#6834 = EDGE_CURVE('',#6812,#6743,#6835,.T.);
#6835 = SURFACE_CURVE('',#6836,(#6841,#6848),.PCURVE_S1.);
#6836 = CIRCLE('',#6837,1.7);
#6837 = AXIS2_PLACEMENT_3D('',#6838,#6839,#6840);
#6838 = CARTESIAN_POINT('',(12.,37.,150.));
#6839 = DIRECTION('',(0.,0.,-1.));
#6840 = DIRECTION('',(-1.,1.110223024625E-16,0.));
#6841 = PCURVE('',#6701,#6842);
#6842 = DEFINITIONAL_REPRESENTATION('',(#6843),#6847);
#6843 = LINE('',#6844,#6845);
#6844 = CARTESIAN_POINT('',(0.,-7.));
#6845 = VECTOR('',#6846,1.);
#6846 = DIRECTION('',(1.,0.));
#6847 = ( GEOMETRIC_REPRESENTATION_CONTEXT(2) 
PARAMETRIC_REPRESENTATION_CONTEXT() REPRESENTATION_CONTEXT('2D SPACE',''
  ) );
#6848 = PCURVE('',#5776,#6849);
#6849 = DEFINITIONAL_REPRESENTATION('',(#6850),#6858);
#6850 = ( BOUNDED_CURVE() B_SPLINE_CURVE(2,(#6851,#6852,#6853,#6854,
#6855,#6856,#6857),.UNSPECIFIED.,.T.,.F.) B_SPLINE_CURVE_WITH_KNOTS((1,2
    ,2,2,2,1),(-2.094395102393,0.,2.094395102393,4.188790204786,
6.28318530718,8.377580409573),.UNSPECIFIED.) CURVE() 
GEOMETRIC_REPRESENTATION_ITEM() RATIONAL_B_SPLINE_CURVE((1.,0.5,1.,0.5,
1.,0.5,1.)) REPRESENTATION_ITEM('') );
#6851 = CARTESIAN_POINT('',(32.3,82.));
#6852 = CARTESIAN_POINT('',(32.3,84.944486372867));
#6853 = CARTESIAN_POINT('',(34.85,83.472243186434));
#6854 = CARTESIAN_POINT('',(37.4,82.));
#6855 = CARTESIAN_POINT('',(34.85,80.527756813566));
#6856 = CARTESIAN_POINT('',(32.3,79.055513627133));
#6857 = CARTESIAN_POINT('',(32.3,82.));
#6858 = ( GEOMETRIC_REPRESENTATION_CONTEXT(2) 
PARAMETRIC_REPRESENTATION_CONTEXT() REPRESENTATION_CONTEXT('2D SPACE',''
  ) );
#6859 = ORIENTED_EDGE('',*,*,#6742,.F.);
#6860 = ADVANCED_FACE('',(#6861),#6669,.F.);
#6861 = FACE_BOUND('',#6862,.F.);
#6862 = EDGE_LOOP('',(#6863,#6864,#6887,#6906));
#6863 = ORIENTED_EDGE('',*,*,#6653,.T.);
#6864 = ORIENTED_EDGE('',*,*,#6865,.T.);
#6865 = EDGE_CURVE('',#6623,#6866,#6868,.T.);
#6866 = VERTEX_POINT('',#6867);
#6867 = CARTESIAN_POINT('',(10.3,12.,150.));
#6868 = SURFACE_CURVE('',#6869,(#6873,#6880),.PCURVE_S1.);
#6869 = LINE('',#6870,#6871);
#6870 = CARTESIAN_POINT('',(10.3,12.,143.));
#6871 = VECTOR('',#6872,1.);
#6872 = DIRECTION('',(0.,0.,1.));
#6873 = PCURVE('',#6669,#6874);
#6874 = DEFINITIONAL_REPRESENTATION('',(#6875),#6879);
#6875 = LINE('',#6876,#6877);
#6876 = CARTESIAN_POINT('',(0.,0.));
#6877 = VECTOR('',#6878,1.);
#6878 = DIRECTION('',(0.,-1.));
#6879 = ( GEOMETRIC_REPRESENTATION_CONTEXT(2) 
PARAMETRIC_REPRESENTATION_CONTEXT() REPRESENTATION_CONTEXT('2D SPACE',''
  ) );
#6880 = PCURVE('',#6641,#6881);
#6881 = DEFINITIONAL_REPRESENTATION('',(#6882),#6886);
#6882 = LINE('',#6883,#6884);
#6883 = CARTESIAN_POINT('',(3.14159265359,0.));
#6884 = VECTOR('',#6885,1.);
#6885 = DIRECTION('',(0.,-1.));
#6886 = ( GEOMETRIC_REPRESENTATION_CONTEXT(2) 
PARAMETRIC_REPRESENTATION_CONTEXT() REPRESENTATION_CONTEXT('2D SPACE',''
  ) );
#6887 = ORIENTED_EDGE('',*,*,#6888,.F.);
#6888 = EDGE_CURVE('',#6812,#6866,#6889,.T.);
#6889 = SURFACE_CURVE('',#6890,(#6894,#6900),.PCURVE_S1.);
#6890 = LINE('',#6891,#6892);
#6891 = CARTESIAN_POINT('',(10.3,-16.5,150.));
#6892 = VECTOR('',#6893,1.);
#6893 = DIRECTION('',(-1.110223024625E-16,-1.,0.));
#6894 = PCURVE('',#6669,#6895);
#6895 = DEFINITIONAL_REPRESENTATION('',(#6896),#6899);
#6896 = B_SPLINE_CURVE_WITH_KNOTS('',1,(#6897,#6898),.UNSPECIFIED.,.F.,
  .F.,(2,2),(-53.5,-28.5),.PIECEWISE_BEZIER_KNOTS.);
#6897 = CARTESIAN_POINT('',(25.,-7.));
#6898 = CARTESIAN_POINT('',(0.,-7.));
#6899 = ( GEOMETRIC_REPRESENTATION_CONTEXT(2) 
PARAMETRIC_REPRESENTATION_CONTEXT() REPRESENTATION_CONTEXT('2D SPACE',''
  ) );
#6900 = PCURVE('',#5776,#6901);
#6901 = DEFINITIONAL_REPRESENTATION('',(#6902),#6905);
#6902 = B_SPLINE_CURVE_WITH_KNOTS('',1,(#6903,#6904),.UNSPECIFIED.,.F.,
  .F.,(2,2),(-53.5,-28.5),.PIECEWISE_BEZIER_KNOTS.);
#6903 = CARTESIAN_POINT('',(32.3,82.));
#6904 = CARTESIAN_POINT('',(32.3,57.));
#6905 = ( GEOMETRIC_REPRESENTATION_CONTEXT(2) 
PARAMETRIC_REPRESENTATION_CONTEXT() REPRESENTATION_CONTEXT('2D SPACE',''
  ) );
#6906 = ORIENTED_EDGE('',*,*,#6811,.F.);
#6907 = ADVANCED_FACE('',(#6908),#6641,.F.);
#6908 = FACE_BOUND('',#6909,.F.);
#6909 = EDGE_LOOP('',(#6910,#6911,#6912,#6938));
#6910 = ORIENTED_EDGE('',*,*,#6622,.T.);
#6911 = ORIENTED_EDGE('',*,*,#6786,.T.);
#6912 = ORIENTED_EDGE('',*,*,#6913,.T.);
#6913 = EDGE_CURVE('',#6766,#6866,#6914,.T.);
#6914 = SURFACE_CURVE('',#6915,(#6920,#6927),.PCURVE_S1.);
#6915 = CIRCLE('',#6916,1.7);
#6916 = AXIS2_PLACEMENT_3D('',#6917,#6918,#6919);
#6917 = CARTESIAN_POINT('',(12.,12.,150.));
#6918 = DIRECTION('',(0.,-0.,-1.));
#6919 = DIRECTION('',(1.,-1.110223024625E-16,0.));
#6920 = PCURVE('',#6641,#6921);
#6921 = DEFINITIONAL_REPRESENTATION('',(#6922),#6926);
#6922 = LINE('',#6923,#6924);
#6923 = CARTESIAN_POINT('',(0.,-7.));
#6924 = VECTOR('',#6925,1.);
#6925 = DIRECTION('',(1.,0.));
#6926 = ( GEOMETRIC_REPRESENTATION_CONTEXT(2) 
PARAMETRIC_REPRESENTATION_CONTEXT() REPRESENTATION_CONTEXT('2D SPACE',''
  ) );
#6927 = PCURVE('',#5776,#6928);
#6928 = DEFINITIONAL_REPRESENTATION('',(#6929),#6937);
#6929 = ( BOUNDED_CURVE() B_SPLINE_CURVE(2,(#6930,#6931,#6932,#6933,
#6934,#6935,#6936),.UNSPECIFIED.,.T.,.F.) B_SPLINE_CURVE_WITH_KNOTS((1,2
    ,2,2,2,1),(-2.094395102393,0.,2.094395102393,4.188790204786,
6.28318530718,8.377580409573),.UNSPECIFIED.) CURVE() 
GEOMETRIC_REPRESENTATION_ITEM() RATIONAL_B_SPLINE_CURVE((1.,0.5,1.,0.5,
1.,0.5,1.)) REPRESENTATION_ITEM('') );
#6930 = CARTESIAN_POINT('',(35.7,57.));
#6931 = CARTESIAN_POINT('',(35.7,54.055513627133));
#6932 = CARTESIAN_POINT('',(33.15,55.527756813566));
#6933 = CARTESIAN_POINT('',(30.6,57.));
#6934 = CARTESIAN_POINT('',(33.15,58.472243186434));
#6935 = CARTESIAN_POINT('',(35.7,59.944486372867));
#6936 = CARTESIAN_POINT('',(35.7,57.));
#6937 = ( GEOMETRIC_REPRESENTATION_CONTEXT(2) 
PARAMETRIC_REPRESENTATION_CONTEXT() REPRESENTATION_CONTEXT('2D SPACE',''
  ) );
#6938 = ORIENTED_EDGE('',*,*,#6865,.F.);
#6939 = ADVANCED_FACE('',(#6940),#6608,.F.);
#6940 = FACE_BOUND('',#6941,.F.);
#6941 = EDGE_LOOP('',(#6942,#6943,#6966,#6994));
#6942 = ORIENTED_EDGE('',*,*,#6593,.T.);
#6943 = ORIENTED_EDGE('',*,*,#6944,.T.);
#6944 = EDGE_CURVE('',#6567,#6945,#6947,.T.);
#6945 = VERTEX_POINT('',#6946);
#6946 = CARTESIAN_POINT('',(-10.3,12.,150.));
#6947 = SURFACE_CURVE('',#6948,(#6952,#6959),.PCURVE_S1.);
#6948 = LINE('',#6949,#6950);
#6949 = CARTESIAN_POINT('',(-10.3,12.,143.));
#6950 = VECTOR('',#6951,1.);
#6951 = DIRECTION('',(0.,0.,1.));
#6952 = PCURVE('',#6608,#6953);
#6953 = DEFINITIONAL_REPRESENTATION('',(#6954),#6958);
#6954 = LINE('',#6955,#6956);
#6955 = CARTESIAN_POINT('',(0.,0.));
#6956 = VECTOR('',#6957,1.);
#6957 = DIRECTION('',(0.,-1.));
#6958 = ( GEOMETRIC_REPRESENTATION_CONTEXT(2) 
PARAMETRIC_REPRESENTATION_CONTEXT() REPRESENTATION_CONTEXT('2D SPACE',''
  ) );
#6959 = PCURVE('',#6582,#6960);
#6960 = DEFINITIONAL_REPRESENTATION('',(#6961),#6965);
#6961 = LINE('',#6962,#6963);
#6962 = CARTESIAN_POINT('',(25.,0.));
#6963 = VECTOR('',#6964,1.);
#6964 = DIRECTION('',(0.,-1.));
#6965 = ( GEOMETRIC_REPRESENTATION_CONTEXT(2) 
PARAMETRIC_REPRESENTATION_CONTEXT() REPRESENTATION_CONTEXT('2D SPACE',''
  ) );
#6966 = ORIENTED_EDGE('',*,*,#6967,.T.);
#6967 = EDGE_CURVE('',#6945,#6968,#6970,.T.);
#6968 = VERTEX_POINT('',#6969);
#6969 = CARTESIAN_POINT('',(-13.7,12.,150.));
#6970 = SURFACE_CURVE('',#6971,(#6976,#6983),.PCURVE_S1.);
#6971 = CIRCLE('',#6972,1.7);
#6972 = AXIS2_PLACEMENT_3D('',#6973,#6974,#6975);
#6973 = CARTESIAN_POINT('',(-12.,12.,150.));
#6974 = DIRECTION('',(0.,-0.,-1.));
#6975 = DIRECTION('',(1.,-1.110223024625E-16,0.));
#6976 = PCURVE('',#6608,#6977);
#6977 = DEFINITIONAL_REPRESENTATION('',(#6978),#6982);
#6978 = LINE('',#6979,#6980);
#6979 = CARTESIAN_POINT('',(0.,-7.));
#6980 = VECTOR('',#6981,1.);
#6981 = DIRECTION('',(1.,0.));
#6982 = ( GEOMETRIC_REPRESENTATION_CONTEXT(2) 
PARAMETRIC_REPRESENTATION_CONTEXT() REPRESENTATION_CONTEXT('2D SPACE',''
  ) );
#6983 = PCURVE('',#5776,#6984);
#6984 = DEFINITIONAL_REPRESENTATION('',(#6985),#6993);
#6985 = ( BOUNDED_CURVE() B_SPLINE_CURVE(2,(#6986,#6987,#6988,#6989,
#6990,#6991,#6992),.UNSPECIFIED.,.T.,.F.) B_SPLINE_CURVE_WITH_KNOTS((1,2
    ,2,2,2,1),(-2.094395102393,0.,2.094395102393,4.188790204786,
6.28318530718,8.377580409573),.UNSPECIFIED.) CURVE() 
GEOMETRIC_REPRESENTATION_ITEM() RATIONAL_B_SPLINE_CURVE((1.,0.5,1.,0.5,
1.,0.5,1.)) REPRESENTATION_ITEM('') );
#6986 = CARTESIAN_POINT('',(11.7,57.));
#6987 = CARTESIAN_POINT('',(11.7,54.055513627133));
#6988 = CARTESIAN_POINT('',(9.15,55.527756813566));
#6989 = CARTESIAN_POINT('',(6.6,57.));
#6990 = CARTESIAN_POINT('',(9.15,58.472243186434));
#6991 = CARTESIAN_POINT('',(11.7,59.944486372867));
#6992 = CARTESIAN_POINT('',(11.7,57.));
#6993 = ( GEOMETRIC_REPRESENTATION_CONTEXT(2) 
PARAMETRIC_REPRESENTATION_CONTEXT() REPRESENTATION_CONTEXT('2D SPACE',''
  ) );
#6994 = ORIENTED_EDGE('',*,*,#6995,.F.);
#6995 = EDGE_CURVE('',#6507,#6968,#6996,.T.);
#6996 = SURFACE_CURVE('',#6997,(#7001,#7008),.PCURVE_S1.);
#6997 = LINE('',#6998,#6999);
#6998 = CARTESIAN_POINT('',(-13.7,12.,143.));
#6999 = VECTOR('',#7000,1.);
#7000 = DIRECTION('',(0.,0.,1.));
#7001 = PCURVE('',#6608,#7002);
#7002 = DEFINITIONAL_REPRESENTATION('',(#7003),#7007);
#7003 = LINE('',#7004,#7005);
#7004 = CARTESIAN_POINT('',(3.14159265359,0.));
#7005 = VECTOR('',#7006,1.);
#7006 = DIRECTION('',(0.,-1.));
#7007 = ( GEOMETRIC_REPRESENTATION_CONTEXT(2) 
PARAMETRIC_REPRESENTATION_CONTEXT() REPRESENTATION_CONTEXT('2D SPACE',''
  ) );
#7008 = PCURVE('',#6522,#7009);
#7009 = DEFINITIONAL_REPRESENTATION('',(#7010),#7014);
#7010 = LINE('',#7011,#7012);
#7011 = CARTESIAN_POINT('',(0.,0.));
#7012 = VECTOR('',#7013,1.);
#7013 = DIRECTION('',(0.,-1.));
#7014 = ( GEOMETRIC_REPRESENTATION_CONTEXT(2) 
PARAMETRIC_REPRESENTATION_CONTEXT() REPRESENTATION_CONTEXT('2D SPACE',''
  ) );
#7015 = ADVANCED_FACE('',(#7016),#6582,.F.);
#7016 = FACE_BOUND('',#7017,.F.);
#7017 = EDGE_LOOP('',(#7018,#7019,#7042,#7061));
#7018 = ORIENTED_EDGE('',*,*,#6566,.T.);
#7019 = ORIENTED_EDGE('',*,*,#7020,.T.);
#7020 = EDGE_CURVE('',#6534,#7021,#7023,.T.);
#7021 = VERTEX_POINT('',#7022);
#7022 = CARTESIAN_POINT('',(-10.3,37.,150.));
#7023 = SURFACE_CURVE('',#7024,(#7028,#7035),.PCURVE_S1.);
#7024 = LINE('',#7025,#7026);
#7025 = CARTESIAN_POINT('',(-10.3,37.,143.));
#7026 = VECTOR('',#7027,1.);
#7027 = DIRECTION('',(0.,0.,1.));
#7028 = PCURVE('',#6582,#7029);
#7029 = DEFINITIONAL_REPRESENTATION('',(#7030),#7034);
#7030 = LINE('',#7031,#7032);
#7031 = CARTESIAN_POINT('',(0.,0.));
#7032 = VECTOR('',#7033,1.);
#7033 = DIRECTION('',(0.,-1.));
#7034 = ( GEOMETRIC_REPRESENTATION_CONTEXT(2) 
PARAMETRIC_REPRESENTATION_CONTEXT() REPRESENTATION_CONTEXT('2D SPACE',''
  ) );
#7035 = PCURVE('',#6554,#7036);
#7036 = DEFINITIONAL_REPRESENTATION('',(#7037),#7041);
#7037 = LINE('',#7038,#7039);
#7038 = CARTESIAN_POINT('',(3.14159265359,0.));
#7039 = VECTOR('',#7040,1.);
#7040 = DIRECTION('',(0.,-1.));
#7041 = ( GEOMETRIC_REPRESENTATION_CONTEXT(2) 
PARAMETRIC_REPRESENTATION_CONTEXT() REPRESENTATION_CONTEXT('2D SPACE',''
  ) );
#7042 = ORIENTED_EDGE('',*,*,#7043,.F.);
#7043 = EDGE_CURVE('',#6945,#7021,#7044,.T.);
#7044 = SURFACE_CURVE('',#7045,(#7049,#7055),.PCURVE_S1.);
#7045 = LINE('',#7046,#7047);
#7046 = CARTESIAN_POINT('',(-10.3,-4.,150.));
#7047 = VECTOR('',#7048,1.);
#7048 = DIRECTION('',(1.110223024625E-16,1.,-0.));
#7049 = PCURVE('',#6582,#7050);
#7050 = DEFINITIONAL_REPRESENTATION('',(#7051),#7054);
#7051 = B_SPLINE_CURVE_WITH_KNOTS('',1,(#7052,#7053),.UNSPECIFIED.,.F.,
  .F.,(2,2),(16.,41.),.PIECEWISE_BEZIER_KNOTS.);
#7052 = CARTESIAN_POINT('',(25.,-7.));
#7053 = CARTESIAN_POINT('',(0.,-7.));
#7054 = ( GEOMETRIC_REPRESENTATION_CONTEXT(2) 
PARAMETRIC_REPRESENTATION_CONTEXT() REPRESENTATION_CONTEXT('2D SPACE',''
  ) );
#7055 = PCURVE('',#5776,#7056);
#7056 = DEFINITIONAL_REPRESENTATION('',(#7057),#7060);
#7057 = B_SPLINE_CURVE_WITH_KNOTS('',1,(#7058,#7059),.UNSPECIFIED.,.F.,
  .F.,(2,2),(16.,41.),.PIECEWISE_BEZIER_KNOTS.);
#7058 = CARTESIAN_POINT('',(11.7,57.));
#7059 = CARTESIAN_POINT('',(11.7,82.));
#7060 = ( GEOMETRIC_REPRESENTATION_CONTEXT(2) 
PARAMETRIC_REPRESENTATION_CONTEXT() REPRESENTATION_CONTEXT('2D SPACE',''
  ) );
#7061 = ORIENTED_EDGE('',*,*,#6944,.F.);
#7062 = ADVANCED_FACE('',(#7063),#6554,.F.);
#7063 = FACE_BOUND('',#7064,.F.);
#7064 = EDGE_LOOP('',(#7065,#7066,#7089,#7115));
#7065 = ORIENTED_EDGE('',*,*,#6533,.F.);
#7066 = ORIENTED_EDGE('',*,*,#7067,.T.);
#7067 = EDGE_CURVE('',#6505,#7068,#7070,.T.);
#7068 = VERTEX_POINT('',#7069);
#7069 = CARTESIAN_POINT('',(-13.7,37.,150.));
#7070 = SURFACE_CURVE('',#7071,(#7075,#7082),.PCURVE_S1.);
#7071 = LINE('',#7072,#7073);
#7072 = CARTESIAN_POINT('',(-13.7,37.,143.));
#7073 = VECTOR('',#7074,1.);
#7074 = DIRECTION('',(0.,0.,1.));
#7075 = PCURVE('',#6554,#7076);
#7076 = DEFINITIONAL_REPRESENTATION('',(#7077),#7081);
#7077 = LINE('',#7078,#7079);
#7078 = CARTESIAN_POINT('',(0.,0.));
#7079 = VECTOR('',#7080,1.);
#7080 = DIRECTION('',(0.,-1.));
#7081 = ( GEOMETRIC_REPRESENTATION_CONTEXT(2) 
PARAMETRIC_REPRESENTATION_CONTEXT() REPRESENTATION_CONTEXT('2D SPACE',''
  ) );
#7082 = PCURVE('',#6522,#7083);
#7083 = DEFINITIONAL_REPRESENTATION('',(#7084),#7088);
#7084 = LINE('',#7085,#7086);
#7085 = CARTESIAN_POINT('',(25.,0.));
#7086 = VECTOR('',#7087,1.);
#7087 = DIRECTION('',(0.,-1.));
#7088 = ( GEOMETRIC_REPRESENTATION_CONTEXT(2) 
PARAMETRIC_REPRESENTATION_CONTEXT() REPRESENTATION_CONTEXT('2D SPACE',''
  ) );
#7089 = ORIENTED_EDGE('',*,*,#7090,.T.);
#7090 = EDGE_CURVE('',#7068,#7021,#7091,.T.);
#7091 = SURFACE_CURVE('',#7092,(#7097,#7104),.PCURVE_S1.);
#7092 = CIRCLE('',#7093,1.7);
#7093 = AXIS2_PLACEMENT_3D('',#7094,#7095,#7096);
#7094 = CARTESIAN_POINT('',(-12.,37.,150.));
#7095 = DIRECTION('',(0.,0.,-1.));
#7096 = DIRECTION('',(-1.,1.110223024625E-16,0.));
#7097 = PCURVE('',#6554,#7098);
#7098 = DEFINITIONAL_REPRESENTATION('',(#7099),#7103);
#7099 = LINE('',#7100,#7101);
#7100 = CARTESIAN_POINT('',(0.,-7.));
#7101 = VECTOR('',#7102,1.);
#7102 = DIRECTION('',(1.,0.));
#7103 = ( GEOMETRIC_REPRESENTATION_CONTEXT(2) 
PARAMETRIC_REPRESENTATION_CONTEXT() REPRESENTATION_CONTEXT('2D SPACE',''
  ) );
#7104 = PCURVE('',#5776,#7105);
#7105 = DEFINITIONAL_REPRESENTATION('',(#7106),#7114);
#7106 = ( BOUNDED_CURVE() B_SPLINE_CURVE(2,(#7107,#7108,#7109,#7110,
#7111,#7112,#7113),.UNSPECIFIED.,.T.,.F.) B_SPLINE_CURVE_WITH_KNOTS((1,2
    ,2,2,2,1),(-2.094395102393,0.,2.094395102393,4.188790204786,
6.28318530718,8.377580409573),.UNSPECIFIED.) CURVE() 
GEOMETRIC_REPRESENTATION_ITEM() RATIONAL_B_SPLINE_CURVE((1.,0.5,1.,0.5,
1.,0.5,1.)) REPRESENTATION_ITEM('') );
#7107 = CARTESIAN_POINT('',(8.3,82.));
#7108 = CARTESIAN_POINT('',(8.3,84.944486372867));
#7109 = CARTESIAN_POINT('',(10.85,83.472243186434));
#7110 = CARTESIAN_POINT('',(13.4,82.));
#7111 = CARTESIAN_POINT('',(10.85,80.527756813566));
#7112 = CARTESIAN_POINT('',(8.3,79.055513627133));
#7113 = CARTESIAN_POINT('',(8.3,82.));
#7114 = ( GEOMETRIC_REPRESENTATION_CONTEXT(2) 
PARAMETRIC_REPRESENTATION_CONTEXT() REPRESENTATION_CONTEXT('2D SPACE',''
  ) );
#7115 = ORIENTED_EDGE('',*,*,#7020,.F.);
#7116 = ADVANCED_FACE('',(#7117),#6522,.F.);
#7117 = FACE_BOUND('',#7118,.F.);
#7118 = EDGE_LOOP('',(#7119,#7120,#7121,#7140));
#7119 = ORIENTED_EDGE('',*,*,#6504,.T.);
#7120 = ORIENTED_EDGE('',*,*,#6995,.T.);
#7121 = ORIENTED_EDGE('',*,*,#7122,.F.);
#7122 = EDGE_CURVE('',#7068,#6968,#7123,.T.);
#7123 = SURFACE_CURVE('',#7124,(#7128,#7134),.PCURVE_S1.);
#7124 = LINE('',#7125,#7126);
#7125 = CARTESIAN_POINT('',(-13.7,-16.5,150.));
#7126 = VECTOR('',#7127,1.);
#7127 = DIRECTION('',(-1.110223024625E-16,-1.,0.));
#7128 = PCURVE('',#6522,#7129);
#7129 = DEFINITIONAL_REPRESENTATION('',(#7130),#7133);
#7130 = B_SPLINE_CURVE_WITH_KNOTS('',1,(#7131,#7132),.UNSPECIFIED.,.F.,
  .F.,(2,2),(-53.5,-28.5),.PIECEWISE_BEZIER_KNOTS.);
#7131 = CARTESIAN_POINT('',(25.,-7.));
#7132 = CARTESIAN_POINT('',(0.,-7.));
#7133 = ( GEOMETRIC_REPRESENTATION_CONTEXT(2) 
PARAMETRIC_REPRESENTATION_CONTEXT() REPRESENTATION_CONTEXT('2D SPACE',''
  ) );
#7134 = PCURVE('',#5776,#7135);
#7135 = DEFINITIONAL_REPRESENTATION('',(#7136),#7139);
#7136 = B_SPLINE_CURVE_WITH_KNOTS('',1,(#7137,#7138),.UNSPECIFIED.,.F.,
  .F.,(2,2),(-53.5,-28.5),.PIECEWISE_BEZIER_KNOTS.);
#7137 = CARTESIAN_POINT('',(8.3,82.));
#7138 = CARTESIAN_POINT('',(8.3,57.));
#7139 = ( GEOMETRIC_REPRESENTATION_CONTEXT(2) 
PARAMETRIC_REPRESENTATION_CONTEXT() REPRESENTATION_CONTEXT('2D SPACE',''
  ) );
#7140 = ORIENTED_EDGE('',*,*,#7067,.F.);
#7141 = ADVANCED_FACE('',(#7142,#7217,#7248,#7279,#7310),#6490,.F.);
#7142 = FACE_BOUND('',#7143,.F.);
#7143 = EDGE_LOOP('',(#7144,#7174,#7195,#7196));
#7144 = ORIENTED_EDGE('',*,*,#7145,.F.);
#7145 = EDGE_CURVE('',#7146,#7148,#7150,.T.);
#7146 = VERTEX_POINT('',#7147);
#7147 = CARTESIAN_POINT('',(-14.,0.3,64.));
#7148 = VERTEX_POINT('',#7149);
#7149 = CARTESIAN_POINT('',(14.,0.3,64.));
#7150 = SURFACE_CURVE('',#7151,(#7155,#7162),.PCURVE_S1.);
#7151 = LINE('',#7152,#7153);
#7152 = CARTESIAN_POINT('',(-14.,0.3,64.));
#7153 = VECTOR('',#7154,1.);
#7154 = DIRECTION('',(1.,0.,0.));
#7155 = PCURVE('',#6490,#7156);
#7156 = DEFINITIONAL_REPRESENTATION('',(#7157),#7161);
#7157 = LINE('',#7158,#7159);
#7158 = CARTESIAN_POINT('',(0.,0.));
#7159 = VECTOR('',#7160,1.);
#7160 = DIRECTION('',(0.,1.));
#7161 = ( GEOMETRIC_REPRESENTATION_CONTEXT(2) 
PARAMETRIC_REPRESENTATION_CONTEXT() REPRESENTATION_CONTEXT('2D SPACE',''
  ) );
#7162 = PCURVE('',#7163,#7168);
#7163 = PLANE('',#7164);
#7164 = AXIS2_PLACEMENT_3D('',#7165,#7166,#7167);
#7165 = CARTESIAN_POINT('',(-14.,0.3,64.));
#7166 = DIRECTION('',(0.,0.,1.));
#7167 = DIRECTION('',(1.,0.,0.));
#7168 = DEFINITIONAL_REPRESENTATION('',(#7169),#7173);
#7169 = LINE('',#7170,#7171);
#7170 = CARTESIAN_POINT('',(0.,0.));
#7171 = VECTOR('',#7172,1.);
#7172 = DIRECTION('',(1.,0.));
#7173 = ( GEOMETRIC_REPRESENTATION_CONTEXT(2) 
PARAMETRIC_REPRESENTATION_CONTEXT() REPRESENTATION_CONTEXT('2D SPACE',''
  ) );
#7174 = ORIENTED_EDGE('',*,*,#7175,.T.);
#7175 = EDGE_CURVE('',#7146,#6111,#7176,.T.);
#7176 = SURFACE_CURVE('',#7177,(#7181,#7188),.PCURVE_S1.);
#7177 = LINE('',#7178,#7179);
#7178 = CARTESIAN_POINT('',(-14.,0.3,64.));
#7179 = VECTOR('',#7180,1.);
#7180 = DIRECTION('',(0.,0.,1.));
#7181 = PCURVE('',#6490,#7182);
#7182 = DEFINITIONAL_REPRESENTATION('',(#7183),#7187);
#7183 = LINE('',#7184,#7185);
#7184 = CARTESIAN_POINT('',(0.,0.));
#7185 = VECTOR('',#7186,1.);
#7186 = DIRECTION('',(1.,0.));
#7187 = ( GEOMETRIC_REPRESENTATION_CONTEXT(2) 
PARAMETRIC_REPRESENTATION_CONTEXT() REPRESENTATION_CONTEXT('2D SPACE',''
  ) );
#7188 = PCURVE('',#6128,#7189);
#7189 = DEFINITIONAL_REPRESENTATION('',(#7190),#7194);
#7190 = LINE('',#7191,#7192);
#7191 = CARTESIAN_POINT('',(0.,0.));
#7192 = VECTOR('',#7193,1.);
#7193 = DIRECTION('',(1.,0.));
#7194 = ( GEOMETRIC_REPRESENTATION_CONTEXT(2) 
PARAMETRIC_REPRESENTATION_CONTEXT() REPRESENTATION_CONTEXT('2D SPACE',''
  ) );
#7195 = ORIENTED_EDGE('',*,*,#6476,.T.);
#7196 = ORIENTED_EDGE('',*,*,#7197,.F.);
#7197 = EDGE_CURVE('',#7148,#6449,#7198,.T.);
#7198 = SURFACE_CURVE('',#7199,(#7203,#7210),.PCURVE_S1.);
#7199 = LINE('',#7200,#7201);
#7200 = CARTESIAN_POINT('',(14.,0.3,64.));
#7201 = VECTOR('',#7202,1.);
#7202 = DIRECTION('',(0.,0.,1.));
#7203 = PCURVE('',#6490,#7204);
#7204 = DEFINITIONAL_REPRESENTATION('',(#7205),#7209);
#7205 = LINE('',#7206,#7207);
#7206 = CARTESIAN_POINT('',(0.,28.));
#7207 = VECTOR('',#7208,1.);
#7208 = DIRECTION('',(1.,0.));
#7209 = ( GEOMETRIC_REPRESENTATION_CONTEXT(2) 
PARAMETRIC_REPRESENTATION_CONTEXT() REPRESENTATION_CONTEXT('2D SPACE',''
  ) );
#7210 = PCURVE('',#6464,#7211);
#7211 = DEFINITIONAL_REPRESENTATION('',(#7212),#7216);
#7212 = LINE('',#7213,#7214);
#7213 = CARTESIAN_POINT('',(0.,0.));
#7214 = VECTOR('',#7215,1.);
#7215 = DIRECTION('',(1.,0.));
#7216 = ( GEOMETRIC_REPRESENTATION_CONTEXT(2) 
PARAMETRIC_REPRESENTATION_CONTEXT() REPRESENTATION_CONTEXT('2D SPACE',''
  ) );
#7217 = FACE_BOUND('',#7218,.F.);
#7218 = EDGE_LOOP('',(#7219));
#7219 = ORIENTED_EDGE('',*,*,#7220,.F.);
#7220 = EDGE_CURVE('',#7221,#7221,#7223,.T.);
#7221 = VERTEX_POINT('',#7222);
#7222 = CARTESIAN_POINT('',(-4.163799117101E-16,0.3,71.7));
#7223 = SURFACE_CURVE('',#7224,(#7229,#7236),.PCURVE_S1.);
#7224 = CIRCLE('',#7225,1.7);
#7225 = AXIS2_PLACEMENT_3D('',#7226,#7227,#7228);
#7226 = CARTESIAN_POINT('',(0.,0.3,70.));
#7227 = DIRECTION('',(0.,1.,0.));
#7228 = DIRECTION('',(0.,-0.,1.));
#7229 = PCURVE('',#6490,#7230);
#7230 = DEFINITIONAL_REPRESENTATION('',(#7231),#7235);
#7231 = CIRCLE('',#7232,1.7);
#7232 = AXIS2_PLACEMENT_2D('',#7233,#7234);
#7233 = CARTESIAN_POINT('',(6.,14.));
#7234 = DIRECTION('',(1.,0.));
#7235 = ( GEOMETRIC_REPRESENTATION_CONTEXT(2) 
PARAMETRIC_REPRESENTATION_CONTEXT() REPRESENTATION_CONTEXT('2D SPACE',''
  ) );
#7236 = PCURVE('',#7237,#7242);
#7237 = CYLINDRICAL_SURFACE('',#7238,1.7);
#7238 = AXIS2_PLACEMENT_3D('',#7239,#7240,#7241);
#7239 = CARTESIAN_POINT('',(0.,-0.7,70.));
#7240 = DIRECTION('',(0.,1.,0.));
#7241 = DIRECTION('',(0.,-0.,1.));
#7242 = DEFINITIONAL_REPRESENTATION('',(#7243),#7247);
#7243 = LINE('',#7244,#7245);
#7244 = CARTESIAN_POINT('',(0.,1.));
#7245 = VECTOR('',#7246,1.);
#7246 = DIRECTION('',(1.,0.));
#7247 = ( GEOMETRIC_REPRESENTATION_CONTEXT(2) 
PARAMETRIC_REPRESENTATION_CONTEXT() REPRESENTATION_CONTEXT('2D SPACE',''
  ) );
#7248 = FACE_BOUND('',#7249,.F.);
#7249 = EDGE_LOOP('',(#7250));
#7250 = ORIENTED_EDGE('',*,*,#7251,.F.);
#7251 = EDGE_CURVE('',#7252,#7252,#7254,.T.);
#7252 = VERTEX_POINT('',#7253);
#7253 = CARTESIAN_POINT('',(-4.163799117101E-16,0.3,91.7));
#7254 = SURFACE_CURVE('',#7255,(#7260,#7267),.PCURVE_S1.);
#7255 = CIRCLE('',#7256,1.7);
#7256 = AXIS2_PLACEMENT_3D('',#7257,#7258,#7259);
#7257 = CARTESIAN_POINT('',(0.,0.3,90.));
#7258 = DIRECTION('',(0.,1.,0.));
#7259 = DIRECTION('',(0.,-0.,1.));
#7260 = PCURVE('',#6490,#7261);
#7261 = DEFINITIONAL_REPRESENTATION('',(#7262),#7266);
#7262 = CIRCLE('',#7263,1.7);
#7263 = AXIS2_PLACEMENT_2D('',#7264,#7265);
#7264 = CARTESIAN_POINT('',(26.,14.));
#7265 = DIRECTION('',(1.,0.));
#7266 = ( GEOMETRIC_REPRESENTATION_CONTEXT(2) 
PARAMETRIC_REPRESENTATION_CONTEXT() REPRESENTATION_CONTEXT('2D SPACE',''
  ) );
#7267 = PCURVE('',#7268,#7273);
#7268 = CYLINDRICAL_SURFACE('',#7269,1.7);
#7269 = AXIS2_PLACEMENT_3D('',#7270,#7271,#7272);
#7270 = CARTESIAN_POINT('',(0.,-0.7,90.));
#7271 = DIRECTION('',(0.,1.,0.));
#7272 = DIRECTION('',(0.,-0.,1.));
#7273 = DEFINITIONAL_REPRESENTATION('',(#7274),#7278);
#7274 = LINE('',#7275,#7276);
#7275 = CARTESIAN_POINT('',(0.,1.));
#7276 = VECTOR('',#7277,1.);
#7277 = DIRECTION('',(1.,0.));
#7278 = ( GEOMETRIC_REPRESENTATION_CONTEXT(2) 
PARAMETRIC_REPRESENTATION_CONTEXT() REPRESENTATION_CONTEXT('2D SPACE',''
  ) );
#7279 = FACE_BOUND('',#7280,.F.);
#7280 = EDGE_LOOP('',(#7281));
#7281 = ORIENTED_EDGE('',*,*,#7282,.F.);
#7282 = EDGE_CURVE('',#7283,#7283,#7285,.T.);
#7283 = VERTEX_POINT('',#7284);
#7284 = CARTESIAN_POINT('',(-4.163799117101E-16,0.3,111.7));
#7285 = SURFACE_CURVE('',#7286,(#7291,#7298),.PCURVE_S1.);
#7286 = CIRCLE('',#7287,1.7);
#7287 = AXIS2_PLACEMENT_3D('',#7288,#7289,#7290);
#7288 = CARTESIAN_POINT('',(0.,0.3,110.));
#7289 = DIRECTION('',(0.,1.,0.));
#7290 = DIRECTION('',(0.,-0.,1.));
#7291 = PCURVE('',#6490,#7292);
#7292 = DEFINITIONAL_REPRESENTATION('',(#7293),#7297);
#7293 = CIRCLE('',#7294,1.7);
#7294 = AXIS2_PLACEMENT_2D('',#7295,#7296);
#7295 = CARTESIAN_POINT('',(46.,14.));
#7296 = DIRECTION('',(1.,0.));
#7297 = ( GEOMETRIC_REPRESENTATION_CONTEXT(2) 
PARAMETRIC_REPRESENTATION_CONTEXT() REPRESENTATION_CONTEXT('2D SPACE',''
  ) );
#7298 = PCURVE('',#7299,#7304);
#7299 = CYLINDRICAL_SURFACE('',#7300,1.7);
#7300 = AXIS2_PLACEMENT_3D('',#7301,#7302,#7303);
#7301 = CARTESIAN_POINT('',(0.,-0.7,110.));
#7302 = DIRECTION('',(0.,1.,0.));
#7303 = DIRECTION('',(0.,-0.,1.));
#7304 = DEFINITIONAL_REPRESENTATION('',(#7305),#7309);
#7305 = LINE('',#7306,#7307);
#7306 = CARTESIAN_POINT('',(0.,1.));
#7307 = VECTOR('',#7308,1.);
#7308 = DIRECTION('',(1.,0.));
#7309 = ( GEOMETRIC_REPRESENTATION_CONTEXT(2) 
PARAMETRIC_REPRESENTATION_CONTEXT() REPRESENTATION_CONTEXT('2D SPACE',''
  ) );
#7310 = FACE_BOUND('',#7311,.F.);
#7311 = EDGE_LOOP('',(#7312));
#7312 = ORIENTED_EDGE('',*,*,#7313,.F.);
#7313 = EDGE_CURVE('',#7314,#7314,#7316,.T.);
#7314 = VERTEX_POINT('',#7315);
#7315 = CARTESIAN_POINT('',(-4.163799117101E-16,0.3,131.7));
#7316 = SURFACE_CURVE('',#7317,(#7322,#7329),.PCURVE_S1.);
#7317 = CIRCLE('',#7318,1.7);
#7318 = AXIS2_PLACEMENT_3D('',#7319,#7320,#7321);
#7319 = CARTESIAN_POINT('',(0.,0.3,130.));
#7320 = DIRECTION('',(0.,1.,0.));
#7321 = DIRECTION('',(0.,-0.,1.));
#7322 = PCURVE('',#6490,#7323);
#7323 = DEFINITIONAL_REPRESENTATION('',(#7324),#7328);
#7324 = CIRCLE('',#7325,1.7);
#7325 = AXIS2_PLACEMENT_2D('',#7326,#7327);
#7326 = CARTESIAN_POINT('',(66.,14.));
#7327 = DIRECTION('',(1.,0.));
#7328 = ( GEOMETRIC_REPRESENTATION_CONTEXT(2) 
PARAMETRIC_REPRESENTATION_CONTEXT() REPRESENTATION_CONTEXT('2D SPACE',''
  ) );
#7329 = PCURVE('',#7330,#7335);
#7330 = CYLINDRICAL_SURFACE('',#7331,1.7);
#7331 = AXIS2_PLACEMENT_3D('',#7332,#7333,#7334);
#7332 = CARTESIAN_POINT('',(0.,-0.7,130.));
#7333 = DIRECTION('',(0.,1.,0.));
#7334 = DIRECTION('',(0.,-0.,1.));
#7335 = DEFINITIONAL_REPRESENTATION('',(#7336),#7340);
#7336 = LINE('',#7337,#7338);
#7337 = CARTESIAN_POINT('',(0.,1.));
#7338 = VECTOR('',#7339,1.);
#7339 = DIRECTION('',(1.,0.));
#7340 = ( GEOMETRIC_REPRESENTATION_CONTEXT(2) 
PARAMETRIC_REPRESENTATION_CONTEXT() REPRESENTATION_CONTEXT('2D SPACE',''
  ) );
#7341 = ADVANCED_FACE('',(#7342),#7330,.F.);
#7342 = FACE_BOUND('',#7343,.F.);
#7343 = EDGE_LOOP('',(#7344,#7368,#7389,#7390));
#7344 = ORIENTED_EDGE('',*,*,#7345,.F.);
#7345 = EDGE_CURVE('',#7346,#7346,#7348,.T.);
#7346 = VERTEX_POINT('',#7347);
#7347 = CARTESIAN_POINT('',(-4.163799117101E-16,10.3,131.7));
#7348 = SURFACE_CURVE('',#7349,(#7354,#7361),.PCURVE_S1.);
#7349 = CIRCLE('',#7350,1.7);
#7350 = AXIS2_PLACEMENT_3D('',#7351,#7352,#7353);
#7351 = CARTESIAN_POINT('',(0.,10.3,130.));
#7352 = DIRECTION('',(0.,1.,0.));
#7353 = DIRECTION('',(0.,-0.,1.));
#7354 = PCURVE('',#7330,#7355);
#7355 = DEFINITIONAL_REPRESENTATION('',(#7356),#7360);
#7356 = LINE('',#7357,#7358);
#7357 = CARTESIAN_POINT('',(0.,11.));
#7358 = VECTOR('',#7359,1.);
#7359 = DIRECTION('',(1.,0.));
#7360 = ( GEOMETRIC_REPRESENTATION_CONTEXT(2) 
PARAMETRIC_REPRESENTATION_CONTEXT() REPRESENTATION_CONTEXT('2D SPACE',''
  ) );
#7361 = PCURVE('',#6189,#7362);
#7362 = DEFINITIONAL_REPRESENTATION('',(#7363),#7367);
#7363 = CIRCLE('',#7364,1.7);
#7364 = AXIS2_PLACEMENT_2D('',#7365,#7366);
#7365 = CARTESIAN_POINT('',(66.,14.));
#7366 = DIRECTION('',(1.,0.));
#7367 = ( GEOMETRIC_REPRESENTATION_CONTEXT(2) 
PARAMETRIC_REPRESENTATION_CONTEXT() REPRESENTATION_CONTEXT('2D SPACE',''
  ) );
#7368 = ORIENTED_EDGE('',*,*,#7369,.F.);
#7369 = EDGE_CURVE('',#7314,#7346,#7370,.T.);
#7370 = SEAM_CURVE('',#7371,(#7375,#7382),.PCURVE_S1.);
#7371 = LINE('',#7372,#7373);
#7372 = CARTESIAN_POINT('',(-4.163799117101E-16,-0.7,131.7));
#7373 = VECTOR('',#7374,1.);
#7374 = DIRECTION('',(0.,1.,0.));
#7375 = PCURVE('',#7330,#7376);
#7376 = DEFINITIONAL_REPRESENTATION('',(#7377),#7381);
#7377 = LINE('',#7378,#7379);
#7378 = CARTESIAN_POINT('',(6.28318530718,-0.));
#7379 = VECTOR('',#7380,1.);
#7380 = DIRECTION('',(0.,1.));
#7381 = ( GEOMETRIC_REPRESENTATION_CONTEXT(2) 
PARAMETRIC_REPRESENTATION_CONTEXT() REPRESENTATION_CONTEXT('2D SPACE',''
  ) );
#7382 = PCURVE('',#7330,#7383);
#7383 = DEFINITIONAL_REPRESENTATION('',(#7384),#7388);
#7384 = LINE('',#7385,#7386);
#7385 = CARTESIAN_POINT('',(0.,-0.));
#7386 = VECTOR('',#7387,1.);
#7387 = DIRECTION('',(0.,1.));
#7388 = ( GEOMETRIC_REPRESENTATION_CONTEXT(2) 
PARAMETRIC_REPRESENTATION_CONTEXT() REPRESENTATION_CONTEXT('2D SPACE',''
  ) );
#7389 = ORIENTED_EDGE('',*,*,#7313,.T.);
#7390 = ORIENTED_EDGE('',*,*,#7369,.T.);
#7391 = ADVANCED_FACE('',(#7392),#7299,.F.);
#7392 = FACE_BOUND('',#7393,.F.);
#7393 = EDGE_LOOP('',(#7394,#7418,#7439,#7440));
#7394 = ORIENTED_EDGE('',*,*,#7395,.F.);
#7395 = EDGE_CURVE('',#7396,#7396,#7398,.T.);
#7396 = VERTEX_POINT('',#7397);
#7397 = CARTESIAN_POINT('',(-4.163799117101E-16,10.3,111.7));
#7398 = SURFACE_CURVE('',#7399,(#7404,#7411),.PCURVE_S1.);
#7399 = CIRCLE('',#7400,1.7);
#7400 = AXIS2_PLACEMENT_3D('',#7401,#7402,#7403);
#7401 = CARTESIAN_POINT('',(0.,10.3,110.));
#7402 = DIRECTION('',(0.,1.,0.));
#7403 = DIRECTION('',(0.,-0.,1.));
#7404 = PCURVE('',#7299,#7405);
#7405 = DEFINITIONAL_REPRESENTATION('',(#7406),#7410);
#7406 = LINE('',#7407,#7408);
#7407 = CARTESIAN_POINT('',(0.,11.));
#7408 = VECTOR('',#7409,1.);
#7409 = DIRECTION('',(1.,0.));
#7410 = ( GEOMETRIC_REPRESENTATION_CONTEXT(2) 
PARAMETRIC_REPRESENTATION_CONTEXT() REPRESENTATION_CONTEXT('2D SPACE',''
  ) );
#7411 = PCURVE('',#6189,#7412);
#7412 = DEFINITIONAL_REPRESENTATION('',(#7413),#7417);
#7413 = CIRCLE('',#7414,1.7);
#7414 = AXIS2_PLACEMENT_2D('',#7415,#7416);
#7415 = CARTESIAN_POINT('',(46.,14.));
#7416 = DIRECTION('',(1.,0.));
#7417 = ( GEOMETRIC_REPRESENTATION_CONTEXT(2) 
PARAMETRIC_REPRESENTATION_CONTEXT() REPRESENTATION_CONTEXT('2D SPACE',''
  ) );
#7418 = ORIENTED_EDGE('',*,*,#7419,.F.);
#7419 = EDGE_CURVE('',#7283,#7396,#7420,.T.);
#7420 = SEAM_CURVE('',#7421,(#7425,#7432),.PCURVE_S1.);
#7421 = LINE('',#7422,#7423);
#7422 = CARTESIAN_POINT('',(-4.163799117101E-16,-0.7,111.7));
#7423 = VECTOR('',#7424,1.);
#7424 = DIRECTION('',(0.,1.,0.));
#7425 = PCURVE('',#7299,#7426);
#7426 = DEFINITIONAL_REPRESENTATION('',(#7427),#7431);
#7427 = LINE('',#7428,#7429);
#7428 = CARTESIAN_POINT('',(6.28318530718,-0.));
#7429 = VECTOR('',#7430,1.);
#7430 = DIRECTION('',(0.,1.));
#7431 = ( GEOMETRIC_REPRESENTATION_CONTEXT(2) 
PARAMETRIC_REPRESENTATION_CONTEXT() REPRESENTATION_CONTEXT('2D SPACE',''
  ) );
#7432 = PCURVE('',#7299,#7433);
#7433 = DEFINITIONAL_REPRESENTATION('',(#7434),#7438);
#7434 = LINE('',#7435,#7436);
#7435 = CARTESIAN_POINT('',(0.,-0.));
#7436 = VECTOR('',#7437,1.);
#7437 = DIRECTION('',(0.,1.));
#7438 = ( GEOMETRIC_REPRESENTATION_CONTEXT(2) 
PARAMETRIC_REPRESENTATION_CONTEXT() REPRESENTATION_CONTEXT('2D SPACE',''
  ) );
#7439 = ORIENTED_EDGE('',*,*,#7282,.T.);
#7440 = ORIENTED_EDGE('',*,*,#7419,.T.);
#7441 = ADVANCED_FACE('',(#7442),#7268,.F.);
#7442 = FACE_BOUND('',#7443,.F.);
#7443 = EDGE_LOOP('',(#7444,#7468,#7489,#7490));
#7444 = ORIENTED_EDGE('',*,*,#7445,.F.);
#7445 = EDGE_CURVE('',#7446,#7446,#7448,.T.);
#7446 = VERTEX_POINT('',#7447);
#7447 = CARTESIAN_POINT('',(-4.163799117101E-16,10.3,91.7));
#7448 = SURFACE_CURVE('',#7449,(#7454,#7461),.PCURVE_S1.);
#7449 = CIRCLE('',#7450,1.7);
#7450 = AXIS2_PLACEMENT_3D('',#7451,#7452,#7453);
#7451 = CARTESIAN_POINT('',(0.,10.3,90.));
#7452 = DIRECTION('',(0.,1.,0.));
#7453 = DIRECTION('',(0.,-0.,1.));
#7454 = PCURVE('',#7268,#7455);
#7455 = DEFINITIONAL_REPRESENTATION('',(#7456),#7460);
#7456 = LINE('',#7457,#7458);
#7457 = CARTESIAN_POINT('',(0.,11.));
#7458 = VECTOR('',#7459,1.);
#7459 = DIRECTION('',(1.,0.));
#7460 = ( GEOMETRIC_REPRESENTATION_CONTEXT(2) 
PARAMETRIC_REPRESENTATION_CONTEXT() REPRESENTATION_CONTEXT('2D SPACE',''
  ) );
#7461 = PCURVE('',#6189,#7462);
#7462 = DEFINITIONAL_REPRESENTATION('',(#7463),#7467);
#7463 = CIRCLE('',#7464,1.7);
#7464 = AXIS2_PLACEMENT_2D('',#7465,#7466);
#7465 = CARTESIAN_POINT('',(26.,14.));
#7466 = DIRECTION('',(1.,0.));
#7467 = ( GEOMETRIC_REPRESENTATION_CONTEXT(2) 
PARAMETRIC_REPRESENTATION_CONTEXT() REPRESENTATION_CONTEXT('2D SPACE',''
  ) );
#7468 = ORIENTED_EDGE('',*,*,#7469,.F.);
#7469 = EDGE_CURVE('',#7252,#7446,#7470,.T.);
#7470 = SEAM_CURVE('',#7471,(#7475,#7482),.PCURVE_S1.);
#7471 = LINE('',#7472,#7473);
#7472 = CARTESIAN_POINT('',(-4.163799117101E-16,-0.7,91.7));
#7473 = VECTOR('',#7474,1.);
#7474 = DIRECTION('',(0.,1.,0.));
#7475 = PCURVE('',#7268,#7476);
#7476 = DEFINITIONAL_REPRESENTATION('',(#7477),#7481);
#7477 = LINE('',#7478,#7479);
#7478 = CARTESIAN_POINT('',(6.28318530718,-0.));
#7479 = VECTOR('',#7480,1.);
#7480 = DIRECTION('',(0.,1.));
#7481 = ( GEOMETRIC_REPRESENTATION_CONTEXT(2) 
PARAMETRIC_REPRESENTATION_CONTEXT() REPRESENTATION_CONTEXT('2D SPACE',''
  ) );
#7482 = PCURVE('',#7268,#7483);
#7483 = DEFINITIONAL_REPRESENTATION('',(#7484),#7488);
#7484 = LINE('',#7485,#7486);
#7485 = CARTESIAN_POINT('',(0.,-0.));
#7486 = VECTOR('',#7487,1.);
#7487 = DIRECTION('',(0.,1.));
#7488 = ( GEOMETRIC_REPRESENTATION_CONTEXT(2) 
PARAMETRIC_REPRESENTATION_CONTEXT() REPRESENTATION_CONTEXT('2D SPACE',''
  ) );
#7489 = ORIENTED_EDGE('',*,*,#7251,.T.);
#7490 = ORIENTED_EDGE('',*,*,#7469,.T.);
#7491 = ADVANCED_FACE('',(#7492),#7237,.F.);
#7492 = FACE_BOUND('',#7493,.F.);
#7493 = EDGE_LOOP('',(#7494,#7518,#7539,#7540));
#7494 = ORIENTED_EDGE('',*,*,#7495,.F.);
#7495 = EDGE_CURVE('',#7496,#7496,#7498,.T.);
#7496 = VERTEX_POINT('',#7497);
#7497 = CARTESIAN_POINT('',(-4.163799117101E-16,10.3,71.7));
#7498 = SURFACE_CURVE('',#7499,(#7504,#7511),.PCURVE_S1.);
#7499 = CIRCLE('',#7500,1.7);
#7500 = AXIS2_PLACEMENT_3D('',#7501,#7502,#7503);
#7501 = CARTESIAN_POINT('',(0.,10.3,70.));
#7502 = DIRECTION('',(0.,1.,0.));
#7503 = DIRECTION('',(0.,-0.,1.));
#7504 = PCURVE('',#7237,#7505);
#7505 = DEFINITIONAL_REPRESENTATION('',(#7506),#7510);
#7506 = LINE('',#7507,#7508);
#7507 = CARTESIAN_POINT('',(0.,11.));
#7508 = VECTOR('',#7509,1.);
#7509 = DIRECTION('',(1.,0.));
#7510 = ( GEOMETRIC_REPRESENTATION_CONTEXT(2) 
PARAMETRIC_REPRESENTATION_CONTEXT() REPRESENTATION_CONTEXT('2D SPACE',''
  ) );
#7511 = PCURVE('',#6189,#7512);
#7512 = DEFINITIONAL_REPRESENTATION('',(#7513),#7517);
#7513 = CIRCLE('',#7514,1.7);
#7514 = AXIS2_PLACEMENT_2D('',#7515,#7516);
#7515 = CARTESIAN_POINT('',(6.,14.));
#7516 = DIRECTION('',(1.,0.));
#7517 = ( GEOMETRIC_REPRESENTATION_CONTEXT(2) 
PARAMETRIC_REPRESENTATION_CONTEXT() REPRESENTATION_CONTEXT('2D SPACE',''
  ) );
#7518 = ORIENTED_EDGE('',*,*,#7519,.F.);
#7519 = EDGE_CURVE('',#7221,#7496,#7520,.T.);
#7520 = SEAM_CURVE('',#7521,(#7525,#7532),.PCURVE_S1.);
#7521 = LINE('',#7522,#7523);
#7522 = CARTESIAN_POINT('',(-4.163799117101E-16,-0.7,71.7));
#7523 = VECTOR('',#7524,1.);
#7524 = DIRECTION('',(0.,1.,0.));
#7525 = PCURVE('',#7237,#7526);
#7526 = DEFINITIONAL_REPRESENTATION('',(#7527),#7531);
#7527 = LINE('',#7528,#7529);
#7528 = CARTESIAN_POINT('',(6.28318530718,-0.));
#7529 = VECTOR('',#7530,1.);
#7530 = DIRECTION('',(0.,1.));
#7531 = ( GEOMETRIC_REPRESENTATION_CONTEXT(2) 
PARAMETRIC_REPRESENTATION_CONTEXT() REPRESENTATION_CONTEXT('2D SPACE',''
  ) );
#7532 = PCURVE('',#7237,#7533);
#7533 = DEFINITIONAL_REPRESENTATION('',(#7534),#7538);
#7534 = LINE('',#7535,#7536);
#7535 = CARTESIAN_POINT('',(0.,-0.));
#7536 = VECTOR('',#7537,1.);
#7537 = DIRECTION('',(0.,1.));
#7538 = ( GEOMETRIC_REPRESENTATION_CONTEXT(2) 
PARAMETRIC_REPRESENTATION_CONTEXT() REPRESENTATION_CONTEXT('2D SPACE',''
  ) );
#7539 = ORIENTED_EDGE('',*,*,#7220,.T.);
#7540 = ORIENTED_EDGE('',*,*,#7519,.T.);
#7541 = ADVANCED_FACE('',(#7542),#7163,.F.);
#7542 = FACE_BOUND('',#7543,.F.);
#7543 = EDGE_LOOP('',(#7544,#7567,#7568,#7591,#7619,#7642));
#7544 = ORIENTED_EDGE('',*,*,#7545,.F.);
#7545 = EDGE_CURVE('',#7146,#7546,#7548,.T.);
#7546 = VERTEX_POINT('',#7547);
#7547 = CARTESIAN_POINT('',(-14.,9.127718676731,64.));
#7548 = SURFACE_CURVE('',#7549,(#7553,#7560),.PCURVE_S1.);
#7549 = LINE('',#7550,#7551);
#7550 = CARTESIAN_POINT('',(-14.,0.3,64.));
#7551 = VECTOR('',#7552,1.);
#7552 = DIRECTION('',(0.,1.,0.));
#7553 = PCURVE('',#7163,#7554);
#7554 = DEFINITIONAL_REPRESENTATION('',(#7555),#7559);
#7555 = LINE('',#7556,#7557);
#7556 = CARTESIAN_POINT('',(0.,0.));
#7557 = VECTOR('',#7558,1.);
#7558 = DIRECTION('',(0.,1.));
#7559 = ( GEOMETRIC_REPRESENTATION_CONTEXT(2) 
PARAMETRIC_REPRESENTATION_CONTEXT() REPRESENTATION_CONTEXT('2D SPACE',''
  ) );
#7560 = PCURVE('',#6128,#7561);
#7561 = DEFINITIONAL_REPRESENTATION('',(#7562),#7566);
#7562 = LINE('',#7563,#7564);
#7563 = CARTESIAN_POINT('',(0.,0.));
#7564 = VECTOR('',#7565,1.);
#7565 = DIRECTION('',(0.,-1.));
#7566 = ( GEOMETRIC_REPRESENTATION_CONTEXT(2) 
PARAMETRIC_REPRESENTATION_CONTEXT() REPRESENTATION_CONTEXT('2D SPACE',''
  ) );
#7567 = ORIENTED_EDGE('',*,*,#7145,.T.);
#7568 = ORIENTED_EDGE('',*,*,#7569,.T.);
#7569 = EDGE_CURVE('',#7148,#7570,#7572,.T.);
#7570 = VERTEX_POINT('',#7571);
#7571 = CARTESIAN_POINT('',(14.,9.127718676731,64.));
#7572 = SURFACE_CURVE('',#7573,(#7577,#7584),.PCURVE_S1.);
#7573 = LINE('',#7574,#7575);
#7574 = CARTESIAN_POINT('',(14.,0.3,64.));
#7575 = VECTOR('',#7576,1.);
#7576 = DIRECTION('',(0.,1.,0.));
#7577 = PCURVE('',#7163,#7578);
#7578 = DEFINITIONAL_REPRESENTATION('',(#7579),#7583);
#7579 = LINE('',#7580,#7581);
#7580 = CARTESIAN_POINT('',(28.,0.));
#7581 = VECTOR('',#7582,1.);
#7582 = DIRECTION('',(0.,1.));
#7583 = ( GEOMETRIC_REPRESENTATION_CONTEXT(2) 
PARAMETRIC_REPRESENTATION_CONTEXT() REPRESENTATION_CONTEXT('2D SPACE',''
  ) );
#7584 = PCURVE('',#6464,#7585);
#7585 = DEFINITIONAL_REPRESENTATION('',(#7586),#7590);
#7586 = LINE('',#7587,#7588);
#7587 = CARTESIAN_POINT('',(0.,0.));
#7588 = VECTOR('',#7589,1.);
#7589 = DIRECTION('',(0.,-1.));
#7590 = ( GEOMETRIC_REPRESENTATION_CONTEXT(2) 
PARAMETRIC_REPRESENTATION_CONTEXT() REPRESENTATION_CONTEXT('2D SPACE',''
  ) );
#7591 = ORIENTED_EDGE('',*,*,#7592,.T.);
#7592 = EDGE_CURVE('',#7570,#7593,#7595,.T.);
#7593 = VERTEX_POINT('',#7594);
#7594 = CARTESIAN_POINT('',(8.940588291844,10.3,64.));
#7595 = SURFACE_CURVE('',#7596,(#7601,#7612),.PCURVE_S1.);
#7596 = CIRCLE('',#7597,3.5);
#7597 = AXIS2_PLACEMENT_3D('',#7598,#7599,#7600);
#7598 = CARTESIAN_POINT('',(12.,12.,64.));
#7599 = DIRECTION('',(0.,-0.,-1.));
#7600 = DIRECTION('',(1.,-1.110223024625E-16,0.));
#7601 = PCURVE('',#7163,#7602);
#7602 = DEFINITIONAL_REPRESENTATION('',(#7603),#7611);
#7603 = ( BOUNDED_CURVE() B_SPLINE_CURVE(2,(#7604,#7605,#7606,#7607,
#7608,#7609,#7610),.UNSPECIFIED.,.T.,.F.) B_SPLINE_CURVE_WITH_KNOTS((1,2
    ,2,2,2,1),(-2.094395102393,0.,2.094395102393,4.188790204786,
6.28318530718,8.377580409573),.UNSPECIFIED.) CURVE() 
GEOMETRIC_REPRESENTATION_ITEM() RATIONAL_B_SPLINE_CURVE((1.,0.5,1.,0.5,
1.,0.5,1.)) REPRESENTATION_ITEM('') );
#7604 = CARTESIAN_POINT('',(29.5,11.7));
#7605 = CARTESIAN_POINT('',(29.5,5.637822173509));
#7606 = CARTESIAN_POINT('',(24.25,8.668911086754));
#7607 = CARTESIAN_POINT('',(19.,11.7));
#7608 = CARTESIAN_POINT('',(24.25,14.731088913246));
#7609 = CARTESIAN_POINT('',(29.5,17.762177826491));
#7610 = CARTESIAN_POINT('',(29.5,11.7));
#7611 = ( GEOMETRIC_REPRESENTATION_CONTEXT(2) 
PARAMETRIC_REPRESENTATION_CONTEXT() REPRESENTATION_CONTEXT('2D SPACE',''
  ) );
#7612 = PCURVE('',#6436,#7613);
#7613 = DEFINITIONAL_REPRESENTATION('',(#7614),#7618);
#7614 = LINE('',#7615,#7616);
#7615 = CARTESIAN_POINT('',(0.,0.));
#7616 = VECTOR('',#7617,1.);
#7617 = DIRECTION('',(1.,0.));
#7618 = ( GEOMETRIC_REPRESENTATION_CONTEXT(2) 
PARAMETRIC_REPRESENTATION_CONTEXT() REPRESENTATION_CONTEXT('2D SPACE',''
  ) );
#7619 = ORIENTED_EDGE('',*,*,#7620,.F.);
#7620 = EDGE_CURVE('',#7621,#7593,#7623,.T.);
#7621 = VERTEX_POINT('',#7622);
#7622 = CARTESIAN_POINT('',(-8.940588291844,10.3,64.));
#7623 = SURFACE_CURVE('',#7624,(#7628,#7635),.PCURVE_S1.);
#7624 = LINE('',#7625,#7626);
#7625 = CARTESIAN_POINT('',(-14.,10.3,64.));
#7626 = VECTOR('',#7627,1.);
#7627 = DIRECTION('',(1.,0.,0.));
#7628 = PCURVE('',#7163,#7629);
#7629 = DEFINITIONAL_REPRESENTATION('',(#7630),#7634);
#7630 = LINE('',#7631,#7632);
#7631 = CARTESIAN_POINT('',(0.,10.));
#7632 = VECTOR('',#7633,1.);
#7633 = DIRECTION('',(1.,0.));
#7634 = ( GEOMETRIC_REPRESENTATION_CONTEXT(2) 
PARAMETRIC_REPRESENTATION_CONTEXT() REPRESENTATION_CONTEXT('2D SPACE',''
  ) );
#7635 = PCURVE('',#6189,#7636);
#7636 = DEFINITIONAL_REPRESENTATION('',(#7637),#7641);
#7637 = LINE('',#7638,#7639);
#7638 = CARTESIAN_POINT('',(0.,0.));
#7639 = VECTOR('',#7640,1.);
#7640 = DIRECTION('',(0.,1.));
#7641 = ( GEOMETRIC_REPRESENTATION_CONTEXT(2) 
PARAMETRIC_REPRESENTATION_CONTEXT() REPRESENTATION_CONTEXT('2D SPACE',''
  ) );
#7642 = ORIENTED_EDGE('',*,*,#7643,.T.);
#7643 = EDGE_CURVE('',#7621,#7546,#7644,.T.);
#7644 = SURFACE_CURVE('',#7645,(#7650,#7661),.PCURVE_S1.);
#7645 = CIRCLE('',#7646,3.5);
#7646 = AXIS2_PLACEMENT_3D('',#7647,#7648,#7649);
#7647 = CARTESIAN_POINT('',(-12.,12.,64.));
#7648 = DIRECTION('',(0.,-0.,-1.));
#7649 = DIRECTION('',(1.,-1.110223024625E-16,0.));
#7650 = PCURVE('',#7163,#7651);
#7651 = DEFINITIONAL_REPRESENTATION('',(#7652),#7660);
#7652 = ( BOUNDED_CURVE() B_SPLINE_CURVE(2,(#7653,#7654,#7655,#7656,
#7657,#7658,#7659),.UNSPECIFIED.,.T.,.F.) B_SPLINE_CURVE_WITH_KNOTS((1,2
    ,2,2,2,1),(-2.094395102393,0.,2.094395102393,4.188790204786,
6.28318530718,8.377580409573),.UNSPECIFIED.) CURVE() 
GEOMETRIC_REPRESENTATION_ITEM() RATIONAL_B_SPLINE_CURVE((1.,0.5,1.,0.5,
1.,0.5,1.)) REPRESENTATION_ITEM('') );
#7653 = CARTESIAN_POINT('',(5.5,11.7));
#7654 = CARTESIAN_POINT('',(5.5,5.637822173509));
#7655 = CARTESIAN_POINT('',(0.25,8.668911086754));
#7656 = CARTESIAN_POINT('',(-5.,11.7));
#7657 = CARTESIAN_POINT('',(0.25,14.731088913246));
#7658 = CARTESIAN_POINT('',(5.5,17.762177826491));
#7659 = CARTESIAN_POINT('',(5.5,11.7));
#7660 = ( GEOMETRIC_REPRESENTATION_CONTEXT(2) 
PARAMETRIC_REPRESENTATION_CONTEXT() REPRESENTATION_CONTEXT('2D SPACE',''
  ) );
#7661 = PCURVE('',#6161,#7662);
#7662 = DEFINITIONAL_REPRESENTATION('',(#7663),#7667);
#7663 = LINE('',#7664,#7665);
#7664 = CARTESIAN_POINT('',(0.,0.));
#7665 = VECTOR('',#7666,1.);
#7666 = DIRECTION('',(1.,0.));
#7667 = ( GEOMETRIC_REPRESENTATION_CONTEXT(2) 
PARAMETRIC_REPRESENTATION_CONTEXT() REPRESENTATION_CONTEXT('2D SPACE',''
  ) );
#7668 = ADVANCED_FACE('',(#7669),#6464,.T.);
#7669 = FACE_BOUND('',#7670,.T.);
#7670 = EDGE_LOOP('',(#7671,#7672,#7673,#7674));
#7671 = ORIENTED_EDGE('',*,*,#6448,.F.);
#7672 = ORIENTED_EDGE('',*,*,#7197,.F.);
#7673 = ORIENTED_EDGE('',*,*,#7569,.T.);
#7674 = ORIENTED_EDGE('',*,*,#7675,.F.);
#7675 = EDGE_CURVE('',#6416,#7570,#7676,.T.);
#7676 = SURFACE_CURVE('',#7677,(#7681,#7687),.PCURVE_S1.);
#7677 = LINE('',#7678,#7679);
#7678 = CARTESIAN_POINT('',(14.,9.127718676731,64.));
#7679 = VECTOR('',#7680,1.);
#7680 = DIRECTION('',(0.,-0.,-1.));
#7681 = PCURVE('',#6464,#7682);
#7682 = DEFINITIONAL_REPRESENTATION('',(#7683),#7686);
#7683 = B_SPLINE_CURVE_WITH_KNOTS('',1,(#7684,#7685),.UNSPECIFIED.,.F.,
  .F.,(2,2),(-80.0000006,5.999999999062E-07),.PIECEWISE_BEZIER_KNOTS.);
#7684 = CARTESIAN_POINT('',(80.0000006,-8.827718676731));
#7685 = CARTESIAN_POINT('',(-5.999999999062E-07,-8.827718676731));
#7686 = ( GEOMETRIC_REPRESENTATION_CONTEXT(2) 
PARAMETRIC_REPRESENTATION_CONTEXT() REPRESENTATION_CONTEXT('2D SPACE',''
  ) );
#7687 = PCURVE('',#6436,#7688);
#7688 = DEFINITIONAL_REPRESENTATION('',(#7689),#7692);
#7689 = B_SPLINE_CURVE_WITH_KNOTS('',1,(#7690,#7691),.UNSPECIFIED.,.F.,
  .F.,(2,2),(-80.0000006,5.999999999062E-07),.PIECEWISE_BEZIER_KNOTS.);
#7690 = CARTESIAN_POINT('',(0.962550747885,-80.0000006));
#7691 = CARTESIAN_POINT('',(0.962550747885,5.999999999062E-07));
#7692 = ( GEOMETRIC_REPRESENTATION_CONTEXT(2) 
PARAMETRIC_REPRESENTATION_CONTEXT() REPRESENTATION_CONTEXT('2D SPACE',''
  ) );
#7693 = ADVANCED_FACE('',(#7694),#6436,.F.);
#7694 = FACE_BOUND('',#7695,.F.);
#7695 = EDGE_LOOP('',(#7696,#7697,#7698,#7699));
#7696 = ORIENTED_EDGE('',*,*,#7592,.F.);
#7697 = ORIENTED_EDGE('',*,*,#7675,.F.);
#7698 = ORIENTED_EDGE('',*,*,#6415,.T.);
#7699 = ORIENTED_EDGE('',*,*,#7700,.T.);
#7700 = EDGE_CURVE('',#6393,#7593,#7701,.T.);
#7701 = SURFACE_CURVE('',#7702,(#7706,#7712),.PCURVE_S1.);
#7702 = LINE('',#7703,#7704);
#7703 = CARTESIAN_POINT('',(8.940588291844,10.3,64.));
#7704 = VECTOR('',#7705,1.);
#7705 = DIRECTION('',(0.,-0.,-1.));
#7706 = PCURVE('',#6436,#7707);
#7707 = DEFINITIONAL_REPRESENTATION('',(#7708),#7711);
#7708 = B_SPLINE_CURVE_WITH_KNOTS('',1,(#7709,#7710),.UNSPECIFIED.,.F.,
  .F.,(2,2),(-80.0000006,5.999999999062E-07),.PIECEWISE_BEZIER_KNOTS.);
#7709 = CARTESIAN_POINT('',(2.63441252069,-80.0000006));
#7710 = CARTESIAN_POINT('',(2.63441252069,5.999999999062E-07));
#7711 = ( GEOMETRIC_REPRESENTATION_CONTEXT(2) 
PARAMETRIC_REPRESENTATION_CONTEXT() REPRESENTATION_CONTEXT('2D SPACE',''
  ) );
#7712 = PCURVE('',#6189,#7713);
#7713 = DEFINITIONAL_REPRESENTATION('',(#7714),#7717);
#7714 = B_SPLINE_CURVE_WITH_KNOTS('',1,(#7715,#7716),.UNSPECIFIED.,.F.,
  .F.,(2,2),(-80.0000006,5.999999999062E-07),.PIECEWISE_BEZIER_KNOTS.);
#7715 = CARTESIAN_POINT('',(80.0000006,22.940588291844));
#7716 = CARTESIAN_POINT('',(-5.999999999062E-07,22.940588291844));
#7717 = ( GEOMETRIC_REPRESENTATION_CONTEXT(2) 
PARAMETRIC_REPRESENTATION_CONTEXT() REPRESENTATION_CONTEXT('2D SPACE',''
  ) );
#7718 = ADVANCED_FACE('',(#7719),#6380,.F.);
#7719 = FACE_BOUND('',#7720,.F.);
#7720 = EDGE_LOOP('',(#7721,#7744,#7745));
#7721 = ORIENTED_EDGE('',*,*,#7722,.T.);
#7722 = EDGE_CURVE('',#7723,#6365,#7725,.T.);
#7723 = VERTEX_POINT('',#7724);
#7724 = CARTESIAN_POINT('',(8.,10.3,130.));
#7725 = SURFACE_CURVE('',#7726,(#7730,#7737),.PCURVE_S1.);
#7726 = LINE('',#7727,#7728);
#7727 = CARTESIAN_POINT('',(8.,10.3,130.));
#7728 = VECTOR('',#7729,1.);
#7729 = DIRECTION('',(0.,0.,1.));
#7730 = PCURVE('',#6380,#7731);
#7731 = DEFINITIONAL_REPRESENTATION('',(#7732),#7736);
#7732 = LINE('',#7733,#7734);
#7733 = CARTESIAN_POINT('',(9.782271228695,13.567728771305));
#7734 = VECTOR('',#7735,1.);
#7735 = DIRECTION('',(-1.,0.));
#7736 = ( GEOMETRIC_REPRESENTATION_CONTEXT(2) 
PARAMETRIC_REPRESENTATION_CONTEXT() REPRESENTATION_CONTEXT('2D SPACE',''
  ) );
#7737 = PCURVE('',#6189,#7738);
#7738 = DEFINITIONAL_REPRESENTATION('',(#7739),#7743);
#7739 = LINE('',#7740,#7741);
#7740 = CARTESIAN_POINT('',(66.,22.));
#7741 = VECTOR('',#7742,1.);
#7742 = DIRECTION('',(1.,0.));
#7743 = ( GEOMETRIC_REPRESENTATION_CONTEXT(2) 
PARAMETRIC_REPRESENTATION_CONTEXT() REPRESENTATION_CONTEXT('2D SPACE',''
  ) );
#7744 = ORIENTED_EDGE('',*,*,#6364,.T.);
#7745 = ORIENTED_EDGE('',*,*,#7746,.T.);
#7746 = EDGE_CURVE('',#6337,#7723,#7747,.T.);
#7747 = SURFACE_CURVE('',#7748,(#7752,#7759),.PCURVE_S1.);
#7748 = LINE('',#7749,#7750);
#7749 = CARTESIAN_POINT('',(8.,43.,144.));
#7750 = VECTOR('',#7751,1.);
#7751 = DIRECTION('',(0.,-0.919290378717,-0.393579978656));
#7752 = PCURVE('',#6380,#7753);
#7753 = DEFINITIONAL_REPRESENTATION('',(#7754),#7758);
#7754 = LINE('',#7755,#7756);
#7755 = CARTESIAN_POINT('',(-4.217728771305,-19.13227122869));
#7756 = VECTOR('',#7757,1.);
#7757 = DIRECTION('',(0.393579978656,0.919290378717));
#7758 = ( GEOMETRIC_REPRESENTATION_CONTEXT(2) 
PARAMETRIC_REPRESENTATION_CONTEXT() REPRESENTATION_CONTEXT('2D SPACE',''
  ) );
#7759 = PCURVE('',#6352,#7760);
#7760 = DEFINITIONAL_REPRESENTATION('',(#7761),#7765);
#7761 = LINE('',#7762,#7763);
#7762 = CARTESIAN_POINT('',(0.,-4.));
#7763 = VECTOR('',#7764,1.);
#7764 = DIRECTION('',(1.,0.));
#7765 = ( GEOMETRIC_REPRESENTATION_CONTEXT(2) 
PARAMETRIC_REPRESENTATION_CONTEXT() REPRESENTATION_CONTEXT('2D SPACE',''
  ) );
#7766 = ADVANCED_FACE('',(#7767),#6352,.T.);
#7767 = FACE_BOUND('',#7768,.T.);
#7768 = EDGE_LOOP('',(#7769,#7770,#7771,#7794));
#7769 = ORIENTED_EDGE('',*,*,#6336,.T.);
#7770 = ORIENTED_EDGE('',*,*,#7746,.T.);
#7771 = ORIENTED_EDGE('',*,*,#7772,.F.);
#7772 = EDGE_CURVE('',#7773,#7723,#7775,.T.);
#7773 = VERTEX_POINT('',#7774);
#7774 = CARTESIAN_POINT('',(4.,10.3,130.));
#7775 = SURFACE_CURVE('',#7776,(#7780,#7787),.PCURVE_S1.);
#7776 = LINE('',#7777,#7778);
#7777 = CARTESIAN_POINT('',(4.,10.3,130.));
#7778 = VECTOR('',#7779,1.);
#7779 = DIRECTION('',(1.,0.,0.));
#7780 = PCURVE('',#6352,#7781);
#7781 = DEFINITIONAL_REPRESENTATION('',(#7782),#7786);
#7782 = LINE('',#7783,#7784);
#7783 = CARTESIAN_POINT('',(35.570915085221,0.));
#7784 = VECTOR('',#7785,1.);
#7785 = DIRECTION('',(0.,-1.));
#7786 = ( GEOMETRIC_REPRESENTATION_CONTEXT(2) 
PARAMETRIC_REPRESENTATION_CONTEXT() REPRESENTATION_CONTEXT('2D SPACE',''
  ) );
#7787 = PCURVE('',#6189,#7788);
#7788 = DEFINITIONAL_REPRESENTATION('',(#7789),#7793);
#7789 = LINE('',#7790,#7791);
#7790 = CARTESIAN_POINT('',(66.,18.));
#7791 = VECTOR('',#7792,1.);
#7792 = DIRECTION('',(0.,1.));
#7793 = ( GEOMETRIC_REPRESENTATION_CONTEXT(2) 
PARAMETRIC_REPRESENTATION_CONTEXT() REPRESENTATION_CONTEXT('2D SPACE',''
  ) );
#7794 = ORIENTED_EDGE('',*,*,#7795,.F.);
#7795 = EDGE_CURVE('',#6309,#7773,#7796,.T.);
#7796 = SURFACE_CURVE('',#7797,(#7801,#7808),.PCURVE_S1.);
#7797 = LINE('',#7798,#7799);
#7798 = CARTESIAN_POINT('',(4.,43.,144.));
#7799 = VECTOR('',#7800,1.);
#7800 = DIRECTION('',(0.,-0.919290378717,-0.393579978656));
#7801 = PCURVE('',#6352,#7802);
#7802 = DEFINITIONAL_REPRESENTATION('',(#7803),#7807);
#7803 = LINE('',#7804,#7805);
#7804 = CARTESIAN_POINT('',(0.,0.));
#7805 = VECTOR('',#7806,1.);
#7806 = DIRECTION('',(1.,0.));
#7807 = ( GEOMETRIC_REPRESENTATION_CONTEXT(2) 
PARAMETRIC_REPRESENTATION_CONTEXT() REPRESENTATION_CONTEXT('2D SPACE',''
  ) );
#7808 = PCURVE('',#6324,#7809);
#7809 = DEFINITIONAL_REPRESENTATION('',(#7810),#7814);
#7810 = LINE('',#7811,#7812);
#7811 = CARTESIAN_POINT('',(-4.217728771305,-19.13227122869));
#7812 = VECTOR('',#7813,1.);
#7813 = DIRECTION('',(0.393579978656,0.919290378717));
#7814 = ( GEOMETRIC_REPRESENTATION_CONTEXT(2) 
PARAMETRIC_REPRESENTATION_CONTEXT() REPRESENTATION_CONTEXT('2D SPACE',''
  ) );
#7815 = ADVANCED_FACE('',(#7816),#6324,.T.);
#7816 = FACE_BOUND('',#7817,.T.);
#7817 = EDGE_LOOP('',(#7818,#7839,#7840));
#7818 = ORIENTED_EDGE('',*,*,#7819,.T.);
#7819 = EDGE_CURVE('',#7773,#6286,#7820,.T.);
#7820 = SURFACE_CURVE('',#7821,(#7825,#7832),.PCURVE_S1.);
#7821 = LINE('',#7822,#7823);
#7822 = CARTESIAN_POINT('',(4.,10.3,130.));
#7823 = VECTOR('',#7824,1.);
#7824 = DIRECTION('',(0.,0.,1.));
#7825 = PCURVE('',#6324,#7826);
#7826 = DEFINITIONAL_REPRESENTATION('',(#7827),#7831);
#7827 = LINE('',#7828,#7829);
#7828 = CARTESIAN_POINT('',(9.782271228695,13.567728771305));
#7829 = VECTOR('',#7830,1.);
#7830 = DIRECTION('',(-1.,0.));
#7831 = ( GEOMETRIC_REPRESENTATION_CONTEXT(2) 
PARAMETRIC_REPRESENTATION_CONTEXT() REPRESENTATION_CONTEXT('2D SPACE',''
  ) );
#7832 = PCURVE('',#6189,#7833);
#7833 = DEFINITIONAL_REPRESENTATION('',(#7834),#7838);
#7834 = LINE('',#7835,#7836);
#7835 = CARTESIAN_POINT('',(66.,18.));
#7836 = VECTOR('',#7837,1.);
#7837 = DIRECTION('',(1.,0.));
#7838 = ( GEOMETRIC_REPRESENTATION_CONTEXT(2) 
PARAMETRIC_REPRESENTATION_CONTEXT() REPRESENTATION_CONTEXT('2D SPACE',''
  ) );
#7839 = ORIENTED_EDGE('',*,*,#6308,.T.);
#7840 = ORIENTED_EDGE('',*,*,#7795,.T.);
#7841 = ADVANCED_FACE('',(#7842),#6273,.F.);
#7842 = FACE_BOUND('',#7843,.F.);
#7843 = EDGE_LOOP('',(#7844,#7867,#7868));
#7844 = ORIENTED_EDGE('',*,*,#7845,.T.);
#7845 = EDGE_CURVE('',#7846,#6258,#7848,.T.);
#7846 = VERTEX_POINT('',#7847);
#7847 = CARTESIAN_POINT('',(-4.,10.3,130.));
#7848 = SURFACE_CURVE('',#7849,(#7853,#7860),.PCURVE_S1.);
#7849 = LINE('',#7850,#7851);
#7850 = CARTESIAN_POINT('',(-4.,10.3,130.));
#7851 = VECTOR('',#7852,1.);
#7852 = DIRECTION('',(0.,0.,1.));
#7853 = PCURVE('',#6273,#7854);
#7854 = DEFINITIONAL_REPRESENTATION('',(#7855),#7859);
#7855 = LINE('',#7856,#7857);
#7856 = CARTESIAN_POINT('',(9.782271228695,13.567728771305));
#7857 = VECTOR('',#7858,1.);
#7858 = DIRECTION('',(-1.,0.));
#7859 = ( GEOMETRIC_REPRESENTATION_CONTEXT(2) 
PARAMETRIC_REPRESENTATION_CONTEXT() REPRESENTATION_CONTEXT('2D SPACE',''
  ) );
#7860 = PCURVE('',#6189,#7861);
#7861 = DEFINITIONAL_REPRESENTATION('',(#7862),#7866);
#7862 = LINE('',#7863,#7864);
#7863 = CARTESIAN_POINT('',(66.,10.));
#7864 = VECTOR('',#7865,1.);
#7865 = DIRECTION('',(1.,0.));
#7866 = ( GEOMETRIC_REPRESENTATION_CONTEXT(2) 
PARAMETRIC_REPRESENTATION_CONTEXT() REPRESENTATION_CONTEXT('2D SPACE',''
  ) );
#7867 = ORIENTED_EDGE('',*,*,#6257,.T.);
#7868 = ORIENTED_EDGE('',*,*,#7869,.T.);
#7869 = EDGE_CURVE('',#6230,#7846,#7870,.T.);
#7870 = SURFACE_CURVE('',#7871,(#7875,#7882),.PCURVE_S1.);
#7871 = LINE('',#7872,#7873);
#7872 = CARTESIAN_POINT('',(-4.,43.,144.));
#7873 = VECTOR('',#7874,1.);
#7874 = DIRECTION('',(0.,-0.919290378717,-0.393579978656));
#7875 = PCURVE('',#6273,#7876);
#7876 = DEFINITIONAL_REPRESENTATION('',(#7877),#7881);
#7877 = LINE('',#7878,#7879);
#7878 = CARTESIAN_POINT('',(-4.217728771305,-19.13227122869));
#7879 = VECTOR('',#7880,1.);
#7880 = DIRECTION('',(0.393579978656,0.919290378717));
#7881 = ( GEOMETRIC_REPRESENTATION_CONTEXT(2) 
PARAMETRIC_REPRESENTATION_CONTEXT() REPRESENTATION_CONTEXT('2D SPACE',''
  ) );
#7882 = PCURVE('',#6245,#7883);
#7883 = DEFINITIONAL_REPRESENTATION('',(#7884),#7888);
#7884 = LINE('',#7885,#7886);
#7885 = CARTESIAN_POINT('',(0.,-4.));
#7886 = VECTOR('',#7887,1.);
#7887 = DIRECTION('',(1.,0.));
#7888 = ( GEOMETRIC_REPRESENTATION_CONTEXT(2) 
PARAMETRIC_REPRESENTATION_CONTEXT() REPRESENTATION_CONTEXT('2D SPACE',''
  ) );
#7889 = ADVANCED_FACE('',(#7890),#6245,.T.);
#7890 = FACE_BOUND('',#7891,.T.);
#7891 = EDGE_LOOP('',(#7892,#7893,#7894,#7917));
#7892 = ORIENTED_EDGE('',*,*,#6229,.T.);
#7893 = ORIENTED_EDGE('',*,*,#7869,.T.);
#7894 = ORIENTED_EDGE('',*,*,#7895,.F.);
#7895 = EDGE_CURVE('',#7896,#7846,#7898,.T.);
#7896 = VERTEX_POINT('',#7897);
#7897 = CARTESIAN_POINT('',(-8.,10.3,130.));
#7898 = SURFACE_CURVE('',#7899,(#7903,#7910),.PCURVE_S1.);
#7899 = LINE('',#7900,#7901);
#7900 = CARTESIAN_POINT('',(-8.,10.3,130.));
#7901 = VECTOR('',#7902,1.);
#7902 = DIRECTION('',(1.,0.,0.));
#7903 = PCURVE('',#6245,#7904);
#7904 = DEFINITIONAL_REPRESENTATION('',(#7905),#7909);
#7905 = LINE('',#7906,#7907);
#7906 = CARTESIAN_POINT('',(35.570915085221,0.));
#7907 = VECTOR('',#7908,1.);
#7908 = DIRECTION('',(0.,-1.));
#7909 = ( GEOMETRIC_REPRESENTATION_CONTEXT(2) 
PARAMETRIC_REPRESENTATION_CONTEXT() REPRESENTATION_CONTEXT('2D SPACE',''
  ) );
#7910 = PCURVE('',#6189,#7911);
#7911 = DEFINITIONAL_REPRESENTATION('',(#7912),#7916);
#7912 = LINE('',#7913,#7914);
#7913 = CARTESIAN_POINT('',(66.,6.));
#7914 = VECTOR('',#7915,1.);
#7915 = DIRECTION('',(0.,1.));
#7916 = ( GEOMETRIC_REPRESENTATION_CONTEXT(2) 
PARAMETRIC_REPRESENTATION_CONTEXT() REPRESENTATION_CONTEXT('2D SPACE',''
  ) );
#7917 = ORIENTED_EDGE('',*,*,#7918,.F.);
#7918 = EDGE_CURVE('',#6202,#7896,#7919,.T.);
#7919 = SURFACE_CURVE('',#7920,(#7924,#7931),.PCURVE_S1.);
#7920 = LINE('',#7921,#7922);
#7921 = CARTESIAN_POINT('',(-8.,43.,144.));
#7922 = VECTOR('',#7923,1.);
#7923 = DIRECTION('',(0.,-0.919290378717,-0.393579978656));
#7924 = PCURVE('',#6245,#7925);
#7925 = DEFINITIONAL_REPRESENTATION('',(#7926),#7930);
#7926 = LINE('',#7927,#7928);
#7927 = CARTESIAN_POINT('',(0.,0.));
#7928 = VECTOR('',#7929,1.);
#7929 = DIRECTION('',(1.,0.));
#7930 = ( GEOMETRIC_REPRESENTATION_CONTEXT(2) 
PARAMETRIC_REPRESENTATION_CONTEXT() REPRESENTATION_CONTEXT('2D SPACE',''
  ) );
#7931 = PCURVE('',#6217,#7932);
#7932 = DEFINITIONAL_REPRESENTATION('',(#7933),#7937);
#7933 = LINE('',#7934,#7935);
#7934 = CARTESIAN_POINT('',(-4.217728771305,-19.13227122869));
#7935 = VECTOR('',#7936,1.);
#7936 = DIRECTION('',(0.393579978656,0.919290378717));
#7937 = ( GEOMETRIC_REPRESENTATION_CONTEXT(2) 
PARAMETRIC_REPRESENTATION_CONTEXT() REPRESENTATION_CONTEXT('2D SPACE',''
  ) );
#7938 = ADVANCED_FACE('',(#7939),#6217,.T.);
#7939 = FACE_BOUND('',#7940,.T.);
#7940 = EDGE_LOOP('',(#7941,#7962,#7963));
#7941 = ORIENTED_EDGE('',*,*,#7942,.T.);
#7942 = EDGE_CURVE('',#7896,#6174,#7943,.T.);
#7943 = SURFACE_CURVE('',#7944,(#7948,#7955),.PCURVE_S1.);
#7944 = LINE('',#7945,#7946);
#7945 = CARTESIAN_POINT('',(-8.,10.3,130.));
#7946 = VECTOR('',#7947,1.);
#7947 = DIRECTION('',(0.,0.,1.));
#7948 = PCURVE('',#6217,#7949);
#7949 = DEFINITIONAL_REPRESENTATION('',(#7950),#7954);
#7950 = LINE('',#7951,#7952);
#7951 = CARTESIAN_POINT('',(9.782271228695,13.567728771305));
#7952 = VECTOR('',#7953,1.);
#7953 = DIRECTION('',(-1.,0.));
#7954 = ( GEOMETRIC_REPRESENTATION_CONTEXT(2) 
PARAMETRIC_REPRESENTATION_CONTEXT() REPRESENTATION_CONTEXT('2D SPACE',''
  ) );
#7955 = PCURVE('',#6189,#7956);
#7956 = DEFINITIONAL_REPRESENTATION('',(#7957),#7961);
#7957 = LINE('',#7958,#7959);
#7958 = CARTESIAN_POINT('',(66.,6.));
#7959 = VECTOR('',#7960,1.);
#7960 = DIRECTION('',(1.,0.));
#7961 = ( GEOMETRIC_REPRESENTATION_CONTEXT(2) 
PARAMETRIC_REPRESENTATION_CONTEXT() REPRESENTATION_CONTEXT('2D SPACE',''
  ) );
#7962 = ORIENTED_EDGE('',*,*,#6201,.T.);
#7963 = ORIENTED_EDGE('',*,*,#7918,.T.);
#7964 = ADVANCED_FACE('',(#7965,#7997,#8000,#8003,#8006),#6189,.T.);
#7965 = FACE_BOUND('',#7966,.T.);
#7966 = EDGE_LOOP('',(#7967,#7968,#7969,#7970,#7971,#7972,#7991,#7992,
    #7993,#7994,#7995,#7996));
#7967 = ORIENTED_EDGE('',*,*,#7772,.T.);
#7968 = ORIENTED_EDGE('',*,*,#7722,.T.);
#7969 = ORIENTED_EDGE('',*,*,#6392,.T.);
#7970 = ORIENTED_EDGE('',*,*,#7700,.T.);
#7971 = ORIENTED_EDGE('',*,*,#7620,.F.);
#7972 = ORIENTED_EDGE('',*,*,#7973,.F.);
#7973 = EDGE_CURVE('',#6141,#7621,#7974,.T.);
#7974 = SURFACE_CURVE('',#7975,(#7979,#7985),.PCURVE_S1.);
#7975 = LINE('',#7976,#7977);
#7976 = CARTESIAN_POINT('',(-8.940588291844,10.3,64.));
#7977 = VECTOR('',#7978,1.);
#7978 = DIRECTION('',(0.,-0.,-1.));
#7979 = PCURVE('',#6189,#7980);
#7980 = DEFINITIONAL_REPRESENTATION('',(#7981),#7984);
#7981 = B_SPLINE_CURVE_WITH_KNOTS('',1,(#7982,#7983),.UNSPECIFIED.,.F.,
  .F.,(2,2),(-80.0000006,5.999999999062E-07),.PIECEWISE_BEZIER_KNOTS.);
#7982 = CARTESIAN_POINT('',(80.0000006,5.059411708156));
#7983 = CARTESIAN_POINT('',(-5.999999999062E-07,5.059411708156));
#7984 = ( GEOMETRIC_REPRESENTATION_CONTEXT(2) 
PARAMETRIC_REPRESENTATION_CONTEXT() REPRESENTATION_CONTEXT('2D SPACE',''
  ) );
#7985 = PCURVE('',#6161,#7986);
#7986 = DEFINITIONAL_REPRESENTATION('',(#7987),#7990);
#7987 = B_SPLINE_CURVE_WITH_KNOTS('',1,(#7988,#7989),.UNSPECIFIED.,.F.,
  .F.,(2,2),(-80.0000006,5.999999999062E-07),.PIECEWISE_BEZIER_KNOTS.);
#7988 = CARTESIAN_POINT('',(0.5071801329,-80.0000006));
#7989 = CARTESIAN_POINT('',(0.5071801329,5.999999999062E-07));
#7990 = ( GEOMETRIC_REPRESENTATION_CONTEXT(2) 
PARAMETRIC_REPRESENTATION_CONTEXT() REPRESENTATION_CONTEXT('2D SPACE',''
  ) );
#7991 = ORIENTED_EDGE('',*,*,#6173,.T.);
#7992 = ORIENTED_EDGE('',*,*,#7942,.F.);
#7993 = ORIENTED_EDGE('',*,*,#7895,.T.);
#7994 = ORIENTED_EDGE('',*,*,#7845,.T.);
#7995 = ORIENTED_EDGE('',*,*,#6285,.T.);
#7996 = ORIENTED_EDGE('',*,*,#7819,.F.);
#7997 = FACE_BOUND('',#7998,.T.);
#7998 = EDGE_LOOP('',(#7999));
#7999 = ORIENTED_EDGE('',*,*,#7495,.F.);
#8000 = FACE_BOUND('',#8001,.T.);
#8001 = EDGE_LOOP('',(#8002));
#8002 = ORIENTED_EDGE('',*,*,#7445,.F.);
#8003 = FACE_BOUND('',#8004,.T.);
#8004 = EDGE_LOOP('',(#8005));
#8005 = ORIENTED_EDGE('',*,*,#7395,.F.);
#8006 = FACE_BOUND('',#8007,.T.);
#8007 = EDGE_LOOP('',(#8008));
#8008 = ORIENTED_EDGE('',*,*,#7345,.F.);
#8009 = ADVANCED_FACE('',(#8010),#6161,.F.);
#8010 = FACE_BOUND('',#8011,.F.);
#8011 = EDGE_LOOP('',(#8012,#8013,#8014,#8015));
#8012 = ORIENTED_EDGE('',*,*,#7643,.F.);
#8013 = ORIENTED_EDGE('',*,*,#7973,.F.);
#8014 = ORIENTED_EDGE('',*,*,#6140,.T.);
#8015 = ORIENTED_EDGE('',*,*,#8016,.T.);
#8016 = EDGE_CURVE('',#6113,#7546,#8017,.T.);
#8017 = SURFACE_CURVE('',#8018,(#8022,#8028),.PCURVE_S1.);
#8018 = LINE('',#8019,#8020);
#8019 = CARTESIAN_POINT('',(-14.,9.127718676731,64.));
#8020 = VECTOR('',#8021,1.);
#8021 = DIRECTION('',(0.,-0.,-1.));
#8022 = PCURVE('',#6161,#8023);
#8023 = DEFINITIONAL_REPRESENTATION('',(#8024),#8027);
#8024 = B_SPLINE_CURVE_WITH_KNOTS('',1,(#8025,#8026),.UNSPECIFIED.,.F.,
  .F.,(2,2),(-80.0000006,5.999999999062E-07),.PIECEWISE_BEZIER_KNOTS.);
#8025 = CARTESIAN_POINT('',(2.179041905705,-80.0000006));
#8026 = CARTESIAN_POINT('',(2.179041905705,5.999999999062E-07));
#8027 = ( GEOMETRIC_REPRESENTATION_CONTEXT(2) 
PARAMETRIC_REPRESENTATION_CONTEXT() REPRESENTATION_CONTEXT('2D SPACE',''
  ) );
#8028 = PCURVE('',#6128,#8029);
#8029 = DEFINITIONAL_REPRESENTATION('',(#8030),#8033);
#8030 = B_SPLINE_CURVE_WITH_KNOTS('',1,(#8031,#8032),.UNSPECIFIED.,.F.,
  .F.,(2,2),(-80.0000006,5.999999999062E-07),.PIECEWISE_BEZIER_KNOTS.);
#8031 = CARTESIAN_POINT('',(80.0000006,-8.827718676731));
#8032 = CARTESIAN_POINT('',(-5.999999999062E-07,-8.827718676731));
#8033 = ( GEOMETRIC_REPRESENTATION_CONTEXT(2) 
PARAMETRIC_REPRESENTATION_CONTEXT() REPRESENTATION_CONTEXT('2D SPACE',''
  ) );
#8034 = ADVANCED_FACE('',(#8035),#6128,.F.);
#8035 = FACE_BOUND('',#8036,.F.);
#8036 = EDGE_LOOP('',(#8037,#8038,#8039,#8040));
#8037 = ORIENTED_EDGE('',*,*,#6110,.F.);
#8038 = ORIENTED_EDGE('',*,*,#7175,.F.);
#8039 = ORIENTED_EDGE('',*,*,#7545,.T.);
#8040 = ORIENTED_EDGE('',*,*,#8016,.F.);
#8041 = ADVANCED_FACE('',(#8042),#6096,.F.);
#8042 = FACE_BOUND('',#8043,.F.);
#8043 = EDGE_LOOP('',(#8044,#8045,#8068,#8096));
#8044 = ORIENTED_EDGE('',*,*,#6077,.F.);
#8045 = ORIENTED_EDGE('',*,*,#8046,.T.);
#8046 = EDGE_CURVE('',#6051,#8047,#8049,.T.);
#8047 = VERTEX_POINT('',#8048);
#8048 = CARTESIAN_POINT('',(13.7,-37.,150.));
#8049 = SURFACE_CURVE('',#8050,(#8054,#8061),.PCURVE_S1.);
#8050 = LINE('',#8051,#8052);
#8051 = CARTESIAN_POINT('',(13.7,-37.,143.));
#8052 = VECTOR('',#8053,1.);
#8053 = DIRECTION('',(0.,0.,1.));
#8054 = PCURVE('',#6096,#8055);
#8055 = DEFINITIONAL_REPRESENTATION('',(#8056),#8060);
#8056 = LINE('',#8057,#8058);
#8057 = CARTESIAN_POINT('',(0.,0.));
#8058 = VECTOR('',#8059,1.);
#8059 = DIRECTION('',(0.,-1.));
#8060 = ( GEOMETRIC_REPRESENTATION_CONTEXT(2) 
PARAMETRIC_REPRESENTATION_CONTEXT() REPRESENTATION_CONTEXT('2D SPACE',''
  ) );
#8061 = PCURVE('',#6066,#8062);
#8062 = DEFINITIONAL_REPRESENTATION('',(#8063),#8067);
#8063 = LINE('',#8064,#8065);
#8064 = CARTESIAN_POINT('',(25.,0.));
#8065 = VECTOR('',#8066,1.);
#8066 = DIRECTION('',(0.,-1.));
#8067 = ( GEOMETRIC_REPRESENTATION_CONTEXT(2) 
PARAMETRIC_REPRESENTATION_CONTEXT() REPRESENTATION_CONTEXT('2D SPACE',''
  ) );
#8068 = ORIENTED_EDGE('',*,*,#8069,.T.);
#8069 = EDGE_CURVE('',#8047,#8070,#8072,.T.);
#8070 = VERTEX_POINT('',#8071);
#8071 = CARTESIAN_POINT('',(10.3,-37.,150.));
#8072 = SURFACE_CURVE('',#8073,(#8078,#8085),.PCURVE_S1.);
#8073 = CIRCLE('',#8074,1.7);
#8074 = AXIS2_PLACEMENT_3D('',#8075,#8076,#8077);
#8075 = CARTESIAN_POINT('',(12.,-37.,150.));
#8076 = DIRECTION('',(0.,-0.,-1.));
#8077 = DIRECTION('',(1.,-1.110223024625E-16,0.));
#8078 = PCURVE('',#6096,#8079);
#8079 = DEFINITIONAL_REPRESENTATION('',(#8080),#8084);
#8080 = LINE('',#8081,#8082);
#8081 = CARTESIAN_POINT('',(0.,-7.));
#8082 = VECTOR('',#8083,1.);
#8083 = DIRECTION('',(1.,0.));
#8084 = ( GEOMETRIC_REPRESENTATION_CONTEXT(2) 
PARAMETRIC_REPRESENTATION_CONTEXT() REPRESENTATION_CONTEXT('2D SPACE',''
  ) );
#8085 = PCURVE('',#5776,#8086);
#8086 = DEFINITIONAL_REPRESENTATION('',(#8087),#8095);
#8087 = ( BOUNDED_CURVE() B_SPLINE_CURVE(2,(#8088,#8089,#8090,#8091,
#8092,#8093,#8094),.UNSPECIFIED.,.T.,.F.) B_SPLINE_CURVE_WITH_KNOTS((1,2
    ,2,2,2,1),(-2.094395102393,0.,2.094395102393,4.188790204786,
6.28318530718,8.377580409573),.UNSPECIFIED.) CURVE() 
GEOMETRIC_REPRESENTATION_ITEM() RATIONAL_B_SPLINE_CURVE((1.,0.5,1.,0.5,
1.,0.5,1.)) REPRESENTATION_ITEM('') );
#8088 = CARTESIAN_POINT('',(35.7,8.));
#8089 = CARTESIAN_POINT('',(35.7,5.055513627133));
#8090 = CARTESIAN_POINT('',(33.15,6.527756813566));
#8091 = CARTESIAN_POINT('',(30.6,8.));
#8092 = CARTESIAN_POINT('',(33.15,9.472243186434));
#8093 = CARTESIAN_POINT('',(35.7,10.944486372867));
#8094 = CARTESIAN_POINT('',(35.7,8.));
#8095 = ( GEOMETRIC_REPRESENTATION_CONTEXT(2) 
PARAMETRIC_REPRESENTATION_CONTEXT() REPRESENTATION_CONTEXT('2D SPACE',''
  ) );
#8096 = ORIENTED_EDGE('',*,*,#8097,.F.);
#8097 = EDGE_CURVE('',#5991,#8070,#8098,.T.);
#8098 = SURFACE_CURVE('',#8099,(#8103,#8110),.PCURVE_S1.);
#8099 = LINE('',#8100,#8101);
#8100 = CARTESIAN_POINT('',(10.3,-37.,143.));
#8101 = VECTOR('',#8102,1.);
#8102 = DIRECTION('',(0.,0.,1.));
#8103 = PCURVE('',#6096,#8104);
#8104 = DEFINITIONAL_REPRESENTATION('',(#8105),#8109);
#8105 = LINE('',#8106,#8107);
#8106 = CARTESIAN_POINT('',(3.14159265359,0.));
#8107 = VECTOR('',#8108,1.);
#8108 = DIRECTION('',(0.,-1.));
#8109 = ( GEOMETRIC_REPRESENTATION_CONTEXT(2) 
PARAMETRIC_REPRESENTATION_CONTEXT() REPRESENTATION_CONTEXT('2D SPACE',''
  ) );
#8110 = PCURVE('',#6006,#8111);
#8111 = DEFINITIONAL_REPRESENTATION('',(#8112),#8116);
#8112 = LINE('',#8113,#8114);
#8113 = CARTESIAN_POINT('',(0.,0.));
#8114 = VECTOR('',#8115,1.);
#8115 = DIRECTION('',(0.,-1.));
#8116 = ( GEOMETRIC_REPRESENTATION_CONTEXT(2) 
PARAMETRIC_REPRESENTATION_CONTEXT() REPRESENTATION_CONTEXT('2D SPACE',''
  ) );
#8117 = ADVANCED_FACE('',(#8118),#6066,.F.);
#8118 = FACE_BOUND('',#8119,.F.);
#8119 = EDGE_LOOP('',(#8120,#8121,#8144,#8163));
#8120 = ORIENTED_EDGE('',*,*,#6050,.T.);
#8121 = ORIENTED_EDGE('',*,*,#8122,.T.);
#8122 = EDGE_CURVE('',#6018,#8123,#8125,.T.);
#8123 = VERTEX_POINT('',#8124);
#8124 = CARTESIAN_POINT('',(13.7,-12.,150.));
#8125 = SURFACE_CURVE('',#8126,(#8130,#8137),.PCURVE_S1.);
#8126 = LINE('',#8127,#8128);
#8127 = CARTESIAN_POINT('',(13.7,-12.,143.));
#8128 = VECTOR('',#8129,1.);
#8129 = DIRECTION('',(0.,0.,1.));
#8130 = PCURVE('',#6066,#8131);
#8131 = DEFINITIONAL_REPRESENTATION('',(#8132),#8136);
#8132 = LINE('',#8133,#8134);
#8133 = CARTESIAN_POINT('',(0.,0.));
#8134 = VECTOR('',#8135,1.);
#8135 = DIRECTION('',(0.,-1.));
#8136 = ( GEOMETRIC_REPRESENTATION_CONTEXT(2) 
PARAMETRIC_REPRESENTATION_CONTEXT() REPRESENTATION_CONTEXT('2D SPACE',''
  ) );
#8137 = PCURVE('',#6038,#8138);
#8138 = DEFINITIONAL_REPRESENTATION('',(#8139),#8143);
#8139 = LINE('',#8140,#8141);
#8140 = CARTESIAN_POINT('',(3.14159265359,0.));
#8141 = VECTOR('',#8142,1.);
#8142 = DIRECTION('',(0.,-1.));
#8143 = ( GEOMETRIC_REPRESENTATION_CONTEXT(2) 
PARAMETRIC_REPRESENTATION_CONTEXT() REPRESENTATION_CONTEXT('2D SPACE',''
  ) );
#8144 = ORIENTED_EDGE('',*,*,#8145,.F.);
#8145 = EDGE_CURVE('',#8047,#8123,#8146,.T.);
#8146 = SURFACE_CURVE('',#8147,(#8151,#8157),.PCURVE_S1.);
#8147 = LINE('',#8148,#8149);
#8148 = CARTESIAN_POINT('',(13.7,-28.5,150.));
#8149 = VECTOR('',#8150,1.);
#8150 = DIRECTION('',(1.110223024625E-16,1.,-0.));
#8151 = PCURVE('',#6066,#8152);
#8152 = DEFINITIONAL_REPRESENTATION('',(#8153),#8156);
#8153 = B_SPLINE_CURVE_WITH_KNOTS('',1,(#8154,#8155),.UNSPECIFIED.,.F.,
  .F.,(2,2),(-8.5,16.5),.PIECEWISE_BEZIER_KNOTS.);
#8154 = CARTESIAN_POINT('',(25.,-7.));
#8155 = CARTESIAN_POINT('',(0.,-7.));
#8156 = ( GEOMETRIC_REPRESENTATION_CONTEXT(2) 
PARAMETRIC_REPRESENTATION_CONTEXT() REPRESENTATION_CONTEXT('2D SPACE',''
  ) );
#8157 = PCURVE('',#5776,#8158);
#8158 = DEFINITIONAL_REPRESENTATION('',(#8159),#8162);
#8159 = B_SPLINE_CURVE_WITH_KNOTS('',1,(#8160,#8161),.UNSPECIFIED.,.F.,
  .F.,(2,2),(-8.5,16.5),.PIECEWISE_BEZIER_KNOTS.);
#8160 = CARTESIAN_POINT('',(35.7,8.));
#8161 = CARTESIAN_POINT('',(35.7,33.));
#8162 = ( GEOMETRIC_REPRESENTATION_CONTEXT(2) 
PARAMETRIC_REPRESENTATION_CONTEXT() REPRESENTATION_CONTEXT('2D SPACE',''
  ) );
#8163 = ORIENTED_EDGE('',*,*,#8046,.F.);
#8164 = ADVANCED_FACE('',(#8165),#6038,.F.);
#8165 = FACE_BOUND('',#8166,.F.);
#8166 = EDGE_LOOP('',(#8167,#8168,#8191,#8217));
#8167 = ORIENTED_EDGE('',*,*,#6017,.F.);
#8168 = ORIENTED_EDGE('',*,*,#8169,.T.);
#8169 = EDGE_CURVE('',#5989,#8170,#8172,.T.);
#8170 = VERTEX_POINT('',#8171);
#8171 = CARTESIAN_POINT('',(10.3,-12.,150.));
#8172 = SURFACE_CURVE('',#8173,(#8177,#8184),.PCURVE_S1.);
#8173 = LINE('',#8174,#8175);
#8174 = CARTESIAN_POINT('',(10.3,-12.,143.));
#8175 = VECTOR('',#8176,1.);
#8176 = DIRECTION('',(0.,0.,1.));
#8177 = PCURVE('',#6038,#8178);
#8178 = DEFINITIONAL_REPRESENTATION('',(#8179),#8183);
#8179 = LINE('',#8180,#8181);
#8180 = CARTESIAN_POINT('',(0.,0.));
#8181 = VECTOR('',#8182,1.);
#8182 = DIRECTION('',(0.,-1.));
#8183 = ( GEOMETRIC_REPRESENTATION_CONTEXT(2) 
PARAMETRIC_REPRESENTATION_CONTEXT() REPRESENTATION_CONTEXT('2D SPACE',''
  ) );
#8184 = PCURVE('',#6006,#8185);
#8185 = DEFINITIONAL_REPRESENTATION('',(#8186),#8190);
#8186 = LINE('',#8187,#8188);
#8187 = CARTESIAN_POINT('',(25.,0.));
#8188 = VECTOR('',#8189,1.);
#8189 = DIRECTION('',(0.,-1.));
#8190 = ( GEOMETRIC_REPRESENTATION_CONTEXT(2) 
PARAMETRIC_REPRESENTATION_CONTEXT() REPRESENTATION_CONTEXT('2D SPACE',''
  ) );
#8191 = ORIENTED_EDGE('',*,*,#8192,.T.);
#8192 = EDGE_CURVE('',#8170,#8123,#8193,.T.);
#8193 = SURFACE_CURVE('',#8194,(#8199,#8206),.PCURVE_S1.);
#8194 = CIRCLE('',#8195,1.7);
#8195 = AXIS2_PLACEMENT_3D('',#8196,#8197,#8198);
#8196 = CARTESIAN_POINT('',(12.,-12.,150.));
#8197 = DIRECTION('',(0.,0.,-1.));
#8198 = DIRECTION('',(-1.,1.110223024625E-16,0.));
#8199 = PCURVE('',#6038,#8200);
#8200 = DEFINITIONAL_REPRESENTATION('',(#8201),#8205);
#8201 = LINE('',#8202,#8203);
#8202 = CARTESIAN_POINT('',(0.,-7.));
#8203 = VECTOR('',#8204,1.);
#8204 = DIRECTION('',(1.,0.));
#8205 = ( GEOMETRIC_REPRESENTATION_CONTEXT(2) 
PARAMETRIC_REPRESENTATION_CONTEXT() REPRESENTATION_CONTEXT('2D SPACE',''
  ) );
#8206 = PCURVE('',#5776,#8207);
#8207 = DEFINITIONAL_REPRESENTATION('',(#8208),#8216);
#8208 = ( BOUNDED_CURVE() B_SPLINE_CURVE(2,(#8209,#8210,#8211,#8212,
#8213,#8214,#8215),.UNSPECIFIED.,.T.,.F.) B_SPLINE_CURVE_WITH_KNOTS((1,2
    ,2,2,2,1),(-2.094395102393,0.,2.094395102393,4.188790204786,
6.28318530718,8.377580409573),.UNSPECIFIED.) CURVE() 
GEOMETRIC_REPRESENTATION_ITEM() RATIONAL_B_SPLINE_CURVE((1.,0.5,1.,0.5,
1.,0.5,1.)) REPRESENTATION_ITEM('') );
#8209 = CARTESIAN_POINT('',(32.3,33.));
#8210 = CARTESIAN_POINT('',(32.3,35.944486372867));
#8211 = CARTESIAN_POINT('',(34.85,34.472243186434));
#8212 = CARTESIAN_POINT('',(37.4,33.));
#8213 = CARTESIAN_POINT('',(34.85,31.527756813566));
#8214 = CARTESIAN_POINT('',(32.3,30.055513627133));
#8215 = CARTESIAN_POINT('',(32.3,33.));
#8216 = ( GEOMETRIC_REPRESENTATION_CONTEXT(2) 
PARAMETRIC_REPRESENTATION_CONTEXT() REPRESENTATION_CONTEXT('2D SPACE',''
  ) );
#8217 = ORIENTED_EDGE('',*,*,#8122,.F.);
#8218 = ADVANCED_FACE('',(#8219),#6006,.F.);
#8219 = FACE_BOUND('',#8220,.F.);
#8220 = EDGE_LOOP('',(#8221,#8222,#8223,#8242));
#8221 = ORIENTED_EDGE('',*,*,#5988,.T.);
#8222 = ORIENTED_EDGE('',*,*,#8097,.T.);
#8223 = ORIENTED_EDGE('',*,*,#8224,.F.);
#8224 = EDGE_CURVE('',#8170,#8070,#8225,.T.);
#8225 = SURFACE_CURVE('',#8226,(#8230,#8236),.PCURVE_S1.);
#8226 = LINE('',#8227,#8228);
#8227 = CARTESIAN_POINT('',(10.3,-41.,150.));
#8228 = VECTOR('',#8229,1.);
#8229 = DIRECTION('',(-1.110223024625E-16,-1.,0.));
#8230 = PCURVE('',#6006,#8231);
#8231 = DEFINITIONAL_REPRESENTATION('',(#8232),#8235);
#8232 = B_SPLINE_CURVE_WITH_KNOTS('',1,(#8233,#8234),.UNSPECIFIED.,.F.,
  .F.,(2,2),(-29.,-4.),.PIECEWISE_BEZIER_KNOTS.);
#8233 = CARTESIAN_POINT('',(25.,-7.));
#8234 = CARTESIAN_POINT('',(0.,-7.));
#8235 = ( GEOMETRIC_REPRESENTATION_CONTEXT(2) 
PARAMETRIC_REPRESENTATION_CONTEXT() REPRESENTATION_CONTEXT('2D SPACE',''
  ) );
#8236 = PCURVE('',#5776,#8237);
#8237 = DEFINITIONAL_REPRESENTATION('',(#8238),#8241);
#8238 = B_SPLINE_CURVE_WITH_KNOTS('',1,(#8239,#8240),.UNSPECIFIED.,.F.,
  .F.,(2,2),(-29.,-4.),.PIECEWISE_BEZIER_KNOTS.);
#8239 = CARTESIAN_POINT('',(32.3,33.));
#8240 = CARTESIAN_POINT('',(32.3,8.));
#8241 = ( GEOMETRIC_REPRESENTATION_CONTEXT(2) 
PARAMETRIC_REPRESENTATION_CONTEXT() REPRESENTATION_CONTEXT('2D SPACE',''
  ) );
#8242 = ORIENTED_EDGE('',*,*,#8169,.F.);
#8243 = ADVANCED_FACE('',(#8244),#5974,.F.);
#8244 = FACE_BOUND('',#8245,.F.);
#8245 = EDGE_LOOP('',(#8246,#8247,#8270,#8298));
#8246 = ORIENTED_EDGE('',*,*,#5955,.F.);
#8247 = ORIENTED_EDGE('',*,*,#8248,.T.);
#8248 = EDGE_CURVE('',#5929,#8249,#8251,.T.);
#8249 = VERTEX_POINT('',#8250);
#8250 = CARTESIAN_POINT('',(-10.3,-37.,150.));
#8251 = SURFACE_CURVE('',#8252,(#8256,#8263),.PCURVE_S1.);
#8252 = LINE('',#8253,#8254);
#8253 = CARTESIAN_POINT('',(-10.3,-37.,143.));
#8254 = VECTOR('',#8255,1.);
#8255 = DIRECTION('',(0.,0.,1.));
#8256 = PCURVE('',#5974,#8257);
#8257 = DEFINITIONAL_REPRESENTATION('',(#8258),#8262);
#8258 = LINE('',#8259,#8260);
#8259 = CARTESIAN_POINT('',(0.,0.));
#8260 = VECTOR('',#8261,1.);
#8261 = DIRECTION('',(0.,-1.));
#8262 = ( GEOMETRIC_REPRESENTATION_CONTEXT(2) 
PARAMETRIC_REPRESENTATION_CONTEXT() REPRESENTATION_CONTEXT('2D SPACE',''
  ) );
#8263 = PCURVE('',#5944,#8264);
#8264 = DEFINITIONAL_REPRESENTATION('',(#8265),#8269);
#8265 = LINE('',#8266,#8267);
#8266 = CARTESIAN_POINT('',(25.,0.));
#8267 = VECTOR('',#8268,1.);
#8268 = DIRECTION('',(0.,-1.));
#8269 = ( GEOMETRIC_REPRESENTATION_CONTEXT(2) 
PARAMETRIC_REPRESENTATION_CONTEXT() REPRESENTATION_CONTEXT('2D SPACE',''
  ) );
#8270 = ORIENTED_EDGE('',*,*,#8271,.T.);
#8271 = EDGE_CURVE('',#8249,#8272,#8274,.T.);
#8272 = VERTEX_POINT('',#8273);
#8273 = CARTESIAN_POINT('',(-13.7,-37.,150.));
#8274 = SURFACE_CURVE('',#8275,(#8280,#8287),.PCURVE_S1.);
#8275 = CIRCLE('',#8276,1.7);
#8276 = AXIS2_PLACEMENT_3D('',#8277,#8278,#8279);
#8277 = CARTESIAN_POINT('',(-12.,-37.,150.));
#8278 = DIRECTION('',(0.,-0.,-1.));
#8279 = DIRECTION('',(1.,-1.110223024625E-16,0.));
#8280 = PCURVE('',#5974,#8281);
#8281 = DEFINITIONAL_REPRESENTATION('',(#8282),#8286);
#8282 = LINE('',#8283,#8284);
#8283 = CARTESIAN_POINT('',(0.,-7.));
#8284 = VECTOR('',#8285,1.);
#8285 = DIRECTION('',(1.,0.));
#8286 = ( GEOMETRIC_REPRESENTATION_CONTEXT(2) 
PARAMETRIC_REPRESENTATION_CONTEXT() REPRESENTATION_CONTEXT('2D SPACE',''
  ) );
#8287 = PCURVE('',#5776,#8288);
#8288 = DEFINITIONAL_REPRESENTATION('',(#8289),#8297);
#8289 = ( BOUNDED_CURVE() B_SPLINE_CURVE(2,(#8290,#8291,#8292,#8293,
#8294,#8295,#8296),.UNSPECIFIED.,.T.,.F.) B_SPLINE_CURVE_WITH_KNOTS((1,2
    ,2,2,2,1),(-2.094395102393,0.,2.094395102393,4.188790204786,
6.28318530718,8.377580409573),.UNSPECIFIED.) CURVE() 
GEOMETRIC_REPRESENTATION_ITEM() RATIONAL_B_SPLINE_CURVE((1.,0.5,1.,0.5,
1.,0.5,1.)) REPRESENTATION_ITEM('') );
#8290 = CARTESIAN_POINT('',(11.7,8.));
#8291 = CARTESIAN_POINT('',(11.7,5.055513627133));
#8292 = CARTESIAN_POINT('',(9.15,6.527756813566));
#8293 = CARTESIAN_POINT('',(6.6,8.));
#8294 = CARTESIAN_POINT('',(9.15,9.472243186434));
#8295 = CARTESIAN_POINT('',(11.7,10.944486372867));
#8296 = CARTESIAN_POINT('',(11.7,8.));
#8297 = ( GEOMETRIC_REPRESENTATION_CONTEXT(2) 
PARAMETRIC_REPRESENTATION_CONTEXT() REPRESENTATION_CONTEXT('2D SPACE',''
  ) );
#8298 = ORIENTED_EDGE('',*,*,#8299,.F.);
#8299 = EDGE_CURVE('',#5869,#8272,#8300,.T.);
#8300 = SURFACE_CURVE('',#8301,(#8305,#8312),.PCURVE_S1.);
#8301 = LINE('',#8302,#8303);
#8302 = CARTESIAN_POINT('',(-13.7,-37.,143.));
#8303 = VECTOR('',#8304,1.);
#8304 = DIRECTION('',(0.,0.,1.));
#8305 = PCURVE('',#5974,#8306);
#8306 = DEFINITIONAL_REPRESENTATION('',(#8307),#8311);
#8307 = LINE('',#8308,#8309);
#8308 = CARTESIAN_POINT('',(3.14159265359,0.));
#8309 = VECTOR('',#8310,1.);
#8310 = DIRECTION('',(0.,-1.));
#8311 = ( GEOMETRIC_REPRESENTATION_CONTEXT(2) 
PARAMETRIC_REPRESENTATION_CONTEXT() REPRESENTATION_CONTEXT('2D SPACE',''
  ) );
#8312 = PCURVE('',#5884,#8313);
#8313 = DEFINITIONAL_REPRESENTATION('',(#8314),#8318);
#8314 = LINE('',#8315,#8316);
#8315 = CARTESIAN_POINT('',(0.,0.));
#8316 = VECTOR('',#8317,1.);
#8317 = DIRECTION('',(0.,-1.));
#8318 = ( GEOMETRIC_REPRESENTATION_CONTEXT(2) 
PARAMETRIC_REPRESENTATION_CONTEXT() REPRESENTATION_CONTEXT('2D SPACE',''
  ) );
#8319 = ADVANCED_FACE('',(#8320),#5944,.F.);
#8320 = FACE_BOUND('',#8321,.F.);
#8321 = EDGE_LOOP('',(#8322,#8323,#8346,#8365));
#8322 = ORIENTED_EDGE('',*,*,#5928,.T.);
#8323 = ORIENTED_EDGE('',*,*,#8324,.T.);
#8324 = EDGE_CURVE('',#5896,#8325,#8327,.T.);
#8325 = VERTEX_POINT('',#8326);
#8326 = CARTESIAN_POINT('',(-10.3,-12.,150.));
#8327 = SURFACE_CURVE('',#8328,(#8332,#8339),.PCURVE_S1.);
#8328 = LINE('',#8329,#8330);
#8329 = CARTESIAN_POINT('',(-10.3,-12.,143.));
#8330 = VECTOR('',#8331,1.);
#8331 = DIRECTION('',(0.,0.,1.));
#8332 = PCURVE('',#5944,#8333);
#8333 = DEFINITIONAL_REPRESENTATION('',(#8334),#8338);
#8334 = LINE('',#8335,#8336);
#8335 = CARTESIAN_POINT('',(0.,0.));
#8336 = VECTOR('',#8337,1.);
#8337 = DIRECTION('',(0.,-1.));
#8338 = ( GEOMETRIC_REPRESENTATION_CONTEXT(2) 
PARAMETRIC_REPRESENTATION_CONTEXT() REPRESENTATION_CONTEXT('2D SPACE',''
  ) );
#8339 = PCURVE('',#5916,#8340);
#8340 = DEFINITIONAL_REPRESENTATION('',(#8341),#8345);
#8341 = LINE('',#8342,#8343);
#8342 = CARTESIAN_POINT('',(3.14159265359,0.));
#8343 = VECTOR('',#8344,1.);
#8344 = DIRECTION('',(0.,-1.));
#8345 = ( GEOMETRIC_REPRESENTATION_CONTEXT(2) 
PARAMETRIC_REPRESENTATION_CONTEXT() REPRESENTATION_CONTEXT('2D SPACE',''
  ) );
#8346 = ORIENTED_EDGE('',*,*,#8347,.F.);
#8347 = EDGE_CURVE('',#8249,#8325,#8348,.T.);
#8348 = SURFACE_CURVE('',#8349,(#8353,#8359),.PCURVE_S1.);
#8349 = LINE('',#8350,#8351);
#8350 = CARTESIAN_POINT('',(-10.3,-28.5,150.));
#8351 = VECTOR('',#8352,1.);
#8352 = DIRECTION('',(1.110223024625E-16,1.,-0.));
#8353 = PCURVE('',#5944,#8354);
#8354 = DEFINITIONAL_REPRESENTATION('',(#8355),#8358);
#8355 = B_SPLINE_CURVE_WITH_KNOTS('',1,(#8356,#8357),.UNSPECIFIED.,.F.,
  .F.,(2,2),(-8.5,16.5),.PIECEWISE_BEZIER_KNOTS.);
#8356 = CARTESIAN_POINT('',(25.,-7.));
#8357 = CARTESIAN_POINT('',(0.,-7.));
#8358 = ( GEOMETRIC_REPRESENTATION_CONTEXT(2) 
PARAMETRIC_REPRESENTATION_CONTEXT() REPRESENTATION_CONTEXT('2D SPACE',''
  ) );
#8359 = PCURVE('',#5776,#8360);
#8360 = DEFINITIONAL_REPRESENTATION('',(#8361),#8364);
#8361 = B_SPLINE_CURVE_WITH_KNOTS('',1,(#8362,#8363),.UNSPECIFIED.,.F.,
  .F.,(2,2),(-8.5,16.5),.PIECEWISE_BEZIER_KNOTS.);
#8362 = CARTESIAN_POINT('',(11.7,8.));
#8363 = CARTESIAN_POINT('',(11.7,33.));
#8364 = ( GEOMETRIC_REPRESENTATION_CONTEXT(2) 
PARAMETRIC_REPRESENTATION_CONTEXT() REPRESENTATION_CONTEXT('2D SPACE',''
  ) );
#8365 = ORIENTED_EDGE('',*,*,#8248,.F.);
#8366 = ADVANCED_FACE('',(#8367),#5916,.F.);
#8367 = FACE_BOUND('',#8368,.F.);
#8368 = EDGE_LOOP('',(#8369,#8370,#8393,#8419));
#8369 = ORIENTED_EDGE('',*,*,#5895,.F.);
#8370 = ORIENTED_EDGE('',*,*,#8371,.T.);
#8371 = EDGE_CURVE('',#5867,#8372,#8374,.T.);
#8372 = VERTEX_POINT('',#8373);
#8373 = CARTESIAN_POINT('',(-13.7,-12.,150.));
#8374 = SURFACE_CURVE('',#8375,(#8379,#8386),.PCURVE_S1.);
#8375 = LINE('',#8376,#8377);
#8376 = CARTESIAN_POINT('',(-13.7,-12.,143.));
#8377 = VECTOR('',#8378,1.);
#8378 = DIRECTION('',(0.,0.,1.));
#8379 = PCURVE('',#5916,#8380);
#8380 = DEFINITIONAL_REPRESENTATION('',(#8381),#8385);
#8381 = LINE('',#8382,#8383);
#8382 = CARTESIAN_POINT('',(0.,0.));
#8383 = VECTOR('',#8384,1.);
#8384 = DIRECTION('',(0.,-1.));
#8385 = ( GEOMETRIC_REPRESENTATION_CONTEXT(2) 
PARAMETRIC_REPRESENTATION_CONTEXT() REPRESENTATION_CONTEXT('2D SPACE',''
  ) );
#8386 = PCURVE('',#5884,#8387);
#8387 = DEFINITIONAL_REPRESENTATION('',(#8388),#8392);
#8388 = LINE('',#8389,#8390);
#8389 = CARTESIAN_POINT('',(25.,0.));
#8390 = VECTOR('',#8391,1.);
#8391 = DIRECTION('',(0.,-1.));
#8392 = ( GEOMETRIC_REPRESENTATION_CONTEXT(2) 
PARAMETRIC_REPRESENTATION_CONTEXT() REPRESENTATION_CONTEXT('2D SPACE',''
  ) );
#8393 = ORIENTED_EDGE('',*,*,#8394,.T.);
#8394 = EDGE_CURVE('',#8372,#8325,#8395,.T.);
#8395 = SURFACE_CURVE('',#8396,(#8401,#8408),.PCURVE_S1.);
#8396 = CIRCLE('',#8397,1.7);
#8397 = AXIS2_PLACEMENT_3D('',#8398,#8399,#8400);
#8398 = CARTESIAN_POINT('',(-12.,-12.,150.));
#8399 = DIRECTION('',(0.,0.,-1.));
#8400 = DIRECTION('',(-1.,1.110223024625E-16,0.));
#8401 = PCURVE('',#5916,#8402);
#8402 = DEFINITIONAL_REPRESENTATION('',(#8403),#8407);
#8403 = LINE('',#8404,#8405);
#8404 = CARTESIAN_POINT('',(0.,-7.));
#8405 = VECTOR('',#8406,1.);
#8406 = DIRECTION('',(1.,0.));
#8407 = ( GEOMETRIC_REPRESENTATION_CONTEXT(2) 
PARAMETRIC_REPRESENTATION_CONTEXT() REPRESENTATION_CONTEXT('2D SPACE',''
  ) );
#8408 = PCURVE('',#5776,#8409);
#8409 = DEFINITIONAL_REPRESENTATION('',(#8410),#8418);
#8410 = ( BOUNDED_CURVE() B_SPLINE_CURVE(2,(#8411,#8412,#8413,#8414,
#8415,#8416,#8417),.UNSPECIFIED.,.T.,.F.) B_SPLINE_CURVE_WITH_KNOTS((1,2
    ,2,2,2,1),(-2.094395102393,0.,2.094395102393,4.188790204786,
6.28318530718,8.377580409573),.UNSPECIFIED.) CURVE() 
GEOMETRIC_REPRESENTATION_ITEM() RATIONAL_B_SPLINE_CURVE((1.,0.5,1.,0.5,
1.,0.5,1.)) REPRESENTATION_ITEM('') );
#8411 = CARTESIAN_POINT('',(8.3,33.));
#8412 = CARTESIAN_POINT('',(8.3,35.944486372867));
#8413 = CARTESIAN_POINT('',(10.85,34.472243186434));
#8414 = CARTESIAN_POINT('',(13.4,33.));
#8415 = CARTESIAN_POINT('',(10.85,31.527756813566));
#8416 = CARTESIAN_POINT('',(8.3,30.055513627133));
#8417 = CARTESIAN_POINT('',(8.3,33.));
#8418 = ( GEOMETRIC_REPRESENTATION_CONTEXT(2) 
PARAMETRIC_REPRESENTATION_CONTEXT() REPRESENTATION_CONTEXT('2D SPACE',''
  ) );
#8419 = ORIENTED_EDGE('',*,*,#8324,.F.);
#8420 = ADVANCED_FACE('',(#8421),#5884,.F.);
#8421 = FACE_BOUND('',#8422,.F.);
#8422 = EDGE_LOOP('',(#8423,#8424,#8425,#8444));
#8423 = ORIENTED_EDGE('',*,*,#5866,.T.);
#8424 = ORIENTED_EDGE('',*,*,#8299,.T.);
#8425 = ORIENTED_EDGE('',*,*,#8426,.F.);
#8426 = EDGE_CURVE('',#8372,#8272,#8427,.T.);
#8427 = SURFACE_CURVE('',#8428,(#8432,#8438),.PCURVE_S1.);
#8428 = LINE('',#8429,#8430);
#8429 = CARTESIAN_POINT('',(-13.7,-41.,150.));
#8430 = VECTOR('',#8431,1.);
#8431 = DIRECTION('',(-1.110223024625E-16,-1.,0.));
#8432 = PCURVE('',#5884,#8433);
#8433 = DEFINITIONAL_REPRESENTATION('',(#8434),#8437);
#8434 = B_SPLINE_CURVE_WITH_KNOTS('',1,(#8435,#8436),.UNSPECIFIED.,.F.,
  .F.,(2,2),(-29.,-4.),.PIECEWISE_BEZIER_KNOTS.);
#8435 = CARTESIAN_POINT('',(25.,-7.));
#8436 = CARTESIAN_POINT('',(0.,-7.));
#8437 = ( GEOMETRIC_REPRESENTATION_CONTEXT(2) 
PARAMETRIC_REPRESENTATION_CONTEXT() REPRESENTATION_CONTEXT('2D SPACE',''
  ) );
#8438 = PCURVE('',#5776,#8439);
#8439 = DEFINITIONAL_REPRESENTATION('',(#8440),#8443);
#8440 = B_SPLINE_CURVE_WITH_KNOTS('',1,(#8441,#8442),.UNSPECIFIED.,.F.,
  .F.,(2,2),(-29.,-4.),.PIECEWISE_BEZIER_KNOTS.);
#8441 = CARTESIAN_POINT('',(8.3,33.));
#8442 = CARTESIAN_POINT('',(8.3,8.));
#8443 = ( GEOMETRIC_REPRESENTATION_CONTEXT(2) 
PARAMETRIC_REPRESENTATION_CONTEXT() REPRESENTATION_CONTEXT('2D SPACE',''
  ) );
#8444 = ORIENTED_EDGE('',*,*,#8371,.F.);
#8445 = ADVANCED_FACE('',(#8446),#5831,.T.);
#8446 = FACE_BOUND('',#8447,.T.);
#8447 = EDGE_LOOP('',(#8448,#8471,#8472,#8495));
#8448 = ORIENTED_EDGE('',*,*,#8449,.F.);
#8449 = EDGE_CURVE('',#5793,#8450,#8452,.T.);
#8450 = VERTEX_POINT('',#8451);
#8451 = CARTESIAN_POINT('',(22.,-45.,150.));
#8452 = SURFACE_CURVE('',#8453,(#8457,#8464),.PCURVE_S1.);
#8453 = LINE('',#8454,#8455);
#8454 = CARTESIAN_POINT('',(22.,-45.,144.));
#8455 = VECTOR('',#8456,1.);
#8456 = DIRECTION('',(0.,0.,1.));
#8457 = PCURVE('',#5831,#8458);
#8458 = DEFINITIONAL_REPRESENTATION('',(#8459),#8463);
#8459 = LINE('',#8460,#8461);
#8460 = CARTESIAN_POINT('',(0.,0.));
#8461 = VECTOR('',#8462,1.);
#8462 = DIRECTION('',(1.,0.));
#8463 = ( GEOMETRIC_REPRESENTATION_CONTEXT(2) 
PARAMETRIC_REPRESENTATION_CONTEXT() REPRESENTATION_CONTEXT('2D SPACE',''
  ) );
#8464 = PCURVE('',#5694,#8465);
#8465 = DEFINITIONAL_REPRESENTATION('',(#8466),#8470);
#8466 = LINE('',#8467,#8468);
#8467 = CARTESIAN_POINT('',(0.,44.));
#8468 = VECTOR('',#8469,1.);
#8469 = DIRECTION('',(1.,0.));
#8470 = ( GEOMETRIC_REPRESENTATION_CONTEXT(2) 
PARAMETRIC_REPRESENTATION_CONTEXT() REPRESENTATION_CONTEXT('2D SPACE',''
  ) );
#8471 = ORIENTED_EDGE('',*,*,#5815,.T.);
#8472 = ORIENTED_EDGE('',*,*,#8473,.T.);
#8473 = EDGE_CURVE('',#5816,#8474,#8476,.T.);
#8474 = VERTEX_POINT('',#8475);
#8475 = CARTESIAN_POINT('',(22.,45.,150.));
#8476 = SURFACE_CURVE('',#8477,(#8481,#8488),.PCURVE_S1.);
#8477 = LINE('',#8478,#8479);
#8478 = CARTESIAN_POINT('',(22.,45.,144.));
#8479 = VECTOR('',#8480,1.);
#8480 = DIRECTION('',(0.,0.,1.));
#8481 = PCURVE('',#5831,#8482);
#8482 = DEFINITIONAL_REPRESENTATION('',(#8483),#8487);
#8483 = LINE('',#8484,#8485);
#8484 = CARTESIAN_POINT('',(0.,-90.));
#8485 = VECTOR('',#8486,1.);
#8486 = DIRECTION('',(1.,0.));
#8487 = ( GEOMETRIC_REPRESENTATION_CONTEXT(2) 
PARAMETRIC_REPRESENTATION_CONTEXT() REPRESENTATION_CONTEXT('2D SPACE',''
  ) );
#8488 = PCURVE('',#5750,#8489);
#8489 = DEFINITIONAL_REPRESENTATION('',(#8490),#8494);
#8490 = LINE('',#8491,#8492);
#8491 = CARTESIAN_POINT('',(0.,44.));
#8492 = VECTOR('',#8493,1.);
#8493 = DIRECTION('',(1.,0.));
#8494 = ( GEOMETRIC_REPRESENTATION_CONTEXT(2) 
PARAMETRIC_REPRESENTATION_CONTEXT() REPRESENTATION_CONTEXT('2D SPACE',''
  ) );
#8495 = ORIENTED_EDGE('',*,*,#8496,.F.);
#8496 = EDGE_CURVE('',#8450,#8474,#8497,.T.);
#8497 = SURFACE_CURVE('',#8498,(#8502,#8509),.PCURVE_S1.);
#8498 = LINE('',#8499,#8500);
#8499 = CARTESIAN_POINT('',(22.,-45.,150.));
#8500 = VECTOR('',#8501,1.);
#8501 = DIRECTION('',(0.,1.,0.));
#8502 = PCURVE('',#5831,#8503);
#8503 = DEFINITIONAL_REPRESENTATION('',(#8504),#8508);
#8504 = LINE('',#8505,#8506);
#8505 = CARTESIAN_POINT('',(6.,0.));
#8506 = VECTOR('',#8507,1.);
#8507 = DIRECTION('',(0.,-1.));
#8508 = ( GEOMETRIC_REPRESENTATION_CONTEXT(2) 
PARAMETRIC_REPRESENTATION_CONTEXT() REPRESENTATION_CONTEXT('2D SPACE',''
  ) );
#8509 = PCURVE('',#5776,#8510);
#8510 = DEFINITIONAL_REPRESENTATION('',(#8511),#8515);
#8511 = LINE('',#8512,#8513);
#8512 = CARTESIAN_POINT('',(44.,0.));
#8513 = VECTOR('',#8514,1.);
#8514 = DIRECTION('',(0.,1.));
#8515 = ( GEOMETRIC_REPRESENTATION_CONTEXT(2) 
PARAMETRIC_REPRESENTATION_CONTEXT() REPRESENTATION_CONTEXT('2D SPACE',''
  ) );
#8516 = ADVANCED_FACE('',(#8517),#5750,.T.);
#8517 = FACE_BOUND('',#8518,.T.);
#8518 = EDGE_LOOP('',(#8519,#8520,#8521,#8542));
#8519 = ORIENTED_EDGE('',*,*,#5843,.F.);
#8520 = ORIENTED_EDGE('',*,*,#5734,.T.);
#8521 = ORIENTED_EDGE('',*,*,#8522,.T.);
#8522 = EDGE_CURVE('',#5735,#8474,#8523,.T.);
#8523 = SURFACE_CURVE('',#8524,(#8528,#8535),.PCURVE_S1.);
#8524 = LINE('',#8525,#8526);
#8525 = CARTESIAN_POINT('',(-22.,45.,150.));
#8526 = VECTOR('',#8527,1.);
#8527 = DIRECTION('',(1.,0.,0.));
#8528 = PCURVE('',#5750,#8529);
#8529 = DEFINITIONAL_REPRESENTATION('',(#8530),#8534);
#8530 = LINE('',#8531,#8532);
#8531 = CARTESIAN_POINT('',(6.,0.));
#8532 = VECTOR('',#8533,1.);
#8533 = DIRECTION('',(0.,1.));
#8534 = ( GEOMETRIC_REPRESENTATION_CONTEXT(2) 
PARAMETRIC_REPRESENTATION_CONTEXT() REPRESENTATION_CONTEXT('2D SPACE',''
  ) );
#8535 = PCURVE('',#5776,#8536);
#8536 = DEFINITIONAL_REPRESENTATION('',(#8537),#8541);
#8537 = LINE('',#8538,#8539);
#8538 = CARTESIAN_POINT('',(0.,90.));
#8539 = VECTOR('',#8540,1.);
#8540 = DIRECTION('',(1.,0.));
#8541 = ( GEOMETRIC_REPRESENTATION_CONTEXT(2) 
PARAMETRIC_REPRESENTATION_CONTEXT() REPRESENTATION_CONTEXT('2D SPACE',''
  ) );
#8542 = ORIENTED_EDGE('',*,*,#8473,.F.);
#8543 = ADVANCED_FACE('',(#8544,#8570,#8576,#8582,#8588),#5776,.T.);
#8544 = FACE_BOUND('',#8545,.T.);
#8545 = EDGE_LOOP('',(#8546,#8547,#8568,#8569));
#8546 = ORIENTED_EDGE('',*,*,#5762,.F.);
#8547 = ORIENTED_EDGE('',*,*,#8548,.T.);
#8548 = EDGE_CURVE('',#5674,#8450,#8549,.T.);
#8549 = SURFACE_CURVE('',#8550,(#8554,#8561),.PCURVE_S1.);
#8550 = LINE('',#8551,#8552);
#8551 = CARTESIAN_POINT('',(-22.,-45.,150.));
#8552 = VECTOR('',#8553,1.);
#8553 = DIRECTION('',(1.,0.,0.));
#8554 = PCURVE('',#5776,#8555);
#8555 = DEFINITIONAL_REPRESENTATION('',(#8556),#8560);
#8556 = LINE('',#8557,#8558);
#8557 = CARTESIAN_POINT('',(0.,0.));
#8558 = VECTOR('',#8559,1.);
#8559 = DIRECTION('',(1.,0.));
#8560 = ( GEOMETRIC_REPRESENTATION_CONTEXT(2) 
PARAMETRIC_REPRESENTATION_CONTEXT() REPRESENTATION_CONTEXT('2D SPACE',''
  ) );
#8561 = PCURVE('',#5694,#8562);
#8562 = DEFINITIONAL_REPRESENTATION('',(#8563),#8567);
#8563 = LINE('',#8564,#8565);
#8564 = CARTESIAN_POINT('',(6.,0.));
#8565 = VECTOR('',#8566,1.);
#8566 = DIRECTION('',(0.,1.));
#8567 = ( GEOMETRIC_REPRESENTATION_CONTEXT(2) 
PARAMETRIC_REPRESENTATION_CONTEXT() REPRESENTATION_CONTEXT('2D SPACE',''
  ) );
#8568 = ORIENTED_EDGE('',*,*,#8496,.T.);
#8569 = ORIENTED_EDGE('',*,*,#8522,.F.);
#8570 = FACE_BOUND('',#8571,.T.);
#8571 = EDGE_LOOP('',(#8572,#8573,#8574,#8575));
#8572 = ORIENTED_EDGE('',*,*,#8426,.F.);
#8573 = ORIENTED_EDGE('',*,*,#8394,.T.);
#8574 = ORIENTED_EDGE('',*,*,#8347,.F.);
#8575 = ORIENTED_EDGE('',*,*,#8271,.T.);
#8576 = FACE_BOUND('',#8577,.T.);
#8577 = EDGE_LOOP('',(#8578,#8579,#8580,#8581));
#8578 = ORIENTED_EDGE('',*,*,#8224,.F.);
#8579 = ORIENTED_EDGE('',*,*,#8192,.T.);
#8580 = ORIENTED_EDGE('',*,*,#8145,.F.);
#8581 = ORIENTED_EDGE('',*,*,#8069,.T.);
#8582 = FACE_BOUND('',#8583,.T.);
#8583 = EDGE_LOOP('',(#8584,#8585,#8586,#8587));
#8584 = ORIENTED_EDGE('',*,*,#7122,.F.);
#8585 = ORIENTED_EDGE('',*,*,#7090,.T.);
#8586 = ORIENTED_EDGE('',*,*,#7043,.F.);
#8587 = ORIENTED_EDGE('',*,*,#6967,.T.);
#8588 = FACE_BOUND('',#8589,.T.);
#8589 = EDGE_LOOP('',(#8590,#8591,#8592,#8593));
#8590 = ORIENTED_EDGE('',*,*,#6888,.F.);
#8591 = ORIENTED_EDGE('',*,*,#6834,.T.);
#8592 = ORIENTED_EDGE('',*,*,#6765,.F.);
#8593 = ORIENTED_EDGE('',*,*,#6913,.T.);
#8594 = ADVANCED_FACE('',(#8595),#5694,.F.);
#8595 = FACE_BOUND('',#8596,.F.);
#8596 = EDGE_LOOP('',(#8597,#8598,#8599,#8600));
#8597 = ORIENTED_EDGE('',*,*,#5792,.F.);
#8598 = ORIENTED_EDGE('',*,*,#5671,.T.);
#8599 = ORIENTED_EDGE('',*,*,#8548,.T.);
#8600 = ORIENTED_EDGE('',*,*,#8449,.F.);
#8601 = ( GEOMETRIC_REPRESENTATION_CONTEXT(3) 
GLOBAL_UNCERTAINTY_ASSIGNED_CONTEXT((#8605)) 
GLOBAL_UNIT_ASSIGNED_CONTEXT((#8602,#8603,#8604)) REPRESENTATION_CONTEXT
('Context #1','3D Context with UNIT and UNCERTAINTY') );
#8602 = ( LENGTH_UNIT() NAMED_UNIT(*) SI_UNIT(.MILLI.,.METRE.) );
#8603 = ( NAMED_UNIT(*) PLANE_ANGLE_UNIT() SI_UNIT($,.RADIAN.) );
#8604 = ( NAMED_UNIT(*) SI_UNIT($,.STERADIAN.) SOLID_ANGLE_UNIT() );
#8605 = UNCERTAINTY_MEASURE_WITH_UNIT(LENGTH_MEASURE(1.E-07),#8602,
  'distance_accuracy_value','confusion accuracy');
#8606 = CONTEXT_DEPENDENT_SHAPE_REPRESENTATION(#8607,#8609);
#8607 = ( REPRESENTATION_RELATIONSHIP('','',#5664,#10) 
REPRESENTATION_RELATIONSHIP_WITH_TRANSFORMATION(#8608) 
SHAPE_REPRESENTATION_RELATIONSHIP() );
#8608 = ITEM_DEFINED_TRANSFORMATION('','',#11,#23);
#8609 = PRODUCT_DEFINITION_SHAPE('Placement','Placement of an item',
  #8610);
#8610 = NEXT_ASSEMBLY_USAGE_OCCURRENCE('3','carriage','',#5,#5659,$);
#8611 = PRODUCT_RELATED_PRODUCT_CATEGORY('part',$,(#5661));
#8612 = SHAPE_DEFINITION_REPRESENTATION(#8613,#8619);
#8613 = PRODUCT_DEFINITION_SHAPE('','',#8614);
#8614 = PRODUCT_DEFINITION('design','',#8615,#8618);
#8615 = PRODUCT_DEFINITION_FORMATION('','',#8616);
#8616 = PRODUCT('jaw_left','jaw_left','',(#8617));
#8617 = PRODUCT_CONTEXT('',#2,'mechanical');
#8618 = PRODUCT_DEFINITION_CONTEXT('part definition',#2,'design');
#8619 = ADVANCED_BREP_SHAPE_REPRESENTATION('',(#11,#8620),#11354);
#8620 = MANIFOLD_SOLID_BREP('',#8621);
#8621 = CLOSED_SHELL('',(#8622,#8798,#9214,#9290,#9438,#9488,#9515,#9542
    ,#9569,#9596,#9603,#9679,#9827,#9877,#9904,#9931,#9958,#9985,#9992,
    #10109,#10136,#10225,#10280,#10454,#10525,#10574,#10623,#10672,
    #10721,#10748,#10803,#10977,#11048,#11097,#11146,#11195,#11244,
    #11271,#11298,#11347));
#8622 = ADVANCED_FACE('',(#8623),#8637,.F.);
#8623 = FACE_BOUND('',#8624,.F.);
#8624 = EDGE_LOOP('',(#8625,#8660,#8688,#8716,#8744,#8772));
#8625 = ORIENTED_EDGE('',*,*,#8626,.F.);
#8626 = EDGE_CURVE('',#8627,#8629,#8631,.T.);
#8627 = VERTEX_POINT('',#8628);
#8628 = CARTESIAN_POINT('',(-20.,11.3,150.));
#8629 = VERTEX_POINT('',#8630);
#8630 = CARTESIAN_POINT('',(-20.,11.3,156.));
#8631 = SURFACE_CURVE('',#8632,(#8636,#8648),.PCURVE_S1.);
#8632 = LINE('',#8633,#8634);
#8633 = CARTESIAN_POINT('',(-20.,11.3,150.));
#8634 = VECTOR('',#8635,1.);
#8635 = DIRECTION('',(0.,0.,1.));
#8636 = PCURVE('',#8637,#8642);
#8637 = PLANE('',#8638);
#8638 = AXIS2_PLACEMENT_3D('',#8639,#8640,#8641);
#8639 = CARTESIAN_POINT('',(-20.,11.3,150.));
#8640 = DIRECTION('',(1.,0.,0.));
#8641 = DIRECTION('',(0.,0.,1.));
#8642 = DEFINITIONAL_REPRESENTATION('',(#8643),#8647);
#8643 = LINE('',#8644,#8645);
#8644 = CARTESIAN_POINT('',(0.,0.));
#8645 = VECTOR('',#8646,1.);
#8646 = DIRECTION('',(1.,0.));
#8647 = ( GEOMETRIC_REPRESENTATION_CONTEXT(2) 
PARAMETRIC_REPRESENTATION_CONTEXT() REPRESENTATION_CONTEXT('2D SPACE',''
  ) );
#8648 = PCURVE('',#8649,#8654);
#8649 = PLANE('',#8650);
#8650 = AXIS2_PLACEMENT_3D('',#8651,#8652,#8653);
#8651 = CARTESIAN_POINT('',(-20.,11.3,150.));
#8652 = DIRECTION('',(0.,1.,0.));
#8653 = DIRECTION('',(0.,0.,1.));
#8654 = DEFINITIONAL_REPRESENTATION('',(#8655),#8659);
#8655 = LINE('',#8656,#8657);
#8656 = CARTESIAN_POINT('',(0.,0.));
#8657 = VECTOR('',#8658,1.);
#8658 = DIRECTION('',(1.,0.));
#8659 = ( GEOMETRIC_REPRESENTATION_CONTEXT(2) 
PARAMETRIC_REPRESENTATION_CONTEXT() REPRESENTATION_CONTEXT('2D SPACE',''
  ) );
#8660 = ORIENTED_EDGE('',*,*,#8661,.T.);
#8661 = EDGE_CURVE('',#8627,#8662,#8664,.T.);
#8662 = VERTEX_POINT('',#8663);
#8663 = CARTESIAN_POINT('',(-20.,45.3,150.));
#8664 = SURFACE_CURVE('',#8665,(#8669,#8676),.PCURVE_S1.);
#8665 = LINE('',#8666,#8667);
#8666 = CARTESIAN_POINT('',(-20.,11.3,150.));
#8667 = VECTOR('',#8668,1.);
#8668 = DIRECTION('',(0.,1.,0.));
#8669 = PCURVE('',#8637,#8670);
#8670 = DEFINITIONAL_REPRESENTATION('',(#8671),#8675);
#8671 = LINE('',#8672,#8673);
#8672 = CARTESIAN_POINT('',(0.,0.));
#8673 = VECTOR('',#8674,1.);
#8674 = DIRECTION('',(0.,-1.));
#8675 = ( GEOMETRIC_REPRESENTATION_CONTEXT(2) 
PARAMETRIC_REPRESENTATION_CONTEXT() REPRESENTATION_CONTEXT('2D SPACE',''
  ) );
#8676 = PCURVE('',#8677,#8682);
#8677 = PLANE('',#8678);
#8678 = AXIS2_PLACEMENT_3D('',#8679,#8680,#8681);
#8679 = CARTESIAN_POINT('',(-20.,11.3,150.));
#8680 = DIRECTION('',(0.,0.,1.));
#8681 = DIRECTION('',(1.,0.,0.));
#8682 = DEFINITIONAL_REPRESENTATION('',(#8683),#8687);
#8683 = LINE('',#8684,#8685);
#8684 = CARTESIAN_POINT('',(0.,0.));
#8685 = VECTOR('',#8686,1.);
#8686 = DIRECTION('',(0.,1.));
#8687 = ( GEOMETRIC_REPRESENTATION_CONTEXT(2) 
PARAMETRIC_REPRESENTATION_CONTEXT() REPRESENTATION_CONTEXT('2D SPACE',''
  ) );
#8688 = ORIENTED_EDGE('',*,*,#8689,.F.);
#8689 = EDGE_CURVE('',#8690,#8662,#8692,.T.);
#8690 = VERTEX_POINT('',#8691);
#8691 = CARTESIAN_POINT('',(-20.,45.3,157.7));
#8692 = SURFACE_CURVE('',#8693,(#8697,#8704),.PCURVE_S1.);
#8693 = LINE('',#8694,#8695);
#8694 = CARTESIAN_POINT('',(-20.,45.3,157.7));
#8695 = VECTOR('',#8696,1.);
#8696 = DIRECTION('',(0.,0.,-1.));
#8697 = PCURVE('',#8637,#8698);
#8698 = DEFINITIONAL_REPRESENTATION('',(#8699),#8703);
#8699 = LINE('',#8700,#8701);
#8700 = CARTESIAN_POINT('',(7.7,-34.));
#8701 = VECTOR('',#8702,1.);
#8702 = DIRECTION('',(-1.,0.));
#8703 = ( GEOMETRIC_REPRESENTATION_CONTEXT(2) 
PARAMETRIC_REPRESENTATION_CONTEXT() REPRESENTATION_CONTEXT('2D SPACE',''
  ) );
#8704 = PCURVE('',#8705,#8710);
#8705 = PLANE('',#8706);
#8706 = AXIS2_PLACEMENT_3D('',#8707,#8708,#8709);
#8707 = CARTESIAN_POINT('',(-20.,45.3,150.));
#8708 = DIRECTION('',(0.,1.,0.));
#8709 = DIRECTION('',(0.,0.,1.));
#8710 = DEFINITIONAL_REPRESENTATION('',(#8711),#8715);
#8711 = LINE('',#8712,#8713);
#8712 = CARTESIAN_POINT('',(7.7,0.));
#8713 = VECTOR('',#8714,1.);
#8714 = DIRECTION('',(-1.,0.));
#8715 = ( GEOMETRIC_REPRESENTATION_CONTEXT(2) 
PARAMETRIC_REPRESENTATION_CONTEXT() REPRESENTATION_CONTEXT('2D SPACE',''
  ) );
#8716 = ORIENTED_EDGE('',*,*,#8717,.F.);
#8717 = EDGE_CURVE('',#8718,#8690,#8720,.T.);
#8718 = VERTEX_POINT('',#8719);
#8719 = CARTESIAN_POINT('',(-20.,33.3,157.7));
#8720 = SURFACE_CURVE('',#8721,(#8725,#8732),.PCURVE_S1.);
#8721 = LINE('',#8722,#8723);
#8722 = CARTESIAN_POINT('',(-20.,33.3,157.7));
#8723 = VECTOR('',#8724,1.);
#8724 = DIRECTION('',(0.,1.,0.));
#8725 = PCURVE('',#8637,#8726);
#8726 = DEFINITIONAL_REPRESENTATION('',(#8727),#8731);
#8727 = LINE('',#8728,#8729);
#8728 = CARTESIAN_POINT('',(7.7,-22.));
#8729 = VECTOR('',#8730,1.);
#8730 = DIRECTION('',(0.,-1.));
#8731 = ( GEOMETRIC_REPRESENTATION_CONTEXT(2) 
PARAMETRIC_REPRESENTATION_CONTEXT() REPRESENTATION_CONTEXT('2D SPACE',''
  ) );
#8732 = PCURVE('',#8733,#8738);
#8733 = PLANE('',#8734);
#8734 = AXIS2_PLACEMENT_3D('',#8735,#8736,#8737);
#8735 = CARTESIAN_POINT('',(-20.,33.3,157.7));
#8736 = DIRECTION('',(0.,0.,1.));
#8737 = DIRECTION('',(1.,0.,0.));
#8738 = DEFINITIONAL_REPRESENTATION('',(#8739),#8743);
#8739 = LINE('',#8740,#8741);
#8740 = CARTESIAN_POINT('',(0.,0.));
#8741 = VECTOR('',#8742,1.);
#8742 = DIRECTION('',(0.,1.));
#8743 = ( GEOMETRIC_REPRESENTATION_CONTEXT(2) 
PARAMETRIC_REPRESENTATION_CONTEXT() REPRESENTATION_CONTEXT('2D SPACE',''
  ) );
#8744 = ORIENTED_EDGE('',*,*,#8745,.F.);
#8745 = EDGE_CURVE('',#8746,#8718,#8748,.T.);
#8746 = VERTEX_POINT('',#8747);
#8747 = CARTESIAN_POINT('',(-20.,33.3,156.));
#8748 = SURFACE_CURVE('',#8749,(#8753,#8760),.PCURVE_S1.);
#8749 = LINE('',#8750,#8751);
#8750 = CARTESIAN_POINT('',(-20.,33.3,156.));
#8751 = VECTOR('',#8752,1.);
#8752 = DIRECTION('',(0.,0.,1.));
#8753 = PCURVE('',#8637,#8754);
#8754 = DEFINITIONAL_REPRESENTATION('',(#8755),#8759);
#8755 = LINE('',#8756,#8757);
#8756 = CARTESIAN_POINT('',(6.,-22.));
#8757 = VECTOR('',#8758,1.);
#8758 = DIRECTION('',(1.,0.));
#8759 = ( GEOMETRIC_REPRESENTATION_CONTEXT(2) 
PARAMETRIC_REPRESENTATION_CONTEXT() REPRESENTATION_CONTEXT('2D SPACE',''
  ) );
#8760 = PCURVE('',#8761,#8766);
#8761 = PLANE('',#8762);
#8762 = AXIS2_PLACEMENT_3D('',#8763,#8764,#8765);
#8763 = CARTESIAN_POINT('',(-20.,33.3,156.));
#8764 = DIRECTION('',(0.,1.,0.));
#8765 = DIRECTION('',(0.,0.,1.));
#8766 = DEFINITIONAL_REPRESENTATION('',(#8767),#8771);
#8767 = LINE('',#8768,#8769);
#8768 = CARTESIAN_POINT('',(0.,0.));
#8769 = VECTOR('',#8770,1.);
#8770 = DIRECTION('',(1.,0.));
#8771 = ( GEOMETRIC_REPRESENTATION_CONTEXT(2) 
PARAMETRIC_REPRESENTATION_CONTEXT() REPRESENTATION_CONTEXT('2D SPACE',''
  ) );
#8772 = ORIENTED_EDGE('',*,*,#8773,.F.);
#8773 = EDGE_CURVE('',#8629,#8746,#8774,.T.);
#8774 = SURFACE_CURVE('',#8775,(#8779,#8786),.PCURVE_S1.);
#8775 = LINE('',#8776,#8777);
#8776 = CARTESIAN_POINT('',(-20.,11.3,156.));
#8777 = VECTOR('',#8778,1.);
#8778 = DIRECTION('',(0.,1.,0.));
#8779 = PCURVE('',#8637,#8780);
#8780 = DEFINITIONAL_REPRESENTATION('',(#8781),#8785);
#8781 = LINE('',#8782,#8783);
#8782 = CARTESIAN_POINT('',(6.,0.));
#8783 = VECTOR('',#8784,1.);
#8784 = DIRECTION('',(0.,-1.));
#8785 = ( GEOMETRIC_REPRESENTATION_CONTEXT(2) 
PARAMETRIC_REPRESENTATION_CONTEXT() REPRESENTATION_CONTEXT('2D SPACE',''
  ) );
#8786 = PCURVE('',#8787,#8792);
#8787 = PLANE('',#8788);
#8788 = AXIS2_PLACEMENT_3D('',#8789,#8790,#8791);
#8789 = CARTESIAN_POINT('',(-20.,11.3,156.));
#8790 = DIRECTION('',(0.,0.,1.));
#8791 = DIRECTION('',(1.,0.,0.));
#8792 = DEFINITIONAL_REPRESENTATION('',(#8793),#8797);
#8793 = LINE('',#8794,#8795);
#8794 = CARTESIAN_POINT('',(0.,0.));
#8795 = VECTOR('',#8796,1.);
#8796 = DIRECTION('',(0.,1.));
#8797 = ( GEOMETRIC_REPRESENTATION_CONTEXT(2) 
PARAMETRIC_REPRESENTATION_CONTEXT() REPRESENTATION_CONTEXT('2D SPACE',''
  ) );
#8798 = ADVANCED_FACE('',(#8799,#8874,#9044),#8787,.T.);
#8799 = FACE_BOUND('',#8800,.T.);
#8800 = EDGE_LOOP('',(#8801,#8802,#8825,#8853));
#8801 = ORIENTED_EDGE('',*,*,#8773,.F.);
#8802 = ORIENTED_EDGE('',*,*,#8803,.T.);
#8803 = EDGE_CURVE('',#8629,#8804,#8806,.T.);
#8804 = VERTEX_POINT('',#8805);
#8805 = CARTESIAN_POINT('',(20.,11.3,156.));
#8806 = SURFACE_CURVE('',#8807,(#8811,#8818),.PCURVE_S1.);
#8807 = LINE('',#8808,#8809);
#8808 = CARTESIAN_POINT('',(-20.,11.3,156.));
#8809 = VECTOR('',#8810,1.);
#8810 = DIRECTION('',(1.,0.,0.));
#8811 = PCURVE('',#8787,#8812);
#8812 = DEFINITIONAL_REPRESENTATION('',(#8813),#8817);
#8813 = LINE('',#8814,#8815);
#8814 = CARTESIAN_POINT('',(0.,0.));
#8815 = VECTOR('',#8816,1.);
#8816 = DIRECTION('',(1.,0.));
#8817 = ( GEOMETRIC_REPRESENTATION_CONTEXT(2) 
PARAMETRIC_REPRESENTATION_CONTEXT() REPRESENTATION_CONTEXT('2D SPACE',''
  ) );
#8818 = PCURVE('',#8649,#8819);
#8819 = DEFINITIONAL_REPRESENTATION('',(#8820),#8824);
#8820 = LINE('',#8821,#8822);
#8821 = CARTESIAN_POINT('',(6.,0.));
#8822 = VECTOR('',#8823,1.);
#8823 = DIRECTION('',(0.,1.));
#8824 = ( GEOMETRIC_REPRESENTATION_CONTEXT(2) 
PARAMETRIC_REPRESENTATION_CONTEXT() REPRESENTATION_CONTEXT('2D SPACE',''
  ) );
#8825 = ORIENTED_EDGE('',*,*,#8826,.T.);
#8826 = EDGE_CURVE('',#8804,#8827,#8829,.T.);
#8827 = VERTEX_POINT('',#8828);
#8828 = CARTESIAN_POINT('',(20.,33.3,156.));
#8829 = SURFACE_CURVE('',#8830,(#8834,#8841),.PCURVE_S1.);
#8830 = LINE('',#8831,#8832);
#8831 = CARTESIAN_POINT('',(20.,11.3,156.));
#8832 = VECTOR('',#8833,1.);
#8833 = DIRECTION('',(0.,1.,0.));
#8834 = PCURVE('',#8787,#8835);
#8835 = DEFINITIONAL_REPRESENTATION('',(#8836),#8840);
#8836 = LINE('',#8837,#8838);
#8837 = CARTESIAN_POINT('',(40.,0.));
#8838 = VECTOR('',#8839,1.);
#8839 = DIRECTION('',(0.,1.));
#8840 = ( GEOMETRIC_REPRESENTATION_CONTEXT(2) 
PARAMETRIC_REPRESENTATION_CONTEXT() REPRESENTATION_CONTEXT('2D SPACE',''
  ) );
#8841 = PCURVE('',#8842,#8847);
#8842 = PLANE('',#8843);
#8843 = AXIS2_PLACEMENT_3D('',#8844,#8845,#8846);
#8844 = CARTESIAN_POINT('',(20.,11.3,150.));
#8845 = DIRECTION('',(1.,0.,0.));
#8846 = DIRECTION('',(0.,0.,1.));
#8847 = DEFINITIONAL_REPRESENTATION('',(#8848),#8852);
#8848 = LINE('',#8849,#8850);
#8849 = CARTESIAN_POINT('',(6.,0.));
#8850 = VECTOR('',#8851,1.);
#8851 = DIRECTION('',(0.,-1.));
#8852 = ( GEOMETRIC_REPRESENTATION_CONTEXT(2) 
PARAMETRIC_REPRESENTATION_CONTEXT() REPRESENTATION_CONTEXT('2D SPACE',''
  ) );
#8853 = ORIENTED_EDGE('',*,*,#8854,.F.);
#8854 = EDGE_CURVE('',#8746,#8827,#8855,.T.);
#8855 = SURFACE_CURVE('',#8856,(#8860,#8867),.PCURVE_S1.);
#8856 = LINE('',#8857,#8858);
#8857 = CARTESIAN_POINT('',(-20.,33.3,156.));
#8858 = VECTOR('',#8859,1.);
#8859 = DIRECTION('',(1.,0.,0.));
#8860 = PCURVE('',#8787,#8861);
#8861 = DEFINITIONAL_REPRESENTATION('',(#8862),#8866);
#8862 = LINE('',#8863,#8864);
#8863 = CARTESIAN_POINT('',(0.,22.));
#8864 = VECTOR('',#8865,1.);
#8865 = DIRECTION('',(1.,0.));
#8866 = ( GEOMETRIC_REPRESENTATION_CONTEXT(2) 
PARAMETRIC_REPRESENTATION_CONTEXT() REPRESENTATION_CONTEXT('2D SPACE',''
  ) );
#8867 = PCURVE('',#8761,#8868);
#8868 = DEFINITIONAL_REPRESENTATION('',(#8869),#8873);
#8869 = LINE('',#8870,#8871);
#8870 = CARTESIAN_POINT('',(0.,0.));
#8871 = VECTOR('',#8872,1.);
#8872 = DIRECTION('',(0.,1.));
#8873 = ( GEOMETRIC_REPRESENTATION_CONTEXT(2) 
PARAMETRIC_REPRESENTATION_CONTEXT() REPRESENTATION_CONTEXT('2D SPACE',''
  ) );
#8874 = FACE_BOUND('',#8875,.T.);
#8875 = EDGE_LOOP('',(#8876,#8906,#8934,#8962,#8990,#9018));
#8876 = ORIENTED_EDGE('',*,*,#8877,.F.);
#8877 = EDGE_CURVE('',#8878,#8880,#8882,.T.);
#8878 = VERTEX_POINT('',#8879);
#8879 = CARTESIAN_POINT('',(-8.709103465619,23.3,156.));
#8880 = VERTEX_POINT('',#8881);
#8881 = CARTESIAN_POINT('',(-10.35455173281,26.15,156.));
#8882 = SURFACE_CURVE('',#8883,(#8887,#8894),.PCURVE_S1.);
#8883 = LINE('',#8884,#8885);
#8884 = CARTESIAN_POINT('',(-8.709103465619,23.3,156.));
#8885 = VECTOR('',#8886,1.);
#8886 = DIRECTION('',(-0.5,0.866025403784,0.));
#8887 = PCURVE('',#8787,#8888);
#8888 = DEFINITIONAL_REPRESENTATION('',(#8889),#8893);
#8889 = LINE('',#8890,#8891);
#8890 = CARTESIAN_POINT('',(11.290896534381,12.));
#8891 = VECTOR('',#8892,1.);
#8892 = DIRECTION('',(-0.5,0.866025403784));
#8893 = ( GEOMETRIC_REPRESENTATION_CONTEXT(2) 
PARAMETRIC_REPRESENTATION_CONTEXT() REPRESENTATION_CONTEXT('2D SPACE',''
  ) );
#8894 = PCURVE('',#8895,#8900);
#8895 = PLANE('',#8896);
#8896 = AXIS2_PLACEMENT_3D('',#8897,#8898,#8899);
#8897 = CARTESIAN_POINT('',(-8.709103465619,23.3,153.4));
#8898 = DIRECTION('',(-0.866025403784,-0.5,0.));
#8899 = DIRECTION('',(-0.5,0.866025403784,0.));
#8900 = DEFINITIONAL_REPRESENTATION('',(#8901),#8905);
#8901 = LINE('',#8902,#8903);
#8902 = CARTESIAN_POINT('',(0.,-2.6));
#8903 = VECTOR('',#8904,1.);
#8904 = DIRECTION('',(1.,0.));
#8905 = ( GEOMETRIC_REPRESENTATION_CONTEXT(2) 
PARAMETRIC_REPRESENTATION_CONTEXT() REPRESENTATION_CONTEXT('2D SPACE',''
  ) );
#8906 = ORIENTED_EDGE('',*,*,#8907,.F.);
#8907 = EDGE_CURVE('',#8908,#8878,#8910,.T.);
#8908 = VERTEX_POINT('',#8909);
#8909 = CARTESIAN_POINT('',(-10.35455173281,20.45,156.));
#8910 = SURFACE_CURVE('',#8911,(#8915,#8922),.PCURVE_S1.);
#8911 = LINE('',#8912,#8913);
#8912 = CARTESIAN_POINT('',(-10.35455173281,20.45,156.));
#8913 = VECTOR('',#8914,1.);
#8914 = DIRECTION('',(0.5,0.866025403784,0.));
#8915 = PCURVE('',#8787,#8916);
#8916 = DEFINITIONAL_REPRESENTATION('',(#8917),#8921);
#8917 = LINE('',#8918,#8919);
#8918 = CARTESIAN_POINT('',(9.64544826719,9.15));
#8919 = VECTOR('',#8920,1.);
#8920 = DIRECTION('',(0.5,0.866025403784));
#8921 = ( GEOMETRIC_REPRESENTATION_CONTEXT(2) 
PARAMETRIC_REPRESENTATION_CONTEXT() REPRESENTATION_CONTEXT('2D SPACE',''
  ) );
#8922 = PCURVE('',#8923,#8928);
#8923 = PLANE('',#8924);
#8924 = AXIS2_PLACEMENT_3D('',#8925,#8926,#8927);
#8925 = CARTESIAN_POINT('',(-10.35455173281,20.45,153.4));
#8926 = DIRECTION('',(-0.866025403784,0.5,0.));
#8927 = DIRECTION('',(0.5,0.866025403784,0.));
#8928 = DEFINITIONAL_REPRESENTATION('',(#8929),#8933);
#8929 = LINE('',#8930,#8931);
#8930 = CARTESIAN_POINT('',(0.,-2.6));
#8931 = VECTOR('',#8932,1.);
#8932 = DIRECTION('',(1.,0.));
#8933 = ( GEOMETRIC_REPRESENTATION_CONTEXT(2) 
PARAMETRIC_REPRESENTATION_CONTEXT() REPRESENTATION_CONTEXT('2D SPACE',''
  ) );
#8934 = ORIENTED_EDGE('',*,*,#8935,.F.);
#8935 = EDGE_CURVE('',#8936,#8908,#8938,.T.);
#8936 = VERTEX_POINT('',#8937);
#8937 = CARTESIAN_POINT('',(-13.64544826719,20.45,156.));
#8938 = SURFACE_CURVE('',#8939,(#8943,#8950),.PCURVE_S1.);
#8939 = LINE('',#8940,#8941);
#8940 = CARTESIAN_POINT('',(-13.64544826719,20.45,156.));
#8941 = VECTOR('',#8942,1.);
#8942 = DIRECTION('',(1.,-5.397789996866E-16,0.));
#8943 = PCURVE('',#8787,#8944);
#8944 = DEFINITIONAL_REPRESENTATION('',(#8945),#8949);
#8945 = LINE('',#8946,#8947);
#8946 = CARTESIAN_POINT('',(6.35455173281,9.15));
#8947 = VECTOR('',#8948,1.);
#8948 = DIRECTION('',(1.,-5.397789996866E-16));
#8949 = ( GEOMETRIC_REPRESENTATION_CONTEXT(2) 
PARAMETRIC_REPRESENTATION_CONTEXT() REPRESENTATION_CONTEXT('2D SPACE',''
  ) );
#8950 = PCURVE('',#8951,#8956);
#8951 = PLANE('',#8952);
#8952 = AXIS2_PLACEMENT_3D('',#8953,#8954,#8955);
#8953 = CARTESIAN_POINT('',(-13.64544826719,20.45,153.4));
#8954 = DIRECTION('',(5.397789996866E-16,1.,-0.));
#8955 = DIRECTION('',(1.,-5.397789996866E-16,0.));
#8956 = DEFINITIONAL_REPRESENTATION('',(#8957),#8961);
#8957 = LINE('',#8958,#8959);
#8958 = CARTESIAN_POINT('',(0.,-2.6));
#8959 = VECTOR('',#8960,1.);
#8960 = DIRECTION('',(1.,0.));
#8961 = ( GEOMETRIC_REPRESENTATION_CONTEXT(2) 
PARAMETRIC_REPRESENTATION_CONTEXT() REPRESENTATION_CONTEXT('2D SPACE',''
  ) );
#8962 = ORIENTED_EDGE('',*,*,#8963,.F.);
#8963 = EDGE_CURVE('',#8964,#8936,#8966,.T.);
#8964 = VERTEX_POINT('',#8965);
#8965 = CARTESIAN_POINT('',(-15.29089653438,23.3,156.));
#8966 = SURFACE_CURVE('',#8967,(#8971,#8978),.PCURVE_S1.);
#8967 = LINE('',#8968,#8969);
#8968 = CARTESIAN_POINT('',(-15.29089653438,23.3,156.));
#8969 = VECTOR('',#8970,1.);
#8970 = DIRECTION('',(0.5,-0.866025403784,0.));
#8971 = PCURVE('',#8787,#8972);
#8972 = DEFINITIONAL_REPRESENTATION('',(#8973),#8977);
#8973 = LINE('',#8974,#8975);
#8974 = CARTESIAN_POINT('',(4.709103465619,12.));
#8975 = VECTOR('',#8976,1.);
#8976 = DIRECTION('',(0.5,-0.866025403784));
#8977 = ( GEOMETRIC_REPRESENTATION_CONTEXT(2) 
PARAMETRIC_REPRESENTATION_CONTEXT() REPRESENTATION_CONTEXT('2D SPACE',''
  ) );
#8978 = PCURVE('',#8979,#8984);
#8979 = PLANE('',#8980);
#8980 = AXIS2_PLACEMENT_3D('',#8981,#8982,#8983);
#8981 = CARTESIAN_POINT('',(-15.29089653438,23.3,153.4));
#8982 = DIRECTION('',(0.866025403784,0.5,-0.));
#8983 = DIRECTION('',(0.5,-0.866025403784,0.));
#8984 = DEFINITIONAL_REPRESENTATION('',(#8985),#8989);
#8985 = LINE('',#8986,#8987);
#8986 = CARTESIAN_POINT('',(0.,-2.6));
#8987 = VECTOR('',#8988,1.);
#8988 = DIRECTION('',(1.,0.));
#8989 = ( GEOMETRIC_REPRESENTATION_CONTEXT(2) 
PARAMETRIC_REPRESENTATION_CONTEXT() REPRESENTATION_CONTEXT('2D SPACE',''
  ) );
#8990 = ORIENTED_EDGE('',*,*,#8991,.F.);
#8991 = EDGE_CURVE('',#8992,#8964,#8994,.T.);
#8992 = VERTEX_POINT('',#8993);
#8993 = CARTESIAN_POINT('',(-13.64544826719,26.15,156.));
#8994 = SURFACE_CURVE('',#8995,(#8999,#9006),.PCURVE_S1.);
#8995 = LINE('',#8996,#8997);
#8996 = CARTESIAN_POINT('',(-13.64544826719,26.15,156.));
#8997 = VECTOR('',#8998,1.);
#8998 = DIRECTION('',(-0.5,-0.866025403784,0.));
#8999 = PCURVE('',#8787,#9000);
#9000 = DEFINITIONAL_REPRESENTATION('',(#9001),#9005);
#9001 = LINE('',#9002,#9003);
#9002 = CARTESIAN_POINT('',(6.35455173281,14.85));
#9003 = VECTOR('',#9004,1.);
#9004 = DIRECTION('',(-0.5,-0.866025403784));
#9005 = ( GEOMETRIC_REPRESENTATION_CONTEXT(2) 
PARAMETRIC_REPRESENTATION_CONTEXT() REPRESENTATION_CONTEXT('2D SPACE',''
  ) );
#9006 = PCURVE('',#9007,#9012);
#9007 = PLANE('',#9008);
#9008 = AXIS2_PLACEMENT_3D('',#9009,#9010,#9011);
#9009 = CARTESIAN_POINT('',(-13.64544826719,26.15,153.4));
#9010 = DIRECTION('',(0.866025403784,-0.5,0.));
#9011 = DIRECTION('',(-0.5,-0.866025403784,0.));
#9012 = DEFINITIONAL_REPRESENTATION('',(#9013),#9017);
#9013 = LINE('',#9014,#9015);
#9014 = CARTESIAN_POINT('',(0.,-2.6));
#9015 = VECTOR('',#9016,1.);
#9016 = DIRECTION('',(1.,0.));
#9017 = ( GEOMETRIC_REPRESENTATION_CONTEXT(2) 
PARAMETRIC_REPRESENTATION_CONTEXT() REPRESENTATION_CONTEXT('2D SPACE',''
  ) );
#9018 = ORIENTED_EDGE('',*,*,#9019,.F.);
#9019 = EDGE_CURVE('',#8880,#8992,#9020,.T.);
#9020 = SURFACE_CURVE('',#9021,(#9025,#9032),.PCURVE_S1.);
#9021 = LINE('',#9022,#9023);
#9022 = CARTESIAN_POINT('',(-10.35455173281,26.15,156.));
#9023 = VECTOR('',#9024,1.);
#9024 = DIRECTION('',(-1.,1.349447499217E-16,0.));
#9025 = PCURVE('',#8787,#9026);
#9026 = DEFINITIONAL_REPRESENTATION('',(#9027),#9031);
#9027 = LINE('',#9028,#9029);
#9028 = CARTESIAN_POINT('',(9.64544826719,14.85));
#9029 = VECTOR('',#9030,1.);
#9030 = DIRECTION('',(-1.,1.349447499217E-16));
#9031 = ( GEOMETRIC_REPRESENTATION_CONTEXT(2) 
PARAMETRIC_REPRESENTATION_CONTEXT() REPRESENTATION_CONTEXT('2D SPACE',''
  ) );
#9032 = PCURVE('',#9033,#9038);
#9033 = PLANE('',#9034);
#9034 = AXIS2_PLACEMENT_3D('',#9035,#9036,#9037);
#9035 = CARTESIAN_POINT('',(-10.35455173281,26.15,153.4));
#9036 = DIRECTION('',(-1.349447499217E-16,-1.,0.));
#9037 = DIRECTION('',(-1.,1.349447499217E-16,0.));
#9038 = DEFINITIONAL_REPRESENTATION('',(#9039),#9043);
#9039 = LINE('',#9040,#9041);
#9040 = CARTESIAN_POINT('',(0.,-2.6));
#9041 = VECTOR('',#9042,1.);
#9042 = DIRECTION('',(1.,0.));
#9043 = ( GEOMETRIC_REPRESENTATION_CONTEXT(2) 
PARAMETRIC_REPRESENTATION_CONTEXT() REPRESENTATION_CONTEXT('2D SPACE',''
  ) );
#9044 = FACE_BOUND('',#9045,.T.);
#9045 = EDGE_LOOP('',(#9046,#9076,#9104,#9132,#9160,#9188));
#9046 = ORIENTED_EDGE('',*,*,#9047,.F.);
#9047 = EDGE_CURVE('',#9048,#9050,#9052,.T.);
#9048 = VERTEX_POINT('',#9049);
#9049 = CARTESIAN_POINT('',(15.290896534381,23.3,156.));
#9050 = VERTEX_POINT('',#9051);
#9051 = CARTESIAN_POINT('',(13.64544826719,26.15,156.));
#9052 = SURFACE_CURVE('',#9053,(#9057,#9064),.PCURVE_S1.);
#9053 = LINE('',#9054,#9055);
#9054 = CARTESIAN_POINT('',(15.290896534381,23.3,156.));
#9055 = VECTOR('',#9056,1.);
#9056 = DIRECTION('',(-0.5,0.866025403784,0.));
#9057 = PCURVE('',#8787,#9058);
#9058 = DEFINITIONAL_REPRESENTATION('',(#9059),#9063);
#9059 = LINE('',#9060,#9061);
#9060 = CARTESIAN_POINT('',(35.290896534381,12.));
#9061 = VECTOR('',#9062,1.);
#9062 = DIRECTION('',(-0.5,0.866025403784));
#9063 = ( GEOMETRIC_REPRESENTATION_CONTEXT(2) 
PARAMETRIC_REPRESENTATION_CONTEXT() REPRESENTATION_CONTEXT('2D SPACE',''
  ) );
#9064 = PCURVE('',#9065,#9070);
#9065 = PLANE('',#9066);
#9066 = AXIS2_PLACEMENT_3D('',#9067,#9068,#9069);
#9067 = CARTESIAN_POINT('',(15.290896534381,23.3,153.4));
#9068 = DIRECTION('',(-0.866025403784,-0.5,0.));
#9069 = DIRECTION('',(-0.5,0.866025403784,0.));
#9070 = DEFINITIONAL_REPRESENTATION('',(#9071),#9075);
#9071 = LINE('',#9072,#9073);
#9072 = CARTESIAN_POINT('',(0.,-2.6));
#9073 = VECTOR('',#9074,1.);
#9074 = DIRECTION('',(1.,0.));
#9075 = ( GEOMETRIC_REPRESENTATION_CONTEXT(2) 
PARAMETRIC_REPRESENTATION_CONTEXT() REPRESENTATION_CONTEXT('2D SPACE',''
  ) );
#9076 = ORIENTED_EDGE('',*,*,#9077,.F.);
#9077 = EDGE_CURVE('',#9078,#9048,#9080,.T.);
#9078 = VERTEX_POINT('',#9079);
#9079 = CARTESIAN_POINT('',(13.64544826719,20.45,156.));
#9080 = SURFACE_CURVE('',#9081,(#9085,#9092),.PCURVE_S1.);
#9081 = LINE('',#9082,#9083);
#9082 = CARTESIAN_POINT('',(13.64544826719,20.45,156.));
#9083 = VECTOR('',#9084,1.);
#9084 = DIRECTION('',(0.5,0.866025403784,0.));
#9085 = PCURVE('',#8787,#9086);
#9086 = DEFINITIONAL_REPRESENTATION('',(#9087),#9091);
#9087 = LINE('',#9088,#9089);
#9088 = CARTESIAN_POINT('',(33.64544826719,9.15));
#9089 = VECTOR('',#9090,1.);
#9090 = DIRECTION('',(0.5,0.866025403784));
#9091 = ( GEOMETRIC_REPRESENTATION_CONTEXT(2) 
PARAMETRIC_REPRESENTATION_CONTEXT() REPRESENTATION_CONTEXT('2D SPACE',''
  ) );
#9092 = PCURVE('',#9093,#9098);
#9093 = PLANE('',#9094);
#9094 = AXIS2_PLACEMENT_3D('',#9095,#9096,#9097);
#9095 = CARTESIAN_POINT('',(13.64544826719,20.45,153.4));
#9096 = DIRECTION('',(-0.866025403784,0.5,0.));
#9097 = DIRECTION('',(0.5,0.866025403784,0.));
#9098 = DEFINITIONAL_REPRESENTATION('',(#9099),#9103);
#9099 = LINE('',#9100,#9101);
#9100 = CARTESIAN_POINT('',(0.,-2.6));
#9101 = VECTOR('',#9102,1.);
#9102 = DIRECTION('',(1.,0.));
#9103 = ( GEOMETRIC_REPRESENTATION_CONTEXT(2) 
PARAMETRIC_REPRESENTATION_CONTEXT() REPRESENTATION_CONTEXT('2D SPACE',''
  ) );
#9104 = ORIENTED_EDGE('',*,*,#9105,.F.);
#9105 = EDGE_CURVE('',#9106,#9078,#9108,.T.);
#9106 = VERTEX_POINT('',#9107);
#9107 = CARTESIAN_POINT('',(10.35455173281,20.45,156.));
#9108 = SURFACE_CURVE('',#9109,(#9113,#9120),.PCURVE_S1.);
#9109 = LINE('',#9110,#9111);
#9110 = CARTESIAN_POINT('',(10.35455173281,20.45,156.));
#9111 = VECTOR('',#9112,1.);
#9112 = DIRECTION('',(1.,-5.397789996866E-16,0.));
#9113 = PCURVE('',#8787,#9114);
#9114 = DEFINITIONAL_REPRESENTATION('',(#9115),#9119);
#9115 = LINE('',#9116,#9117);
#9116 = CARTESIAN_POINT('',(30.35455173281,9.15));
#9117 = VECTOR('',#9118,1.);
#9118 = DIRECTION('',(1.,-5.397789996866E-16));
#9119 = ( GEOMETRIC_REPRESENTATION_CONTEXT(2) 
PARAMETRIC_REPRESENTATION_CONTEXT() REPRESENTATION_CONTEXT('2D SPACE',''
  ) );
#9120 = PCURVE('',#9121,#9126);
#9121 = PLANE('',#9122);
#9122 = AXIS2_PLACEMENT_3D('',#9123,#9124,#9125);
#9123 = CARTESIAN_POINT('',(10.35455173281,20.45,153.4));
#9124 = DIRECTION('',(5.397789996866E-16,1.,-0.));
#9125 = DIRECTION('',(1.,-5.397789996866E-16,0.));
#9126 = DEFINITIONAL_REPRESENTATION('',(#9127),#9131);
#9127 = LINE('',#9128,#9129);
#9128 = CARTESIAN_POINT('',(0.,-2.6));
#9129 = VECTOR('',#9130,1.);
#9130 = DIRECTION('',(1.,0.));
#9131 = ( GEOMETRIC_REPRESENTATION_CONTEXT(2) 
PARAMETRIC_REPRESENTATION_CONTEXT() REPRESENTATION_CONTEXT('2D SPACE',''
  ) );
#9132 = ORIENTED_EDGE('',*,*,#9133,.F.);
#9133 = EDGE_CURVE('',#9134,#9106,#9136,.T.);
#9134 = VERTEX_POINT('',#9135);
#9135 = CARTESIAN_POINT('',(8.709103465619,23.3,156.));
#9136 = SURFACE_CURVE('',#9137,(#9141,#9148),.PCURVE_S1.);
#9137 = LINE('',#9138,#9139);
#9138 = CARTESIAN_POINT('',(8.709103465619,23.3,156.));
#9139 = VECTOR('',#9140,1.);
#9140 = DIRECTION('',(0.5,-0.866025403784,0.));
#9141 = PCURVE('',#8787,#9142);
#9142 = DEFINITIONAL_REPRESENTATION('',(#9143),#9147);
#9143 = LINE('',#9144,#9145);
#9144 = CARTESIAN_POINT('',(28.709103465619,12.));
#9145 = VECTOR('',#9146,1.);
#9146 = DIRECTION('',(0.5,-0.866025403784));
#9147 = ( GEOMETRIC_REPRESENTATION_CONTEXT(2) 
PARAMETRIC_REPRESENTATION_CONTEXT() REPRESENTATION_CONTEXT('2D SPACE',''
  ) );
#9148 = PCURVE('',#9149,#9154);
#9149 = PLANE('',#9150);
#9150 = AXIS2_PLACEMENT_3D('',#9151,#9152,#9153);
#9151 = CARTESIAN_POINT('',(8.709103465619,23.3,153.4));
#9152 = DIRECTION('',(0.866025403784,0.5,-0.));
#9153 = DIRECTION('',(0.5,-0.866025403784,0.));
#9154 = DEFINITIONAL_REPRESENTATION('',(#9155),#9159);
#9155 = LINE('',#9156,#9157);
#9156 = CARTESIAN_POINT('',(0.,-2.6));
#9157 = VECTOR('',#9158,1.);
#9158 = DIRECTION('',(1.,0.));
#9159 = ( GEOMETRIC_REPRESENTATION_CONTEXT(2) 
PARAMETRIC_REPRESENTATION_CONTEXT() REPRESENTATION_CONTEXT('2D SPACE',''
  ) );
#9160 = ORIENTED_EDGE('',*,*,#9161,.F.);
#9161 = EDGE_CURVE('',#9162,#9134,#9164,.T.);
#9162 = VERTEX_POINT('',#9163);
#9163 = CARTESIAN_POINT('',(10.35455173281,26.15,156.));
#9164 = SURFACE_CURVE('',#9165,(#9169,#9176),.PCURVE_S1.);
#9165 = LINE('',#9166,#9167);
#9166 = CARTESIAN_POINT('',(10.35455173281,26.15,156.));
#9167 = VECTOR('',#9168,1.);
#9168 = DIRECTION('',(-0.5,-0.866025403784,0.));
#9169 = PCURVE('',#8787,#9170);
#9170 = DEFINITIONAL_REPRESENTATION('',(#9171),#9175);
#9171 = LINE('',#9172,#9173);
#9172 = CARTESIAN_POINT('',(30.35455173281,14.85));
#9173 = VECTOR('',#9174,1.);
#9174 = DIRECTION('',(-0.5,-0.866025403784));
#9175 = ( GEOMETRIC_REPRESENTATION_CONTEXT(2) 
PARAMETRIC_REPRESENTATION_CONTEXT() REPRESENTATION_CONTEXT('2D SPACE',''
  ) );
#9176 = PCURVE('',#9177,#9182);
#9177 = PLANE('',#9178);
#9178 = AXIS2_PLACEMENT_3D('',#9179,#9180,#9181);
#9179 = CARTESIAN_POINT('',(10.35455173281,26.15,153.4));
#9180 = DIRECTION('',(0.866025403784,-0.5,0.));
#9181 = DIRECTION('',(-0.5,-0.866025403784,0.));
#9182 = DEFINITIONAL_REPRESENTATION('',(#9183),#9187);
#9183 = LINE('',#9184,#9185);
#9184 = CARTESIAN_POINT('',(0.,-2.6));
#9185 = VECTOR('',#9186,1.);
#9186 = DIRECTION('',(1.,0.));
#9187 = ( GEOMETRIC_REPRESENTATION_CONTEXT(2) 
PARAMETRIC_REPRESENTATION_CONTEXT() REPRESENTATION_CONTEXT('2D SPACE',''
  ) );
#9188 = ORIENTED_EDGE('',*,*,#9189,.F.);
#9189 = EDGE_CURVE('',#9050,#9162,#9190,.T.);
#9190 = SURFACE_CURVE('',#9191,(#9195,#9202),.PCURVE_S1.);
#9191 = LINE('',#9192,#9193);
#9192 = CARTESIAN_POINT('',(13.64544826719,26.15,156.));
#9193 = VECTOR('',#9194,1.);
#9194 = DIRECTION('',(-1.,1.349447499217E-16,0.));
#9195 = PCURVE('',#8787,#9196);
#9196 = DEFINITIONAL_REPRESENTATION('',(#9197),#9201);
#9197 = LINE('',#9198,#9199);
#9198 = CARTESIAN_POINT('',(33.64544826719,14.85));
#9199 = VECTOR('',#9200,1.);
#9200 = DIRECTION('',(-1.,1.349447499217E-16));
#9201 = ( GEOMETRIC_REPRESENTATION_CONTEXT(2) 
PARAMETRIC_REPRESENTATION_CONTEXT() REPRESENTATION_CONTEXT('2D SPACE',''
  ) );
#9202 = PCURVE('',#9203,#9208);
#9203 = PLANE('',#9204);
#9204 = AXIS2_PLACEMENT_3D('',#9205,#9206,#9207);
#9205 = CARTESIAN_POINT('',(13.64544826719,26.15,153.4));
#9206 = DIRECTION('',(-1.349447499217E-16,-1.,0.));
#9207 = DIRECTION('',(-1.,1.349447499217E-16,0.));
#9208 = DEFINITIONAL_REPRESENTATION('',(#9209),#9213);
#9209 = LINE('',#9210,#9211);
#9210 = CARTESIAN_POINT('',(0.,-2.6));
#9211 = VECTOR('',#9212,1.);
#9212 = DIRECTION('',(1.,0.));
#9213 = ( GEOMETRIC_REPRESENTATION_CONTEXT(2) 
PARAMETRIC_REPRESENTATION_CONTEXT() REPRESENTATION_CONTEXT('2D SPACE',''
  ) );
#9214 = ADVANCED_FACE('',(#9215),#9093,.T.);
#9215 = FACE_BOUND('',#9216,.T.);
#9216 = EDGE_LOOP('',(#9217,#9240,#9241,#9264));
#9217 = ORIENTED_EDGE('',*,*,#9218,.T.);
#9218 = EDGE_CURVE('',#9219,#9078,#9221,.T.);
#9219 = VERTEX_POINT('',#9220);
#9220 = CARTESIAN_POINT('',(13.64544826719,20.45,153.4));
#9221 = SURFACE_CURVE('',#9222,(#9226,#9233),.PCURVE_S1.);
#9222 = LINE('',#9223,#9224);
#9223 = CARTESIAN_POINT('',(13.64544826719,20.45,153.4));
#9224 = VECTOR('',#9225,1.);
#9225 = DIRECTION('',(0.,0.,1.));
#9226 = PCURVE('',#9093,#9227);
#9227 = DEFINITIONAL_REPRESENTATION('',(#9228),#9232);
#9228 = LINE('',#9229,#9230);
#9229 = CARTESIAN_POINT('',(0.,0.));
#9230 = VECTOR('',#9231,1.);
#9231 = DIRECTION('',(0.,-1.));
#9232 = ( GEOMETRIC_REPRESENTATION_CONTEXT(2) 
PARAMETRIC_REPRESENTATION_CONTEXT() REPRESENTATION_CONTEXT('2D SPACE',''
  ) );
#9233 = PCURVE('',#9121,#9234);
#9234 = DEFINITIONAL_REPRESENTATION('',(#9235),#9239);
#9235 = LINE('',#9236,#9237);
#9236 = CARTESIAN_POINT('',(3.290896534381,0.));
#9237 = VECTOR('',#9238,1.);
#9238 = DIRECTION('',(0.,-1.));
#9239 = ( GEOMETRIC_REPRESENTATION_CONTEXT(2) 
PARAMETRIC_REPRESENTATION_CONTEXT() REPRESENTATION_CONTEXT('2D SPACE',''
  ) );
#9240 = ORIENTED_EDGE('',*,*,#9077,.T.);
#9241 = ORIENTED_EDGE('',*,*,#9242,.F.);
#9242 = EDGE_CURVE('',#9243,#9048,#9245,.T.);
#9243 = VERTEX_POINT('',#9244);
#9244 = CARTESIAN_POINT('',(15.290896534381,23.3,153.4));
#9245 = SURFACE_CURVE('',#9246,(#9250,#9257),.PCURVE_S1.);
#9246 = LINE('',#9247,#9248);
#9247 = CARTESIAN_POINT('',(15.290896534381,23.3,153.4));
#9248 = VECTOR('',#9249,1.);
#9249 = DIRECTION('',(0.,0.,1.));
#9250 = PCURVE('',#9093,#9251);
#9251 = DEFINITIONAL_REPRESENTATION('',(#9252),#9256);
#9252 = LINE('',#9253,#9254);
#9253 = CARTESIAN_POINT('',(3.290896534381,0.));
#9254 = VECTOR('',#9255,1.);
#9255 = DIRECTION('',(0.,-1.));
#9256 = ( GEOMETRIC_REPRESENTATION_CONTEXT(2) 
PARAMETRIC_REPRESENTATION_CONTEXT() REPRESENTATION_CONTEXT('2D SPACE',''
  ) );
#9257 = PCURVE('',#9065,#9258);
#9258 = DEFINITIONAL_REPRESENTATION('',(#9259),#9263);
#9259 = LINE('',#9260,#9261);
#9260 = CARTESIAN_POINT('',(0.,0.));
#9261 = VECTOR('',#9262,1.);
#9262 = DIRECTION('',(0.,-1.));
#9263 = ( GEOMETRIC_REPRESENTATION_CONTEXT(2) 
PARAMETRIC_REPRESENTATION_CONTEXT() REPRESENTATION_CONTEXT('2D SPACE',''
  ) );
#9264 = ORIENTED_EDGE('',*,*,#9265,.F.);
#9265 = EDGE_CURVE('',#9219,#9243,#9266,.T.);
#9266 = SURFACE_CURVE('',#9267,(#9271,#9278),.PCURVE_S1.);
#9267 = LINE('',#9268,#9269);
#9268 = CARTESIAN_POINT('',(13.64544826719,20.45,153.4));
#9269 = VECTOR('',#9270,1.);
#9270 = DIRECTION('',(0.5,0.866025403784,0.));
#9271 = PCURVE('',#9093,#9272);
#9272 = DEFINITIONAL_REPRESENTATION('',(#9273),#9277);
#9273 = LINE('',#9274,#9275);
#9274 = CARTESIAN_POINT('',(0.,0.));
#9275 = VECTOR('',#9276,1.);
#9276 = DIRECTION('',(1.,0.));
#9277 = ( GEOMETRIC_REPRESENTATION_CONTEXT(2) 
PARAMETRIC_REPRESENTATION_CONTEXT() REPRESENTATION_CONTEXT('2D SPACE',''
  ) );
#9278 = PCURVE('',#9279,#9284);
#9279 = PLANE('',#9280);
#9280 = AXIS2_PLACEMENT_3D('',#9281,#9282,#9283);
#9281 = CARTESIAN_POINT('',(12.,23.3,153.4));
#9282 = DIRECTION('',(0.,0.,1.));
#9283 = DIRECTION('',(1.,0.,-0.));
#9284 = DEFINITIONAL_REPRESENTATION('',(#9285),#9289);
#9285 = LINE('',#9286,#9287);
#9286 = CARTESIAN_POINT('',(1.64544826719,-2.85));
#9287 = VECTOR('',#9288,1.);
#9288 = DIRECTION('',(0.5,0.866025403784));
#9289 = ( GEOMETRIC_REPRESENTATION_CONTEXT(2) 
PARAMETRIC_REPRESENTATION_CONTEXT() REPRESENTATION_CONTEXT('2D SPACE',''
  ) );
#9290 = ADVANCED_FACE('',(#9291,#9407),#9279,.T.);
#9291 = FACE_BOUND('',#9292,.T.);
#9292 = EDGE_LOOP('',(#9293,#9316,#9339,#9362,#9385,#9406));
#9293 = ORIENTED_EDGE('',*,*,#9294,.T.);
#9294 = EDGE_CURVE('',#9243,#9295,#9297,.T.);
#9295 = VERTEX_POINT('',#9296);
#9296 = CARTESIAN_POINT('',(13.64544826719,26.15,153.4));
#9297 = SURFACE_CURVE('',#9298,(#9302,#9309),.PCURVE_S1.);
#9298 = LINE('',#9299,#9300);
#9299 = CARTESIAN_POINT('',(15.290896534381,23.3,153.4));
#9300 = VECTOR('',#9301,1.);
#9301 = DIRECTION('',(-0.5,0.866025403784,0.));
#9302 = PCURVE('',#9279,#9303);
#9303 = DEFINITIONAL_REPRESENTATION('',(#9304),#9308);
#9304 = LINE('',#9305,#9306);
#9305 = CARTESIAN_POINT('',(3.290896534381,0.));
#9306 = VECTOR('',#9307,1.);
#9307 = DIRECTION('',(-0.5,0.866025403784));
#9308 = ( GEOMETRIC_REPRESENTATION_CONTEXT(2) 
PARAMETRIC_REPRESENTATION_CONTEXT() REPRESENTATION_CONTEXT('2D SPACE',''
  ) );
#9309 = PCURVE('',#9065,#9310);
#9310 = DEFINITIONAL_REPRESENTATION('',(#9311),#9315);
#9311 = LINE('',#9312,#9313);
#9312 = CARTESIAN_POINT('',(0.,0.));
#9313 = VECTOR('',#9314,1.);
#9314 = DIRECTION('',(1.,0.));
#9315 = ( GEOMETRIC_REPRESENTATION_CONTEXT(2) 
PARAMETRIC_REPRESENTATION_CONTEXT() REPRESENTATION_CONTEXT('2D SPACE',''
  ) );
#9316 = ORIENTED_EDGE('',*,*,#9317,.T.);
#9317 = EDGE_CURVE('',#9295,#9318,#9320,.T.);
#9318 = VERTEX_POINT('',#9319);
#9319 = CARTESIAN_POINT('',(10.35455173281,26.15,153.4));
#9320 = SURFACE_CURVE('',#9321,(#9325,#9332),.PCURVE_S1.);
#9321 = LINE('',#9322,#9323);
#9322 = CARTESIAN_POINT('',(13.64544826719,26.15,153.4));
#9323 = VECTOR('',#9324,1.);
#9324 = DIRECTION('',(-1.,1.349447499217E-16,0.));
#9325 = PCURVE('',#9279,#9326);
#9326 = DEFINITIONAL_REPRESENTATION('',(#9327),#9331);
#9327 = LINE('',#9328,#9329);
#9328 = CARTESIAN_POINT('',(1.64544826719,2.85));
#9329 = VECTOR('',#9330,1.);
#9330 = DIRECTION('',(-1.,1.349447499217E-16));
#9331 = ( GEOMETRIC_REPRESENTATION_CONTEXT(2) 
PARAMETRIC_REPRESENTATION_CONTEXT() REPRESENTATION_CONTEXT('2D SPACE',''
  ) );
#9332 = PCURVE('',#9203,#9333);
#9333 = DEFINITIONAL_REPRESENTATION('',(#9334),#9338);
#9334 = LINE('',#9335,#9336);
#9335 = CARTESIAN_POINT('',(0.,0.));
#9336 = VECTOR('',#9337,1.);
#9337 = DIRECTION('',(1.,0.));
#9338 = ( GEOMETRIC_REPRESENTATION_CONTEXT(2) 
PARAMETRIC_REPRESENTATION_CONTEXT() REPRESENTATION_CONTEXT('2D SPACE',''
  ) );
#9339 = ORIENTED_EDGE('',*,*,#9340,.T.);
#9340 = EDGE_CURVE('',#9318,#9341,#9343,.T.);
#9341 = VERTEX_POINT('',#9342);
#9342 = CARTESIAN_POINT('',(8.709103465619,23.3,153.4));
#9343 = SURFACE_CURVE('',#9344,(#9348,#9355),.PCURVE_S1.);
#9344 = LINE('',#9345,#9346);
#9345 = CARTESIAN_POINT('',(10.35455173281,26.15,153.4));
#9346 = VECTOR('',#9347,1.);
#9347 = DIRECTION('',(-0.5,-0.866025403784,0.));
#9348 = PCURVE('',#9279,#9349);
#9349 = DEFINITIONAL_REPRESENTATION('',(#9350),#9354);
#9350 = LINE('',#9351,#9352);
#9351 = CARTESIAN_POINT('',(-1.64544826719,2.85));
#9352 = VECTOR('',#9353,1.);
#9353 = DIRECTION('',(-0.5,-0.866025403784));
#9354 = ( GEOMETRIC_REPRESENTATION_CONTEXT(2) 
PARAMETRIC_REPRESENTATION_CONTEXT() REPRESENTATION_CONTEXT('2D SPACE',''
  ) );
#9355 = PCURVE('',#9177,#9356);
#9356 = DEFINITIONAL_REPRESENTATION('',(#9357),#9361);
#9357 = LINE('',#9358,#9359);
#9358 = CARTESIAN_POINT('',(0.,0.));
#9359 = VECTOR('',#9360,1.);
#9360 = DIRECTION('',(1.,0.));
#9361 = ( GEOMETRIC_REPRESENTATION_CONTEXT(2) 
PARAMETRIC_REPRESENTATION_CONTEXT() REPRESENTATION_CONTEXT('2D SPACE',''
  ) );
#9362 = ORIENTED_EDGE('',*,*,#9363,.T.);
#9363 = EDGE_CURVE('',#9341,#9364,#9366,.T.);
#9364 = VERTEX_POINT('',#9365);
#9365 = CARTESIAN_POINT('',(10.35455173281,20.45,153.4));
#9366 = SURFACE_CURVE('',#9367,(#9371,#9378),.PCURVE_S1.);
#9367 = LINE('',#9368,#9369);
#9368 = CARTESIAN_POINT('',(8.709103465619,23.3,153.4));
#9369 = VECTOR('',#9370,1.);
#9370 = DIRECTION('',(0.5,-0.866025403784,0.));
#9371 = PCURVE('',#9279,#9372);
#9372 = DEFINITIONAL_REPRESENTATION('',(#9373),#9377);
#9373 = LINE('',#9374,#9375);
#9374 = CARTESIAN_POINT('',(-3.290896534381,0.));
#9375 = VECTOR('',#9376,1.);
#9376 = DIRECTION('',(0.5,-0.866025403784));
#9377 = ( GEOMETRIC_REPRESENTATION_CONTEXT(2) 
PARAMETRIC_REPRESENTATION_CONTEXT() REPRESENTATION_CONTEXT('2D SPACE',''
  ) );
#9378 = PCURVE('',#9149,#9379);
#9379 = DEFINITIONAL_REPRESENTATION('',(#9380),#9384);
#9380 = LINE('',#9381,#9382);
#9381 = CARTESIAN_POINT('',(0.,0.));
#9382 = VECTOR('',#9383,1.);
#9383 = DIRECTION('',(1.,0.));
#9384 = ( GEOMETRIC_REPRESENTATION_CONTEXT(2) 
PARAMETRIC_REPRESENTATION_CONTEXT() REPRESENTATION_CONTEXT('2D SPACE',''
  ) );
#9385 = ORIENTED_EDGE('',*,*,#9386,.T.);
#9386 = EDGE_CURVE('',#9364,#9219,#9387,.T.);
#9387 = SURFACE_CURVE('',#9388,(#9392,#9399),.PCURVE_S1.);
#9388 = LINE('',#9389,#9390);
#9389 = CARTESIAN_POINT('',(10.35455173281,20.45,153.4));
#9390 = VECTOR('',#9391,1.);
#9391 = DIRECTION('',(1.,-5.397789996866E-16,0.));
#9392 = PCURVE('',#9279,#9393);
#9393 = DEFINITIONAL_REPRESENTATION('',(#9394),#9398);
#9394 = LINE('',#9395,#9396);
#9395 = CARTESIAN_POINT('',(-1.64544826719,-2.85));
#9396 = VECTOR('',#9397,1.);
#9397 = DIRECTION('',(1.,-5.397789996866E-16));
#9398 = ( GEOMETRIC_REPRESENTATION_CONTEXT(2) 
PARAMETRIC_REPRESENTATION_CONTEXT() REPRESENTATION_CONTEXT('2D SPACE',''
  ) );
#9399 = PCURVE('',#9121,#9400);
#9400 = DEFINITIONAL_REPRESENTATION('',(#9401),#9405);
#9401 = LINE('',#9402,#9403);
#9402 = CARTESIAN_POINT('',(0.,0.));
#9403 = VECTOR('',#9404,1.);
#9404 = DIRECTION('',(1.,0.));
#9405 = ( GEOMETRIC_REPRESENTATION_CONTEXT(2) 
PARAMETRIC_REPRESENTATION_CONTEXT() REPRESENTATION_CONTEXT('2D SPACE',''
  ) );
#9406 = ORIENTED_EDGE('',*,*,#9265,.T.);
#9407 = FACE_BOUND('',#9408,.T.);
#9408 = EDGE_LOOP('',(#9409));
#9409 = ORIENTED_EDGE('',*,*,#9410,.F.);
#9410 = EDGE_CURVE('',#9411,#9411,#9413,.T.);
#9411 = VERTEX_POINT('',#9412);
#9412 = CARTESIAN_POINT('',(13.7,23.3,153.4));
#9413 = SURFACE_CURVE('',#9414,(#9419,#9426),.PCURVE_S1.);
#9414 = CIRCLE('',#9415,1.7);
#9415 = AXIS2_PLACEMENT_3D('',#9416,#9417,#9418);
#9416 = CARTESIAN_POINT('',(12.,23.3,153.4));
#9417 = DIRECTION('',(0.,0.,1.));
#9418 = DIRECTION('',(1.,0.,-0.));
#9419 = PCURVE('',#9279,#9420);
#9420 = DEFINITIONAL_REPRESENTATION('',(#9421),#9425);
#9421 = CIRCLE('',#9422,1.7);
#9422 = AXIS2_PLACEMENT_2D('',#9423,#9424);
#9423 = CARTESIAN_POINT('',(0.,0.));
#9424 = DIRECTION('',(1.,0.));
#9425 = ( GEOMETRIC_REPRESENTATION_CONTEXT(2) 
PARAMETRIC_REPRESENTATION_CONTEXT() REPRESENTATION_CONTEXT('2D SPACE',''
  ) );
#9426 = PCURVE('',#9427,#9432);
#9427 = CYLINDRICAL_SURFACE('',#9428,1.7);
#9428 = AXIS2_PLACEMENT_3D('',#9429,#9430,#9431);
#9429 = CARTESIAN_POINT('',(12.,23.3,149.));
#9430 = DIRECTION('',(0.,0.,1.));
#9431 = DIRECTION('',(1.,0.,-0.));
#9432 = DEFINITIONAL_REPRESENTATION('',(#9433),#9437);
#9433 = LINE('',#9434,#9435);
#9434 = CARTESIAN_POINT('',(0.,4.4));
#9435 = VECTOR('',#9436,1.);
#9436 = DIRECTION('',(1.,0.));
#9437 = ( GEOMETRIC_REPRESENTATION_CONTEXT(2) 
PARAMETRIC_REPRESENTATION_CONTEXT() REPRESENTATION_CONTEXT('2D SPACE',''
  ) );
#9438 = ADVANCED_FACE('',(#9439),#9427,.F.);
#9439 = FACE_BOUND('',#9440,.F.);
#9440 = EDGE_LOOP('',(#9441,#9442,#9465,#9487));
#9441 = ORIENTED_EDGE('',*,*,#9410,.F.);
#9442 = ORIENTED_EDGE('',*,*,#9443,.F.);
#9443 = EDGE_CURVE('',#9444,#9411,#9446,.T.);
#9444 = VERTEX_POINT('',#9445);
#9445 = CARTESIAN_POINT('',(13.7,23.3,150.));
#9446 = SEAM_CURVE('',#9447,(#9451,#9458),.PCURVE_S1.);
#9447 = LINE('',#9448,#9449);
#9448 = CARTESIAN_POINT('',(13.7,23.3,149.));
#9449 = VECTOR('',#9450,1.);
#9450 = DIRECTION('',(0.,0.,1.));
#9451 = PCURVE('',#9427,#9452);
#9452 = DEFINITIONAL_REPRESENTATION('',(#9453),#9457);
#9453 = LINE('',#9454,#9455);
#9454 = CARTESIAN_POINT('',(6.28318530718,-0.));
#9455 = VECTOR('',#9456,1.);
#9456 = DIRECTION('',(0.,1.));
#9457 = ( GEOMETRIC_REPRESENTATION_CONTEXT(2) 
PARAMETRIC_REPRESENTATION_CONTEXT() REPRESENTATION_CONTEXT('2D SPACE',''
  ) );
#9458 = PCURVE('',#9427,#9459);
#9459 = DEFINITIONAL_REPRESENTATION('',(#9460),#9464);
#9460 = LINE('',#9461,#9462);
#9461 = CARTESIAN_POINT('',(0.,-0.));
#9462 = VECTOR('',#9463,1.);
#9463 = DIRECTION('',(0.,1.));
#9464 = ( GEOMETRIC_REPRESENTATION_CONTEXT(2) 
PARAMETRIC_REPRESENTATION_CONTEXT() REPRESENTATION_CONTEXT('2D SPACE',''
  ) );
#9465 = ORIENTED_EDGE('',*,*,#9466,.T.);
#9466 = EDGE_CURVE('',#9444,#9444,#9467,.T.);
#9467 = SURFACE_CURVE('',#9468,(#9473,#9480),.PCURVE_S1.);
#9468 = CIRCLE('',#9469,1.7);
#9469 = AXIS2_PLACEMENT_3D('',#9470,#9471,#9472);
#9470 = CARTESIAN_POINT('',(12.,23.3,150.));
#9471 = DIRECTION('',(0.,0.,1.));
#9472 = DIRECTION('',(1.,0.,-0.));
#9473 = PCURVE('',#9427,#9474);
#9474 = DEFINITIONAL_REPRESENTATION('',(#9475),#9479);
#9475 = LINE('',#9476,#9477);
#9476 = CARTESIAN_POINT('',(0.,1.));
#9477 = VECTOR('',#9478,1.);
#9478 = DIRECTION('',(1.,0.));
#9479 = ( GEOMETRIC_REPRESENTATION_CONTEXT(2) 
PARAMETRIC_REPRESENTATION_CONTEXT() REPRESENTATION_CONTEXT('2D SPACE',''
  ) );
#9480 = PCURVE('',#8677,#9481);
#9481 = DEFINITIONAL_REPRESENTATION('',(#9482),#9486);
#9482 = CIRCLE('',#9483,1.7);
#9483 = AXIS2_PLACEMENT_2D('',#9484,#9485);
#9484 = CARTESIAN_POINT('',(32.,12.));
#9485 = DIRECTION('',(1.,0.));
#9486 = ( GEOMETRIC_REPRESENTATION_CONTEXT(2) 
PARAMETRIC_REPRESENTATION_CONTEXT() REPRESENTATION_CONTEXT('2D SPACE',''
  ) );
#9487 = ORIENTED_EDGE('',*,*,#9443,.T.);
#9488 = ADVANCED_FACE('',(#9489),#9121,.T.);
#9489 = FACE_BOUND('',#9490,.T.);
#9490 = EDGE_LOOP('',(#9491,#9512,#9513,#9514));
#9491 = ORIENTED_EDGE('',*,*,#9492,.T.);
#9492 = EDGE_CURVE('',#9364,#9106,#9493,.T.);
#9493 = SURFACE_CURVE('',#9494,(#9498,#9505),.PCURVE_S1.);
#9494 = LINE('',#9495,#9496);
#9495 = CARTESIAN_POINT('',(10.35455173281,20.45,153.4));
#9496 = VECTOR('',#9497,1.);
#9497 = DIRECTION('',(0.,0.,1.));
#9498 = PCURVE('',#9121,#9499);
#9499 = DEFINITIONAL_REPRESENTATION('',(#9500),#9504);
#9500 = LINE('',#9501,#9502);
#9501 = CARTESIAN_POINT('',(0.,0.));
#9502 = VECTOR('',#9503,1.);
#9503 = DIRECTION('',(0.,-1.));
#9504 = ( GEOMETRIC_REPRESENTATION_CONTEXT(2) 
PARAMETRIC_REPRESENTATION_CONTEXT() REPRESENTATION_CONTEXT('2D SPACE',''
  ) );
#9505 = PCURVE('',#9149,#9506);
#9506 = DEFINITIONAL_REPRESENTATION('',(#9507),#9511);
#9507 = LINE('',#9508,#9509);
#9508 = CARTESIAN_POINT('',(3.290896534381,0.));
#9509 = VECTOR('',#9510,1.);
#9510 = DIRECTION('',(0.,-1.));
#9511 = ( GEOMETRIC_REPRESENTATION_CONTEXT(2) 
PARAMETRIC_REPRESENTATION_CONTEXT() REPRESENTATION_CONTEXT('2D SPACE',''
  ) );
#9512 = ORIENTED_EDGE('',*,*,#9105,.T.);
#9513 = ORIENTED_EDGE('',*,*,#9218,.F.);
#9514 = ORIENTED_EDGE('',*,*,#9386,.F.);
#9515 = ADVANCED_FACE('',(#9516),#9149,.T.);
#9516 = FACE_BOUND('',#9517,.T.);
#9517 = EDGE_LOOP('',(#9518,#9539,#9540,#9541));
#9518 = ORIENTED_EDGE('',*,*,#9519,.T.);
#9519 = EDGE_CURVE('',#9341,#9134,#9520,.T.);
#9520 = SURFACE_CURVE('',#9521,(#9525,#9532),.PCURVE_S1.);
#9521 = LINE('',#9522,#9523);
#9522 = CARTESIAN_POINT('',(8.709103465619,23.3,153.4));
#9523 = VECTOR('',#9524,1.);
#9524 = DIRECTION('',(0.,0.,1.));
#9525 = PCURVE('',#9149,#9526);
#9526 = DEFINITIONAL_REPRESENTATION('',(#9527),#9531);
#9527 = LINE('',#9528,#9529);
#9528 = CARTESIAN_POINT('',(0.,0.));
#9529 = VECTOR('',#9530,1.);
#9530 = DIRECTION('',(0.,-1.));
#9531 = ( GEOMETRIC_REPRESENTATION_CONTEXT(2) 
PARAMETRIC_REPRESENTATION_CONTEXT() REPRESENTATION_CONTEXT('2D SPACE',''
  ) );
#9532 = PCURVE('',#9177,#9533);
#9533 = DEFINITIONAL_REPRESENTATION('',(#9534),#9538);
#9534 = LINE('',#9535,#9536);
#9535 = CARTESIAN_POINT('',(3.290896534381,0.));
#9536 = VECTOR('',#9537,1.);
#9537 = DIRECTION('',(0.,-1.));
#9538 = ( GEOMETRIC_REPRESENTATION_CONTEXT(2) 
PARAMETRIC_REPRESENTATION_CONTEXT() REPRESENTATION_CONTEXT('2D SPACE',''
  ) );
#9539 = ORIENTED_EDGE('',*,*,#9133,.T.);
#9540 = ORIENTED_EDGE('',*,*,#9492,.F.);
#9541 = ORIENTED_EDGE('',*,*,#9363,.F.);
#9542 = ADVANCED_FACE('',(#9543),#9177,.T.);
#9543 = FACE_BOUND('',#9544,.T.);
#9544 = EDGE_LOOP('',(#9545,#9566,#9567,#9568));
#9545 = ORIENTED_EDGE('',*,*,#9546,.T.);
#9546 = EDGE_CURVE('',#9318,#9162,#9547,.T.);
#9547 = SURFACE_CURVE('',#9548,(#9552,#9559),.PCURVE_S1.);
#9548 = LINE('',#9549,#9550);
#9549 = CARTESIAN_POINT('',(10.35455173281,26.15,153.4));
#9550 = VECTOR('',#9551,1.);
#9551 = DIRECTION('',(0.,0.,1.));
#9552 = PCURVE('',#9177,#9553);
#9553 = DEFINITIONAL_REPRESENTATION('',(#9554),#9558);
#9554 = LINE('',#9555,#9556);
#9555 = CARTESIAN_POINT('',(0.,0.));
#9556 = VECTOR('',#9557,1.);
#9557 = DIRECTION('',(0.,-1.));
#9558 = ( GEOMETRIC_REPRESENTATION_CONTEXT(2) 
PARAMETRIC_REPRESENTATION_CONTEXT() REPRESENTATION_CONTEXT('2D SPACE',''
  ) );
#9559 = PCURVE('',#9203,#9560);
#9560 = DEFINITIONAL_REPRESENTATION('',(#9561),#9565);
#9561 = LINE('',#9562,#9563);
#9562 = CARTESIAN_POINT('',(3.290896534381,0.));
#9563 = VECTOR('',#9564,1.);
#9564 = DIRECTION('',(0.,-1.));
#9565 = ( GEOMETRIC_REPRESENTATION_CONTEXT(2) 
PARAMETRIC_REPRESENTATION_CONTEXT() REPRESENTATION_CONTEXT('2D SPACE',''
  ) );
#9566 = ORIENTED_EDGE('',*,*,#9161,.T.);
#9567 = ORIENTED_EDGE('',*,*,#9519,.F.);
#9568 = ORIENTED_EDGE('',*,*,#9340,.F.);
#9569 = ADVANCED_FACE('',(#9570),#9203,.T.);
#9570 = FACE_BOUND('',#9571,.T.);
#9571 = EDGE_LOOP('',(#9572,#9593,#9594,#9595));
#9572 = ORIENTED_EDGE('',*,*,#9573,.T.);
#9573 = EDGE_CURVE('',#9295,#9050,#9574,.T.);
#9574 = SURFACE_CURVE('',#9575,(#9579,#9586),.PCURVE_S1.);
#9575 = LINE('',#9576,#9577);
#9576 = CARTESIAN_POINT('',(13.64544826719,26.15,153.4));
#9577 = VECTOR('',#9578,1.);
#9578 = DIRECTION('',(0.,0.,1.));
#9579 = PCURVE('',#9203,#9580);
#9580 = DEFINITIONAL_REPRESENTATION('',(#9581),#9585);
#9581 = LINE('',#9582,#9583);
#9582 = CARTESIAN_POINT('',(0.,0.));
#9583 = VECTOR('',#9584,1.);
#9584 = DIRECTION('',(0.,-1.));
#9585 = ( GEOMETRIC_REPRESENTATION_CONTEXT(2) 
PARAMETRIC_REPRESENTATION_CONTEXT() REPRESENTATION_CONTEXT('2D SPACE',''
  ) );
#9586 = PCURVE('',#9065,#9587);
#9587 = DEFINITIONAL_REPRESENTATION('',(#9588),#9592);
#9588 = LINE('',#9589,#9590);
#9589 = CARTESIAN_POINT('',(3.290896534381,0.));
#9590 = VECTOR('',#9591,1.);
#9591 = DIRECTION('',(0.,-1.));
#9592 = ( GEOMETRIC_REPRESENTATION_CONTEXT(2) 
PARAMETRIC_REPRESENTATION_CONTEXT() REPRESENTATION_CONTEXT('2D SPACE',''
  ) );
#9593 = ORIENTED_EDGE('',*,*,#9189,.T.);
#9594 = ORIENTED_EDGE('',*,*,#9546,.F.);
#9595 = ORIENTED_EDGE('',*,*,#9317,.F.);
#9596 = ADVANCED_FACE('',(#9597),#9065,.T.);
#9597 = FACE_BOUND('',#9598,.T.);
#9598 = EDGE_LOOP('',(#9599,#9600,#9601,#9602));
#9599 = ORIENTED_EDGE('',*,*,#9242,.T.);
#9600 = ORIENTED_EDGE('',*,*,#9047,.T.);
#9601 = ORIENTED_EDGE('',*,*,#9573,.F.);
#9602 = ORIENTED_EDGE('',*,*,#9294,.F.);
#9603 = ADVANCED_FACE('',(#9604),#8979,.T.);
#9604 = FACE_BOUND('',#9605,.T.);
#9605 = EDGE_LOOP('',(#9606,#9629,#9630,#9653));
#9606 = ORIENTED_EDGE('',*,*,#9607,.T.);
#9607 = EDGE_CURVE('',#9608,#8964,#9610,.T.);
#9608 = VERTEX_POINT('',#9609);
#9609 = CARTESIAN_POINT('',(-15.29089653438,23.3,153.4));
#9610 = SURFACE_CURVE('',#9611,(#9615,#9622),.PCURVE_S1.);
#9611 = LINE('',#9612,#9613);
#9612 = CARTESIAN_POINT('',(-15.29089653438,23.3,153.4));
#9613 = VECTOR('',#9614,1.);
#9614 = DIRECTION('',(0.,0.,1.));
#9615 = PCURVE('',#8979,#9616);
#9616 = DEFINITIONAL_REPRESENTATION('',(#9617),#9621);
#9617 = LINE('',#9618,#9619);
#9618 = CARTESIAN_POINT('',(0.,0.));
#9619 = VECTOR('',#9620,1.);
#9620 = DIRECTION('',(0.,-1.));
#9621 = ( GEOMETRIC_REPRESENTATION_CONTEXT(2) 
PARAMETRIC_REPRESENTATION_CONTEXT() REPRESENTATION_CONTEXT('2D SPACE',''
  ) );
#9622 = PCURVE('',#9007,#9623);
#9623 = DEFINITIONAL_REPRESENTATION('',(#9624),#9628);
#9624 = LINE('',#9625,#9626);
#9625 = CARTESIAN_POINT('',(3.290896534381,0.));
#9626 = VECTOR('',#9627,1.);
#9627 = DIRECTION('',(0.,-1.));
#9628 = ( GEOMETRIC_REPRESENTATION_CONTEXT(2) 
PARAMETRIC_REPRESENTATION_CONTEXT() REPRESENTATION_CONTEXT('2D SPACE',''
  ) );
#9629 = ORIENTED_EDGE('',*,*,#8963,.T.);
#9630 = ORIENTED_EDGE('',*,*,#9631,.F.);
#9631 = EDGE_CURVE('',#9632,#8936,#9634,.T.);
#9632 = VERTEX_POINT('',#9633);
#9633 = CARTESIAN_POINT('',(-13.64544826719,20.45,153.4));
#9634 = SURFACE_CURVE('',#9635,(#9639,#9646),.PCURVE_S1.);
#9635 = LINE('',#9636,#9637);
#9636 = CARTESIAN_POINT('',(-13.64544826719,20.45,153.4));
#9637 = VECTOR('',#9638,1.);
#9638 = DIRECTION('',(0.,0.,1.));
#9639 = PCURVE('',#8979,#9640);
#9640 = DEFINITIONAL_REPRESENTATION('',(#9641),#9645);
#9641 = LINE('',#9642,#9643);
#9642 = CARTESIAN_POINT('',(3.290896534381,0.));
#9643 = VECTOR('',#9644,1.);
#9644 = DIRECTION('',(0.,-1.));
#9645 = ( GEOMETRIC_REPRESENTATION_CONTEXT(2) 
PARAMETRIC_REPRESENTATION_CONTEXT() REPRESENTATION_CONTEXT('2D SPACE',''
  ) );
#9646 = PCURVE('',#8951,#9647);
#9647 = DEFINITIONAL_REPRESENTATION('',(#9648),#9652);
#9648 = LINE('',#9649,#9650);
#9649 = CARTESIAN_POINT('',(0.,0.));
#9650 = VECTOR('',#9651,1.);
#9651 = DIRECTION('',(0.,-1.));
#9652 = ( GEOMETRIC_REPRESENTATION_CONTEXT(2) 
PARAMETRIC_REPRESENTATION_CONTEXT() REPRESENTATION_CONTEXT('2D SPACE',''
  ) );
#9653 = ORIENTED_EDGE('',*,*,#9654,.F.);
#9654 = EDGE_CURVE('',#9608,#9632,#9655,.T.);
#9655 = SURFACE_CURVE('',#9656,(#9660,#9667),.PCURVE_S1.);
#9656 = LINE('',#9657,#9658);
#9657 = CARTESIAN_POINT('',(-15.29089653438,23.3,153.4));
#9658 = VECTOR('',#9659,1.);
#9659 = DIRECTION('',(0.5,-0.866025403784,0.));
#9660 = PCURVE('',#8979,#9661);
#9661 = DEFINITIONAL_REPRESENTATION('',(#9662),#9666);
#9662 = LINE('',#9663,#9664);
#9663 = CARTESIAN_POINT('',(0.,0.));
#9664 = VECTOR('',#9665,1.);
#9665 = DIRECTION('',(1.,0.));
#9666 = ( GEOMETRIC_REPRESENTATION_CONTEXT(2) 
PARAMETRIC_REPRESENTATION_CONTEXT() REPRESENTATION_CONTEXT('2D SPACE',''
  ) );
#9667 = PCURVE('',#9668,#9673);
#9668 = PLANE('',#9669);
#9669 = AXIS2_PLACEMENT_3D('',#9670,#9671,#9672);
#9670 = CARTESIAN_POINT('',(-12.,23.3,153.4));
#9671 = DIRECTION('',(0.,0.,1.));
#9672 = DIRECTION('',(1.,0.,-0.));
#9673 = DEFINITIONAL_REPRESENTATION('',(#9674),#9678);
#9674 = LINE('',#9675,#9676);
#9675 = CARTESIAN_POINT('',(-3.290896534381,0.));
#9676 = VECTOR('',#9677,1.);
#9677 = DIRECTION('',(0.5,-0.866025403784));
#9678 = ( GEOMETRIC_REPRESENTATION_CONTEXT(2) 
PARAMETRIC_REPRESENTATION_CONTEXT() REPRESENTATION_CONTEXT('2D SPACE',''
  ) );
#9679 = ADVANCED_FACE('',(#9680,#9796),#9668,.T.);
#9680 = FACE_BOUND('',#9681,.T.);
#9681 = EDGE_LOOP('',(#9682,#9707,#9730,#9751,#9752,#9775));
#9682 = ORIENTED_EDGE('',*,*,#9683,.T.);
#9683 = EDGE_CURVE('',#9684,#9686,#9688,.T.);
#9684 = VERTEX_POINT('',#9685);
#9685 = CARTESIAN_POINT('',(-8.709103465619,23.3,153.4));
#9686 = VERTEX_POINT('',#9687);
#9687 = CARTESIAN_POINT('',(-10.35455173281,26.15,153.4));
#9688 = SURFACE_CURVE('',#9689,(#9693,#9700),.PCURVE_S1.);
#9689 = LINE('',#9690,#9691);
#9690 = CARTESIAN_POINT('',(-8.709103465619,23.3,153.4));
#9691 = VECTOR('',#9692,1.);
#9692 = DIRECTION('',(-0.5,0.866025403784,0.));
#9693 = PCURVE('',#9668,#9694);
#9694 = DEFINITIONAL_REPRESENTATION('',(#9695),#9699);
#9695 = LINE('',#9696,#9697);
#9696 = CARTESIAN_POINT('',(3.290896534381,0.));
#9697 = VECTOR('',#9698,1.);
#9698 = DIRECTION('',(-0.5,0.866025403784));
#9699 = ( GEOMETRIC_REPRESENTATION_CONTEXT(2) 
PARAMETRIC_REPRESENTATION_CONTEXT() REPRESENTATION_CONTEXT('2D SPACE',''
  ) );
#9700 = PCURVE('',#8895,#9701);
#9701 = DEFINITIONAL_REPRESENTATION('',(#9702),#9706);
#9702 = LINE('',#9703,#9704);
#9703 = CARTESIAN_POINT('',(0.,0.));
#9704 = VECTOR('',#9705,1.);
#9705 = DIRECTION('',(1.,0.));
#9706 = ( GEOMETRIC_REPRESENTATION_CONTEXT(2) 
PARAMETRIC_REPRESENTATION_CONTEXT() REPRESENTATION_CONTEXT('2D SPACE',''
  ) );
#9707 = ORIENTED_EDGE('',*,*,#9708,.T.);
#9708 = EDGE_CURVE('',#9686,#9709,#9711,.T.);
#9709 = VERTEX_POINT('',#9710);
#9710 = CARTESIAN_POINT('',(-13.64544826719,26.15,153.4));
#9711 = SURFACE_CURVE('',#9712,(#9716,#9723),.PCURVE_S1.);
#9712 = LINE('',#9713,#9714);
#9713 = CARTESIAN_POINT('',(-10.35455173281,26.15,153.4));
#9714 = VECTOR('',#9715,1.);
#9715 = DIRECTION('',(-1.,1.349447499217E-16,0.));
#9716 = PCURVE('',#9668,#9717);
#9717 = DEFINITIONAL_REPRESENTATION('',(#9718),#9722);
#9718 = LINE('',#9719,#9720);
#9719 = CARTESIAN_POINT('',(1.64544826719,2.85));
#9720 = VECTOR('',#9721,1.);
#9721 = DIRECTION('',(-1.,1.349447499217E-16));
#9722 = ( GEOMETRIC_REPRESENTATION_CONTEXT(2) 
PARAMETRIC_REPRESENTATION_CONTEXT() REPRESENTATION_CONTEXT('2D SPACE',''
  ) );
#9723 = PCURVE('',#9033,#9724);
#9724 = DEFINITIONAL_REPRESENTATION('',(#9725),#9729);
#9725 = LINE('',#9726,#9727);
#9726 = CARTESIAN_POINT('',(0.,0.));
#9727 = VECTOR('',#9728,1.);
#9728 = DIRECTION('',(1.,0.));
#9729 = ( GEOMETRIC_REPRESENTATION_CONTEXT(2) 
PARAMETRIC_REPRESENTATION_CONTEXT() REPRESENTATION_CONTEXT('2D SPACE',''
  ) );
#9730 = ORIENTED_EDGE('',*,*,#9731,.T.);
#9731 = EDGE_CURVE('',#9709,#9608,#9732,.T.);
#9732 = SURFACE_CURVE('',#9733,(#9737,#9744),.PCURVE_S1.);
#9733 = LINE('',#9734,#9735);
#9734 = CARTESIAN_POINT('',(-13.64544826719,26.15,153.4));
#9735 = VECTOR('',#9736,1.);
#9736 = DIRECTION('',(-0.5,-0.866025403784,0.));
#9737 = PCURVE('',#9668,#9738);
#9738 = DEFINITIONAL_REPRESENTATION('',(#9739),#9743);
#9739 = LINE('',#9740,#9741);
#9740 = CARTESIAN_POINT('',(-1.64544826719,2.85));
#9741 = VECTOR('',#9742,1.);
#9742 = DIRECTION('',(-0.5,-0.866025403784));
#9743 = ( GEOMETRIC_REPRESENTATION_CONTEXT(2) 
PARAMETRIC_REPRESENTATION_CONTEXT() REPRESENTATION_CONTEXT('2D SPACE',''
  ) );
#9744 = PCURVE('',#9007,#9745);
#9745 = DEFINITIONAL_REPRESENTATION('',(#9746),#9750);
#9746 = LINE('',#9747,#9748);
#9747 = CARTESIAN_POINT('',(0.,0.));
#9748 = VECTOR('',#9749,1.);
#9749 = DIRECTION('',(1.,0.));
#9750 = ( GEOMETRIC_REPRESENTATION_CONTEXT(2) 
PARAMETRIC_REPRESENTATION_CONTEXT() REPRESENTATION_CONTEXT('2D SPACE',''
  ) );
#9751 = ORIENTED_EDGE('',*,*,#9654,.T.);
#9752 = ORIENTED_EDGE('',*,*,#9753,.T.);
#9753 = EDGE_CURVE('',#9632,#9754,#9756,.T.);
#9754 = VERTEX_POINT('',#9755);
#9755 = CARTESIAN_POINT('',(-10.35455173281,20.45,153.4));
#9756 = SURFACE_CURVE('',#9757,(#9761,#9768),.PCURVE_S1.);
#9757 = LINE('',#9758,#9759);
#9758 = CARTESIAN_POINT('',(-13.64544826719,20.45,153.4));
#9759 = VECTOR('',#9760,1.);
#9760 = DIRECTION('',(1.,-5.397789996866E-16,0.));
#9761 = PCURVE('',#9668,#9762);
#9762 = DEFINITIONAL_REPRESENTATION('',(#9763),#9767);
#9763 = LINE('',#9764,#9765);
#9764 = CARTESIAN_POINT('',(-1.64544826719,-2.85));
#9765 = VECTOR('',#9766,1.);
#9766 = DIRECTION('',(1.,-5.397789996866E-16));
#9767 = ( GEOMETRIC_REPRESENTATION_CONTEXT(2) 
PARAMETRIC_REPRESENTATION_CONTEXT() REPRESENTATION_CONTEXT('2D SPACE',''
  ) );
#9768 = PCURVE('',#8951,#9769);
#9769 = DEFINITIONAL_REPRESENTATION('',(#9770),#9774);
#9770 = LINE('',#9771,#9772);
#9771 = CARTESIAN_POINT('',(0.,0.));
#9772 = VECTOR('',#9773,1.);
#9773 = DIRECTION('',(1.,0.));
#9774 = ( GEOMETRIC_REPRESENTATION_CONTEXT(2) 
PARAMETRIC_REPRESENTATION_CONTEXT() REPRESENTATION_CONTEXT('2D SPACE',''
  ) );
#9775 = ORIENTED_EDGE('',*,*,#9776,.T.);
#9776 = EDGE_CURVE('',#9754,#9684,#9777,.T.);
#9777 = SURFACE_CURVE('',#9778,(#9782,#9789),.PCURVE_S1.);
#9778 = LINE('',#9779,#9780);
#9779 = CARTESIAN_POINT('',(-10.35455173281,20.45,153.4));
#9780 = VECTOR('',#9781,1.);
#9781 = DIRECTION('',(0.5,0.866025403784,0.));
#9782 = PCURVE('',#9668,#9783);
#9783 = DEFINITIONAL_REPRESENTATION('',(#9784),#9788);
#9784 = LINE('',#9785,#9786);
#9785 = CARTESIAN_POINT('',(1.64544826719,-2.85));
#9786 = VECTOR('',#9787,1.);
#9787 = DIRECTION('',(0.5,0.866025403784));
#9788 = ( GEOMETRIC_REPRESENTATION_CONTEXT(2) 
PARAMETRIC_REPRESENTATION_CONTEXT() REPRESENTATION_CONTEXT('2D SPACE',''
  ) );
#9789 = PCURVE('',#8923,#9790);
#9790 = DEFINITIONAL_REPRESENTATION('',(#9791),#9795);
#9791 = LINE('',#9792,#9793);
#9792 = CARTESIAN_POINT('',(0.,0.));
#9793 = VECTOR('',#9794,1.);
#9794 = DIRECTION('',(1.,0.));
#9795 = ( GEOMETRIC_REPRESENTATION_CONTEXT(2) 
PARAMETRIC_REPRESENTATION_CONTEXT() REPRESENTATION_CONTEXT('2D SPACE',''
  ) );
#9796 = FACE_BOUND('',#9797,.T.);
#9797 = EDGE_LOOP('',(#9798));
#9798 = ORIENTED_EDGE('',*,*,#9799,.F.);
#9799 = EDGE_CURVE('',#9800,#9800,#9802,.T.);
#9800 = VERTEX_POINT('',#9801);
#9801 = CARTESIAN_POINT('',(-10.3,23.3,153.4));
#9802 = SURFACE_CURVE('',#9803,(#9808,#9815),.PCURVE_S1.);
#9803 = CIRCLE('',#9804,1.7);
#9804 = AXIS2_PLACEMENT_3D('',#9805,#9806,#9807);
#9805 = CARTESIAN_POINT('',(-12.,23.3,153.4));
#9806 = DIRECTION('',(0.,0.,1.));
#9807 = DIRECTION('',(1.,0.,-0.));
#9808 = PCURVE('',#9668,#9809);
#9809 = DEFINITIONAL_REPRESENTATION('',(#9810),#9814);
#9810 = CIRCLE('',#9811,1.7);
#9811 = AXIS2_PLACEMENT_2D('',#9812,#9813);
#9812 = CARTESIAN_POINT('',(0.,0.));
#9813 = DIRECTION('',(1.,0.));
#9814 = ( GEOMETRIC_REPRESENTATION_CONTEXT(2) 
PARAMETRIC_REPRESENTATION_CONTEXT() REPRESENTATION_CONTEXT('2D SPACE',''
  ) );
#9815 = PCURVE('',#9816,#9821);
#9816 = CYLINDRICAL_SURFACE('',#9817,1.7);
#9817 = AXIS2_PLACEMENT_3D('',#9818,#9819,#9820);
#9818 = CARTESIAN_POINT('',(-12.,23.3,149.));
#9819 = DIRECTION('',(0.,0.,1.));
#9820 = DIRECTION('',(1.,0.,-0.));
#9821 = DEFINITIONAL_REPRESENTATION('',(#9822),#9826);
#9822 = LINE('',#9823,#9824);
#9823 = CARTESIAN_POINT('',(0.,4.4));
#9824 = VECTOR('',#9825,1.);
#9825 = DIRECTION('',(1.,0.));
#9826 = ( GEOMETRIC_REPRESENTATION_CONTEXT(2) 
PARAMETRIC_REPRESENTATION_CONTEXT() REPRESENTATION_CONTEXT('2D SPACE',''
  ) );
#9827 = ADVANCED_FACE('',(#9828),#9816,.F.);
#9828 = FACE_BOUND('',#9829,.F.);
#9829 = EDGE_LOOP('',(#9830,#9831,#9854,#9876));
#9830 = ORIENTED_EDGE('',*,*,#9799,.F.);
#9831 = ORIENTED_EDGE('',*,*,#9832,.F.);
#9832 = EDGE_CURVE('',#9833,#9800,#9835,.T.);
#9833 = VERTEX_POINT('',#9834);
#9834 = CARTESIAN_POINT('',(-10.3,23.3,150.));
#9835 = SEAM_CURVE('',#9836,(#9840,#9847),.PCURVE_S1.);
#9836 = LINE('',#9837,#9838);
#9837 = CARTESIAN_POINT('',(-10.3,23.3,149.));
#9838 = VECTOR('',#9839,1.);
#9839 = DIRECTION('',(0.,0.,1.));
#9840 = PCURVE('',#9816,#9841);
#9841 = DEFINITIONAL_REPRESENTATION('',(#9842),#9846);
#9842 = LINE('',#9843,#9844);
#9843 = CARTESIAN_POINT('',(6.28318530718,-0.));
#9844 = VECTOR('',#9845,1.);
#9845 = DIRECTION('',(0.,1.));
#9846 = ( GEOMETRIC_REPRESENTATION_CONTEXT(2) 
PARAMETRIC_REPRESENTATION_CONTEXT() REPRESENTATION_CONTEXT('2D SPACE',''
  ) );
#9847 = PCURVE('',#9816,#9848);
#9848 = DEFINITIONAL_REPRESENTATION('',(#9849),#9853);
#9849 = LINE('',#9850,#9851);
#9850 = CARTESIAN_POINT('',(0.,-0.));
#9851 = VECTOR('',#9852,1.);
#9852 = DIRECTION('',(0.,1.));
#9853 = ( GEOMETRIC_REPRESENTATION_CONTEXT(2) 
PARAMETRIC_REPRESENTATION_CONTEXT() REPRESENTATION_CONTEXT('2D SPACE',''
  ) );
#9854 = ORIENTED_EDGE('',*,*,#9855,.T.);
#9855 = EDGE_CURVE('',#9833,#9833,#9856,.T.);
#9856 = SURFACE_CURVE('',#9857,(#9862,#9869),.PCURVE_S1.);
#9857 = CIRCLE('',#9858,1.7);
#9858 = AXIS2_PLACEMENT_3D('',#9859,#9860,#9861);
#9859 = CARTESIAN_POINT('',(-12.,23.3,150.));
#9860 = DIRECTION('',(0.,0.,1.));
#9861 = DIRECTION('',(1.,0.,-0.));
#9862 = PCURVE('',#9816,#9863);
#9863 = DEFINITIONAL_REPRESENTATION('',(#9864),#9868);
#9864 = LINE('',#9865,#9866);
#9865 = CARTESIAN_POINT('',(0.,1.));
#9866 = VECTOR('',#9867,1.);
#9867 = DIRECTION('',(1.,0.));
#9868 = ( GEOMETRIC_REPRESENTATION_CONTEXT(2) 
PARAMETRIC_REPRESENTATION_CONTEXT() REPRESENTATION_CONTEXT('2D SPACE',''
  ) );
#9869 = PCURVE('',#8677,#9870);
#9870 = DEFINITIONAL_REPRESENTATION('',(#9871),#9875);
#9871 = CIRCLE('',#9872,1.7);
#9872 = AXIS2_PLACEMENT_2D('',#9873,#9874);
#9873 = CARTESIAN_POINT('',(8.,12.));
#9874 = DIRECTION('',(1.,0.));
#9875 = ( GEOMETRIC_REPRESENTATION_CONTEXT(2) 
PARAMETRIC_REPRESENTATION_CONTEXT() REPRESENTATION_CONTEXT('2D SPACE',''
  ) );
#9876 = ORIENTED_EDGE('',*,*,#9832,.T.);
#9877 = ADVANCED_FACE('',(#9878),#9007,.T.);
#9878 = FACE_BOUND('',#9879,.T.);
#9879 = EDGE_LOOP('',(#9880,#9901,#9902,#9903));
#9880 = ORIENTED_EDGE('',*,*,#9881,.T.);
#9881 = EDGE_CURVE('',#9709,#8992,#9882,.T.);
#9882 = SURFACE_CURVE('',#9883,(#9887,#9894),.PCURVE_S1.);
#9883 = LINE('',#9884,#9885);
#9884 = CARTESIAN_POINT('',(-13.64544826719,26.15,153.4));
#9885 = VECTOR('',#9886,1.);
#9886 = DIRECTION('',(0.,0.,1.));
#9887 = PCURVE('',#9007,#9888);
#9888 = DEFINITIONAL_REPRESENTATION('',(#9889),#9893);
#9889 = LINE('',#9890,#9891);
#9890 = CARTESIAN_POINT('',(0.,0.));
#9891 = VECTOR('',#9892,1.);
#9892 = DIRECTION('',(0.,-1.));
#9893 = ( GEOMETRIC_REPRESENTATION_CONTEXT(2) 
PARAMETRIC_REPRESENTATION_CONTEXT() REPRESENTATION_CONTEXT('2D SPACE',''
  ) );
#9894 = PCURVE('',#9033,#9895);
#9895 = DEFINITIONAL_REPRESENTATION('',(#9896),#9900);
#9896 = LINE('',#9897,#9898);
#9897 = CARTESIAN_POINT('',(3.290896534381,0.));
#9898 = VECTOR('',#9899,1.);
#9899 = DIRECTION('',(0.,-1.));
#9900 = ( GEOMETRIC_REPRESENTATION_CONTEXT(2) 
PARAMETRIC_REPRESENTATION_CONTEXT() REPRESENTATION_CONTEXT('2D SPACE',''
  ) );
#9901 = ORIENTED_EDGE('',*,*,#8991,.T.);
#9902 = ORIENTED_EDGE('',*,*,#9607,.F.);
#9903 = ORIENTED_EDGE('',*,*,#9731,.F.);
#9904 = ADVANCED_FACE('',(#9905),#8951,.T.);
#9905 = FACE_BOUND('',#9906,.T.);
#9906 = EDGE_LOOP('',(#9907,#9908,#9909,#9930));
#9907 = ORIENTED_EDGE('',*,*,#9631,.T.);
#9908 = ORIENTED_EDGE('',*,*,#8935,.T.);
#9909 = ORIENTED_EDGE('',*,*,#9910,.F.);
#9910 = EDGE_CURVE('',#9754,#8908,#9911,.T.);
#9911 = SURFACE_CURVE('',#9912,(#9916,#9923),.PCURVE_S1.);
#9912 = LINE('',#9913,#9914);
#9913 = CARTESIAN_POINT('',(-10.35455173281,20.45,153.4));
#9914 = VECTOR('',#9915,1.);
#9915 = DIRECTION('',(0.,0.,1.));
#9916 = PCURVE('',#8951,#9917);
#9917 = DEFINITIONAL_REPRESENTATION('',(#9918),#9922);
#9918 = LINE('',#9919,#9920);
#9919 = CARTESIAN_POINT('',(3.290896534381,0.));
#9920 = VECTOR('',#9921,1.);
#9921 = DIRECTION('',(0.,-1.));
#9922 = ( GEOMETRIC_REPRESENTATION_CONTEXT(2) 
PARAMETRIC_REPRESENTATION_CONTEXT() REPRESENTATION_CONTEXT('2D SPACE',''
  ) );
#9923 = PCURVE('',#8923,#9924);
#9924 = DEFINITIONAL_REPRESENTATION('',(#9925),#9929);
#9925 = LINE('',#9926,#9927);
#9926 = CARTESIAN_POINT('',(0.,0.));
#9927 = VECTOR('',#9928,1.);
#9928 = DIRECTION('',(0.,-1.));
#9929 = ( GEOMETRIC_REPRESENTATION_CONTEXT(2) 
PARAMETRIC_REPRESENTATION_CONTEXT() REPRESENTATION_CONTEXT('2D SPACE',''
  ) );
#9930 = ORIENTED_EDGE('',*,*,#9753,.F.);
#9931 = ADVANCED_FACE('',(#9932),#9033,.T.);
#9932 = FACE_BOUND('',#9933,.T.);
#9933 = EDGE_LOOP('',(#9934,#9955,#9956,#9957));
#9934 = ORIENTED_EDGE('',*,*,#9935,.T.);
#9935 = EDGE_CURVE('',#9686,#8880,#9936,.T.);
#9936 = SURFACE_CURVE('',#9937,(#9941,#9948),.PCURVE_S1.);
#9937 = LINE('',#9938,#9939);
#9938 = CARTESIAN_POINT('',(-10.35455173281,26.15,153.4));
#9939 = VECTOR('',#9940,1.);
#9940 = DIRECTION('',(0.,0.,1.));
#9941 = PCURVE('',#9033,#9942);
#9942 = DEFINITIONAL_REPRESENTATION('',(#9943),#9947);
#9943 = LINE('',#9944,#9945);
#9944 = CARTESIAN_POINT('',(0.,0.));
#9945 = VECTOR('',#9946,1.);
#9946 = DIRECTION('',(0.,-1.));
#9947 = ( GEOMETRIC_REPRESENTATION_CONTEXT(2) 
PARAMETRIC_REPRESENTATION_CONTEXT() REPRESENTATION_CONTEXT('2D SPACE',''
  ) );
#9948 = PCURVE('',#8895,#9949);
#9949 = DEFINITIONAL_REPRESENTATION('',(#9950),#9954);
#9950 = LINE('',#9951,#9952);
#9951 = CARTESIAN_POINT('',(3.290896534381,0.));
#9952 = VECTOR('',#9953,1.);
#9953 = DIRECTION('',(0.,-1.));
#9954 = ( GEOMETRIC_REPRESENTATION_CONTEXT(2) 
PARAMETRIC_REPRESENTATION_CONTEXT() REPRESENTATION_CONTEXT('2D SPACE',''
  ) );
#9955 = ORIENTED_EDGE('',*,*,#9019,.T.);
#9956 = ORIENTED_EDGE('',*,*,#9881,.F.);
#9957 = ORIENTED_EDGE('',*,*,#9708,.F.);
#9958 = ADVANCED_FACE('',(#9959),#8923,.T.);
#9959 = FACE_BOUND('',#9960,.T.);
#9960 = EDGE_LOOP('',(#9961,#9962,#9963,#9984));
#9961 = ORIENTED_EDGE('',*,*,#9910,.T.);
#9962 = ORIENTED_EDGE('',*,*,#8907,.T.);
#9963 = ORIENTED_EDGE('',*,*,#9964,.F.);
#9964 = EDGE_CURVE('',#9684,#8878,#9965,.T.);
#9965 = SURFACE_CURVE('',#9966,(#9970,#9977),.PCURVE_S1.);
#9966 = LINE('',#9967,#9968);
#9967 = CARTESIAN_POINT('',(-8.709103465619,23.3,153.4));
#9968 = VECTOR('',#9969,1.);
#9969 = DIRECTION('',(0.,0.,1.));
#9970 = PCURVE('',#8923,#9971);
#9971 = DEFINITIONAL_REPRESENTATION('',(#9972),#9976);
#9972 = LINE('',#9973,#9974);
#9973 = CARTESIAN_POINT('',(3.290896534381,0.));
#9974 = VECTOR('',#9975,1.);
#9975 = DIRECTION('',(0.,-1.));
#9976 = ( GEOMETRIC_REPRESENTATION_CONTEXT(2) 
PARAMETRIC_REPRESENTATION_CONTEXT() REPRESENTATION_CONTEXT('2D SPACE',''
  ) );
#9977 = PCURVE('',#8895,#9978);
#9978 = DEFINITIONAL_REPRESENTATION('',(#9979),#9983);
#9979 = LINE('',#9980,#9981);
#9980 = CARTESIAN_POINT('',(0.,0.));
#9981 = VECTOR('',#9982,1.);
#9982 = DIRECTION('',(0.,-1.));
#9983 = ( GEOMETRIC_REPRESENTATION_CONTEXT(2) 
PARAMETRIC_REPRESENTATION_CONTEXT() REPRESENTATION_CONTEXT('2D SPACE',''
  ) );
#9984 = ORIENTED_EDGE('',*,*,#9776,.F.);
#9985 = ADVANCED_FACE('',(#9986),#8895,.T.);
#9986 = FACE_BOUND('',#9987,.T.);
#9987 = EDGE_LOOP('',(#9988,#9989,#9990,#9991));
#9988 = ORIENTED_EDGE('',*,*,#9964,.T.);
#9989 = ORIENTED_EDGE('',*,*,#8877,.T.);
#9990 = ORIENTED_EDGE('',*,*,#9935,.F.);
#9991 = ORIENTED_EDGE('',*,*,#9683,.F.);
#9992 = ADVANCED_FACE('',(#9993),#8842,.T.);
#9993 = FACE_BOUND('',#9994,.T.);
#9994 = EDGE_LOOP('',(#9995,#10018,#10041,#10064,#10087,#10108));
#9995 = ORIENTED_EDGE('',*,*,#9996,.F.);
#9996 = EDGE_CURVE('',#9997,#8804,#9999,.T.);
#9997 = VERTEX_POINT('',#9998);
#9998 = CARTESIAN_POINT('',(20.,11.3,150.));
#9999 = SURFACE_CURVE('',#10000,(#10004,#10011),.PCURVE_S1.);
#10000 = LINE('',#10001,#10002);
#10001 = CARTESIAN_POINT('',(20.,11.3,150.));
#10002 = VECTOR('',#10003,1.);
#10003 = DIRECTION('',(0.,0.,1.));
#10004 = PCURVE('',#8842,#10005);
#10005 = DEFINITIONAL_REPRESENTATION('',(#10006),#10010);
#10006 = LINE('',#10007,#10008);
#10007 = CARTESIAN_POINT('',(0.,0.));
#10008 = VECTOR('',#10009,1.);
#10009 = DIRECTION('',(1.,0.));
#10010 = ( GEOMETRIC_REPRESENTATION_CONTEXT(2) 
PARAMETRIC_REPRESENTATION_CONTEXT() REPRESENTATION_CONTEXT('2D SPACE',''
  ) );
#10011 = PCURVE('',#8649,#10012);
#10012 = DEFINITIONAL_REPRESENTATION('',(#10013),#10017);
#10013 = LINE('',#10014,#10015);
#10014 = CARTESIAN_POINT('',(0.,40.));
#10015 = VECTOR('',#10016,1.);
#10016 = DIRECTION('',(1.,0.));
#10017 = ( GEOMETRIC_REPRESENTATION_CONTEXT(2) 
PARAMETRIC_REPRESENTATION_CONTEXT() REPRESENTATION_CONTEXT('2D SPACE',''
  ) );
#10018 = ORIENTED_EDGE('',*,*,#10019,.T.);
#10019 = EDGE_CURVE('',#9997,#10020,#10022,.T.);
#10020 = VERTEX_POINT('',#10021);
#10021 = CARTESIAN_POINT('',(20.,45.3,150.));
#10022 = SURFACE_CURVE('',#10023,(#10027,#10034),.PCURVE_S1.);
#10023 = LINE('',#10024,#10025);
#10024 = CARTESIAN_POINT('',(20.,11.3,150.));
#10025 = VECTOR('',#10026,1.);
#10026 = DIRECTION('',(0.,1.,0.));
#10027 = PCURVE('',#8842,#10028);
#10028 = DEFINITIONAL_REPRESENTATION('',(#10029),#10033);
#10029 = LINE('',#10030,#10031);
#10030 = CARTESIAN_POINT('',(0.,0.));
#10031 = VECTOR('',#10032,1.);
#10032 = DIRECTION('',(0.,-1.));
#10033 = ( GEOMETRIC_REPRESENTATION_CONTEXT(2) 
PARAMETRIC_REPRESENTATION_CONTEXT() REPRESENTATION_CONTEXT('2D SPACE',''
  ) );
#10034 = PCURVE('',#8677,#10035);
#10035 = DEFINITIONAL_REPRESENTATION('',(#10036),#10040);
#10036 = LINE('',#10037,#10038);
#10037 = CARTESIAN_POINT('',(40.,0.));
#10038 = VECTOR('',#10039,1.);
#10039 = DIRECTION('',(0.,1.));
#10040 = ( GEOMETRIC_REPRESENTATION_CONTEXT(2) 
PARAMETRIC_REPRESENTATION_CONTEXT() REPRESENTATION_CONTEXT('2D SPACE',''
  ) );
#10041 = ORIENTED_EDGE('',*,*,#10042,.F.);
#10042 = EDGE_CURVE('',#10043,#10020,#10045,.T.);
#10043 = VERTEX_POINT('',#10044);
#10044 = CARTESIAN_POINT('',(20.,45.3,157.7));
#10045 = SURFACE_CURVE('',#10046,(#10050,#10057),.PCURVE_S1.);
#10046 = LINE('',#10047,#10048);
#10047 = CARTESIAN_POINT('',(20.,45.3,157.7));
#10048 = VECTOR('',#10049,1.);
#10049 = DIRECTION('',(0.,0.,-1.));
#10050 = PCURVE('',#8842,#10051);
#10051 = DEFINITIONAL_REPRESENTATION('',(#10052),#10056);
#10052 = LINE('',#10053,#10054);
#10053 = CARTESIAN_POINT('',(7.7,-34.));
#10054 = VECTOR('',#10055,1.);
#10055 = DIRECTION('',(-1.,0.));
#10056 = ( GEOMETRIC_REPRESENTATION_CONTEXT(2) 
PARAMETRIC_REPRESENTATION_CONTEXT() REPRESENTATION_CONTEXT('2D SPACE',''
  ) );
#10057 = PCURVE('',#8705,#10058);
#10058 = DEFINITIONAL_REPRESENTATION('',(#10059),#10063);
#10059 = LINE('',#10060,#10061);
#10060 = CARTESIAN_POINT('',(7.7,40.));
#10061 = VECTOR('',#10062,1.);
#10062 = DIRECTION('',(-1.,0.));
#10063 = ( GEOMETRIC_REPRESENTATION_CONTEXT(2) 
PARAMETRIC_REPRESENTATION_CONTEXT() REPRESENTATION_CONTEXT('2D SPACE',''
  ) );
#10064 = ORIENTED_EDGE('',*,*,#10065,.F.);
#10065 = EDGE_CURVE('',#10066,#10043,#10068,.T.);
#10066 = VERTEX_POINT('',#10067);
#10067 = CARTESIAN_POINT('',(20.,33.3,157.7));
#10068 = SURFACE_CURVE('',#10069,(#10073,#10080),.PCURVE_S1.);
#10069 = LINE('',#10070,#10071);
#10070 = CARTESIAN_POINT('',(20.,33.3,157.7));
#10071 = VECTOR('',#10072,1.);
#10072 = DIRECTION('',(0.,1.,0.));
#10073 = PCURVE('',#8842,#10074);
#10074 = DEFINITIONAL_REPRESENTATION('',(#10075),#10079);
#10075 = LINE('',#10076,#10077);
#10076 = CARTESIAN_POINT('',(7.7,-22.));
#10077 = VECTOR('',#10078,1.);
#10078 = DIRECTION('',(0.,-1.));
#10079 = ( GEOMETRIC_REPRESENTATION_CONTEXT(2) 
PARAMETRIC_REPRESENTATION_CONTEXT() REPRESENTATION_CONTEXT('2D SPACE',''
  ) );
#10080 = PCURVE('',#8733,#10081);
#10081 = DEFINITIONAL_REPRESENTATION('',(#10082),#10086);
#10082 = LINE('',#10083,#10084);
#10083 = CARTESIAN_POINT('',(40.,0.));
#10084 = VECTOR('',#10085,1.);
#10085 = DIRECTION('',(0.,1.));
#10086 = ( GEOMETRIC_REPRESENTATION_CONTEXT(2) 
PARAMETRIC_REPRESENTATION_CONTEXT() REPRESENTATION_CONTEXT('2D SPACE',''
  ) );
#10087 = ORIENTED_EDGE('',*,*,#10088,.F.);
#10088 = EDGE_CURVE('',#8827,#10066,#10089,.T.);
#10089 = SURFACE_CURVE('',#10090,(#10094,#10101),.PCURVE_S1.);
#10090 = LINE('',#10091,#10092);
#10091 = CARTESIAN_POINT('',(20.,33.3,156.));
#10092 = VECTOR('',#10093,1.);
#10093 = DIRECTION('',(0.,0.,1.));
#10094 = PCURVE('',#8842,#10095);
#10095 = DEFINITIONAL_REPRESENTATION('',(#10096),#10100);
#10096 = LINE('',#10097,#10098);
#10097 = CARTESIAN_POINT('',(6.,-22.));
#10098 = VECTOR('',#10099,1.);
#10099 = DIRECTION('',(1.,0.));
#10100 = ( GEOMETRIC_REPRESENTATION_CONTEXT(2) 
PARAMETRIC_REPRESENTATION_CONTEXT() REPRESENTATION_CONTEXT('2D SPACE',''
  ) );
#10101 = PCURVE('',#8761,#10102);
#10102 = DEFINITIONAL_REPRESENTATION('',(#10103),#10107);
#10103 = LINE('',#10104,#10105);
#10104 = CARTESIAN_POINT('',(0.,40.));
#10105 = VECTOR('',#10106,1.);
#10106 = DIRECTION('',(1.,0.));
#10107 = ( GEOMETRIC_REPRESENTATION_CONTEXT(2) 
PARAMETRIC_REPRESENTATION_CONTEXT() REPRESENTATION_CONTEXT('2D SPACE',''
  ) );
#10108 = ORIENTED_EDGE('',*,*,#8826,.F.);
#10109 = ADVANCED_FACE('',(#10110),#8761,.F.);
#10110 = FACE_BOUND('',#10111,.F.);
#10111 = EDGE_LOOP('',(#10112,#10113,#10114,#10135));
#10112 = ORIENTED_EDGE('',*,*,#8854,.F.);
#10113 = ORIENTED_EDGE('',*,*,#8745,.T.);
#10114 = ORIENTED_EDGE('',*,*,#10115,.T.);
#10115 = EDGE_CURVE('',#8718,#10066,#10116,.T.);
#10116 = SURFACE_CURVE('',#10117,(#10121,#10128),.PCURVE_S1.);
#10117 = LINE('',#10118,#10119);
#10118 = CARTESIAN_POINT('',(-20.,33.3,157.7));
#10119 = VECTOR('',#10120,1.);
#10120 = DIRECTION('',(1.,0.,0.));
#10121 = PCURVE('',#8761,#10122);
#10122 = DEFINITIONAL_REPRESENTATION('',(#10123),#10127);
#10123 = LINE('',#10124,#10125);
#10124 = CARTESIAN_POINT('',(1.7,0.));
#10125 = VECTOR('',#10126,1.);
#10126 = DIRECTION('',(0.,1.));
#10127 = ( GEOMETRIC_REPRESENTATION_CONTEXT(2) 
PARAMETRIC_REPRESENTATION_CONTEXT() REPRESENTATION_CONTEXT('2D SPACE',''
  ) );
#10128 = PCURVE('',#8733,#10129);
#10129 = DEFINITIONAL_REPRESENTATION('',(#10130),#10134);
#10130 = LINE('',#10131,#10132);
#10131 = CARTESIAN_POINT('',(0.,0.));
#10132 = VECTOR('',#10133,1.);
#10133 = DIRECTION('',(1.,0.));
#10134 = ( GEOMETRIC_REPRESENTATION_CONTEXT(2) 
PARAMETRIC_REPRESENTATION_CONTEXT() REPRESENTATION_CONTEXT('2D SPACE',''
  ) );
#10135 = ORIENTED_EDGE('',*,*,#10088,.F.);
#10136 = ADVANCED_FACE('',(#10137,#10163,#10194),#8733,.T.);
#10137 = FACE_BOUND('',#10138,.T.);
#10138 = EDGE_LOOP('',(#10139,#10140,#10141,#10142));
#10139 = ORIENTED_EDGE('',*,*,#8717,.F.);
#10140 = ORIENTED_EDGE('',*,*,#10115,.T.);
#10141 = ORIENTED_EDGE('',*,*,#10065,.T.);
#10142 = ORIENTED_EDGE('',*,*,#10143,.F.);
#10143 = EDGE_CURVE('',#8690,#10043,#10144,.T.);
#10144 = SURFACE_CURVE('',#10145,(#10149,#10156),.PCURVE_S1.);
#10145 = LINE('',#10146,#10147);
#10146 = CARTESIAN_POINT('',(-20.,45.3,157.7));
#10147 = VECTOR('',#10148,1.);
#10148 = DIRECTION('',(1.,0.,0.));
#10149 = PCURVE('',#8733,#10150);
#10150 = DEFINITIONAL_REPRESENTATION('',(#10151),#10155);
#10151 = LINE('',#10152,#10153);
#10152 = CARTESIAN_POINT('',(0.,12.));
#10153 = VECTOR('',#10154,1.);
#10154 = DIRECTION('',(1.,0.));
#10155 = ( GEOMETRIC_REPRESENTATION_CONTEXT(2) 
PARAMETRIC_REPRESENTATION_CONTEXT() REPRESENTATION_CONTEXT('2D SPACE',''
  ) );
#10156 = PCURVE('',#8705,#10157);
#10157 = DEFINITIONAL_REPRESENTATION('',(#10158),#10162);
#10158 = LINE('',#10159,#10160);
#10159 = CARTESIAN_POINT('',(7.7,0.));
#10160 = VECTOR('',#10161,1.);
#10161 = DIRECTION('',(0.,1.));
#10162 = ( GEOMETRIC_REPRESENTATION_CONTEXT(2) 
PARAMETRIC_REPRESENTATION_CONTEXT() REPRESENTATION_CONTEXT('2D SPACE',''
  ) );
#10163 = FACE_BOUND('',#10164,.T.);
#10164 = EDGE_LOOP('',(#10165));
#10165 = ORIENTED_EDGE('',*,*,#10166,.F.);
#10166 = EDGE_CURVE('',#10167,#10167,#10169,.T.);
#10167 = VERTEX_POINT('',#10168);
#10168 = CARTESIAN_POINT('',(-10.3,39.3,157.7));
#10169 = SURFACE_CURVE('',#10170,(#10175,#10182),.PCURVE_S1.);
#10170 = CIRCLE('',#10171,1.7);
#10171 = AXIS2_PLACEMENT_3D('',#10172,#10173,#10174);
#10172 = CARTESIAN_POINT('',(-12.,39.3,157.7));
#10173 = DIRECTION('',(0.,0.,1.));
#10174 = DIRECTION('',(1.,0.,-0.));
#10175 = PCURVE('',#8733,#10176);
#10176 = DEFINITIONAL_REPRESENTATION('',(#10177),#10181);
#10177 = CIRCLE('',#10178,1.7);
#10178 = AXIS2_PLACEMENT_2D('',#10179,#10180);
#10179 = CARTESIAN_POINT('',(8.,6.));
#10180 = DIRECTION('',(1.,0.));
#10181 = ( GEOMETRIC_REPRESENTATION_CONTEXT(2) 
PARAMETRIC_REPRESENTATION_CONTEXT() REPRESENTATION_CONTEXT('2D SPACE',''
  ) );
#10182 = PCURVE('',#10183,#10188);
#10183 = CYLINDRICAL_SURFACE('',#10184,1.7);
#10184 = AXIS2_PLACEMENT_3D('',#10185,#10186,#10187);
#10185 = CARTESIAN_POINT('',(-12.,39.3,149.));
#10186 = DIRECTION('',(0.,0.,1.));
#10187 = DIRECTION('',(1.,0.,-0.));
#10188 = DEFINITIONAL_REPRESENTATION('',(#10189),#10193);
#10189 = LINE('',#10190,#10191);
#10190 = CARTESIAN_POINT('',(0.,8.7));
#10191 = VECTOR('',#10192,1.);
#10192 = DIRECTION('',(1.,0.));
#10193 = ( GEOMETRIC_REPRESENTATION_CONTEXT(2) 
PARAMETRIC_REPRESENTATION_CONTEXT() REPRESENTATION_CONTEXT('2D SPACE',''
  ) );
#10194 = FACE_BOUND('',#10195,.T.);
#10195 = EDGE_LOOP('',(#10196));
#10196 = ORIENTED_EDGE('',*,*,#10197,.F.);
#10197 = EDGE_CURVE('',#10198,#10198,#10200,.T.);
#10198 = VERTEX_POINT('',#10199);
#10199 = CARTESIAN_POINT('',(13.7,39.3,157.7));
#10200 = SURFACE_CURVE('',#10201,(#10206,#10213),.PCURVE_S1.);
#10201 = CIRCLE('',#10202,1.7);
#10202 = AXIS2_PLACEMENT_3D('',#10203,#10204,#10205);
#10203 = CARTESIAN_POINT('',(12.,39.3,157.7));
#10204 = DIRECTION('',(0.,0.,1.));
#10205 = DIRECTION('',(1.,0.,-0.));
#10206 = PCURVE('',#8733,#10207);
#10207 = DEFINITIONAL_REPRESENTATION('',(#10208),#10212);
#10208 = CIRCLE('',#10209,1.7);
#10209 = AXIS2_PLACEMENT_2D('',#10210,#10211);
#10210 = CARTESIAN_POINT('',(32.,6.));
#10211 = DIRECTION('',(1.,0.));
#10212 = ( GEOMETRIC_REPRESENTATION_CONTEXT(2) 
PARAMETRIC_REPRESENTATION_CONTEXT() REPRESENTATION_CONTEXT('2D SPACE',''
  ) );
#10213 = PCURVE('',#10214,#10219);
#10214 = CYLINDRICAL_SURFACE('',#10215,1.7);
#10215 = AXIS2_PLACEMENT_3D('',#10216,#10217,#10218);
#10216 = CARTESIAN_POINT('',(12.,39.3,149.));
#10217 = DIRECTION('',(0.,0.,1.));
#10218 = DIRECTION('',(1.,0.,-0.));
#10219 = DEFINITIONAL_REPRESENTATION('',(#10220),#10224);
#10220 = LINE('',#10221,#10222);
#10221 = CARTESIAN_POINT('',(0.,8.7));
#10222 = VECTOR('',#10223,1.);
#10223 = DIRECTION('',(1.,0.));
#10224 = ( GEOMETRIC_REPRESENTATION_CONTEXT(2) 
PARAMETRIC_REPRESENTATION_CONTEXT() REPRESENTATION_CONTEXT('2D SPACE',''
  ) );
#10225 = ADVANCED_FACE('',(#10226),#10214,.F.);
#10226 = FACE_BOUND('',#10227,.F.);
#10227 = EDGE_LOOP('',(#10228,#10251,#10252,#10253));
#10228 = ORIENTED_EDGE('',*,*,#10229,.T.);
#10229 = EDGE_CURVE('',#10230,#10198,#10232,.T.);
#10230 = VERTEX_POINT('',#10231);
#10231 = CARTESIAN_POINT('',(13.7,39.3,154.6));
#10232 = SEAM_CURVE('',#10233,(#10237,#10244),.PCURVE_S1.);
#10233 = LINE('',#10234,#10235);
#10234 = CARTESIAN_POINT('',(13.7,39.3,149.));
#10235 = VECTOR('',#10236,1.);
#10236 = DIRECTION('',(0.,0.,1.));
#10237 = PCURVE('',#10214,#10238);
#10238 = DEFINITIONAL_REPRESENTATION('',(#10239),#10243);
#10239 = LINE('',#10240,#10241);
#10240 = CARTESIAN_POINT('',(6.28318530718,-0.));
#10241 = VECTOR('',#10242,1.);
#10242 = DIRECTION('',(0.,1.));
#10243 = ( GEOMETRIC_REPRESENTATION_CONTEXT(2) 
PARAMETRIC_REPRESENTATION_CONTEXT() REPRESENTATION_CONTEXT('2D SPACE',''
  ) );
#10244 = PCURVE('',#10214,#10245);
#10245 = DEFINITIONAL_REPRESENTATION('',(#10246),#10250);
#10246 = LINE('',#10247,#10248);
#10247 = CARTESIAN_POINT('',(0.,-0.));
#10248 = VECTOR('',#10249,1.);
#10249 = DIRECTION('',(0.,1.));
#10250 = ( GEOMETRIC_REPRESENTATION_CONTEXT(2) 
PARAMETRIC_REPRESENTATION_CONTEXT() REPRESENTATION_CONTEXT('2D SPACE',''
  ) );
#10251 = ORIENTED_EDGE('',*,*,#10197,.F.);
#10252 = ORIENTED_EDGE('',*,*,#10229,.F.);
#10253 = ORIENTED_EDGE('',*,*,#10254,.T.);
#10254 = EDGE_CURVE('',#10230,#10230,#10255,.T.);
#10255 = SURFACE_CURVE('',#10256,(#10261,#10268),.PCURVE_S1.);
#10256 = CIRCLE('',#10257,1.7);
#10257 = AXIS2_PLACEMENT_3D('',#10258,#10259,#10260);
#10258 = CARTESIAN_POINT('',(12.,39.3,154.6));
#10259 = DIRECTION('',(0.,0.,1.));
#10260 = DIRECTION('',(1.,0.,-0.));
#10261 = PCURVE('',#10214,#10262);
#10262 = DEFINITIONAL_REPRESENTATION('',(#10263),#10267);
#10263 = LINE('',#10264,#10265);
#10264 = CARTESIAN_POINT('',(0.,5.6));
#10265 = VECTOR('',#10266,1.);
#10266 = DIRECTION('',(1.,0.));
#10267 = ( GEOMETRIC_REPRESENTATION_CONTEXT(2) 
PARAMETRIC_REPRESENTATION_CONTEXT() REPRESENTATION_CONTEXT('2D SPACE',''
  ) );
#10268 = PCURVE('',#10269,#10274);
#10269 = PLANE('',#10270);
#10270 = AXIS2_PLACEMENT_3D('',#10271,#10272,#10273);
#10271 = CARTESIAN_POINT('',(12.,39.3,154.6));
#10272 = DIRECTION('',(0.,0.,1.));
#10273 = DIRECTION('',(1.,0.,-0.));
#10274 = DEFINITIONAL_REPRESENTATION('',(#10275),#10279);
#10275 = CIRCLE('',#10276,1.7);
#10276 = AXIS2_PLACEMENT_2D('',#10277,#10278);
#10277 = CARTESIAN_POINT('',(0.,0.));
#10278 = DIRECTION('',(1.,0.));
#10279 = ( GEOMETRIC_REPRESENTATION_CONTEXT(2) 
PARAMETRIC_REPRESENTATION_CONTEXT() REPRESENTATION_CONTEXT('2D SPACE',''
  ) );
#10280 = ADVANCED_FACE('',(#10281,#10451),#10269,.F.);
#10281 = FACE_BOUND('',#10282,.F.);
#10282 = EDGE_LOOP('',(#10283,#10313,#10341,#10369,#10397,#10425));
#10283 = ORIENTED_EDGE('',*,*,#10284,.T.);
#10284 = EDGE_CURVE('',#10285,#10287,#10289,.T.);
#10285 = VERTEX_POINT('',#10286);
#10286 = CARTESIAN_POINT('',(15.290896534381,39.3,154.6));
#10287 = VERTEX_POINT('',#10288);
#10288 = CARTESIAN_POINT('',(13.64544826719,42.15,154.6));
#10289 = SURFACE_CURVE('',#10290,(#10294,#10301),.PCURVE_S1.);
#10290 = LINE('',#10291,#10292);
#10291 = CARTESIAN_POINT('',(15.290896534381,39.3,154.6));
#10292 = VECTOR('',#10293,1.);
#10293 = DIRECTION('',(-0.5,0.866025403784,0.));
#10294 = PCURVE('',#10269,#10295);
#10295 = DEFINITIONAL_REPRESENTATION('',(#10296),#10300);
#10296 = LINE('',#10297,#10298);
#10297 = CARTESIAN_POINT('',(3.290896534381,0.));
#10298 = VECTOR('',#10299,1.);
#10299 = DIRECTION('',(-0.5,0.866025403784));
#10300 = ( GEOMETRIC_REPRESENTATION_CONTEXT(2) 
PARAMETRIC_REPRESENTATION_CONTEXT() REPRESENTATION_CONTEXT('2D SPACE',''
  ) );
#10301 = PCURVE('',#10302,#10307);
#10302 = PLANE('',#10303);
#10303 = AXIS2_PLACEMENT_3D('',#10304,#10305,#10306);
#10304 = CARTESIAN_POINT('',(15.290896534381,39.3,150.));
#10305 = DIRECTION('',(-0.866025403784,-0.5,0.));
#10306 = DIRECTION('',(-0.5,0.866025403784,0.));
#10307 = DEFINITIONAL_REPRESENTATION('',(#10308),#10312);
#10308 = LINE('',#10309,#10310);
#10309 = CARTESIAN_POINT('',(0.,-4.6));
#10310 = VECTOR('',#10311,1.);
#10311 = DIRECTION('',(1.,0.));
#10312 = ( GEOMETRIC_REPRESENTATION_CONTEXT(2) 
PARAMETRIC_REPRESENTATION_CONTEXT() REPRESENTATION_CONTEXT('2D SPACE',''
  ) );
#10313 = ORIENTED_EDGE('',*,*,#10314,.T.);
#10314 = EDGE_CURVE('',#10287,#10315,#10317,.T.);
#10315 = VERTEX_POINT('',#10316);
#10316 = CARTESIAN_POINT('',(10.35455173281,42.15,154.6));
#10317 = SURFACE_CURVE('',#10318,(#10322,#10329),.PCURVE_S1.);
#10318 = LINE('',#10319,#10320);
#10319 = CARTESIAN_POINT('',(13.64544826719,42.15,154.6));
#10320 = VECTOR('',#10321,1.);
#10321 = DIRECTION('',(-1.,1.349447499217E-16,0.));
#10322 = PCURVE('',#10269,#10323);
#10323 = DEFINITIONAL_REPRESENTATION('',(#10324),#10328);
#10324 = LINE('',#10325,#10326);
#10325 = CARTESIAN_POINT('',(1.64544826719,2.85));
#10326 = VECTOR('',#10327,1.);
#10327 = DIRECTION('',(-1.,1.349447499217E-16));
#10328 = ( GEOMETRIC_REPRESENTATION_CONTEXT(2) 
PARAMETRIC_REPRESENTATION_CONTEXT() REPRESENTATION_CONTEXT('2D SPACE',''
  ) );
#10329 = PCURVE('',#10330,#10335);
#10330 = PLANE('',#10331);
#10331 = AXIS2_PLACEMENT_3D('',#10332,#10333,#10334);
#10332 = CARTESIAN_POINT('',(13.64544826719,42.15,150.));
#10333 = DIRECTION('',(-1.349447499217E-16,-1.,0.));
#10334 = DIRECTION('',(-1.,1.349447499217E-16,0.));
#10335 = DEFINITIONAL_REPRESENTATION('',(#10336),#10340);
#10336 = LINE('',#10337,#10338);
#10337 = CARTESIAN_POINT('',(0.,-4.6));
#10338 = VECTOR('',#10339,1.);
#10339 = DIRECTION('',(1.,0.));
#10340 = ( GEOMETRIC_REPRESENTATION_CONTEXT(2) 
PARAMETRIC_REPRESENTATION_CONTEXT() REPRESENTATION_CONTEXT('2D SPACE',''
  ) );
#10341 = ORIENTED_EDGE('',*,*,#10342,.T.);
#10342 = EDGE_CURVE('',#10315,#10343,#10345,.T.);
#10343 = VERTEX_POINT('',#10344);
#10344 = CARTESIAN_POINT('',(8.709103465619,39.3,154.6));
#10345 = SURFACE_CURVE('',#10346,(#10350,#10357),.PCURVE_S1.);
#10346 = LINE('',#10347,#10348);
#10347 = CARTESIAN_POINT('',(10.35455173281,42.15,154.6));
#10348 = VECTOR('',#10349,1.);
#10349 = DIRECTION('',(-0.5,-0.866025403784,0.));
#10350 = PCURVE('',#10269,#10351);
#10351 = DEFINITIONAL_REPRESENTATION('',(#10352),#10356);
#10352 = LINE('',#10353,#10354);
#10353 = CARTESIAN_POINT('',(-1.64544826719,2.85));
#10354 = VECTOR('',#10355,1.);
#10355 = DIRECTION('',(-0.5,-0.866025403784));
#10356 = ( GEOMETRIC_REPRESENTATION_CONTEXT(2) 
PARAMETRIC_REPRESENTATION_CONTEXT() REPRESENTATION_CONTEXT('2D SPACE',''
  ) );
#10357 = PCURVE('',#10358,#10363);
#10358 = PLANE('',#10359);
#10359 = AXIS2_PLACEMENT_3D('',#10360,#10361,#10362);
#10360 = CARTESIAN_POINT('',(10.35455173281,42.15,150.));
#10361 = DIRECTION('',(0.866025403784,-0.5,0.));
#10362 = DIRECTION('',(-0.5,-0.866025403784,0.));
#10363 = DEFINITIONAL_REPRESENTATION('',(#10364),#10368);
#10364 = LINE('',#10365,#10366);
#10365 = CARTESIAN_POINT('',(0.,-4.6));
#10366 = VECTOR('',#10367,1.);
#10367 = DIRECTION('',(1.,0.));
#10368 = ( GEOMETRIC_REPRESENTATION_CONTEXT(2) 
PARAMETRIC_REPRESENTATION_CONTEXT() REPRESENTATION_CONTEXT('2D SPACE',''
  ) );
#10369 = ORIENTED_EDGE('',*,*,#10370,.T.);
#10370 = EDGE_CURVE('',#10343,#10371,#10373,.T.);
#10371 = VERTEX_POINT('',#10372);
#10372 = CARTESIAN_POINT('',(10.35455173281,36.45,154.6));
#10373 = SURFACE_CURVE('',#10374,(#10378,#10385),.PCURVE_S1.);
#10374 = LINE('',#10375,#10376);
#10375 = CARTESIAN_POINT('',(8.709103465619,39.3,154.6));
#10376 = VECTOR('',#10377,1.);
#10377 = DIRECTION('',(0.5,-0.866025403784,0.));
#10378 = PCURVE('',#10269,#10379);
#10379 = DEFINITIONAL_REPRESENTATION('',(#10380),#10384);
#10380 = LINE('',#10381,#10382);
#10381 = CARTESIAN_POINT('',(-3.290896534381,0.));
#10382 = VECTOR('',#10383,1.);
#10383 = DIRECTION('',(0.5,-0.866025403784));
#10384 = ( GEOMETRIC_REPRESENTATION_CONTEXT(2) 
PARAMETRIC_REPRESENTATION_CONTEXT() REPRESENTATION_CONTEXT('2D SPACE',''
  ) );
#10385 = PCURVE('',#10386,#10391);
#10386 = PLANE('',#10387);
#10387 = AXIS2_PLACEMENT_3D('',#10388,#10389,#10390);
#10388 = CARTESIAN_POINT('',(8.709103465619,39.3,150.));
#10389 = DIRECTION('',(0.866025403784,0.5,-0.));
#10390 = DIRECTION('',(0.5,-0.866025403784,0.));
#10391 = DEFINITIONAL_REPRESENTATION('',(#10392),#10396);
#10392 = LINE('',#10393,#10394);
#10393 = CARTESIAN_POINT('',(0.,-4.6));
#10394 = VECTOR('',#10395,1.);
#10395 = DIRECTION('',(1.,0.));
#10396 = ( GEOMETRIC_REPRESENTATION_CONTEXT(2) 
PARAMETRIC_REPRESENTATION_CONTEXT() REPRESENTATION_CONTEXT('2D SPACE',''
  ) );
#10397 = ORIENTED_EDGE('',*,*,#10398,.T.);
#10398 = EDGE_CURVE('',#10371,#10399,#10401,.T.);
#10399 = VERTEX_POINT('',#10400);
#10400 = CARTESIAN_POINT('',(13.64544826719,36.45,154.6));
#10401 = SURFACE_CURVE('',#10402,(#10406,#10413),.PCURVE_S1.);
#10402 = LINE('',#10403,#10404);
#10403 = CARTESIAN_POINT('',(10.35455173281,36.45,154.6));
#10404 = VECTOR('',#10405,1.);
#10405 = DIRECTION('',(1.,-5.397789996866E-16,0.));
#10406 = PCURVE('',#10269,#10407);
#10407 = DEFINITIONAL_REPRESENTATION('',(#10408),#10412);
#10408 = LINE('',#10409,#10410);
#10409 = CARTESIAN_POINT('',(-1.64544826719,-2.85));
#10410 = VECTOR('',#10411,1.);
#10411 = DIRECTION('',(1.,-5.397789996866E-16));
#10412 = ( GEOMETRIC_REPRESENTATION_CONTEXT(2) 
PARAMETRIC_REPRESENTATION_CONTEXT() REPRESENTATION_CONTEXT('2D SPACE',''
  ) );
#10413 = PCURVE('',#10414,#10419);
#10414 = PLANE('',#10415);
#10415 = AXIS2_PLACEMENT_3D('',#10416,#10417,#10418);
#10416 = CARTESIAN_POINT('',(10.35455173281,36.45,150.));
#10417 = DIRECTION('',(5.397789996866E-16,1.,-0.));
#10418 = DIRECTION('',(1.,-5.397789996866E-16,0.));
#10419 = DEFINITIONAL_REPRESENTATION('',(#10420),#10424);
#10420 = LINE('',#10421,#10422);
#10421 = CARTESIAN_POINT('',(0.,-4.6));
#10422 = VECTOR('',#10423,1.);
#10423 = DIRECTION('',(1.,0.));
#10424 = ( GEOMETRIC_REPRESENTATION_CONTEXT(2) 
PARAMETRIC_REPRESENTATION_CONTEXT() REPRESENTATION_CONTEXT('2D SPACE',''
  ) );
#10425 = ORIENTED_EDGE('',*,*,#10426,.T.);
#10426 = EDGE_CURVE('',#10399,#10285,#10427,.T.);
#10427 = SURFACE_CURVE('',#10428,(#10432,#10439),.PCURVE_S1.);
#10428 = LINE('',#10429,#10430);
#10429 = CARTESIAN_POINT('',(13.64544826719,36.45,154.6));
#10430 = VECTOR('',#10431,1.);
#10431 = DIRECTION('',(0.5,0.866025403784,0.));
#10432 = PCURVE('',#10269,#10433);
#10433 = DEFINITIONAL_REPRESENTATION('',(#10434),#10438);
#10434 = LINE('',#10435,#10436);
#10435 = CARTESIAN_POINT('',(1.64544826719,-2.85));
#10436 = VECTOR('',#10437,1.);
#10437 = DIRECTION('',(0.5,0.866025403784));
#10438 = ( GEOMETRIC_REPRESENTATION_CONTEXT(2) 
PARAMETRIC_REPRESENTATION_CONTEXT() REPRESENTATION_CONTEXT('2D SPACE',''
  ) );
#10439 = PCURVE('',#10440,#10445);
#10440 = PLANE('',#10441);
#10441 = AXIS2_PLACEMENT_3D('',#10442,#10443,#10444);
#10442 = CARTESIAN_POINT('',(13.64544826719,36.45,150.));
#10443 = DIRECTION('',(-0.866025403784,0.5,0.));
#10444 = DIRECTION('',(0.5,0.866025403784,0.));
#10445 = DEFINITIONAL_REPRESENTATION('',(#10446),#10450);
#10446 = LINE('',#10447,#10448);
#10447 = CARTESIAN_POINT('',(0.,-4.6));
#10448 = VECTOR('',#10449,1.);
#10449 = DIRECTION('',(1.,0.));
#10450 = ( GEOMETRIC_REPRESENTATION_CONTEXT(2) 
PARAMETRIC_REPRESENTATION_CONTEXT() REPRESENTATION_CONTEXT('2D SPACE',''
  ) );
#10451 = FACE_BOUND('',#10452,.F.);
#10452 = EDGE_LOOP('',(#10453));
#10453 = ORIENTED_EDGE('',*,*,#10254,.F.);
#10454 = ADVANCED_FACE('',(#10455),#10386,.T.);
#10455 = FACE_BOUND('',#10456,.T.);
#10456 = EDGE_LOOP('',(#10457,#10480,#10481,#10504));
#10457 = ORIENTED_EDGE('',*,*,#10458,.T.);
#10458 = EDGE_CURVE('',#10459,#10343,#10461,.T.);
#10459 = VERTEX_POINT('',#10460);
#10460 = CARTESIAN_POINT('',(8.709103465619,39.3,150.));
#10461 = SURFACE_CURVE('',#10462,(#10466,#10473),.PCURVE_S1.);
#10462 = LINE('',#10463,#10464);
#10463 = CARTESIAN_POINT('',(8.709103465619,39.3,150.));
#10464 = VECTOR('',#10465,1.);
#10465 = DIRECTION('',(0.,0.,1.));
#10466 = PCURVE('',#10386,#10467);
#10467 = DEFINITIONAL_REPRESENTATION('',(#10468),#10472);
#10468 = LINE('',#10469,#10470);
#10469 = CARTESIAN_POINT('',(0.,0.));
#10470 = VECTOR('',#10471,1.);
#10471 = DIRECTION('',(0.,-1.));
#10472 = ( GEOMETRIC_REPRESENTATION_CONTEXT(2) 
PARAMETRIC_REPRESENTATION_CONTEXT() REPRESENTATION_CONTEXT('2D SPACE',''
  ) );
#10473 = PCURVE('',#10358,#10474);
#10474 = DEFINITIONAL_REPRESENTATION('',(#10475),#10479);
#10475 = LINE('',#10476,#10477);
#10476 = CARTESIAN_POINT('',(3.290896534381,0.));
#10477 = VECTOR('',#10478,1.);
#10478 = DIRECTION('',(0.,-1.));
#10479 = ( GEOMETRIC_REPRESENTATION_CONTEXT(2) 
PARAMETRIC_REPRESENTATION_CONTEXT() REPRESENTATION_CONTEXT('2D SPACE',''
  ) );
#10480 = ORIENTED_EDGE('',*,*,#10370,.T.);
#10481 = ORIENTED_EDGE('',*,*,#10482,.F.);
#10482 = EDGE_CURVE('',#10483,#10371,#10485,.T.);
#10483 = VERTEX_POINT('',#10484);
#10484 = CARTESIAN_POINT('',(10.35455173281,36.45,150.));
#10485 = SURFACE_CURVE('',#10486,(#10490,#10497),.PCURVE_S1.);
#10486 = LINE('',#10487,#10488);
#10487 = CARTESIAN_POINT('',(10.35455173281,36.45,150.));
#10488 = VECTOR('',#10489,1.);
#10489 = DIRECTION('',(0.,0.,1.));
#10490 = PCURVE('',#10386,#10491);
#10491 = DEFINITIONAL_REPRESENTATION('',(#10492),#10496);
#10492 = LINE('',#10493,#10494);
#10493 = CARTESIAN_POINT('',(3.290896534381,0.));
#10494 = VECTOR('',#10495,1.);
#10495 = DIRECTION('',(0.,-1.));
#10496 = ( GEOMETRIC_REPRESENTATION_CONTEXT(2) 
PARAMETRIC_REPRESENTATION_CONTEXT() REPRESENTATION_CONTEXT('2D SPACE',''
  ) );
#10497 = PCURVE('',#10414,#10498);
#10498 = DEFINITIONAL_REPRESENTATION('',(#10499),#10503);
#10499 = LINE('',#10500,#10501);
#10500 = CARTESIAN_POINT('',(0.,0.));
#10501 = VECTOR('',#10502,1.);
#10502 = DIRECTION('',(0.,-1.));
#10503 = ( GEOMETRIC_REPRESENTATION_CONTEXT(2) 
PARAMETRIC_REPRESENTATION_CONTEXT() REPRESENTATION_CONTEXT('2D SPACE',''
  ) );
#10504 = ORIENTED_EDGE('',*,*,#10505,.F.);
#10505 = EDGE_CURVE('',#10459,#10483,#10506,.T.);
#10506 = SURFACE_CURVE('',#10507,(#10511,#10518),.PCURVE_S1.);
#10507 = LINE('',#10508,#10509);
#10508 = CARTESIAN_POINT('',(8.709103465619,39.3,150.));
#10509 = VECTOR('',#10510,1.);
#10510 = DIRECTION('',(0.5,-0.866025403784,0.));
#10511 = PCURVE('',#10386,#10512);
#10512 = DEFINITIONAL_REPRESENTATION('',(#10513),#10517);
#10513 = LINE('',#10514,#10515);
#10514 = CARTESIAN_POINT('',(0.,0.));
#10515 = VECTOR('',#10516,1.);
#10516 = DIRECTION('',(1.,0.));
#10517 = ( GEOMETRIC_REPRESENTATION_CONTEXT(2) 
PARAMETRIC_REPRESENTATION_CONTEXT() REPRESENTATION_CONTEXT('2D SPACE',''
  ) );
#10518 = PCURVE('',#8677,#10519);
#10519 = DEFINITIONAL_REPRESENTATION('',(#10520),#10524);
#10520 = LINE('',#10521,#10522);
#10521 = CARTESIAN_POINT('',(28.709103465619,28.));
#10522 = VECTOR('',#10523,1.);
#10523 = DIRECTION('',(0.5,-0.866025403784));
#10524 = ( GEOMETRIC_REPRESENTATION_CONTEXT(2) 
PARAMETRIC_REPRESENTATION_CONTEXT() REPRESENTATION_CONTEXT('2D SPACE',''
  ) );
#10525 = ADVANCED_FACE('',(#10526),#10358,.T.);
#10526 = FACE_BOUND('',#10527,.T.);
#10527 = EDGE_LOOP('',(#10528,#10551,#10552,#10553));
#10528 = ORIENTED_EDGE('',*,*,#10529,.T.);
#10529 = EDGE_CURVE('',#10530,#10315,#10532,.T.);
#10530 = VERTEX_POINT('',#10531);
#10531 = CARTESIAN_POINT('',(10.35455173281,42.15,150.));
#10532 = SURFACE_CURVE('',#10533,(#10537,#10544),.PCURVE_S1.);
#10533 = LINE('',#10534,#10535);
#10534 = CARTESIAN_POINT('',(10.35455173281,42.15,150.));
#10535 = VECTOR('',#10536,1.);
#10536 = DIRECTION('',(0.,0.,1.));
#10537 = PCURVE('',#10358,#10538);
#10538 = DEFINITIONAL_REPRESENTATION('',(#10539),#10543);
#10539 = LINE('',#10540,#10541);
#10540 = CARTESIAN_POINT('',(0.,0.));
#10541 = VECTOR('',#10542,1.);
#10542 = DIRECTION('',(0.,-1.));
#10543 = ( GEOMETRIC_REPRESENTATION_CONTEXT(2) 
PARAMETRIC_REPRESENTATION_CONTEXT() REPRESENTATION_CONTEXT('2D SPACE',''
  ) );
#10544 = PCURVE('',#10330,#10545);
#10545 = DEFINITIONAL_REPRESENTATION('',(#10546),#10550);
#10546 = LINE('',#10547,#10548);
#10547 = CARTESIAN_POINT('',(3.290896534381,0.));
#10548 = VECTOR('',#10549,1.);
#10549 = DIRECTION('',(0.,-1.));
#10550 = ( GEOMETRIC_REPRESENTATION_CONTEXT(2) 
PARAMETRIC_REPRESENTATION_CONTEXT() REPRESENTATION_CONTEXT('2D SPACE',''
  ) );
#10551 = ORIENTED_EDGE('',*,*,#10342,.T.);
#10552 = ORIENTED_EDGE('',*,*,#10458,.F.);
#10553 = ORIENTED_EDGE('',*,*,#10554,.F.);
#10554 = EDGE_CURVE('',#10530,#10459,#10555,.T.);
#10555 = SURFACE_CURVE('',#10556,(#10560,#10567),.PCURVE_S1.);
#10556 = LINE('',#10557,#10558);
#10557 = CARTESIAN_POINT('',(10.35455173281,42.15,150.));
#10558 = VECTOR('',#10559,1.);
#10559 = DIRECTION('',(-0.5,-0.866025403784,0.));
#10560 = PCURVE('',#10358,#10561);
#10561 = DEFINITIONAL_REPRESENTATION('',(#10562),#10566);
#10562 = LINE('',#10563,#10564);
#10563 = CARTESIAN_POINT('',(0.,0.));
#10564 = VECTOR('',#10565,1.);
#10565 = DIRECTION('',(1.,0.));
#10566 = ( GEOMETRIC_REPRESENTATION_CONTEXT(2) 
PARAMETRIC_REPRESENTATION_CONTEXT() REPRESENTATION_CONTEXT('2D SPACE',''
  ) );
#10567 = PCURVE('',#8677,#10568);
#10568 = DEFINITIONAL_REPRESENTATION('',(#10569),#10573);
#10569 = LINE('',#10570,#10571);
#10570 = CARTESIAN_POINT('',(30.35455173281,30.85));
#10571 = VECTOR('',#10572,1.);
#10572 = DIRECTION('',(-0.5,-0.866025403784));
#10573 = ( GEOMETRIC_REPRESENTATION_CONTEXT(2) 
PARAMETRIC_REPRESENTATION_CONTEXT() REPRESENTATION_CONTEXT('2D SPACE',''
  ) );
#10574 = ADVANCED_FACE('',(#10575),#10414,.T.);
#10575 = FACE_BOUND('',#10576,.T.);
#10576 = EDGE_LOOP('',(#10577,#10578,#10579,#10602));
#10577 = ORIENTED_EDGE('',*,*,#10482,.T.);
#10578 = ORIENTED_EDGE('',*,*,#10398,.T.);
#10579 = ORIENTED_EDGE('',*,*,#10580,.F.);
#10580 = EDGE_CURVE('',#10581,#10399,#10583,.T.);
#10581 = VERTEX_POINT('',#10582);
#10582 = CARTESIAN_POINT('',(13.64544826719,36.45,150.));
#10583 = SURFACE_CURVE('',#10584,(#10588,#10595),.PCURVE_S1.);
#10584 = LINE('',#10585,#10586);
#10585 = CARTESIAN_POINT('',(13.64544826719,36.45,150.));
#10586 = VECTOR('',#10587,1.);
#10587 = DIRECTION('',(0.,0.,1.));
#10588 = PCURVE('',#10414,#10589);
#10589 = DEFINITIONAL_REPRESENTATION('',(#10590),#10594);
#10590 = LINE('',#10591,#10592);
#10591 = CARTESIAN_POINT('',(3.290896534381,0.));
#10592 = VECTOR('',#10593,1.);
#10593 = DIRECTION('',(0.,-1.));
#10594 = ( GEOMETRIC_REPRESENTATION_CONTEXT(2) 
PARAMETRIC_REPRESENTATION_CONTEXT() REPRESENTATION_CONTEXT('2D SPACE',''
  ) );
#10595 = PCURVE('',#10440,#10596);
#10596 = DEFINITIONAL_REPRESENTATION('',(#10597),#10601);
#10597 = LINE('',#10598,#10599);
#10598 = CARTESIAN_POINT('',(0.,0.));
#10599 = VECTOR('',#10600,1.);
#10600 = DIRECTION('',(0.,-1.));
#10601 = ( GEOMETRIC_REPRESENTATION_CONTEXT(2) 
PARAMETRIC_REPRESENTATION_CONTEXT() REPRESENTATION_CONTEXT('2D SPACE',''
  ) );
#10602 = ORIENTED_EDGE('',*,*,#10603,.F.);
#10603 = EDGE_CURVE('',#10483,#10581,#10604,.T.);
#10604 = SURFACE_CURVE('',#10605,(#10609,#10616),.PCURVE_S1.);
#10605 = LINE('',#10606,#10607);
#10606 = CARTESIAN_POINT('',(10.35455173281,36.45,150.));
#10607 = VECTOR('',#10608,1.);
#10608 = DIRECTION('',(1.,-5.397789996866E-16,0.));
#10609 = PCURVE('',#10414,#10610);
#10610 = DEFINITIONAL_REPRESENTATION('',(#10611),#10615);
#10611 = LINE('',#10612,#10613);
#10612 = CARTESIAN_POINT('',(0.,0.));
#10613 = VECTOR('',#10614,1.);
#10614 = DIRECTION('',(1.,0.));
#10615 = ( GEOMETRIC_REPRESENTATION_CONTEXT(2) 
PARAMETRIC_REPRESENTATION_CONTEXT() REPRESENTATION_CONTEXT('2D SPACE',''
  ) );
#10616 = PCURVE('',#8677,#10617);
#10617 = DEFINITIONAL_REPRESENTATION('',(#10618),#10622);
#10618 = LINE('',#10619,#10620);
#10619 = CARTESIAN_POINT('',(30.35455173281,25.15));
#10620 = VECTOR('',#10621,1.);
#10621 = DIRECTION('',(1.,-5.397789996866E-16));
#10622 = ( GEOMETRIC_REPRESENTATION_CONTEXT(2) 
PARAMETRIC_REPRESENTATION_CONTEXT() REPRESENTATION_CONTEXT('2D SPACE',''
  ) );
#10623 = ADVANCED_FACE('',(#10624),#10330,.T.);
#10624 = FACE_BOUND('',#10625,.T.);
#10625 = EDGE_LOOP('',(#10626,#10649,#10650,#10651));
#10626 = ORIENTED_EDGE('',*,*,#10627,.T.);
#10627 = EDGE_CURVE('',#10628,#10287,#10630,.T.);
#10628 = VERTEX_POINT('',#10629);
#10629 = CARTESIAN_POINT('',(13.64544826719,42.15,150.));
#10630 = SURFACE_CURVE('',#10631,(#10635,#10642),.PCURVE_S1.);
#10631 = LINE('',#10632,#10633);
#10632 = CARTESIAN_POINT('',(13.64544826719,42.15,150.));
#10633 = VECTOR('',#10634,1.);
#10634 = DIRECTION('',(0.,0.,1.));
#10635 = PCURVE('',#10330,#10636);
#10636 = DEFINITIONAL_REPRESENTATION('',(#10637),#10641);
#10637 = LINE('',#10638,#10639);
#10638 = CARTESIAN_POINT('',(0.,0.));
#10639 = VECTOR('',#10640,1.);
#10640 = DIRECTION('',(0.,-1.));
#10641 = ( GEOMETRIC_REPRESENTATION_CONTEXT(2) 
PARAMETRIC_REPRESENTATION_CONTEXT() REPRESENTATION_CONTEXT('2D SPACE',''
  ) );
#10642 = PCURVE('',#10302,#10643);
#10643 = DEFINITIONAL_REPRESENTATION('',(#10644),#10648);
#10644 = LINE('',#10645,#10646);
#10645 = CARTESIAN_POINT('',(3.290896534381,0.));
#10646 = VECTOR('',#10647,1.);
#10647 = DIRECTION('',(0.,-1.));
#10648 = ( GEOMETRIC_REPRESENTATION_CONTEXT(2) 
PARAMETRIC_REPRESENTATION_CONTEXT() REPRESENTATION_CONTEXT('2D SPACE',''
  ) );
#10649 = ORIENTED_EDGE('',*,*,#10314,.T.);
#10650 = ORIENTED_EDGE('',*,*,#10529,.F.);
#10651 = ORIENTED_EDGE('',*,*,#10652,.F.);
#10652 = EDGE_CURVE('',#10628,#10530,#10653,.T.);
#10653 = SURFACE_CURVE('',#10654,(#10658,#10665),.PCURVE_S1.);
#10654 = LINE('',#10655,#10656);
#10655 = CARTESIAN_POINT('',(13.64544826719,42.15,150.));
#10656 = VECTOR('',#10657,1.);
#10657 = DIRECTION('',(-1.,1.349447499217E-16,0.));
#10658 = PCURVE('',#10330,#10659);
#10659 = DEFINITIONAL_REPRESENTATION('',(#10660),#10664);
#10660 = LINE('',#10661,#10662);
#10661 = CARTESIAN_POINT('',(0.,0.));
#10662 = VECTOR('',#10663,1.);
#10663 = DIRECTION('',(1.,0.));
#10664 = ( GEOMETRIC_REPRESENTATION_CONTEXT(2) 
PARAMETRIC_REPRESENTATION_CONTEXT() REPRESENTATION_CONTEXT('2D SPACE',''
  ) );
#10665 = PCURVE('',#8677,#10666);
#10666 = DEFINITIONAL_REPRESENTATION('',(#10667),#10671);
#10667 = LINE('',#10668,#10669);
#10668 = CARTESIAN_POINT('',(33.64544826719,30.85));
#10669 = VECTOR('',#10670,1.);
#10670 = DIRECTION('',(-1.,1.349447499217E-16));
#10671 = ( GEOMETRIC_REPRESENTATION_CONTEXT(2) 
PARAMETRIC_REPRESENTATION_CONTEXT() REPRESENTATION_CONTEXT('2D SPACE',''
  ) );
#10672 = ADVANCED_FACE('',(#10673),#10440,.T.);
#10673 = FACE_BOUND('',#10674,.T.);
#10674 = EDGE_LOOP('',(#10675,#10676,#10677,#10700));
#10675 = ORIENTED_EDGE('',*,*,#10580,.T.);
#10676 = ORIENTED_EDGE('',*,*,#10426,.T.);
#10677 = ORIENTED_EDGE('',*,*,#10678,.F.);
#10678 = EDGE_CURVE('',#10679,#10285,#10681,.T.);
#10679 = VERTEX_POINT('',#10680);
#10680 = CARTESIAN_POINT('',(15.290896534381,39.3,150.));
#10681 = SURFACE_CURVE('',#10682,(#10686,#10693),.PCURVE_S1.);
#10682 = LINE('',#10683,#10684);
#10683 = CARTESIAN_POINT('',(15.290896534381,39.3,150.));
#10684 = VECTOR('',#10685,1.);
#10685 = DIRECTION('',(0.,0.,1.));
#10686 = PCURVE('',#10440,#10687);
#10687 = DEFINITIONAL_REPRESENTATION('',(#10688),#10692);
#10688 = LINE('',#10689,#10690);
#10689 = CARTESIAN_POINT('',(3.290896534381,0.));
#10690 = VECTOR('',#10691,1.);
#10691 = DIRECTION('',(0.,-1.));
#10692 = ( GEOMETRIC_REPRESENTATION_CONTEXT(2) 
PARAMETRIC_REPRESENTATION_CONTEXT() REPRESENTATION_CONTEXT('2D SPACE',''
  ) );
#10693 = PCURVE('',#10302,#10694);
#10694 = DEFINITIONAL_REPRESENTATION('',(#10695),#10699);
#10695 = LINE('',#10696,#10697);
#10696 = CARTESIAN_POINT('',(0.,0.));
#10697 = VECTOR('',#10698,1.);
#10698 = DIRECTION('',(0.,-1.));
#10699 = ( GEOMETRIC_REPRESENTATION_CONTEXT(2) 
PARAMETRIC_REPRESENTATION_CONTEXT() REPRESENTATION_CONTEXT('2D SPACE',''
  ) );
#10700 = ORIENTED_EDGE('',*,*,#10701,.F.);
#10701 = EDGE_CURVE('',#10581,#10679,#10702,.T.);
#10702 = SURFACE_CURVE('',#10703,(#10707,#10714),.PCURVE_S1.);
#10703 = LINE('',#10704,#10705);
#10704 = CARTESIAN_POINT('',(13.64544826719,36.45,150.));
#10705 = VECTOR('',#10706,1.);
#10706 = DIRECTION('',(0.5,0.866025403784,0.));
#10707 = PCURVE('',#10440,#10708);
#10708 = DEFINITIONAL_REPRESENTATION('',(#10709),#10713);
#10709 = LINE('',#10710,#10711);
#10710 = CARTESIAN_POINT('',(0.,0.));
#10711 = VECTOR('',#10712,1.);
#10712 = DIRECTION('',(1.,0.));
#10713 = ( GEOMETRIC_REPRESENTATION_CONTEXT(2) 
PARAMETRIC_REPRESENTATION_CONTEXT() REPRESENTATION_CONTEXT('2D SPACE',''
  ) );
#10714 = PCURVE('',#8677,#10715);
#10715 = DEFINITIONAL_REPRESENTATION('',(#10716),#10720);
#10716 = LINE('',#10717,#10718);
#10717 = CARTESIAN_POINT('',(33.64544826719,25.15));
#10718 = VECTOR('',#10719,1.);
#10719 = DIRECTION('',(0.5,0.866025403784));
#10720 = ( GEOMETRIC_REPRESENTATION_CONTEXT(2) 
PARAMETRIC_REPRESENTATION_CONTEXT() REPRESENTATION_CONTEXT('2D SPACE',''
  ) );
#10721 = ADVANCED_FACE('',(#10722),#10302,.T.);
#10722 = FACE_BOUND('',#10723,.T.);
#10723 = EDGE_LOOP('',(#10724,#10725,#10726,#10727));
#10724 = ORIENTED_EDGE('',*,*,#10678,.T.);
#10725 = ORIENTED_EDGE('',*,*,#10284,.T.);
#10726 = ORIENTED_EDGE('',*,*,#10627,.F.);
#10727 = ORIENTED_EDGE('',*,*,#10728,.F.);
#10728 = EDGE_CURVE('',#10679,#10628,#10729,.T.);
#10729 = SURFACE_CURVE('',#10730,(#10734,#10741),.PCURVE_S1.);
#10730 = LINE('',#10731,#10732);
#10731 = CARTESIAN_POINT('',(15.290896534381,39.3,150.));
#10732 = VECTOR('',#10733,1.);
#10733 = DIRECTION('',(-0.5,0.866025403784,0.));
#10734 = PCURVE('',#10302,#10735);
#10735 = DEFINITIONAL_REPRESENTATION('',(#10736),#10740);
#10736 = LINE('',#10737,#10738);
#10737 = CARTESIAN_POINT('',(0.,0.));
#10738 = VECTOR('',#10739,1.);
#10739 = DIRECTION('',(1.,0.));
#10740 = ( GEOMETRIC_REPRESENTATION_CONTEXT(2) 
PARAMETRIC_REPRESENTATION_CONTEXT() REPRESENTATION_CONTEXT('2D SPACE',''
  ) );
#10741 = PCURVE('',#8677,#10742);
#10742 = DEFINITIONAL_REPRESENTATION('',(#10743),#10747);
#10743 = LINE('',#10744,#10745);
#10744 = CARTESIAN_POINT('',(35.290896534381,28.));
#10745 = VECTOR('',#10746,1.);
#10746 = DIRECTION('',(-0.5,0.866025403784));
#10747 = ( GEOMETRIC_REPRESENTATION_CONTEXT(2) 
PARAMETRIC_REPRESENTATION_CONTEXT() REPRESENTATION_CONTEXT('2D SPACE',''
  ) );
#10748 = ADVANCED_FACE('',(#10749),#10183,.F.);
#10749 = FACE_BOUND('',#10750,.F.);
#10750 = EDGE_LOOP('',(#10751,#10774,#10775,#10776));
#10751 = ORIENTED_EDGE('',*,*,#10752,.T.);
#10752 = EDGE_CURVE('',#10753,#10167,#10755,.T.);
#10753 = VERTEX_POINT('',#10754);
#10754 = CARTESIAN_POINT('',(-10.3,39.3,154.6));
#10755 = SEAM_CURVE('',#10756,(#10760,#10767),.PCURVE_S1.);
#10756 = LINE('',#10757,#10758);
#10757 = CARTESIAN_POINT('',(-10.3,39.3,149.));
#10758 = VECTOR('',#10759,1.);
#10759 = DIRECTION('',(0.,0.,1.));
#10760 = PCURVE('',#10183,#10761);
#10761 = DEFINITIONAL_REPRESENTATION('',(#10762),#10766);
#10762 = LINE('',#10763,#10764);
#10763 = CARTESIAN_POINT('',(6.28318530718,-0.));
#10764 = VECTOR('',#10765,1.);
#10765 = DIRECTION('',(0.,1.));
#10766 = ( GEOMETRIC_REPRESENTATION_CONTEXT(2) 
PARAMETRIC_REPRESENTATION_CONTEXT() REPRESENTATION_CONTEXT('2D SPACE',''
  ) );
#10767 = PCURVE('',#10183,#10768);
#10768 = DEFINITIONAL_REPRESENTATION('',(#10769),#10773);
#10769 = LINE('',#10770,#10771);
#10770 = CARTESIAN_POINT('',(0.,-0.));
#10771 = VECTOR('',#10772,1.);
#10772 = DIRECTION('',(0.,1.));
#10773 = ( GEOMETRIC_REPRESENTATION_CONTEXT(2) 
PARAMETRIC_REPRESENTATION_CONTEXT() REPRESENTATION_CONTEXT('2D SPACE',''
  ) );
#10774 = ORIENTED_EDGE('',*,*,#10166,.F.);
#10775 = ORIENTED_EDGE('',*,*,#10752,.F.);
#10776 = ORIENTED_EDGE('',*,*,#10777,.T.);
#10777 = EDGE_CURVE('',#10753,#10753,#10778,.T.);
#10778 = SURFACE_CURVE('',#10779,(#10784,#10791),.PCURVE_S1.);
#10779 = CIRCLE('',#10780,1.7);
#10780 = AXIS2_PLACEMENT_3D('',#10781,#10782,#10783);
#10781 = CARTESIAN_POINT('',(-12.,39.3,154.6));
#10782 = DIRECTION('',(0.,0.,1.));
#10783 = DIRECTION('',(1.,0.,-0.));
#10784 = PCURVE('',#10183,#10785);
#10785 = DEFINITIONAL_REPRESENTATION('',(#10786),#10790);
#10786 = LINE('',#10787,#10788);
#10787 = CARTESIAN_POINT('',(0.,5.6));
#10788 = VECTOR('',#10789,1.);
#10789 = DIRECTION('',(1.,0.));
#10790 = ( GEOMETRIC_REPRESENTATION_CONTEXT(2) 
PARAMETRIC_REPRESENTATION_CONTEXT() REPRESENTATION_CONTEXT('2D SPACE',''
  ) );
#10791 = PCURVE('',#10792,#10797);
#10792 = PLANE('',#10793);
#10793 = AXIS2_PLACEMENT_3D('',#10794,#10795,#10796);
#10794 = CARTESIAN_POINT('',(-12.,39.3,154.6));
#10795 = DIRECTION('',(0.,0.,1.));
#10796 = DIRECTION('',(1.,0.,-0.));
#10797 = DEFINITIONAL_REPRESENTATION('',(#10798),#10802);
#10798 = CIRCLE('',#10799,1.7);
#10799 = AXIS2_PLACEMENT_2D('',#10800,#10801);
#10800 = CARTESIAN_POINT('',(0.,0.));
#10801 = DIRECTION('',(1.,0.));
#10802 = ( GEOMETRIC_REPRESENTATION_CONTEXT(2) 
PARAMETRIC_REPRESENTATION_CONTEXT() REPRESENTATION_CONTEXT('2D SPACE',''
  ) );
#10803 = ADVANCED_FACE('',(#10804,#10974),#10792,.F.);
#10804 = FACE_BOUND('',#10805,.F.);
#10805 = EDGE_LOOP('',(#10806,#10836,#10864,#10892,#10920,#10948));
#10806 = ORIENTED_EDGE('',*,*,#10807,.T.);
#10807 = EDGE_CURVE('',#10808,#10810,#10812,.T.);
#10808 = VERTEX_POINT('',#10809);
#10809 = CARTESIAN_POINT('',(-8.709103465619,39.3,154.6));
#10810 = VERTEX_POINT('',#10811);
#10811 = CARTESIAN_POINT('',(-10.35455173281,42.15,154.6));
#10812 = SURFACE_CURVE('',#10813,(#10817,#10824),.PCURVE_S1.);
#10813 = LINE('',#10814,#10815);
#10814 = CARTESIAN_POINT('',(-8.709103465619,39.3,154.6));
#10815 = VECTOR('',#10816,1.);
#10816 = DIRECTION('',(-0.5,0.866025403784,0.));
#10817 = PCURVE('',#10792,#10818);
#10818 = DEFINITIONAL_REPRESENTATION('',(#10819),#10823);
#10819 = LINE('',#10820,#10821);
#10820 = CARTESIAN_POINT('',(3.290896534381,0.));
#10821 = VECTOR('',#10822,1.);
#10822 = DIRECTION('',(-0.5,0.866025403784));
#10823 = ( GEOMETRIC_REPRESENTATION_CONTEXT(2) 
PARAMETRIC_REPRESENTATION_CONTEXT() REPRESENTATION_CONTEXT('2D SPACE',''
  ) );
#10824 = PCURVE('',#10825,#10830);
#10825 = PLANE('',#10826);
#10826 = AXIS2_PLACEMENT_3D('',#10827,#10828,#10829);
#10827 = CARTESIAN_POINT('',(-8.709103465619,39.3,150.));
#10828 = DIRECTION('',(-0.866025403784,-0.5,0.));
#10829 = DIRECTION('',(-0.5,0.866025403784,0.));
#10830 = DEFINITIONAL_REPRESENTATION('',(#10831),#10835);
#10831 = LINE('',#10832,#10833);
#10832 = CARTESIAN_POINT('',(0.,-4.6));
#10833 = VECTOR('',#10834,1.);
#10834 = DIRECTION('',(1.,0.));
#10835 = ( GEOMETRIC_REPRESENTATION_CONTEXT(2) 
PARAMETRIC_REPRESENTATION_CONTEXT() REPRESENTATION_CONTEXT('2D SPACE',''
  ) );
#10836 = ORIENTED_EDGE('',*,*,#10837,.T.);
#10837 = EDGE_CURVE('',#10810,#10838,#10840,.T.);
#10838 = VERTEX_POINT('',#10839);
#10839 = CARTESIAN_POINT('',(-13.64544826719,42.15,154.6));
#10840 = SURFACE_CURVE('',#10841,(#10845,#10852),.PCURVE_S1.);
#10841 = LINE('',#10842,#10843);
#10842 = CARTESIAN_POINT('',(-10.35455173281,42.15,154.6));
#10843 = VECTOR('',#10844,1.);
#10844 = DIRECTION('',(-1.,1.349447499217E-16,0.));
#10845 = PCURVE('',#10792,#10846);
#10846 = DEFINITIONAL_REPRESENTATION('',(#10847),#10851);
#10847 = LINE('',#10848,#10849);
#10848 = CARTESIAN_POINT('',(1.64544826719,2.85));
#10849 = VECTOR('',#10850,1.);
#10850 = DIRECTION('',(-1.,1.349447499217E-16));
#10851 = ( GEOMETRIC_REPRESENTATION_CONTEXT(2) 
PARAMETRIC_REPRESENTATION_CONTEXT() REPRESENTATION_CONTEXT('2D SPACE',''
  ) );
#10852 = PCURVE('',#10853,#10858);
#10853 = PLANE('',#10854);
#10854 = AXIS2_PLACEMENT_3D('',#10855,#10856,#10857);
#10855 = CARTESIAN_POINT('',(-10.35455173281,42.15,150.));
#10856 = DIRECTION('',(-1.349447499217E-16,-1.,0.));
#10857 = DIRECTION('',(-1.,1.349447499217E-16,0.));
#10858 = DEFINITIONAL_REPRESENTATION('',(#10859),#10863);
#10859 = LINE('',#10860,#10861);
#10860 = CARTESIAN_POINT('',(0.,-4.6));
#10861 = VECTOR('',#10862,1.);
#10862 = DIRECTION('',(1.,0.));
#10863 = ( GEOMETRIC_REPRESENTATION_CONTEXT(2) 
PARAMETRIC_REPRESENTATION_CONTEXT() REPRESENTATION_CONTEXT('2D SPACE',''
  ) );
#10864 = ORIENTED_EDGE('',*,*,#10865,.T.);
#10865 = EDGE_CURVE('',#10838,#10866,#10868,.T.);
#10866 = VERTEX_POINT('',#10867);
#10867 = CARTESIAN_POINT('',(-15.29089653438,39.3,154.6));
#10868 = SURFACE_CURVE('',#10869,(#10873,#10880),.PCURVE_S1.);
#10869 = LINE('',#10870,#10871);
#10870 = CARTESIAN_POINT('',(-13.64544826719,42.15,154.6));
#10871 = VECTOR('',#10872,1.);
#10872 = DIRECTION('',(-0.5,-0.866025403784,0.));
#10873 = PCURVE('',#10792,#10874);
#10874 = DEFINITIONAL_REPRESENTATION('',(#10875),#10879);
#10875 = LINE('',#10876,#10877);
#10876 = CARTESIAN_POINT('',(-1.64544826719,2.85));
#10877 = VECTOR('',#10878,1.);
#10878 = DIRECTION('',(-0.5,-0.866025403784));
#10879 = ( GEOMETRIC_REPRESENTATION_CONTEXT(2) 
PARAMETRIC_REPRESENTATION_CONTEXT() REPRESENTATION_CONTEXT('2D SPACE',''
  ) );
#10880 = PCURVE('',#10881,#10886);
#10881 = PLANE('',#10882);
#10882 = AXIS2_PLACEMENT_3D('',#10883,#10884,#10885);
#10883 = CARTESIAN_POINT('',(-13.64544826719,42.15,150.));
#10884 = DIRECTION('',(0.866025403784,-0.5,0.));
#10885 = DIRECTION('',(-0.5,-0.866025403784,0.));
#10886 = DEFINITIONAL_REPRESENTATION('',(#10887),#10891);
#10887 = LINE('',#10888,#10889);
#10888 = CARTESIAN_POINT('',(0.,-4.6));
#10889 = VECTOR('',#10890,1.);
#10890 = DIRECTION('',(1.,0.));
#10891 = ( GEOMETRIC_REPRESENTATION_CONTEXT(2) 
PARAMETRIC_REPRESENTATION_CONTEXT() REPRESENTATION_CONTEXT('2D SPACE',''
  ) );
#10892 = ORIENTED_EDGE('',*,*,#10893,.T.);
#10893 = EDGE_CURVE('',#10866,#10894,#10896,.T.);
#10894 = VERTEX_POINT('',#10895);
#10895 = CARTESIAN_POINT('',(-13.64544826719,36.45,154.6));
#10896 = SURFACE_CURVE('',#10897,(#10901,#10908),.PCURVE_S1.);
#10897 = LINE('',#10898,#10899);
#10898 = CARTESIAN_POINT('',(-15.29089653438,39.3,154.6));
#10899 = VECTOR('',#10900,1.);
#10900 = DIRECTION('',(0.5,-0.866025403784,0.));
#10901 = PCURVE('',#10792,#10902);
#10902 = DEFINITIONAL_REPRESENTATION('',(#10903),#10907);
#10903 = LINE('',#10904,#10905);
#10904 = CARTESIAN_POINT('',(-3.290896534381,0.));
#10905 = VECTOR('',#10906,1.);
#10906 = DIRECTION('',(0.5,-0.866025403784));
#10907 = ( GEOMETRIC_REPRESENTATION_CONTEXT(2) 
PARAMETRIC_REPRESENTATION_CONTEXT() REPRESENTATION_CONTEXT('2D SPACE',''
  ) );
#10908 = PCURVE('',#10909,#10914);
#10909 = PLANE('',#10910);
#10910 = AXIS2_PLACEMENT_3D('',#10911,#10912,#10913);
#10911 = CARTESIAN_POINT('',(-15.29089653438,39.3,150.));
#10912 = DIRECTION('',(0.866025403784,0.5,-0.));
#10913 = DIRECTION('',(0.5,-0.866025403784,0.));
#10914 = DEFINITIONAL_REPRESENTATION('',(#10915),#10919);
#10915 = LINE('',#10916,#10917);
#10916 = CARTESIAN_POINT('',(0.,-4.6));
#10917 = VECTOR('',#10918,1.);
#10918 = DIRECTION('',(1.,0.));
#10919 = ( GEOMETRIC_REPRESENTATION_CONTEXT(2) 
PARAMETRIC_REPRESENTATION_CONTEXT() REPRESENTATION_CONTEXT('2D SPACE',''
  ) );
#10920 = ORIENTED_EDGE('',*,*,#10921,.T.);
#10921 = EDGE_CURVE('',#10894,#10922,#10924,.T.);
#10922 = VERTEX_POINT('',#10923);
#10923 = CARTESIAN_POINT('',(-10.35455173281,36.45,154.6));
#10924 = SURFACE_CURVE('',#10925,(#10929,#10936),.PCURVE_S1.);
#10925 = LINE('',#10926,#10927);
#10926 = CARTESIAN_POINT('',(-13.64544826719,36.45,154.6));
#10927 = VECTOR('',#10928,1.);
#10928 = DIRECTION('',(1.,-5.397789996866E-16,0.));
#10929 = PCURVE('',#10792,#10930);
#10930 = DEFINITIONAL_REPRESENTATION('',(#10931),#10935);
#10931 = LINE('',#10932,#10933);
#10932 = CARTESIAN_POINT('',(-1.64544826719,-2.85));
#10933 = VECTOR('',#10934,1.);
#10934 = DIRECTION('',(1.,-5.397789996866E-16));
#10935 = ( GEOMETRIC_REPRESENTATION_CONTEXT(2) 
PARAMETRIC_REPRESENTATION_CONTEXT() REPRESENTATION_CONTEXT('2D SPACE',''
  ) );
#10936 = PCURVE('',#10937,#10942);
#10937 = PLANE('',#10938);
#10938 = AXIS2_PLACEMENT_3D('',#10939,#10940,#10941);
#10939 = CARTESIAN_POINT('',(-13.64544826719,36.45,150.));
#10940 = DIRECTION('',(5.397789996866E-16,1.,-0.));
#10941 = DIRECTION('',(1.,-5.397789996866E-16,0.));
#10942 = DEFINITIONAL_REPRESENTATION('',(#10943),#10947);
#10943 = LINE('',#10944,#10945);
#10944 = CARTESIAN_POINT('',(0.,-4.6));
#10945 = VECTOR('',#10946,1.);
#10946 = DIRECTION('',(1.,0.));
#10947 = ( GEOMETRIC_REPRESENTATION_CONTEXT(2) 
PARAMETRIC_REPRESENTATION_CONTEXT() REPRESENTATION_CONTEXT('2D SPACE',''
  ) );
#10948 = ORIENTED_EDGE('',*,*,#10949,.T.);
#10949 = EDGE_CURVE('',#10922,#10808,#10950,.T.);
#10950 = SURFACE_CURVE('',#10951,(#10955,#10962),.PCURVE_S1.);
#10951 = LINE('',#10952,#10953);
#10952 = CARTESIAN_POINT('',(-10.35455173281,36.45,154.6));
#10953 = VECTOR('',#10954,1.);
#10954 = DIRECTION('',(0.5,0.866025403784,0.));
#10955 = PCURVE('',#10792,#10956);
#10956 = DEFINITIONAL_REPRESENTATION('',(#10957),#10961);
#10957 = LINE('',#10958,#10959);
#10958 = CARTESIAN_POINT('',(1.64544826719,-2.85));
#10959 = VECTOR('',#10960,1.);
#10960 = DIRECTION('',(0.5,0.866025403784));
#10961 = ( GEOMETRIC_REPRESENTATION_CONTEXT(2) 
PARAMETRIC_REPRESENTATION_CONTEXT() REPRESENTATION_CONTEXT('2D SPACE',''
  ) );
#10962 = PCURVE('',#10963,#10968);
#10963 = PLANE('',#10964);
#10964 = AXIS2_PLACEMENT_3D('',#10965,#10966,#10967);
#10965 = CARTESIAN_POINT('',(-10.35455173281,36.45,150.));
#10966 = DIRECTION('',(-0.866025403784,0.5,0.));
#10967 = DIRECTION('',(0.5,0.866025403784,0.));
#10968 = DEFINITIONAL_REPRESENTATION('',(#10969),#10973);
#10969 = LINE('',#10970,#10971);
#10970 = CARTESIAN_POINT('',(0.,-4.6));
#10971 = VECTOR('',#10972,1.);
#10972 = DIRECTION('',(1.,0.));
#10973 = ( GEOMETRIC_REPRESENTATION_CONTEXT(2) 
PARAMETRIC_REPRESENTATION_CONTEXT() REPRESENTATION_CONTEXT('2D SPACE',''
  ) );
#10974 = FACE_BOUND('',#10975,.F.);
#10975 = EDGE_LOOP('',(#10976));
#10976 = ORIENTED_EDGE('',*,*,#10777,.F.);
#10977 = ADVANCED_FACE('',(#10978),#10909,.T.);
#10978 = FACE_BOUND('',#10979,.T.);
#10979 = EDGE_LOOP('',(#10980,#11003,#11004,#11027));
#10980 = ORIENTED_EDGE('',*,*,#10981,.T.);
#10981 = EDGE_CURVE('',#10982,#10866,#10984,.T.);
#10982 = VERTEX_POINT('',#10983);
#10983 = CARTESIAN_POINT('',(-15.29089653438,39.3,150.));
#10984 = SURFACE_CURVE('',#10985,(#10989,#10996),.PCURVE_S1.);
#10985 = LINE('',#10986,#10987);
#10986 = CARTESIAN_POINT('',(-15.29089653438,39.3,150.));
#10987 = VECTOR('',#10988,1.);
#10988 = DIRECTION('',(0.,0.,1.));
#10989 = PCURVE('',#10909,#10990);
#10990 = DEFINITIONAL_REPRESENTATION('',(#10991),#10995);
#10991 = LINE('',#10992,#10993);
#10992 = CARTESIAN_POINT('',(0.,0.));
#10993 = VECTOR('',#10994,1.);
#10994 = DIRECTION('',(0.,-1.));
#10995 = ( GEOMETRIC_REPRESENTATION_CONTEXT(2) 
PARAMETRIC_REPRESENTATION_CONTEXT() REPRESENTATION_CONTEXT('2D SPACE',''
  ) );
#10996 = PCURVE('',#10881,#10997);
#10997 = DEFINITIONAL_REPRESENTATION('',(#10998),#11002);
#10998 = LINE('',#10999,#11000);
#10999 = CARTESIAN_POINT('',(3.290896534381,0.));
#11000 = VECTOR('',#11001,1.);
#11001 = DIRECTION('',(0.,-1.));
#11002 = ( GEOMETRIC_REPRESENTATION_CONTEXT(2) 
PARAMETRIC_REPRESENTATION_CONTEXT() REPRESENTATION_CONTEXT('2D SPACE',''
  ) );
#11003 = ORIENTED_EDGE('',*,*,#10893,.T.);
#11004 = ORIENTED_EDGE('',*,*,#11005,.F.);
#11005 = EDGE_CURVE('',#11006,#10894,#11008,.T.);
#11006 = VERTEX_POINT('',#11007);
#11007 = CARTESIAN_POINT('',(-13.64544826719,36.45,150.));
#11008 = SURFACE_CURVE('',#11009,(#11013,#11020),.PCURVE_S1.);
#11009 = LINE('',#11010,#11011);
#11010 = CARTESIAN_POINT('',(-13.64544826719,36.45,150.));
#11011 = VECTOR('',#11012,1.);
#11012 = DIRECTION('',(0.,0.,1.));
#11013 = PCURVE('',#10909,#11014);
#11014 = DEFINITIONAL_REPRESENTATION('',(#11015),#11019);
#11015 = LINE('',#11016,#11017);
#11016 = CARTESIAN_POINT('',(3.290896534381,0.));
#11017 = VECTOR('',#11018,1.);
#11018 = DIRECTION('',(0.,-1.));
#11019 = ( GEOMETRIC_REPRESENTATION_CONTEXT(2) 
PARAMETRIC_REPRESENTATION_CONTEXT() REPRESENTATION_CONTEXT('2D SPACE',''
  ) );
#11020 = PCURVE('',#10937,#11021);
#11021 = DEFINITIONAL_REPRESENTATION('',(#11022),#11026);
#11022 = LINE('',#11023,#11024);
#11023 = CARTESIAN_POINT('',(0.,0.));
#11024 = VECTOR('',#11025,1.);
#11025 = DIRECTION('',(0.,-1.));
#11026 = ( GEOMETRIC_REPRESENTATION_CONTEXT(2) 
PARAMETRIC_REPRESENTATION_CONTEXT() REPRESENTATION_CONTEXT('2D SPACE',''
  ) );
#11027 = ORIENTED_EDGE('',*,*,#11028,.F.);
#11028 = EDGE_CURVE('',#10982,#11006,#11029,.T.);
#11029 = SURFACE_CURVE('',#11030,(#11034,#11041),.PCURVE_S1.);
#11030 = LINE('',#11031,#11032);
#11031 = CARTESIAN_POINT('',(-15.29089653438,39.3,150.));
#11032 = VECTOR('',#11033,1.);
#11033 = DIRECTION('',(0.5,-0.866025403784,0.));
#11034 = PCURVE('',#10909,#11035);
#11035 = DEFINITIONAL_REPRESENTATION('',(#11036),#11040);
#11036 = LINE('',#11037,#11038);
#11037 = CARTESIAN_POINT('',(0.,0.));
#11038 = VECTOR('',#11039,1.);
#11039 = DIRECTION('',(1.,0.));
#11040 = ( GEOMETRIC_REPRESENTATION_CONTEXT(2) 
PARAMETRIC_REPRESENTATION_CONTEXT() REPRESENTATION_CONTEXT('2D SPACE',''
  ) );
#11041 = PCURVE('',#8677,#11042);
#11042 = DEFINITIONAL_REPRESENTATION('',(#11043),#11047);
#11043 = LINE('',#11044,#11045);
#11044 = CARTESIAN_POINT('',(4.709103465619,28.));
#11045 = VECTOR('',#11046,1.);
#11046 = DIRECTION('',(0.5,-0.866025403784));
#11047 = ( GEOMETRIC_REPRESENTATION_CONTEXT(2) 
PARAMETRIC_REPRESENTATION_CONTEXT() REPRESENTATION_CONTEXT('2D SPACE',''
  ) );
#11048 = ADVANCED_FACE('',(#11049),#10881,.T.);
#11049 = FACE_BOUND('',#11050,.T.);
#11050 = EDGE_LOOP('',(#11051,#11074,#11075,#11076));
#11051 = ORIENTED_EDGE('',*,*,#11052,.T.);
#11052 = EDGE_CURVE('',#11053,#10838,#11055,.T.);
#11053 = VERTEX_POINT('',#11054);
#11054 = CARTESIAN_POINT('',(-13.64544826719,42.15,150.));
#11055 = SURFACE_CURVE('',#11056,(#11060,#11067),.PCURVE_S1.);
#11056 = LINE('',#11057,#11058);
#11057 = CARTESIAN_POINT('',(-13.64544826719,42.15,150.));
#11058 = VECTOR('',#11059,1.);
#11059 = DIRECTION('',(0.,0.,1.));
#11060 = PCURVE('',#10881,#11061);
#11061 = DEFINITIONAL_REPRESENTATION('',(#11062),#11066);
#11062 = LINE('',#11063,#11064);
#11063 = CARTESIAN_POINT('',(0.,0.));
#11064 = VECTOR('',#11065,1.);
#11065 = DIRECTION('',(0.,-1.));
#11066 = ( GEOMETRIC_REPRESENTATION_CONTEXT(2) 
PARAMETRIC_REPRESENTATION_CONTEXT() REPRESENTATION_CONTEXT('2D SPACE',''
  ) );
#11067 = PCURVE('',#10853,#11068);
#11068 = DEFINITIONAL_REPRESENTATION('',(#11069),#11073);
#11069 = LINE('',#11070,#11071);
#11070 = CARTESIAN_POINT('',(3.290896534381,0.));
#11071 = VECTOR('',#11072,1.);
#11072 = DIRECTION('',(0.,-1.));
#11073 = ( GEOMETRIC_REPRESENTATION_CONTEXT(2) 
PARAMETRIC_REPRESENTATION_CONTEXT() REPRESENTATION_CONTEXT('2D SPACE',''
  ) );
#11074 = ORIENTED_EDGE('',*,*,#10865,.T.);
#11075 = ORIENTED_EDGE('',*,*,#10981,.F.);
#11076 = ORIENTED_EDGE('',*,*,#11077,.F.);
#11077 = EDGE_CURVE('',#11053,#10982,#11078,.T.);
#11078 = SURFACE_CURVE('',#11079,(#11083,#11090),.PCURVE_S1.);
#11079 = LINE('',#11080,#11081);
#11080 = CARTESIAN_POINT('',(-13.64544826719,42.15,150.));
#11081 = VECTOR('',#11082,1.);
#11082 = DIRECTION('',(-0.5,-0.866025403784,0.));
#11083 = PCURVE('',#10881,#11084);
#11084 = DEFINITIONAL_REPRESENTATION('',(#11085),#11089);
#11085 = LINE('',#11086,#11087);
#11086 = CARTESIAN_POINT('',(0.,0.));
#11087 = VECTOR('',#11088,1.);
#11088 = DIRECTION('',(1.,0.));
#11089 = ( GEOMETRIC_REPRESENTATION_CONTEXT(2) 
PARAMETRIC_REPRESENTATION_CONTEXT() REPRESENTATION_CONTEXT('2D SPACE',''
  ) );
#11090 = PCURVE('',#8677,#11091);
#11091 = DEFINITIONAL_REPRESENTATION('',(#11092),#11096);
#11092 = LINE('',#11093,#11094);
#11093 = CARTESIAN_POINT('',(6.35455173281,30.85));
#11094 = VECTOR('',#11095,1.);
#11095 = DIRECTION('',(-0.5,-0.866025403784));
#11096 = ( GEOMETRIC_REPRESENTATION_CONTEXT(2) 
PARAMETRIC_REPRESENTATION_CONTEXT() REPRESENTATION_CONTEXT('2D SPACE',''
  ) );
#11097 = ADVANCED_FACE('',(#11098),#10937,.T.);
#11098 = FACE_BOUND('',#11099,.T.);
#11099 = EDGE_LOOP('',(#11100,#11101,#11102,#11125));
#11100 = ORIENTED_EDGE('',*,*,#11005,.T.);
#11101 = ORIENTED_EDGE('',*,*,#10921,.T.);
#11102 = ORIENTED_EDGE('',*,*,#11103,.F.);
#11103 = EDGE_CURVE('',#11104,#10922,#11106,.T.);
#11104 = VERTEX_POINT('',#11105);
#11105 = CARTESIAN_POINT('',(-10.35455173281,36.45,150.));
#11106 = SURFACE_CURVE('',#11107,(#11111,#11118),.PCURVE_S1.);
#11107 = LINE('',#11108,#11109);
#11108 = CARTESIAN_POINT('',(-10.35455173281,36.45,150.));
#11109 = VECTOR('',#11110,1.);
#11110 = DIRECTION('',(0.,0.,1.));
#11111 = PCURVE('',#10937,#11112);
#11112 = DEFINITIONAL_REPRESENTATION('',(#11113),#11117);
#11113 = LINE('',#11114,#11115);
#11114 = CARTESIAN_POINT('',(3.290896534381,0.));
#11115 = VECTOR('',#11116,1.);
#11116 = DIRECTION('',(0.,-1.));
#11117 = ( GEOMETRIC_REPRESENTATION_CONTEXT(2) 
PARAMETRIC_REPRESENTATION_CONTEXT() REPRESENTATION_CONTEXT('2D SPACE',''
  ) );
#11118 = PCURVE('',#10963,#11119);
#11119 = DEFINITIONAL_REPRESENTATION('',(#11120),#11124);
#11120 = LINE('',#11121,#11122);
#11121 = CARTESIAN_POINT('',(0.,0.));
#11122 = VECTOR('',#11123,1.);
#11123 = DIRECTION('',(0.,-1.));
#11124 = ( GEOMETRIC_REPRESENTATION_CONTEXT(2) 
PARAMETRIC_REPRESENTATION_CONTEXT() REPRESENTATION_CONTEXT('2D SPACE',''
  ) );
#11125 = ORIENTED_EDGE('',*,*,#11126,.F.);
#11126 = EDGE_CURVE('',#11006,#11104,#11127,.T.);
#11127 = SURFACE_CURVE('',#11128,(#11132,#11139),.PCURVE_S1.);
#11128 = LINE('',#11129,#11130);
#11129 = CARTESIAN_POINT('',(-13.64544826719,36.45,150.));
#11130 = VECTOR('',#11131,1.);
#11131 = DIRECTION('',(1.,-5.397789996866E-16,0.));
#11132 = PCURVE('',#10937,#11133);
#11133 = DEFINITIONAL_REPRESENTATION('',(#11134),#11138);
#11134 = LINE('',#11135,#11136);
#11135 = CARTESIAN_POINT('',(0.,0.));
#11136 = VECTOR('',#11137,1.);
#11137 = DIRECTION('',(1.,0.));
#11138 = ( GEOMETRIC_REPRESENTATION_CONTEXT(2) 
PARAMETRIC_REPRESENTATION_CONTEXT() REPRESENTATION_CONTEXT('2D SPACE',''
  ) );
#11139 = PCURVE('',#8677,#11140);
#11140 = DEFINITIONAL_REPRESENTATION('',(#11141),#11145);
#11141 = LINE('',#11142,#11143);
#11142 = CARTESIAN_POINT('',(6.35455173281,25.15));
#11143 = VECTOR('',#11144,1.);
#11144 = DIRECTION('',(1.,-5.397789996866E-16));
#11145 = ( GEOMETRIC_REPRESENTATION_CONTEXT(2) 
PARAMETRIC_REPRESENTATION_CONTEXT() REPRESENTATION_CONTEXT('2D SPACE',''
  ) );
#11146 = ADVANCED_FACE('',(#11147),#10853,.T.);
#11147 = FACE_BOUND('',#11148,.T.);
#11148 = EDGE_LOOP('',(#11149,#11172,#11173,#11174));
#11149 = ORIENTED_EDGE('',*,*,#11150,.T.);
#11150 = EDGE_CURVE('',#11151,#10810,#11153,.T.);
#11151 = VERTEX_POINT('',#11152);
#11152 = CARTESIAN_POINT('',(-10.35455173281,42.15,150.));
#11153 = SURFACE_CURVE('',#11154,(#11158,#11165),.PCURVE_S1.);
#11154 = LINE('',#11155,#11156);
#11155 = CARTESIAN_POINT('',(-10.35455173281,42.15,150.));
#11156 = VECTOR('',#11157,1.);
#11157 = DIRECTION('',(0.,0.,1.));
#11158 = PCURVE('',#10853,#11159);
#11159 = DEFINITIONAL_REPRESENTATION('',(#11160),#11164);
#11160 = LINE('',#11161,#11162);
#11161 = CARTESIAN_POINT('',(0.,0.));
#11162 = VECTOR('',#11163,1.);
#11163 = DIRECTION('',(0.,-1.));
#11164 = ( GEOMETRIC_REPRESENTATION_CONTEXT(2) 
PARAMETRIC_REPRESENTATION_CONTEXT() REPRESENTATION_CONTEXT('2D SPACE',''
  ) );
#11165 = PCURVE('',#10825,#11166);
#11166 = DEFINITIONAL_REPRESENTATION('',(#11167),#11171);
#11167 = LINE('',#11168,#11169);
#11168 = CARTESIAN_POINT('',(3.290896534381,0.));
#11169 = VECTOR('',#11170,1.);
#11170 = DIRECTION('',(0.,-1.));
#11171 = ( GEOMETRIC_REPRESENTATION_CONTEXT(2) 
PARAMETRIC_REPRESENTATION_CONTEXT() REPRESENTATION_CONTEXT('2D SPACE',''
  ) );
#11172 = ORIENTED_EDGE('',*,*,#10837,.T.);
#11173 = ORIENTED_EDGE('',*,*,#11052,.F.);
#11174 = ORIENTED_EDGE('',*,*,#11175,.F.);
#11175 = EDGE_CURVE('',#11151,#11053,#11176,.T.);
#11176 = SURFACE_CURVE('',#11177,(#11181,#11188),.PCURVE_S1.);
#11177 = LINE('',#11178,#11179);
#11178 = CARTESIAN_POINT('',(-10.35455173281,42.15,150.));
#11179 = VECTOR('',#11180,1.);
#11180 = DIRECTION('',(-1.,1.349447499217E-16,0.));
#11181 = PCURVE('',#10853,#11182);
#11182 = DEFINITIONAL_REPRESENTATION('',(#11183),#11187);
#11183 = LINE('',#11184,#11185);
#11184 = CARTESIAN_POINT('',(0.,0.));
#11185 = VECTOR('',#11186,1.);
#11186 = DIRECTION('',(1.,0.));
#11187 = ( GEOMETRIC_REPRESENTATION_CONTEXT(2) 
PARAMETRIC_REPRESENTATION_CONTEXT() REPRESENTATION_CONTEXT('2D SPACE',''
  ) );
#11188 = PCURVE('',#8677,#11189);
#11189 = DEFINITIONAL_REPRESENTATION('',(#11190),#11194);
#11190 = LINE('',#11191,#11192);
#11191 = CARTESIAN_POINT('',(9.64544826719,30.85));
#11192 = VECTOR('',#11193,1.);
#11193 = DIRECTION('',(-1.,1.349447499217E-16));
#11194 = ( GEOMETRIC_REPRESENTATION_CONTEXT(2) 
PARAMETRIC_REPRESENTATION_CONTEXT() REPRESENTATION_CONTEXT('2D SPACE',''
  ) );
#11195 = ADVANCED_FACE('',(#11196),#10963,.T.);
#11196 = FACE_BOUND('',#11197,.T.);
#11197 = EDGE_LOOP('',(#11198,#11199,#11200,#11223));
#11198 = ORIENTED_EDGE('',*,*,#11103,.T.);
#11199 = ORIENTED_EDGE('',*,*,#10949,.T.);
#11200 = ORIENTED_EDGE('',*,*,#11201,.F.);
#11201 = EDGE_CURVE('',#11202,#10808,#11204,.T.);
#11202 = VERTEX_POINT('',#11203);
#11203 = CARTESIAN_POINT('',(-8.709103465619,39.3,150.));
#11204 = SURFACE_CURVE('',#11205,(#11209,#11216),.PCURVE_S1.);
#11205 = LINE('',#11206,#11207);
#11206 = CARTESIAN_POINT('',(-8.709103465619,39.3,150.));
#11207 = VECTOR('',#11208,1.);
#11208 = DIRECTION('',(0.,0.,1.));
#11209 = PCURVE('',#10963,#11210);
#11210 = DEFINITIONAL_REPRESENTATION('',(#11211),#11215);
#11211 = LINE('',#11212,#11213);
#11212 = CARTESIAN_POINT('',(3.290896534381,0.));
#11213 = VECTOR('',#11214,1.);
#11214 = DIRECTION('',(0.,-1.));
#11215 = ( GEOMETRIC_REPRESENTATION_CONTEXT(2) 
PARAMETRIC_REPRESENTATION_CONTEXT() REPRESENTATION_CONTEXT('2D SPACE',''
  ) );
#11216 = PCURVE('',#10825,#11217);
#11217 = DEFINITIONAL_REPRESENTATION('',(#11218),#11222);
#11218 = LINE('',#11219,#11220);
#11219 = CARTESIAN_POINT('',(0.,0.));
#11220 = VECTOR('',#11221,1.);
#11221 = DIRECTION('',(0.,-1.));
#11222 = ( GEOMETRIC_REPRESENTATION_CONTEXT(2) 
PARAMETRIC_REPRESENTATION_CONTEXT() REPRESENTATION_CONTEXT('2D SPACE',''
  ) );
#11223 = ORIENTED_EDGE('',*,*,#11224,.F.);
#11224 = EDGE_CURVE('',#11104,#11202,#11225,.T.);
#11225 = SURFACE_CURVE('',#11226,(#11230,#11237),.PCURVE_S1.);
#11226 = LINE('',#11227,#11228);
#11227 = CARTESIAN_POINT('',(-10.35455173281,36.45,150.));
#11228 = VECTOR('',#11229,1.);
#11229 = DIRECTION('',(0.5,0.866025403784,0.));
#11230 = PCURVE('',#10963,#11231);
#11231 = DEFINITIONAL_REPRESENTATION('',(#11232),#11236);
#11232 = LINE('',#11233,#11234);
#11233 = CARTESIAN_POINT('',(0.,0.));
#11234 = VECTOR('',#11235,1.);
#11235 = DIRECTION('',(1.,0.));
#11236 = ( GEOMETRIC_REPRESENTATION_CONTEXT(2) 
PARAMETRIC_REPRESENTATION_CONTEXT() REPRESENTATION_CONTEXT('2D SPACE',''
  ) );
#11237 = PCURVE('',#8677,#11238);
#11238 = DEFINITIONAL_REPRESENTATION('',(#11239),#11243);
#11239 = LINE('',#11240,#11241);
#11240 = CARTESIAN_POINT('',(9.64544826719,25.15));
#11241 = VECTOR('',#11242,1.);
#11242 = DIRECTION('',(0.5,0.866025403784));
#11243 = ( GEOMETRIC_REPRESENTATION_CONTEXT(2) 
PARAMETRIC_REPRESENTATION_CONTEXT() REPRESENTATION_CONTEXT('2D SPACE',''
  ) );
#11244 = ADVANCED_FACE('',(#11245),#10825,.T.);
#11245 = FACE_BOUND('',#11246,.T.);
#11246 = EDGE_LOOP('',(#11247,#11248,#11249,#11250));
#11247 = ORIENTED_EDGE('',*,*,#11201,.T.);
#11248 = ORIENTED_EDGE('',*,*,#10807,.T.);
#11249 = ORIENTED_EDGE('',*,*,#11150,.F.);
#11250 = ORIENTED_EDGE('',*,*,#11251,.F.);
#11251 = EDGE_CURVE('',#11202,#11151,#11252,.T.);
#11252 = SURFACE_CURVE('',#11253,(#11257,#11264),.PCURVE_S1.);
#11253 = LINE('',#11254,#11255);
#11254 = CARTESIAN_POINT('',(-8.709103465619,39.3,150.));
#11255 = VECTOR('',#11256,1.);
#11256 = DIRECTION('',(-0.5,0.866025403784,0.));
#11257 = PCURVE('',#10825,#11258);
#11258 = DEFINITIONAL_REPRESENTATION('',(#11259),#11263);
#11259 = LINE('',#11260,#11261);
#11260 = CARTESIAN_POINT('',(0.,0.));
#11261 = VECTOR('',#11262,1.);
#11262 = DIRECTION('',(1.,0.));
#11263 = ( GEOMETRIC_REPRESENTATION_CONTEXT(2) 
PARAMETRIC_REPRESENTATION_CONTEXT() REPRESENTATION_CONTEXT('2D SPACE',''
  ) );
#11264 = PCURVE('',#8677,#11265);
#11265 = DEFINITIONAL_REPRESENTATION('',(#11266),#11270);
#11266 = LINE('',#11267,#11268);
#11267 = CARTESIAN_POINT('',(11.290896534381,28.));
#11268 = VECTOR('',#11269,1.);
#11269 = DIRECTION('',(-0.5,0.866025403784));
#11270 = ( GEOMETRIC_REPRESENTATION_CONTEXT(2) 
PARAMETRIC_REPRESENTATION_CONTEXT() REPRESENTATION_CONTEXT('2D SPACE',''
  ) );
#11271 = ADVANCED_FACE('',(#11272),#8705,.T.);
#11272 = FACE_BOUND('',#11273,.T.);
#11273 = EDGE_LOOP('',(#11274,#11295,#11296,#11297));
#11274 = ORIENTED_EDGE('',*,*,#11275,.F.);
#11275 = EDGE_CURVE('',#8662,#10020,#11276,.T.);
#11276 = SURFACE_CURVE('',#11277,(#11281,#11288),.PCURVE_S1.);
#11277 = LINE('',#11278,#11279);
#11278 = CARTESIAN_POINT('',(-20.,45.3,150.));
#11279 = VECTOR('',#11280,1.);
#11280 = DIRECTION('',(1.,0.,0.));
#11281 = PCURVE('',#8705,#11282);
#11282 = DEFINITIONAL_REPRESENTATION('',(#11283),#11287);
#11283 = LINE('',#11284,#11285);
#11284 = CARTESIAN_POINT('',(0.,0.));
#11285 = VECTOR('',#11286,1.);
#11286 = DIRECTION('',(0.,1.));
#11287 = ( GEOMETRIC_REPRESENTATION_CONTEXT(2) 
PARAMETRIC_REPRESENTATION_CONTEXT() REPRESENTATION_CONTEXT('2D SPACE',''
  ) );
#11288 = PCURVE('',#8677,#11289);
#11289 = DEFINITIONAL_REPRESENTATION('',(#11290),#11294);
#11290 = LINE('',#11291,#11292);
#11291 = CARTESIAN_POINT('',(0.,34.));
#11292 = VECTOR('',#11293,1.);
#11293 = DIRECTION('',(1.,0.));
#11294 = ( GEOMETRIC_REPRESENTATION_CONTEXT(2) 
PARAMETRIC_REPRESENTATION_CONTEXT() REPRESENTATION_CONTEXT('2D SPACE',''
  ) );
#11295 = ORIENTED_EDGE('',*,*,#8689,.F.);
#11296 = ORIENTED_EDGE('',*,*,#10143,.T.);
#11297 = ORIENTED_EDGE('',*,*,#10042,.T.);
#11298 = ADVANCED_FACE('',(#11299,#11325,#11328,#11331,#11339),#8677,.F.
  );
#11299 = FACE_BOUND('',#11300,.F.);
#11300 = EDGE_LOOP('',(#11301,#11302,#11323,#11324));
#11301 = ORIENTED_EDGE('',*,*,#8661,.F.);
#11302 = ORIENTED_EDGE('',*,*,#11303,.T.);
#11303 = EDGE_CURVE('',#8627,#9997,#11304,.T.);
#11304 = SURFACE_CURVE('',#11305,(#11309,#11316),.PCURVE_S1.);
#11305 = LINE('',#11306,#11307);
#11306 = CARTESIAN_POINT('',(-20.,11.3,150.));
#11307 = VECTOR('',#11308,1.);
#11308 = DIRECTION('',(1.,0.,0.));
#11309 = PCURVE('',#8677,#11310);
#11310 = DEFINITIONAL_REPRESENTATION('',(#11311),#11315);
#11311 = LINE('',#11312,#11313);
#11312 = CARTESIAN_POINT('',(0.,0.));
#11313 = VECTOR('',#11314,1.);
#11314 = DIRECTION('',(1.,0.));
#11315 = ( GEOMETRIC_REPRESENTATION_CONTEXT(2) 
PARAMETRIC_REPRESENTATION_CONTEXT() REPRESENTATION_CONTEXT('2D SPACE',''
  ) );
#11316 = PCURVE('',#8649,#11317);
#11317 = DEFINITIONAL_REPRESENTATION('',(#11318),#11322);
#11318 = LINE('',#11319,#11320);
#11319 = CARTESIAN_POINT('',(0.,0.));
#11320 = VECTOR('',#11321,1.);
#11321 = DIRECTION('',(0.,1.));
#11322 = ( GEOMETRIC_REPRESENTATION_CONTEXT(2) 
PARAMETRIC_REPRESENTATION_CONTEXT() REPRESENTATION_CONTEXT('2D SPACE',''
  ) );
#11323 = ORIENTED_EDGE('',*,*,#10019,.T.);
#11324 = ORIENTED_EDGE('',*,*,#11275,.F.);
#11325 = FACE_BOUND('',#11326,.F.);
#11326 = EDGE_LOOP('',(#11327));
#11327 = ORIENTED_EDGE('',*,*,#9855,.F.);
#11328 = FACE_BOUND('',#11329,.F.);
#11329 = EDGE_LOOP('',(#11330));
#11330 = ORIENTED_EDGE('',*,*,#9466,.F.);
#11331 = FACE_BOUND('',#11332,.F.);
#11332 = EDGE_LOOP('',(#11333,#11334,#11335,#11336,#11337,#11338));
#11333 = ORIENTED_EDGE('',*,*,#11251,.F.);
#11334 = ORIENTED_EDGE('',*,*,#11224,.F.);
#11335 = ORIENTED_EDGE('',*,*,#11126,.F.);
#11336 = ORIENTED_EDGE('',*,*,#11028,.F.);
#11337 = ORIENTED_EDGE('',*,*,#11077,.F.);
#11338 = ORIENTED_EDGE('',*,*,#11175,.F.);
#11339 = FACE_BOUND('',#11340,.F.);
#11340 = EDGE_LOOP('',(#11341,#11342,#11343,#11344,#11345,#11346));
#11341 = ORIENTED_EDGE('',*,*,#10728,.F.);
#11342 = ORIENTED_EDGE('',*,*,#10701,.F.);
#11343 = ORIENTED_EDGE('',*,*,#10603,.F.);
#11344 = ORIENTED_EDGE('',*,*,#10505,.F.);
#11345 = ORIENTED_EDGE('',*,*,#10554,.F.);
#11346 = ORIENTED_EDGE('',*,*,#10652,.F.);
#11347 = ADVANCED_FACE('',(#11348),#8649,.F.);
#11348 = FACE_BOUND('',#11349,.F.);
#11349 = EDGE_LOOP('',(#11350,#11351,#11352,#11353));
#11350 = ORIENTED_EDGE('',*,*,#11303,.F.);
#11351 = ORIENTED_EDGE('',*,*,#8626,.T.);
#11352 = ORIENTED_EDGE('',*,*,#8803,.T.);
#11353 = ORIENTED_EDGE('',*,*,#9996,.F.);
#11354 = ( GEOMETRIC_REPRESENTATION_CONTEXT(3) 
GLOBAL_UNCERTAINTY_ASSIGNED_CONTEXT((#11358)) 
GLOBAL_UNIT_ASSIGNED_CONTEXT((#11355,#11356,#11357)) 
REPRESENTATION_CONTEXT('Context #1',
  '3D Context with UNIT and UNCERTAINTY') );
#11355 = ( LENGTH_UNIT() NAMED_UNIT(*) SI_UNIT(.MILLI.,.METRE.) );
#11356 = ( NAMED_UNIT(*) PLANE_ANGLE_UNIT() SI_UNIT($,.RADIAN.) );
#11357 = ( NAMED_UNIT(*) SI_UNIT($,.STERADIAN.) SOLID_ANGLE_UNIT() );
#11358 = UNCERTAINTY_MEASURE_WITH_UNIT(LENGTH_MEASURE(1.E-07),#11355,
  'distance_accuracy_value','confusion accuracy');
#11359 = CONTEXT_DEPENDENT_SHAPE_REPRESENTATION(#11360,#11362);
#11360 = ( REPRESENTATION_RELATIONSHIP('','',#8619,#10) 
REPRESENTATION_RELATIONSHIP_WITH_TRANSFORMATION(#11361) 
SHAPE_REPRESENTATION_RELATIONSHIP() );
#11361 = ITEM_DEFINED_TRANSFORMATION('','',#11,#27);
#11362 = PRODUCT_DEFINITION_SHAPE('Placement','Placement of an item',
  #11363);
#11363 = NEXT_ASSEMBLY_USAGE_OCCURRENCE('4','jaw_left','',#5,#8614,$);
#11364 = PRODUCT_RELATED_PRODUCT_CATEGORY('part',$,(#8616));
#11365 = SHAPE_DEFINITION_REPRESENTATION(#11366,#11372);
#11366 = PRODUCT_DEFINITION_SHAPE('','',#11367);
#11367 = PRODUCT_DEFINITION('design','',#11368,#11371);
#11368 = PRODUCT_DEFINITION_FORMATION('','',#11369);
#11369 = PRODUCT('cap_left','cap_left','',(#11370));
#11370 = PRODUCT_CONTEXT('',#2,'mechanical');
#11371 = PRODUCT_DEFINITION_CONTEXT('part definition',#2,'design');
#11372 = ADVANCED_BREP_SHAPE_REPRESENTATION('',(#11,#11373),#12179);
#11373 = MANIFOLD_SOLID_BREP('',#11374);
#11374 = CLOSED_SHELL('',(#11375,#11495,#11569,#11792,#11841,#12012,
    #12039,#12066,#12091,#12118,#12145,#12172));
#11375 = ADVANCED_FACE('',(#11376),#11390,.F.);
#11376 = FACE_BOUND('',#11377,.F.);
#11377 = EDGE_LOOP('',(#11378,#11413,#11441,#11469));
#11378 = ORIENTED_EDGE('',*,*,#11379,.F.);
#11379 = EDGE_CURVE('',#11380,#11382,#11384,.T.);
#11380 = VERTEX_POINT('',#11381);
#11381 = CARTESIAN_POINT('',(-20.,33.3,158.));
#11382 = VERTEX_POINT('',#11383);
#11383 = CARTESIAN_POINT('',(-20.,33.3,162.));
#11384 = SURFACE_CURVE('',#11385,(#11389,#11401),.PCURVE_S1.);
#11385 = LINE('',#11386,#11387);
#11386 = CARTESIAN_POINT('',(-20.,33.3,158.));
#11387 = VECTOR('',#11388,1.);
#11388 = DIRECTION('',(0.,0.,1.));
#11389 = PCURVE('',#11390,#11395);
#11390 = PLANE('',#11391);
#11391 = AXIS2_PLACEMENT_3D('',#11392,#11393,#11394);
#11392 = CARTESIAN_POINT('',(-20.,33.3,158.));
#11393 = DIRECTION('',(1.,0.,0.));
#11394 = DIRECTION('',(0.,0.,1.));
#11395 = DEFINITIONAL_REPRESENTATION('',(#11396),#11400);
#11396 = LINE('',#11397,#11398);
#11397 = CARTESIAN_POINT('',(0.,0.));
#11398 = VECTOR('',#11399,1.);
#11399 = DIRECTION('',(1.,0.));
#11400 = ( GEOMETRIC_REPRESENTATION_CONTEXT(2) 
PARAMETRIC_REPRESENTATION_CONTEXT() REPRESENTATION_CONTEXT('2D SPACE',''
  ) );
#11401 = PCURVE('',#11402,#11407);
#11402 = PLANE('',#11403);
#11403 = AXIS2_PLACEMENT_3D('',#11404,#11405,#11406);
#11404 = CARTESIAN_POINT('',(-20.,33.3,158.));
#11405 = DIRECTION('',(0.,1.,0.));
#11406 = DIRECTION('',(0.,0.,1.));
#11407 = DEFINITIONAL_REPRESENTATION('',(#11408),#11412);
#11408 = LINE('',#11409,#11410);
#11409 = CARTESIAN_POINT('',(0.,0.));
#11410 = VECTOR('',#11411,1.);
#11411 = DIRECTION('',(1.,0.));
#11412 = ( GEOMETRIC_REPRESENTATION_CONTEXT(2) 
PARAMETRIC_REPRESENTATION_CONTEXT() REPRESENTATION_CONTEXT('2D SPACE',''
  ) );
#11413 = ORIENTED_EDGE('',*,*,#11414,.T.);
#11414 = EDGE_CURVE('',#11380,#11415,#11417,.T.);
#11415 = VERTEX_POINT('',#11416);
#11416 = CARTESIAN_POINT('',(-20.,45.3,158.));
#11417 = SURFACE_CURVE('',#11418,(#11422,#11429),.PCURVE_S1.);
#11418 = LINE('',#11419,#11420);
#11419 = CARTESIAN_POINT('',(-20.,33.3,158.));
#11420 = VECTOR('',#11421,1.);
#11421 = DIRECTION('',(0.,1.,0.));
#11422 = PCURVE('',#11390,#11423);
#11423 = DEFINITIONAL_REPRESENTATION('',(#11424),#11428);
#11424 = LINE('',#11425,#11426);
#11425 = CARTESIAN_POINT('',(0.,0.));
#11426 = VECTOR('',#11427,1.);
#11427 = DIRECTION('',(0.,-1.));
#11428 = ( GEOMETRIC_REPRESENTATION_CONTEXT(2) 
PARAMETRIC_REPRESENTATION_CONTEXT() REPRESENTATION_CONTEXT('2D SPACE',''
  ) );
#11429 = PCURVE('',#11430,#11435);
#11430 = PLANE('',#11431);
#11431 = AXIS2_PLACEMENT_3D('',#11432,#11433,#11434);
#11432 = CARTESIAN_POINT('',(-20.,33.3,158.));
#11433 = DIRECTION('',(0.,0.,1.));
#11434 = DIRECTION('',(1.,0.,0.));
#11435 = DEFINITIONAL_REPRESENTATION('',(#11436),#11440);
#11436 = LINE('',#11437,#11438);
#11437 = CARTESIAN_POINT('',(0.,0.));
#11438 = VECTOR('',#11439,1.);
#11439 = DIRECTION('',(0.,1.));
#11440 = ( GEOMETRIC_REPRESENTATION_CONTEXT(2) 
PARAMETRIC_REPRESENTATION_CONTEXT() REPRESENTATION_CONTEXT('2D SPACE',''
  ) );
#11441 = ORIENTED_EDGE('',*,*,#11442,.T.);
#11442 = EDGE_CURVE('',#11415,#11443,#11445,.T.);
#11443 = VERTEX_POINT('',#11444);
#11444 = CARTESIAN_POINT('',(-20.,45.3,162.));
#11445 = SURFACE_CURVE('',#11446,(#11450,#11457),.PCURVE_S1.);
#11446 = LINE('',#11447,#11448);
#11447 = CARTESIAN_POINT('',(-20.,45.3,158.));
#11448 = VECTOR('',#11449,1.);
#11449 = DIRECTION('',(0.,0.,1.));
#11450 = PCURVE('',#11390,#11451);
#11451 = DEFINITIONAL_REPRESENTATION('',(#11452),#11456);
#11452 = LINE('',#11453,#11454);
#11453 = CARTESIAN_POINT('',(0.,-12.));
#11454 = VECTOR('',#11455,1.);
#11455 = DIRECTION('',(1.,0.));
#11456 = ( GEOMETRIC_REPRESENTATION_CONTEXT(2) 
PARAMETRIC_REPRESENTATION_CONTEXT() REPRESENTATION_CONTEXT('2D SPACE',''
  ) );
#11457 = PCURVE('',#11458,#11463);
#11458 = PLANE('',#11459);
#11459 = AXIS2_PLACEMENT_3D('',#11460,#11461,#11462);
#11460 = CARTESIAN_POINT('',(-20.,45.3,158.));
#11461 = DIRECTION('',(0.,1.,0.));
#11462 = DIRECTION('',(0.,0.,1.));
#11463 = DEFINITIONAL_REPRESENTATION('',(#11464),#11468);
#11464 = LINE('',#11465,#11466);
#11465 = CARTESIAN_POINT('',(0.,0.));
#11466 = VECTOR('',#11467,1.);
#11467 = DIRECTION('',(1.,0.));
#11468 = ( GEOMETRIC_REPRESENTATION_CONTEXT(2) 
PARAMETRIC_REPRESENTATION_CONTEXT() REPRESENTATION_CONTEXT('2D SPACE',''
  ) );
#11469 = ORIENTED_EDGE('',*,*,#11470,.F.);
#11470 = EDGE_CURVE('',#11382,#11443,#11471,.T.);
#11471 = SURFACE_CURVE('',#11472,(#11476,#11483),.PCURVE_S1.);
#11472 = LINE('',#11473,#11474);
#11473 = CARTESIAN_POINT('',(-20.,33.3,162.));
#11474 = VECTOR('',#11475,1.);
#11475 = DIRECTION('',(0.,1.,0.));
#11476 = PCURVE('',#11390,#11477);
#11477 = DEFINITIONAL_REPRESENTATION('',(#11478),#11482);
#11478 = LINE('',#11479,#11480);
#11479 = CARTESIAN_POINT('',(4.,0.));
#11480 = VECTOR('',#11481,1.);
#11481 = DIRECTION('',(0.,-1.));
#11482 = ( GEOMETRIC_REPRESENTATION_CONTEXT(2) 
PARAMETRIC_REPRESENTATION_CONTEXT() REPRESENTATION_CONTEXT('2D SPACE',''
  ) );
#11483 = PCURVE('',#11484,#11489);
#11484 = PLANE('',#11485);
#11485 = AXIS2_PLACEMENT_3D('',#11486,#11487,#11488);
#11486 = CARTESIAN_POINT('',(-20.,33.3,162.));
#11487 = DIRECTION('',(0.,0.,1.));
#11488 = DIRECTION('',(1.,0.,0.));
#11489 = DEFINITIONAL_REPRESENTATION('',(#11490),#11494);
#11490 = LINE('',#11491,#11492);
#11491 = CARTESIAN_POINT('',(0.,0.));
#11492 = VECTOR('',#11493,1.);
#11493 = DIRECTION('',(0.,1.));
#11494 = ( GEOMETRIC_REPRESENTATION_CONTEXT(2) 
PARAMETRIC_REPRESENTATION_CONTEXT() REPRESENTATION_CONTEXT('2D SPACE',''
  ) );
#11495 = ADVANCED_FACE('',(#11496),#11402,.F.);
#11496 = FACE_BOUND('',#11497,.F.);
#11497 = EDGE_LOOP('',(#11498,#11521,#11522,#11545));
#11498 = ORIENTED_EDGE('',*,*,#11499,.F.);
#11499 = EDGE_CURVE('',#11380,#11500,#11502,.T.);
#11500 = VERTEX_POINT('',#11501);
#11501 = CARTESIAN_POINT('',(-8.,33.3,158.));
#11502 = SURFACE_CURVE('',#11503,(#11507,#11514),.PCURVE_S1.);
#11503 = LINE('',#11504,#11505);
#11504 = CARTESIAN_POINT('',(-20.,33.3,158.));
#11505 = VECTOR('',#11506,1.);
#11506 = DIRECTION('',(1.,0.,0.));
#11507 = PCURVE('',#11402,#11508);
#11508 = DEFINITIONAL_REPRESENTATION('',(#11509),#11513);
#11509 = LINE('',#11510,#11511);
#11510 = CARTESIAN_POINT('',(0.,0.));
#11511 = VECTOR('',#11512,1.);
#11512 = DIRECTION('',(0.,1.));
#11513 = ( GEOMETRIC_REPRESENTATION_CONTEXT(2) 
PARAMETRIC_REPRESENTATION_CONTEXT() REPRESENTATION_CONTEXT('2D SPACE',''
  ) );
#11514 = PCURVE('',#11430,#11515);
#11515 = DEFINITIONAL_REPRESENTATION('',(#11516),#11520);
#11516 = LINE('',#11517,#11518);
#11517 = CARTESIAN_POINT('',(0.,0.));
#11518 = VECTOR('',#11519,1.);
#11519 = DIRECTION('',(1.,0.));
#11520 = ( GEOMETRIC_REPRESENTATION_CONTEXT(2) 
PARAMETRIC_REPRESENTATION_CONTEXT() REPRESENTATION_CONTEXT('2D SPACE',''
  ) );
#11521 = ORIENTED_EDGE('',*,*,#11379,.T.);
#11522 = ORIENTED_EDGE('',*,*,#11523,.T.);
#11523 = EDGE_CURVE('',#11382,#11524,#11526,.T.);
#11524 = VERTEX_POINT('',#11525);
#11525 = CARTESIAN_POINT('',(-8.,33.3,162.));
#11526 = SURFACE_CURVE('',#11527,(#11531,#11538),.PCURVE_S1.);
#11527 = LINE('',#11528,#11529);
#11528 = CARTESIAN_POINT('',(-20.,33.3,162.));
#11529 = VECTOR('',#11530,1.);
#11530 = DIRECTION('',(1.,0.,0.));
#11531 = PCURVE('',#11402,#11532);
#11532 = DEFINITIONAL_REPRESENTATION('',(#11533),#11537);
#11533 = LINE('',#11534,#11535);
#11534 = CARTESIAN_POINT('',(4.,0.));
#11535 = VECTOR('',#11536,1.);
#11536 = DIRECTION('',(0.,1.));
#11537 = ( GEOMETRIC_REPRESENTATION_CONTEXT(2) 
PARAMETRIC_REPRESENTATION_CONTEXT() REPRESENTATION_CONTEXT('2D SPACE',''
  ) );
#11538 = PCURVE('',#11484,#11539);
#11539 = DEFINITIONAL_REPRESENTATION('',(#11540),#11544);
#11540 = LINE('',#11541,#11542);
#11541 = CARTESIAN_POINT('',(0.,0.));
#11542 = VECTOR('',#11543,1.);
#11543 = DIRECTION('',(1.,0.));
#11544 = ( GEOMETRIC_REPRESENTATION_CONTEXT(2) 
PARAMETRIC_REPRESENTATION_CONTEXT() REPRESENTATION_CONTEXT('2D SPACE',''
  ) );
#11545 = ORIENTED_EDGE('',*,*,#11546,.T.);
#11546 = EDGE_CURVE('',#11524,#11500,#11547,.T.);
#11547 = SURFACE_CURVE('',#11548,(#11552,#11558),.PCURVE_S1.);
#11548 = LINE('',#11549,#11550);
#11549 = CARTESIAN_POINT('',(-8.,33.3,158.));
#11550 = VECTOR('',#11551,1.);
#11551 = DIRECTION('',(0.,0.,-1.));
#11552 = PCURVE('',#11402,#11553);
#11553 = DEFINITIONAL_REPRESENTATION('',(#11554),#11557);
#11554 = B_SPLINE_CURVE_WITH_KNOTS('',1,(#11555,#11556),.UNSPECIFIED.,
  .F.,.F.,(2,2),(-4.,0.),.PIECEWISE_BEZIER_KNOTS.);
#11555 = CARTESIAN_POINT('',(4.,12.));
#11556 = CARTESIAN_POINT('',(0.,12.));
#11557 = ( GEOMETRIC_REPRESENTATION_CONTEXT(2) 
PARAMETRIC_REPRESENTATION_CONTEXT() REPRESENTATION_CONTEXT('2D SPACE',''
  ) );
#11558 = PCURVE('',#11559,#11564);
#11559 = PLANE('',#11560);
#11560 = AXIS2_PLACEMENT_3D('',#11561,#11562,#11563);
#11561 = CARTESIAN_POINT('',(-8.,30.3,158.));
#11562 = DIRECTION('',(1.,0.,0.));
#11563 = DIRECTION('',(0.,0.,1.));
#11564 = DEFINITIONAL_REPRESENTATION('',(#11565),#11568);
#11565 = B_SPLINE_CURVE_WITH_KNOTS('',1,(#11566,#11567),.UNSPECIFIED.,
  .F.,.F.,(2,2),(-4.,0.),.PIECEWISE_BEZIER_KNOTS.);
#11566 = CARTESIAN_POINT('',(4.,-3.));
#11567 = CARTESIAN_POINT('',(0.,-3.));
#11568 = ( GEOMETRIC_REPRESENTATION_CONTEXT(2) 
PARAMETRIC_REPRESENTATION_CONTEXT() REPRESENTATION_CONTEXT('2D SPACE',''
  ) );
#11569 = ADVANCED_FACE('',(#11570,#11730,#11761),#11484,.T.);
#11570 = FACE_BOUND('',#11571,.T.);
#11571 = EDGE_LOOP('',(#11572,#11595,#11596,#11597,#11620,#11648,#11676,
    #11704));
#11572 = ORIENTED_EDGE('',*,*,#11573,.F.);
#11573 = EDGE_CURVE('',#11443,#11574,#11576,.T.);
#11574 = VERTEX_POINT('',#11575);
#11575 = CARTESIAN_POINT('',(20.,45.3,162.));
#11576 = SURFACE_CURVE('',#11577,(#11581,#11588),.PCURVE_S1.);
#11577 = LINE('',#11578,#11579);
#11578 = CARTESIAN_POINT('',(-20.,45.3,162.));
#11579 = VECTOR('',#11580,1.);
#11580 = DIRECTION('',(1.,0.,0.));
#11581 = PCURVE('',#11484,#11582);
#11582 = DEFINITIONAL_REPRESENTATION('',(#11583),#11587);
#11583 = LINE('',#11584,#11585);
#11584 = CARTESIAN_POINT('',(0.,12.));
#11585 = VECTOR('',#11586,1.);
#11586 = DIRECTION('',(1.,0.));
#11587 = ( GEOMETRIC_REPRESENTATION_CONTEXT(2) 
PARAMETRIC_REPRESENTATION_CONTEXT() REPRESENTATION_CONTEXT('2D SPACE',''
  ) );
#11588 = PCURVE('',#11458,#11589);
#11589 = DEFINITIONAL_REPRESENTATION('',(#11590),#11594);
#11590 = LINE('',#11591,#11592);
#11591 = CARTESIAN_POINT('',(4.,0.));
#11592 = VECTOR('',#11593,1.);
#11593 = DIRECTION('',(0.,1.));
#11594 = ( GEOMETRIC_REPRESENTATION_CONTEXT(2) 
PARAMETRIC_REPRESENTATION_CONTEXT() REPRESENTATION_CONTEXT('2D SPACE',''
  ) );
#11595 = ORIENTED_EDGE('',*,*,#11470,.F.);
#11596 = ORIENTED_EDGE('',*,*,#11523,.T.);
#11597 = ORIENTED_EDGE('',*,*,#11598,.F.);
#11598 = EDGE_CURVE('',#11599,#11524,#11601,.T.);
#11599 = VERTEX_POINT('',#11600);
#11600 = CARTESIAN_POINT('',(-8.,30.3,162.));
#11601 = SURFACE_CURVE('',#11602,(#11606,#11613),.PCURVE_S1.);
#11602 = LINE('',#11603,#11604);
#11603 = CARTESIAN_POINT('',(-8.,30.3,162.));
#11604 = VECTOR('',#11605,1.);
#11605 = DIRECTION('',(0.,1.,0.));
#11606 = PCURVE('',#11484,#11607);
#11607 = DEFINITIONAL_REPRESENTATION('',(#11608),#11612);
#11608 = LINE('',#11609,#11610);
#11609 = CARTESIAN_POINT('',(12.,-3.));
#11610 = VECTOR('',#11611,1.);
#11611 = DIRECTION('',(0.,1.));
#11612 = ( GEOMETRIC_REPRESENTATION_CONTEXT(2) 
PARAMETRIC_REPRESENTATION_CONTEXT() REPRESENTATION_CONTEXT('2D SPACE',''
  ) );
#11613 = PCURVE('',#11559,#11614);
#11614 = DEFINITIONAL_REPRESENTATION('',(#11615),#11619);
#11615 = LINE('',#11616,#11617);
#11616 = CARTESIAN_POINT('',(4.,0.));
#11617 = VECTOR('',#11618,1.);
#11618 = DIRECTION('',(0.,-1.));
#11619 = ( GEOMETRIC_REPRESENTATION_CONTEXT(2) 
PARAMETRIC_REPRESENTATION_CONTEXT() REPRESENTATION_CONTEXT('2D SPACE',''
  ) );
#11620 = ORIENTED_EDGE('',*,*,#11621,.T.);
#11621 = EDGE_CURVE('',#11599,#11622,#11624,.T.);
#11622 = VERTEX_POINT('',#11623);
#11623 = CARTESIAN_POINT('',(8.,30.3,162.));
#11624 = SURFACE_CURVE('',#11625,(#11629,#11636),.PCURVE_S1.);
#11625 = LINE('',#11626,#11627);
#11626 = CARTESIAN_POINT('',(-8.,30.3,162.));
#11627 = VECTOR('',#11628,1.);
#11628 = DIRECTION('',(1.,0.,0.));
#11629 = PCURVE('',#11484,#11630);
#11630 = DEFINITIONAL_REPRESENTATION('',(#11631),#11635);
#11631 = LINE('',#11632,#11633);
#11632 = CARTESIAN_POINT('',(12.,-3.));
#11633 = VECTOR('',#11634,1.);
#11634 = DIRECTION('',(1.,0.));
#11635 = ( GEOMETRIC_REPRESENTATION_CONTEXT(2) 
PARAMETRIC_REPRESENTATION_CONTEXT() REPRESENTATION_CONTEXT('2D SPACE',''
  ) );
#11636 = PCURVE('',#11637,#11642);
#11637 = PLANE('',#11638);
#11638 = AXIS2_PLACEMENT_3D('',#11639,#11640,#11641);
#11639 = CARTESIAN_POINT('',(-8.,30.3,158.));
#11640 = DIRECTION('',(0.,1.,0.));
#11641 = DIRECTION('',(0.,0.,1.));
#11642 = DEFINITIONAL_REPRESENTATION('',(#11643),#11647);
#11643 = LINE('',#11644,#11645);
#11644 = CARTESIAN_POINT('',(4.,0.));
#11645 = VECTOR('',#11646,1.);
#11646 = DIRECTION('',(0.,1.));
#11647 = ( GEOMETRIC_REPRESENTATION_CONTEXT(2) 
PARAMETRIC_REPRESENTATION_CONTEXT() REPRESENTATION_CONTEXT('2D SPACE',''
  ) );
#11648 = ORIENTED_EDGE('',*,*,#11649,.T.);
#11649 = EDGE_CURVE('',#11622,#11650,#11652,.T.);
#11650 = VERTEX_POINT('',#11651);
#11651 = CARTESIAN_POINT('',(8.,33.3,162.));
#11652 = SURFACE_CURVE('',#11653,(#11657,#11664),.PCURVE_S1.);
#11653 = LINE('',#11654,#11655);
#11654 = CARTESIAN_POINT('',(8.,30.3,162.));
#11655 = VECTOR('',#11656,1.);
#11656 = DIRECTION('',(0.,1.,0.));
#11657 = PCURVE('',#11484,#11658);
#11658 = DEFINITIONAL_REPRESENTATION('',(#11659),#11663);
#11659 = LINE('',#11660,#11661);
#11660 = CARTESIAN_POINT('',(28.,-3.));
#11661 = VECTOR('',#11662,1.);
#11662 = DIRECTION('',(0.,1.));
#11663 = ( GEOMETRIC_REPRESENTATION_CONTEXT(2) 
PARAMETRIC_REPRESENTATION_CONTEXT() REPRESENTATION_CONTEXT('2D SPACE',''
  ) );
#11664 = PCURVE('',#11665,#11670);
#11665 = PLANE('',#11666);
#11666 = AXIS2_PLACEMENT_3D('',#11667,#11668,#11669);
#11667 = CARTESIAN_POINT('',(8.,30.3,158.));
#11668 = DIRECTION('',(1.,0.,0.));
#11669 = DIRECTION('',(0.,0.,1.));
#11670 = DEFINITIONAL_REPRESENTATION('',(#11671),#11675);
#11671 = LINE('',#11672,#11673);
#11672 = CARTESIAN_POINT('',(4.,0.));
#11673 = VECTOR('',#11674,1.);
#11674 = DIRECTION('',(0.,-1.));
#11675 = ( GEOMETRIC_REPRESENTATION_CONTEXT(2) 
PARAMETRIC_REPRESENTATION_CONTEXT() REPRESENTATION_CONTEXT('2D SPACE',''
  ) );
#11676 = ORIENTED_EDGE('',*,*,#11677,.T.);
#11677 = EDGE_CURVE('',#11650,#11678,#11680,.T.);
#11678 = VERTEX_POINT('',#11679);
#11679 = CARTESIAN_POINT('',(20.,33.3,162.));
#11680 = SURFACE_CURVE('',#11681,(#11685,#11692),.PCURVE_S1.);
#11681 = LINE('',#11682,#11683);
#11682 = CARTESIAN_POINT('',(-20.,33.3,162.));
#11683 = VECTOR('',#11684,1.);
#11684 = DIRECTION('',(1.,0.,0.));
#11685 = PCURVE('',#11484,#11686);
#11686 = DEFINITIONAL_REPRESENTATION('',(#11687),#11691);
#11687 = LINE('',#11688,#11689);
#11688 = CARTESIAN_POINT('',(0.,0.));
#11689 = VECTOR('',#11690,1.);
#11690 = DIRECTION('',(1.,0.));
#11691 = ( GEOMETRIC_REPRESENTATION_CONTEXT(2) 
PARAMETRIC_REPRESENTATION_CONTEXT() REPRESENTATION_CONTEXT('2D SPACE',''
  ) );
#11692 = PCURVE('',#11693,#11698);
#11693 = PLANE('',#11694);
#11694 = AXIS2_PLACEMENT_3D('',#11695,#11696,#11697);
#11695 = CARTESIAN_POINT('',(-20.,33.3,158.));
#11696 = DIRECTION('',(0.,1.,0.));
#11697 = DIRECTION('',(0.,0.,1.));
#11698 = DEFINITIONAL_REPRESENTATION('',(#11699),#11703);
#11699 = LINE('',#11700,#11701);
#11700 = CARTESIAN_POINT('',(4.,0.));
#11701 = VECTOR('',#11702,1.);
#11702 = DIRECTION('',(0.,1.));
#11703 = ( GEOMETRIC_REPRESENTATION_CONTEXT(2) 
PARAMETRIC_REPRESENTATION_CONTEXT() REPRESENTATION_CONTEXT('2D SPACE',''
  ) );
#11704 = ORIENTED_EDGE('',*,*,#11705,.T.);
#11705 = EDGE_CURVE('',#11678,#11574,#11706,.T.);
#11706 = SURFACE_CURVE('',#11707,(#11711,#11718),.PCURVE_S1.);
#11707 = LINE('',#11708,#11709);
#11708 = CARTESIAN_POINT('',(20.,33.3,162.));
#11709 = VECTOR('',#11710,1.);
#11710 = DIRECTION('',(0.,1.,0.));
#11711 = PCURVE('',#11484,#11712);
#11712 = DEFINITIONAL_REPRESENTATION('',(#11713),#11717);
#11713 = LINE('',#11714,#11715);
#11714 = CARTESIAN_POINT('',(40.,0.));
#11715 = VECTOR('',#11716,1.);
#11716 = DIRECTION('',(0.,1.));
#11717 = ( GEOMETRIC_REPRESENTATION_CONTEXT(2) 
PARAMETRIC_REPRESENTATION_CONTEXT() REPRESENTATION_CONTEXT('2D SPACE',''
  ) );
#11718 = PCURVE('',#11719,#11724);
#11719 = PLANE('',#11720);
#11720 = AXIS2_PLACEMENT_3D('',#11721,#11722,#11723);
#11721 = CARTESIAN_POINT('',(20.,33.3,158.));
#11722 = DIRECTION('',(1.,0.,0.));
#11723 = DIRECTION('',(0.,0.,1.));
#11724 = DEFINITIONAL_REPRESENTATION('',(#11725),#11729);
#11725 = LINE('',#11726,#11727);
#11726 = CARTESIAN_POINT('',(4.,0.));
#11727 = VECTOR('',#11728,1.);
#11728 = DIRECTION('',(0.,-1.));
#11729 = ( GEOMETRIC_REPRESENTATION_CONTEXT(2) 
PARAMETRIC_REPRESENTATION_CONTEXT() REPRESENTATION_CONTEXT('2D SPACE',''
  ) );
#11730 = FACE_BOUND('',#11731,.T.);
#11731 = EDGE_LOOP('',(#11732));
#11732 = ORIENTED_EDGE('',*,*,#11733,.F.);
#11733 = EDGE_CURVE('',#11734,#11734,#11736,.T.);
#11734 = VERTEX_POINT('',#11735);
#11735 = CARTESIAN_POINT('',(-10.3,39.3,162.));
#11736 = SURFACE_CURVE('',#11737,(#11742,#11749),.PCURVE_S1.);
#11737 = CIRCLE('',#11738,1.7);
#11738 = AXIS2_PLACEMENT_3D('',#11739,#11740,#11741);
#11739 = CARTESIAN_POINT('',(-12.,39.3,162.));
#11740 = DIRECTION('',(0.,0.,1.));
#11741 = DIRECTION('',(1.,0.,-0.));
#11742 = PCURVE('',#11484,#11743);
#11743 = DEFINITIONAL_REPRESENTATION('',(#11744),#11748);
#11744 = CIRCLE('',#11745,1.7);
#11745 = AXIS2_PLACEMENT_2D('',#11746,#11747);
#11746 = CARTESIAN_POINT('',(8.,6.));
#11747 = DIRECTION('',(1.,0.));
#11748 = ( GEOMETRIC_REPRESENTATION_CONTEXT(2) 
PARAMETRIC_REPRESENTATION_CONTEXT() REPRESENTATION_CONTEXT('2D SPACE',''
  ) );
#11749 = PCURVE('',#11750,#11755);
#11750 = CYLINDRICAL_SURFACE('',#11751,1.7);
#11751 = AXIS2_PLACEMENT_3D('',#11752,#11753,#11754);
#11752 = CARTESIAN_POINT('',(-12.,39.3,157.3));
#11753 = DIRECTION('',(0.,0.,1.));
#11754 = DIRECTION('',(1.,0.,-0.));
#11755 = DEFINITIONAL_REPRESENTATION('',(#11756),#11760);
#11756 = LINE('',#11757,#11758);
#11757 = CARTESIAN_POINT('',(0.,4.7));
#11758 = VECTOR('',#11759,1.);
#11759 = DIRECTION('',(1.,0.));
#11760 = ( GEOMETRIC_REPRESENTATION_CONTEXT(2) 
PARAMETRIC_REPRESENTATION_CONTEXT() REPRESENTATION_CONTEXT('2D SPACE',''
  ) );
#11761 = FACE_BOUND('',#11762,.T.);
#11762 = EDGE_LOOP('',(#11763));
#11763 = ORIENTED_EDGE('',*,*,#11764,.F.);
#11764 = EDGE_CURVE('',#11765,#11765,#11767,.T.);
#11765 = VERTEX_POINT('',#11766);
#11766 = CARTESIAN_POINT('',(13.7,39.3,162.));
#11767 = SURFACE_CURVE('',#11768,(#11773,#11780),.PCURVE_S1.);
#11768 = CIRCLE('',#11769,1.7);
#11769 = AXIS2_PLACEMENT_3D('',#11770,#11771,#11772);
#11770 = CARTESIAN_POINT('',(12.,39.3,162.));
#11771 = DIRECTION('',(0.,0.,1.));
#11772 = DIRECTION('',(1.,0.,-0.));
#11773 = PCURVE('',#11484,#11774);
#11774 = DEFINITIONAL_REPRESENTATION('',(#11775),#11779);
#11775 = CIRCLE('',#11776,1.7);
#11776 = AXIS2_PLACEMENT_2D('',#11777,#11778);
#11777 = CARTESIAN_POINT('',(32.,6.));
#11778 = DIRECTION('',(1.,0.));
#11779 = ( GEOMETRIC_REPRESENTATION_CONTEXT(2) 
PARAMETRIC_REPRESENTATION_CONTEXT() REPRESENTATION_CONTEXT('2D SPACE',''
  ) );
#11780 = PCURVE('',#11781,#11786);
#11781 = CYLINDRICAL_SURFACE('',#11782,1.7);
#11782 = AXIS2_PLACEMENT_3D('',#11783,#11784,#11785);
#11783 = CARTESIAN_POINT('',(12.,39.3,157.3));
#11784 = DIRECTION('',(0.,0.,1.));
#11785 = DIRECTION('',(1.,0.,-0.));
#11786 = DEFINITIONAL_REPRESENTATION('',(#11787),#11791);
#11787 = LINE('',#11788,#11789);
#11788 = CARTESIAN_POINT('',(0.,4.7));
#11789 = VECTOR('',#11790,1.);
#11790 = DIRECTION('',(1.,0.));
#11791 = ( GEOMETRIC_REPRESENTATION_CONTEXT(2) 
PARAMETRIC_REPRESENTATION_CONTEXT() REPRESENTATION_CONTEXT('2D SPACE',''
  ) );
#11792 = ADVANCED_FACE('',(#11793),#11458,.T.);
#11793 = FACE_BOUND('',#11794,.T.);
#11794 = EDGE_LOOP('',(#11795,#11818,#11819,#11820));
#11795 = ORIENTED_EDGE('',*,*,#11796,.F.);
#11796 = EDGE_CURVE('',#11415,#11797,#11799,.T.);
#11797 = VERTEX_POINT('',#11798);
#11798 = CARTESIAN_POINT('',(20.,45.3,158.));
#11799 = SURFACE_CURVE('',#11800,(#11804,#11811),.PCURVE_S1.);
#11800 = LINE('',#11801,#11802);
#11801 = CARTESIAN_POINT('',(-20.,45.3,158.));
#11802 = VECTOR('',#11803,1.);
#11803 = DIRECTION('',(1.,0.,0.));
#11804 = PCURVE('',#11458,#11805);
#11805 = DEFINITIONAL_REPRESENTATION('',(#11806),#11810);
#11806 = LINE('',#11807,#11808);
#11807 = CARTESIAN_POINT('',(0.,0.));
#11808 = VECTOR('',#11809,1.);
#11809 = DIRECTION('',(0.,1.));
#11810 = ( GEOMETRIC_REPRESENTATION_CONTEXT(2) 
PARAMETRIC_REPRESENTATION_CONTEXT() REPRESENTATION_CONTEXT('2D SPACE',''
  ) );
#11811 = PCURVE('',#11430,#11812);
#11812 = DEFINITIONAL_REPRESENTATION('',(#11813),#11817);
#11813 = LINE('',#11814,#11815);
#11814 = CARTESIAN_POINT('',(0.,12.));
#11815 = VECTOR('',#11816,1.);
#11816 = DIRECTION('',(1.,0.));
#11817 = ( GEOMETRIC_REPRESENTATION_CONTEXT(2) 
PARAMETRIC_REPRESENTATION_CONTEXT() REPRESENTATION_CONTEXT('2D SPACE',''
  ) );
#11818 = ORIENTED_EDGE('',*,*,#11442,.T.);
#11819 = ORIENTED_EDGE('',*,*,#11573,.T.);
#11820 = ORIENTED_EDGE('',*,*,#11821,.F.);
#11821 = EDGE_CURVE('',#11797,#11574,#11822,.T.);
#11822 = SURFACE_CURVE('',#11823,(#11827,#11834),.PCURVE_S1.);
#11823 = LINE('',#11824,#11825);
#11824 = CARTESIAN_POINT('',(20.,45.3,158.));
#11825 = VECTOR('',#11826,1.);
#11826 = DIRECTION('',(0.,0.,1.));
#11827 = PCURVE('',#11458,#11828);
#11828 = DEFINITIONAL_REPRESENTATION('',(#11829),#11833);
#11829 = LINE('',#11830,#11831);
#11830 = CARTESIAN_POINT('',(0.,40.));
#11831 = VECTOR('',#11832,1.);
#11832 = DIRECTION('',(1.,0.));
#11833 = ( GEOMETRIC_REPRESENTATION_CONTEXT(2) 
PARAMETRIC_REPRESENTATION_CONTEXT() REPRESENTATION_CONTEXT('2D SPACE',''
  ) );
#11834 = PCURVE('',#11719,#11835);
#11835 = DEFINITIONAL_REPRESENTATION('',(#11836),#11840);
#11836 = LINE('',#11837,#11838);
#11837 = CARTESIAN_POINT('',(0.,-12.));
#11838 = VECTOR('',#11839,1.);
#11839 = DIRECTION('',(1.,0.));
#11840 = ( GEOMETRIC_REPRESENTATION_CONTEXT(2) 
PARAMETRIC_REPRESENTATION_CONTEXT() REPRESENTATION_CONTEXT('2D SPACE',''
  ) );
#11841 = ADVANCED_FACE('',(#11842,#11960,#11986),#11430,.F.);
#11842 = FACE_BOUND('',#11843,.F.);
#11843 = EDGE_LOOP('',(#11844,#11845,#11846,#11847,#11870,#11893,#11916,
    #11939));
#11844 = ORIENTED_EDGE('',*,*,#11796,.F.);
#11845 = ORIENTED_EDGE('',*,*,#11414,.F.);
#11846 = ORIENTED_EDGE('',*,*,#11499,.T.);
#11847 = ORIENTED_EDGE('',*,*,#11848,.F.);
#11848 = EDGE_CURVE('',#11849,#11500,#11851,.T.);
#11849 = VERTEX_POINT('',#11850);
#11850 = CARTESIAN_POINT('',(-8.,30.3,158.));
#11851 = SURFACE_CURVE('',#11852,(#11856,#11863),.PCURVE_S1.);
#11852 = LINE('',#11853,#11854);
#11853 = CARTESIAN_POINT('',(-8.,30.3,158.));
#11854 = VECTOR('',#11855,1.);
#11855 = DIRECTION('',(0.,1.,0.));
#11856 = PCURVE('',#11430,#11857);
#11857 = DEFINITIONAL_REPRESENTATION('',(#11858),#11862);
#11858 = LINE('',#11859,#11860);
#11859 = CARTESIAN_POINT('',(12.,-3.));
#11860 = VECTOR('',#11861,1.);
#11861 = DIRECTION('',(0.,1.));
#11862 = ( GEOMETRIC_REPRESENTATION_CONTEXT(2) 
PARAMETRIC_REPRESENTATION_CONTEXT() REPRESENTATION_CONTEXT('2D SPACE',''
  ) );
#11863 = PCURVE('',#11559,#11864);
#11864 = DEFINITIONAL_REPRESENTATION('',(#11865),#11869);
#11865 = LINE('',#11866,#11867);
#11866 = CARTESIAN_POINT('',(0.,0.));
#11867 = VECTOR('',#11868,1.);
#11868 = DIRECTION('',(0.,-1.));
#11869 = ( GEOMETRIC_REPRESENTATION_CONTEXT(2) 
PARAMETRIC_REPRESENTATION_CONTEXT() REPRESENTATION_CONTEXT('2D SPACE',''
  ) );
#11870 = ORIENTED_EDGE('',*,*,#11871,.T.);
#11871 = EDGE_CURVE('',#11849,#11872,#11874,.T.);
#11872 = VERTEX_POINT('',#11873);
#11873 = CARTESIAN_POINT('',(8.,30.3,158.));
#11874 = SURFACE_CURVE('',#11875,(#11879,#11886),.PCURVE_S1.);
#11875 = LINE('',#11876,#11877);
#11876 = CARTESIAN_POINT('',(-8.,30.3,158.));
#11877 = VECTOR('',#11878,1.);
#11878 = DIRECTION('',(1.,0.,0.));
#11879 = PCURVE('',#11430,#11880);
#11880 = DEFINITIONAL_REPRESENTATION('',(#11881),#11885);
#11881 = LINE('',#11882,#11883);
#11882 = CARTESIAN_POINT('',(12.,-3.));
#11883 = VECTOR('',#11884,1.);
#11884 = DIRECTION('',(1.,0.));
#11885 = ( GEOMETRIC_REPRESENTATION_CONTEXT(2) 
PARAMETRIC_REPRESENTATION_CONTEXT() REPRESENTATION_CONTEXT('2D SPACE',''
  ) );
#11886 = PCURVE('',#11637,#11887);
#11887 = DEFINITIONAL_REPRESENTATION('',(#11888),#11892);
#11888 = LINE('',#11889,#11890);
#11889 = CARTESIAN_POINT('',(0.,0.));
#11890 = VECTOR('',#11891,1.);
#11891 = DIRECTION('',(0.,1.));
#11892 = ( GEOMETRIC_REPRESENTATION_CONTEXT(2) 
PARAMETRIC_REPRESENTATION_CONTEXT() REPRESENTATION_CONTEXT('2D SPACE',''
  ) );
#11893 = ORIENTED_EDGE('',*,*,#11894,.T.);
#11894 = EDGE_CURVE('',#11872,#11895,#11897,.T.);
#11895 = VERTEX_POINT('',#11896);
#11896 = CARTESIAN_POINT('',(8.,33.3,158.));
#11897 = SURFACE_CURVE('',#11898,(#11902,#11909),.PCURVE_S1.);
#11898 = LINE('',#11899,#11900);
#11899 = CARTESIAN_POINT('',(8.,30.3,158.));
#11900 = VECTOR('',#11901,1.);
#11901 = DIRECTION('',(0.,1.,0.));
#11902 = PCURVE('',#11430,#11903);
#11903 = DEFINITIONAL_REPRESENTATION('',(#11904),#11908);
#11904 = LINE('',#11905,#11906);
#11905 = CARTESIAN_POINT('',(28.,-3.));
#11906 = VECTOR('',#11907,1.);
#11907 = DIRECTION('',(0.,1.));
#11908 = ( GEOMETRIC_REPRESENTATION_CONTEXT(2) 
PARAMETRIC_REPRESENTATION_CONTEXT() REPRESENTATION_CONTEXT('2D SPACE',''
  ) );
#11909 = PCURVE('',#11665,#11910);
#11910 = DEFINITIONAL_REPRESENTATION('',(#11911),#11915);
#11911 = LINE('',#11912,#11913);
#11912 = CARTESIAN_POINT('',(0.,0.));
#11913 = VECTOR('',#11914,1.);
#11914 = DIRECTION('',(0.,-1.));
#11915 = ( GEOMETRIC_REPRESENTATION_CONTEXT(2) 
PARAMETRIC_REPRESENTATION_CONTEXT() REPRESENTATION_CONTEXT('2D SPACE',''
  ) );
#11916 = ORIENTED_EDGE('',*,*,#11917,.T.);
#11917 = EDGE_CURVE('',#11895,#11918,#11920,.T.);
#11918 = VERTEX_POINT('',#11919);
#11919 = CARTESIAN_POINT('',(20.,33.3,158.));
#11920 = SURFACE_CURVE('',#11921,(#11925,#11932),.PCURVE_S1.);
#11921 = LINE('',#11922,#11923);
#11922 = CARTESIAN_POINT('',(-20.,33.3,158.));
#11923 = VECTOR('',#11924,1.);
#11924 = DIRECTION('',(1.,0.,0.));
#11925 = PCURVE('',#11430,#11926);
#11926 = DEFINITIONAL_REPRESENTATION('',(#11927),#11931);
#11927 = LINE('',#11928,#11929);
#11928 = CARTESIAN_POINT('',(0.,0.));
#11929 = VECTOR('',#11930,1.);
#11930 = DIRECTION('',(1.,0.));
#11931 = ( GEOMETRIC_REPRESENTATION_CONTEXT(2) 
PARAMETRIC_REPRESENTATION_CONTEXT() REPRESENTATION_CONTEXT('2D SPACE',''
  ) );
#11932 = PCURVE('',#11693,#11933);
#11933 = DEFINITIONAL_REPRESENTATION('',(#11934),#11938);
#11934 = LINE('',#11935,#11936);
#11935 = CARTESIAN_POINT('',(0.,0.));
#11936 = VECTOR('',#11937,1.);
#11937 = DIRECTION('',(0.,1.));
#11938 = ( GEOMETRIC_REPRESENTATION_CONTEXT(2) 
PARAMETRIC_REPRESENTATION_CONTEXT() REPRESENTATION_CONTEXT('2D SPACE',''
  ) );
#11939 = ORIENTED_EDGE('',*,*,#11940,.T.);
#11940 = EDGE_CURVE('',#11918,#11797,#11941,.T.);
#11941 = SURFACE_CURVE('',#11942,(#11946,#11953),.PCURVE_S1.);
#11942 = LINE('',#11943,#11944);
#11943 = CARTESIAN_POINT('',(20.,33.3,158.));
#11944 = VECTOR('',#11945,1.);
#11945 = DIRECTION('',(0.,1.,0.));
#11946 = PCURVE('',#11430,#11947);
#11947 = DEFINITIONAL_REPRESENTATION('',(#11948),#11952);
#11948 = LINE('',#11949,#11950);
#11949 = CARTESIAN_POINT('',(40.,0.));
#11950 = VECTOR('',#11951,1.);
#11951 = DIRECTION('',(0.,1.));
#11952 = ( GEOMETRIC_REPRESENTATION_CONTEXT(2) 
PARAMETRIC_REPRESENTATION_CONTEXT() REPRESENTATION_CONTEXT('2D SPACE',''
  ) );
#11953 = PCURVE('',#11719,#11954);
#11954 = DEFINITIONAL_REPRESENTATION('',(#11955),#11959);
#11955 = LINE('',#11956,#11957);
#11956 = CARTESIAN_POINT('',(0.,0.));
#11957 = VECTOR('',#11958,1.);
#11958 = DIRECTION('',(0.,-1.));
#11959 = ( GEOMETRIC_REPRESENTATION_CONTEXT(2) 
PARAMETRIC_REPRESENTATION_CONTEXT() REPRESENTATION_CONTEXT('2D SPACE',''
  ) );
#11960 = FACE_BOUND('',#11961,.F.);
#11961 = EDGE_LOOP('',(#11962));
#11962 = ORIENTED_EDGE('',*,*,#11963,.F.);
#11963 = EDGE_CURVE('',#11964,#11964,#11966,.T.);
#11964 = VERTEX_POINT('',#11965);
#11965 = CARTESIAN_POINT('',(-10.3,39.3,158.));
#11966 = SURFACE_CURVE('',#11967,(#11972,#11979),.PCURVE_S1.);
#11967 = CIRCLE('',#11968,1.7);
#11968 = AXIS2_PLACEMENT_3D('',#11969,#11970,#11971);
#11969 = CARTESIAN_POINT('',(-12.,39.3,158.));
#11970 = DIRECTION('',(0.,0.,1.));
#11971 = DIRECTION('',(1.,0.,-0.));
#11972 = PCURVE('',#11430,#11973);
#11973 = DEFINITIONAL_REPRESENTATION('',(#11974),#11978);
#11974 = CIRCLE('',#11975,1.7);
#11975 = AXIS2_PLACEMENT_2D('',#11976,#11977);
#11976 = CARTESIAN_POINT('',(8.,6.));
#11977 = DIRECTION('',(1.,0.));
#11978 = ( GEOMETRIC_REPRESENTATION_CONTEXT(2) 
PARAMETRIC_REPRESENTATION_CONTEXT() REPRESENTATION_CONTEXT('2D SPACE',''
  ) );
#11979 = PCURVE('',#11750,#11980);
#11980 = DEFINITIONAL_REPRESENTATION('',(#11981),#11985);
#11981 = LINE('',#11982,#11983);
#11982 = CARTESIAN_POINT('',(0.,0.7));
#11983 = VECTOR('',#11984,1.);
#11984 = DIRECTION('',(1.,0.));
#11985 = ( GEOMETRIC_REPRESENTATION_CONTEXT(2) 
PARAMETRIC_REPRESENTATION_CONTEXT() REPRESENTATION_CONTEXT('2D SPACE',''
  ) );
#11986 = FACE_BOUND('',#11987,.F.);
#11987 = EDGE_LOOP('',(#11988));
#11988 = ORIENTED_EDGE('',*,*,#11989,.F.);
#11989 = EDGE_CURVE('',#11990,#11990,#11992,.T.);
#11990 = VERTEX_POINT('',#11991);
#11991 = CARTESIAN_POINT('',(13.7,39.3,158.));
#11992 = SURFACE_CURVE('',#11993,(#11998,#12005),.PCURVE_S1.);
#11993 = CIRCLE('',#11994,1.7);
#11994 = AXIS2_PLACEMENT_3D('',#11995,#11996,#11997);
#11995 = CARTESIAN_POINT('',(12.,39.3,158.));
#11996 = DIRECTION('',(0.,0.,1.));
#11997 = DIRECTION('',(1.,0.,-0.));
#11998 = PCURVE('',#11430,#11999);
#11999 = DEFINITIONAL_REPRESENTATION('',(#12000),#12004);
#12000 = CIRCLE('',#12001,1.7);
#12001 = AXIS2_PLACEMENT_2D('',#12002,#12003);
#12002 = CARTESIAN_POINT('',(32.,6.));
#12003 = DIRECTION('',(1.,0.));
#12004 = ( GEOMETRIC_REPRESENTATION_CONTEXT(2) 
PARAMETRIC_REPRESENTATION_CONTEXT() REPRESENTATION_CONTEXT('2D SPACE',''
  ) );
#12005 = PCURVE('',#11781,#12006);
#12006 = DEFINITIONAL_REPRESENTATION('',(#12007),#12011);
#12007 = LINE('',#12008,#12009);
#12008 = CARTESIAN_POINT('',(0.,0.7));
#12009 = VECTOR('',#12010,1.);
#12010 = DIRECTION('',(1.,0.));
#12011 = ( GEOMETRIC_REPRESENTATION_CONTEXT(2) 
PARAMETRIC_REPRESENTATION_CONTEXT() REPRESENTATION_CONTEXT('2D SPACE',''
  ) );
#12012 = ADVANCED_FACE('',(#12013),#11559,.F.);
#12013 = FACE_BOUND('',#12014,.F.);
#12014 = EDGE_LOOP('',(#12015,#12016,#12037,#12038));
#12015 = ORIENTED_EDGE('',*,*,#11598,.F.);
#12016 = ORIENTED_EDGE('',*,*,#12017,.F.);
#12017 = EDGE_CURVE('',#11849,#11599,#12018,.T.);
#12018 = SURFACE_CURVE('',#12019,(#12023,#12030),.PCURVE_S1.);
#12019 = LINE('',#12020,#12021);
#12020 = CARTESIAN_POINT('',(-8.,30.3,158.));
#12021 = VECTOR('',#12022,1.);
#12022 = DIRECTION('',(0.,0.,1.));
#12023 = PCURVE('',#11559,#12024);
#12024 = DEFINITIONAL_REPRESENTATION('',(#12025),#12029);
#12025 = LINE('',#12026,#12027);
#12026 = CARTESIAN_POINT('',(0.,0.));
#12027 = VECTOR('',#12028,1.);
#12028 = DIRECTION('',(1.,0.));
#12029 = ( GEOMETRIC_REPRESENTATION_CONTEXT(2) 
PARAMETRIC_REPRESENTATION_CONTEXT() REPRESENTATION_CONTEXT('2D SPACE',''
  ) );
#12030 = PCURVE('',#11637,#12031);
#12031 = DEFINITIONAL_REPRESENTATION('',(#12032),#12036);
#12032 = LINE('',#12033,#12034);
#12033 = CARTESIAN_POINT('',(0.,0.));
#12034 = VECTOR('',#12035,1.);
#12035 = DIRECTION('',(1.,0.));
#12036 = ( GEOMETRIC_REPRESENTATION_CONTEXT(2) 
PARAMETRIC_REPRESENTATION_CONTEXT() REPRESENTATION_CONTEXT('2D SPACE',''
  ) );
#12037 = ORIENTED_EDGE('',*,*,#11848,.T.);
#12038 = ORIENTED_EDGE('',*,*,#11546,.F.);
#12039 = ADVANCED_FACE('',(#12040),#11719,.T.);
#12040 = FACE_BOUND('',#12041,.T.);
#12041 = EDGE_LOOP('',(#12042,#12063,#12064,#12065));
#12042 = ORIENTED_EDGE('',*,*,#12043,.F.);
#12043 = EDGE_CURVE('',#11918,#11678,#12044,.T.);
#12044 = SURFACE_CURVE('',#12045,(#12049,#12056),.PCURVE_S1.);
#12045 = LINE('',#12046,#12047);
#12046 = CARTESIAN_POINT('',(20.,33.3,158.));
#12047 = VECTOR('',#12048,1.);
#12048 = DIRECTION('',(0.,0.,1.));
#12049 = PCURVE('',#11719,#12050);
#12050 = DEFINITIONAL_REPRESENTATION('',(#12051),#12055);
#12051 = LINE('',#12052,#12053);
#12052 = CARTESIAN_POINT('',(0.,0.));
#12053 = VECTOR('',#12054,1.);
#12054 = DIRECTION('',(1.,0.));
#12055 = ( GEOMETRIC_REPRESENTATION_CONTEXT(2) 
PARAMETRIC_REPRESENTATION_CONTEXT() REPRESENTATION_CONTEXT('2D SPACE',''
  ) );
#12056 = PCURVE('',#11693,#12057);
#12057 = DEFINITIONAL_REPRESENTATION('',(#12058),#12062);
#12058 = LINE('',#12059,#12060);
#12059 = CARTESIAN_POINT('',(0.,40.));
#12060 = VECTOR('',#12061,1.);
#12061 = DIRECTION('',(1.,0.));
#12062 = ( GEOMETRIC_REPRESENTATION_CONTEXT(2) 
PARAMETRIC_REPRESENTATION_CONTEXT() REPRESENTATION_CONTEXT('2D SPACE',''
  ) );
#12063 = ORIENTED_EDGE('',*,*,#11940,.T.);
#12064 = ORIENTED_EDGE('',*,*,#11821,.T.);
#12065 = ORIENTED_EDGE('',*,*,#11705,.F.);
#12066 = ADVANCED_FACE('',(#12067),#11693,.F.);
#12067 = FACE_BOUND('',#12068,.F.);
#12068 = EDGE_LOOP('',(#12069,#12070,#12089,#12090));
#12069 = ORIENTED_EDGE('',*,*,#11917,.F.);
#12070 = ORIENTED_EDGE('',*,*,#12071,.F.);
#12071 = EDGE_CURVE('',#11650,#11895,#12072,.T.);
#12072 = SURFACE_CURVE('',#12073,(#12077,#12083),.PCURVE_S1.);
#12073 = LINE('',#12074,#12075);
#12074 = CARTESIAN_POINT('',(8.,33.3,158.));
#12075 = VECTOR('',#12076,1.);
#12076 = DIRECTION('',(0.,0.,-1.));
#12077 = PCURVE('',#11693,#12078);
#12078 = DEFINITIONAL_REPRESENTATION('',(#12079),#12082);
#12079 = B_SPLINE_CURVE_WITH_KNOTS('',1,(#12080,#12081),.UNSPECIFIED.,
  .F.,.F.,(2,2),(-4.,0.),.PIECEWISE_BEZIER_KNOTS.);
#12080 = CARTESIAN_POINT('',(4.,28.));
#12081 = CARTESIAN_POINT('',(0.,28.));
#12082 = ( GEOMETRIC_REPRESENTATION_CONTEXT(2) 
PARAMETRIC_REPRESENTATION_CONTEXT() REPRESENTATION_CONTEXT('2D SPACE',''
  ) );
#12083 = PCURVE('',#11665,#12084);
#12084 = DEFINITIONAL_REPRESENTATION('',(#12085),#12088);
#12085 = B_SPLINE_CURVE_WITH_KNOTS('',1,(#12086,#12087),.UNSPECIFIED.,
  .F.,.F.,(2,2),(-4.,0.),.PIECEWISE_BEZIER_KNOTS.);
#12086 = CARTESIAN_POINT('',(4.,-3.));
#12087 = CARTESIAN_POINT('',(0.,-3.));
#12088 = ( GEOMETRIC_REPRESENTATION_CONTEXT(2) 
PARAMETRIC_REPRESENTATION_CONTEXT() REPRESENTATION_CONTEXT('2D SPACE',''
  ) );
#12089 = ORIENTED_EDGE('',*,*,#11677,.T.);
#12090 = ORIENTED_EDGE('',*,*,#12043,.F.);
#12091 = ADVANCED_FACE('',(#12092),#11750,.F.);
#12092 = FACE_BOUND('',#12093,.F.);
#12093 = EDGE_LOOP('',(#12094,#12095,#12116,#12117));
#12094 = ORIENTED_EDGE('',*,*,#11733,.F.);
#12095 = ORIENTED_EDGE('',*,*,#12096,.F.);
#12096 = EDGE_CURVE('',#11964,#11734,#12097,.T.);
#12097 = SEAM_CURVE('',#12098,(#12102,#12109),.PCURVE_S1.);
#12098 = LINE('',#12099,#12100);
#12099 = CARTESIAN_POINT('',(-10.3,39.3,157.3));
#12100 = VECTOR('',#12101,1.);
#12101 = DIRECTION('',(0.,0.,1.));
#12102 = PCURVE('',#11750,#12103);
#12103 = DEFINITIONAL_REPRESENTATION('',(#12104),#12108);
#12104 = LINE('',#12105,#12106);
#12105 = CARTESIAN_POINT('',(6.28318530718,-0.));
#12106 = VECTOR('',#12107,1.);
#12107 = DIRECTION('',(0.,1.));
#12108 = ( GEOMETRIC_REPRESENTATION_CONTEXT(2) 
PARAMETRIC_REPRESENTATION_CONTEXT() REPRESENTATION_CONTEXT('2D SPACE',''
  ) );
#12109 = PCURVE('',#11750,#12110);
#12110 = DEFINITIONAL_REPRESENTATION('',(#12111),#12115);
#12111 = LINE('',#12112,#12113);
#12112 = CARTESIAN_POINT('',(0.,-0.));
#12113 = VECTOR('',#12114,1.);
#12114 = DIRECTION('',(0.,1.));
#12115 = ( GEOMETRIC_REPRESENTATION_CONTEXT(2) 
PARAMETRIC_REPRESENTATION_CONTEXT() REPRESENTATION_CONTEXT('2D SPACE',''
  ) );
#12116 = ORIENTED_EDGE('',*,*,#11963,.T.);
#12117 = ORIENTED_EDGE('',*,*,#12096,.T.);
#12118 = ADVANCED_FACE('',(#12119),#11781,.F.);
#12119 = FACE_BOUND('',#12120,.F.);
#12120 = EDGE_LOOP('',(#12121,#12122,#12143,#12144));
#12121 = ORIENTED_EDGE('',*,*,#11764,.F.);
#12122 = ORIENTED_EDGE('',*,*,#12123,.F.);
#12123 = EDGE_CURVE('',#11990,#11765,#12124,.T.);
#12124 = SEAM_CURVE('',#12125,(#12129,#12136),.PCURVE_S1.);
#12125 = LINE('',#12126,#12127);
#12126 = CARTESIAN_POINT('',(13.7,39.3,157.3));
#12127 = VECTOR('',#12128,1.);
#12128 = DIRECTION('',(0.,0.,1.));
#12129 = PCURVE('',#11781,#12130);
#12130 = DEFINITIONAL_REPRESENTATION('',(#12131),#12135);
#12131 = LINE('',#12132,#12133);
#12132 = CARTESIAN_POINT('',(6.28318530718,-0.));
#12133 = VECTOR('',#12134,1.);
#12134 = DIRECTION('',(0.,1.));
#12135 = ( GEOMETRIC_REPRESENTATION_CONTEXT(2) 
PARAMETRIC_REPRESENTATION_CONTEXT() REPRESENTATION_CONTEXT('2D SPACE',''
  ) );
#12136 = PCURVE('',#11781,#12137);
#12137 = DEFINITIONAL_REPRESENTATION('',(#12138),#12142);
#12138 = LINE('',#12139,#12140);
#12139 = CARTESIAN_POINT('',(0.,-0.));
#12140 = VECTOR('',#12141,1.);
#12141 = DIRECTION('',(0.,1.));
#12142 = ( GEOMETRIC_REPRESENTATION_CONTEXT(2) 
PARAMETRIC_REPRESENTATION_CONTEXT() REPRESENTATION_CONTEXT('2D SPACE',''
  ) );
#12143 = ORIENTED_EDGE('',*,*,#11989,.T.);
#12144 = ORIENTED_EDGE('',*,*,#12123,.T.);
#12145 = ADVANCED_FACE('',(#12146),#11637,.F.);
#12146 = FACE_BOUND('',#12147,.F.);
#12147 = EDGE_LOOP('',(#12148,#12149,#12150,#12151));
#12148 = ORIENTED_EDGE('',*,*,#11871,.F.);
#12149 = ORIENTED_EDGE('',*,*,#12017,.T.);
#12150 = ORIENTED_EDGE('',*,*,#11621,.T.);
#12151 = ORIENTED_EDGE('',*,*,#12152,.F.);
#12152 = EDGE_CURVE('',#11872,#11622,#12153,.T.);
#12153 = SURFACE_CURVE('',#12154,(#12158,#12165),.PCURVE_S1.);
#12154 = LINE('',#12155,#12156);
#12155 = CARTESIAN_POINT('',(8.,30.3,158.));
#12156 = VECTOR('',#12157,1.);
#12157 = DIRECTION('',(0.,0.,1.));
#12158 = PCURVE('',#11637,#12159);
#12159 = DEFINITIONAL_REPRESENTATION('',(#12160),#12164);
#12160 = LINE('',#12161,#12162);
#12161 = CARTESIAN_POINT('',(0.,16.));
#12162 = VECTOR('',#12163,1.);
#12163 = DIRECTION('',(1.,0.));
#12164 = ( GEOMETRIC_REPRESENTATION_CONTEXT(2) 
PARAMETRIC_REPRESENTATION_CONTEXT() REPRESENTATION_CONTEXT('2D SPACE',''
  ) );
#12165 = PCURVE('',#11665,#12166);
#12166 = DEFINITIONAL_REPRESENTATION('',(#12167),#12171);
#12167 = LINE('',#12168,#12169);
#12168 = CARTESIAN_POINT('',(0.,0.));
#12169 = VECTOR('',#12170,1.);
#12170 = DIRECTION('',(1.,0.));
#12171 = ( GEOMETRIC_REPRESENTATION_CONTEXT(2) 
PARAMETRIC_REPRESENTATION_CONTEXT() REPRESENTATION_CONTEXT('2D SPACE',''
  ) );
#12172 = ADVANCED_FACE('',(#12173),#11665,.T.);
#12173 = FACE_BOUND('',#12174,.T.);
#12174 = EDGE_LOOP('',(#12175,#12176,#12177,#12178));
#12175 = ORIENTED_EDGE('',*,*,#11649,.F.);
#12176 = ORIENTED_EDGE('',*,*,#12152,.F.);
#12177 = ORIENTED_EDGE('',*,*,#11894,.T.);
#12178 = ORIENTED_EDGE('',*,*,#12071,.F.);
#12179 = ( GEOMETRIC_REPRESENTATION_CONTEXT(3) 
GLOBAL_UNCERTAINTY_ASSIGNED_CONTEXT((#12183)) 
GLOBAL_UNIT_ASSIGNED_CONTEXT((#12180,#12181,#12182)) 
REPRESENTATION_CONTEXT('Context #1',
  '3D Context with UNIT and UNCERTAINTY') );
#12180 = ( LENGTH_UNIT() NAMED_UNIT(*) SI_UNIT(.MILLI.,.METRE.) );
#12181 = ( NAMED_UNIT(*) PLANE_ANGLE_UNIT() SI_UNIT($,.RADIAN.) );
#12182 = ( NAMED_UNIT(*) SI_UNIT($,.STERADIAN.) SOLID_ANGLE_UNIT() );
#12183 = UNCERTAINTY_MEASURE_WITH_UNIT(LENGTH_MEASURE(1.E-07),#12180,
  'distance_accuracy_value','confusion accuracy');
#12184 = CONTEXT_DEPENDENT_SHAPE_REPRESENTATION(#12185,#12187);
#12185 = ( REPRESENTATION_RELATIONSHIP('','',#11372,#10) 
REPRESENTATION_RELATIONSHIP_WITH_TRANSFORMATION(#12186) 
SHAPE_REPRESENTATION_RELATIONSHIP() );
#12186 = ITEM_DEFINED_TRANSFORMATION('','',#11,#31);
#12187 = PRODUCT_DEFINITION_SHAPE('Placement','Placement of an item',
  #12188);
#12188 = NEXT_ASSEMBLY_USAGE_OCCURRENCE('5','cap_left','',#5,#11367,$);
#12189 = PRODUCT_RELATED_PRODUCT_CATEGORY('part',$,(#11369));
#12190 = SHAPE_DEFINITION_REPRESENTATION(#12191,#12197);
#12191 = PRODUCT_DEFINITION_SHAPE('','',#12192);
#12192 = PRODUCT_DEFINITION('design','',#12193,#12196);
#12193 = PRODUCT_DEFINITION_FORMATION('','',#12194);
#12194 = PRODUCT('jaw_right','jaw_right','',(#12195));
#12195 = PRODUCT_CONTEXT('',#2,'mechanical');
#12196 = PRODUCT_DEFINITION_CONTEXT('part definition',#2,'design');
#12197 = ADVANCED_BREP_SHAPE_REPRESENTATION('',(#11,#12198),#14964);
#12198 = MANIFOLD_SOLID_BREP('',#12199);
#12199 = CLOSED_SHELL('',(#12200,#12376,#12792,#12868,#13020,#13074,
    #13101,#13128,#13155,#13182,#13189,#13265,#13417,#13471,#13498,
    #13525,#13552,#13579,#13586,#13703,#13730,#13827,#13886,#14060,
    #14131,#14180,#14229,#14278,#14327,#14354,#14413,#14587,#14658,
    #14707,#14756,#14805,#14854,#14881,#14908,#14957));
#12200 = ADVANCED_FACE('',(#12201),#12215,.F.);
#12201 = FACE_BOUND('',#12202,.T.);
#12202 = EDGE_LOOP('',(#12203,#12238,#12266,#12294,#12322,#12350));
#12203 = ORIENTED_EDGE('',*,*,#12204,.F.);
#12204 = EDGE_CURVE('',#12205,#12207,#12209,.T.);
#12205 = VERTEX_POINT('',#12206);
#12206 = CARTESIAN_POINT('',(-20.,-11.3,150.));
#12207 = VERTEX_POINT('',#12208);
#12208 = CARTESIAN_POINT('',(-20.,-11.3,156.));
#12209 = SURFACE_CURVE('',#12210,(#12214,#12226),.PCURVE_S1.);
#12210 = LINE('',#12211,#12212);
#12211 = CARTESIAN_POINT('',(-20.,-11.3,150.));
#12212 = VECTOR('',#12213,1.);
#12213 = DIRECTION('',(0.,0.,1.));
#12214 = PCURVE('',#12215,#12220);
#12215 = PLANE('',#12216);
#12216 = AXIS2_PLACEMENT_3D('',#12217,#12218,#12219);
#12217 = CARTESIAN_POINT('',(-20.,-11.3,150.));
#12218 = DIRECTION('',(1.,0.,-0.));
#12219 = DIRECTION('',(-0.,-0.,-1.));
#12220 = DEFINITIONAL_REPRESENTATION('',(#12221),#12225);
#12221 = LINE('',#12222,#12223);
#12222 = CARTESIAN_POINT('',(-0.,0.));
#12223 = VECTOR('',#12224,1.);
#12224 = DIRECTION('',(-1.,0.));
#12225 = ( GEOMETRIC_REPRESENTATION_CONTEXT(2) 
PARAMETRIC_REPRESENTATION_CONTEXT() REPRESENTATION_CONTEXT('2D SPACE',''
  ) );
#12226 = PCURVE('',#12227,#12232);
#12227 = PLANE('',#12228);
#12228 = AXIS2_PLACEMENT_3D('',#12229,#12230,#12231);
#12229 = CARTESIAN_POINT('',(-20.,-11.3,150.));
#12230 = DIRECTION('',(0.,-1.,0.));
#12231 = DIRECTION('',(0.,0.,-1.));
#12232 = DEFINITIONAL_REPRESENTATION('',(#12233),#12237);
#12233 = LINE('',#12234,#12235);
#12234 = CARTESIAN_POINT('',(-0.,0.));
#12235 = VECTOR('',#12236,1.);
#12236 = DIRECTION('',(-1.,0.));
#12237 = ( GEOMETRIC_REPRESENTATION_CONTEXT(2) 
PARAMETRIC_REPRESENTATION_CONTEXT() REPRESENTATION_CONTEXT('2D SPACE',''
  ) );
#12238 = ORIENTED_EDGE('',*,*,#12239,.T.);
#12239 = EDGE_CURVE('',#12205,#12240,#12242,.T.);
#12240 = VERTEX_POINT('',#12241);
#12241 = CARTESIAN_POINT('',(-20.,-45.3,150.));
#12242 = SURFACE_CURVE('',#12243,(#12247,#12254),.PCURVE_S1.);
#12243 = LINE('',#12244,#12245);
#12244 = CARTESIAN_POINT('',(-20.,-11.3,150.));
#12245 = VECTOR('',#12246,1.);
#12246 = DIRECTION('',(0.,-1.,0.));
#12247 = PCURVE('',#12215,#12248);
#12248 = DEFINITIONAL_REPRESENTATION('',(#12249),#12253);
#12249 = LINE('',#12250,#12251);
#12250 = CARTESIAN_POINT('',(-0.,0.));
#12251 = VECTOR('',#12252,1.);
#12252 = DIRECTION('',(-0.,-1.));
#12253 = ( GEOMETRIC_REPRESENTATION_CONTEXT(2) 
PARAMETRIC_REPRESENTATION_CONTEXT() REPRESENTATION_CONTEXT('2D SPACE',''
  ) );
#12254 = PCURVE('',#12255,#12260);
#12255 = PLANE('',#12256);
#12256 = AXIS2_PLACEMENT_3D('',#12257,#12258,#12259);
#12257 = CARTESIAN_POINT('',(-20.,-11.3,150.));
#12258 = DIRECTION('',(0.,0.,1.));
#12259 = DIRECTION('',(-1.,0.,0.));
#12260 = DEFINITIONAL_REPRESENTATION('',(#12261),#12265);
#12261 = LINE('',#12262,#12263);
#12262 = CARTESIAN_POINT('',(-0.,-0.));
#12263 = VECTOR('',#12264,1.);
#12264 = DIRECTION('',(-0.,1.));
#12265 = ( GEOMETRIC_REPRESENTATION_CONTEXT(2) 
PARAMETRIC_REPRESENTATION_CONTEXT() REPRESENTATION_CONTEXT('2D SPACE',''
  ) );
#12266 = ORIENTED_EDGE('',*,*,#12267,.T.);
#12267 = EDGE_CURVE('',#12240,#12268,#12270,.T.);
#12268 = VERTEX_POINT('',#12269);
#12269 = CARTESIAN_POINT('',(-20.,-45.3,157.7));
#12270 = SURFACE_CURVE('',#12271,(#12275,#12282),.PCURVE_S1.);
#12271 = LINE('',#12272,#12273);
#12272 = CARTESIAN_POINT('',(-20.,-45.3,150.));
#12273 = VECTOR('',#12274,1.);
#12274 = DIRECTION('',(0.,0.,1.));
#12275 = PCURVE('',#12215,#12276);
#12276 = DEFINITIONAL_REPRESENTATION('',(#12277),#12281);
#12277 = LINE('',#12278,#12279);
#12278 = CARTESIAN_POINT('',(-0.,-34.));
#12279 = VECTOR('',#12280,1.);
#12280 = DIRECTION('',(-1.,0.));
#12281 = ( GEOMETRIC_REPRESENTATION_CONTEXT(2) 
PARAMETRIC_REPRESENTATION_CONTEXT() REPRESENTATION_CONTEXT('2D SPACE',''
  ) );
#12282 = PCURVE('',#12283,#12288);
#12283 = PLANE('',#12284);
#12284 = AXIS2_PLACEMENT_3D('',#12285,#12286,#12287);
#12285 = CARTESIAN_POINT('',(-20.,-45.3,150.));
#12286 = DIRECTION('',(0.,-1.,0.));
#12287 = DIRECTION('',(-0.,-0.,-1.));
#12288 = DEFINITIONAL_REPRESENTATION('',(#12289),#12293);
#12289 = LINE('',#12290,#12291);
#12290 = CARTESIAN_POINT('',(-0.,0.));
#12291 = VECTOR('',#12292,1.);
#12292 = DIRECTION('',(-1.,0.));
#12293 = ( GEOMETRIC_REPRESENTATION_CONTEXT(2) 
PARAMETRIC_REPRESENTATION_CONTEXT() REPRESENTATION_CONTEXT('2D SPACE',''
  ) );
#12294 = ORIENTED_EDGE('',*,*,#12295,.F.);
#12295 = EDGE_CURVE('',#12296,#12268,#12298,.T.);
#12296 = VERTEX_POINT('',#12297);
#12297 = CARTESIAN_POINT('',(-20.,-33.3,157.7));
#12298 = SURFACE_CURVE('',#12299,(#12303,#12310),.PCURVE_S1.);
#12299 = LINE('',#12300,#12301);
#12300 = CARTESIAN_POINT('',(-20.,-33.3,157.7));
#12301 = VECTOR('',#12302,1.);
#12302 = DIRECTION('',(0.,-1.,0.));
#12303 = PCURVE('',#12215,#12304);
#12304 = DEFINITIONAL_REPRESENTATION('',(#12305),#12309);
#12305 = LINE('',#12306,#12307);
#12306 = CARTESIAN_POINT('',(-7.7,-22.));
#12307 = VECTOR('',#12308,1.);
#12308 = DIRECTION('',(-0.,-1.));
#12309 = ( GEOMETRIC_REPRESENTATION_CONTEXT(2) 
PARAMETRIC_REPRESENTATION_CONTEXT() REPRESENTATION_CONTEXT('2D SPACE',''
  ) );
#12310 = PCURVE('',#12311,#12316);
#12311 = PLANE('',#12312);
#12312 = AXIS2_PLACEMENT_3D('',#12313,#12314,#12315);
#12313 = CARTESIAN_POINT('',(-20.,-33.3,157.7));
#12314 = DIRECTION('',(0.,0.,1.));
#12315 = DIRECTION('',(-1.,0.,0.));
#12316 = DEFINITIONAL_REPRESENTATION('',(#12317),#12321);
#12317 = LINE('',#12318,#12319);
#12318 = CARTESIAN_POINT('',(-0.,-0.));
#12319 = VECTOR('',#12320,1.);
#12320 = DIRECTION('',(-0.,1.));
#12321 = ( GEOMETRIC_REPRESENTATION_CONTEXT(2) 
PARAMETRIC_REPRESENTATION_CONTEXT() REPRESENTATION_CONTEXT('2D SPACE',''
  ) );
#12322 = ORIENTED_EDGE('',*,*,#12323,.F.);
#12323 = EDGE_CURVE('',#12324,#12296,#12326,.T.);
#12324 = VERTEX_POINT('',#12325);
#12325 = CARTESIAN_POINT('',(-20.,-33.3,156.));
#12326 = SURFACE_CURVE('',#12327,(#12331,#12338),.PCURVE_S1.);
#12327 = LINE('',#12328,#12329);
#12328 = CARTESIAN_POINT('',(-20.,-33.3,156.));
#12329 = VECTOR('',#12330,1.);
#12330 = DIRECTION('',(0.,0.,1.));
#12331 = PCURVE('',#12215,#12332);
#12332 = DEFINITIONAL_REPRESENTATION('',(#12333),#12337);
#12333 = LINE('',#12334,#12335);
#12334 = CARTESIAN_POINT('',(-6.,-22.));
#12335 = VECTOR('',#12336,1.);
#12336 = DIRECTION('',(-1.,0.));
#12337 = ( GEOMETRIC_REPRESENTATION_CONTEXT(2) 
PARAMETRIC_REPRESENTATION_CONTEXT() REPRESENTATION_CONTEXT('2D SPACE',''
  ) );
#12338 = PCURVE('',#12339,#12344);
#12339 = PLANE('',#12340);
#12340 = AXIS2_PLACEMENT_3D('',#12341,#12342,#12343);
#12341 = CARTESIAN_POINT('',(-20.,-33.3,156.));
#12342 = DIRECTION('',(0.,-1.,0.));
#12343 = DIRECTION('',(0.,0.,-1.));
#12344 = DEFINITIONAL_REPRESENTATION('',(#12345),#12349);
#12345 = LINE('',#12346,#12347);
#12346 = CARTESIAN_POINT('',(-0.,0.));
#12347 = VECTOR('',#12348,1.);
#12348 = DIRECTION('',(-1.,0.));
#12349 = ( GEOMETRIC_REPRESENTATION_CONTEXT(2) 
PARAMETRIC_REPRESENTATION_CONTEXT() REPRESENTATION_CONTEXT('2D SPACE',''
  ) );
#12350 = ORIENTED_EDGE('',*,*,#12351,.F.);
#12351 = EDGE_CURVE('',#12207,#12324,#12352,.T.);
#12352 = SURFACE_CURVE('',#12353,(#12357,#12364),.PCURVE_S1.);
#12353 = LINE('',#12354,#12355);
#12354 = CARTESIAN_POINT('',(-20.,-11.3,156.));
#12355 = VECTOR('',#12356,1.);
#12356 = DIRECTION('',(0.,-1.,0.));
#12357 = PCURVE('',#12215,#12358);
#12358 = DEFINITIONAL_REPRESENTATION('',(#12359),#12363);
#12359 = LINE('',#12360,#12361);
#12360 = CARTESIAN_POINT('',(-6.,0.));
#12361 = VECTOR('',#12362,1.);
#12362 = DIRECTION('',(-0.,-1.));
#12363 = ( GEOMETRIC_REPRESENTATION_CONTEXT(2) 
PARAMETRIC_REPRESENTATION_CONTEXT() REPRESENTATION_CONTEXT('2D SPACE',''
  ) );
#12364 = PCURVE('',#12365,#12370);
#12365 = PLANE('',#12366);
#12366 = AXIS2_PLACEMENT_3D('',#12367,#12368,#12369);
#12367 = CARTESIAN_POINT('',(-20.,-11.3,156.));
#12368 = DIRECTION('',(0.,0.,1.));
#12369 = DIRECTION('',(-1.,0.,0.));
#12370 = DEFINITIONAL_REPRESENTATION('',(#12371),#12375);
#12371 = LINE('',#12372,#12373);
#12372 = CARTESIAN_POINT('',(-0.,-0.));
#12373 = VECTOR('',#12374,1.);
#12374 = DIRECTION('',(-0.,1.));
#12375 = ( GEOMETRIC_REPRESENTATION_CONTEXT(2) 
PARAMETRIC_REPRESENTATION_CONTEXT() REPRESENTATION_CONTEXT('2D SPACE',''
  ) );
#12376 = ADVANCED_FACE('',(#12377,#12452,#12622),#12365,.T.);
#12377 = FACE_BOUND('',#12378,.F.);
#12378 = EDGE_LOOP('',(#12379,#12380,#12403,#12431));
#12379 = ORIENTED_EDGE('',*,*,#12351,.F.);
#12380 = ORIENTED_EDGE('',*,*,#12381,.T.);
#12381 = EDGE_CURVE('',#12207,#12382,#12384,.T.);
#12382 = VERTEX_POINT('',#12383);
#12383 = CARTESIAN_POINT('',(20.,-11.3,156.));
#12384 = SURFACE_CURVE('',#12385,(#12389,#12396),.PCURVE_S1.);
#12385 = LINE('',#12386,#12387);
#12386 = CARTESIAN_POINT('',(-20.,-11.3,156.));
#12387 = VECTOR('',#12388,1.);
#12388 = DIRECTION('',(1.,0.,-0.));
#12389 = PCURVE('',#12365,#12390);
#12390 = DEFINITIONAL_REPRESENTATION('',(#12391),#12395);
#12391 = LINE('',#12392,#12393);
#12392 = CARTESIAN_POINT('',(-0.,-0.));
#12393 = VECTOR('',#12394,1.);
#12394 = DIRECTION('',(-1.,0.));
#12395 = ( GEOMETRIC_REPRESENTATION_CONTEXT(2) 
PARAMETRIC_REPRESENTATION_CONTEXT() REPRESENTATION_CONTEXT('2D SPACE',''
  ) );
#12396 = PCURVE('',#12227,#12397);
#12397 = DEFINITIONAL_REPRESENTATION('',(#12398),#12402);
#12398 = LINE('',#12399,#12400);
#12399 = CARTESIAN_POINT('',(-6.,0.));
#12400 = VECTOR('',#12401,1.);
#12401 = DIRECTION('',(-0.,1.));
#12402 = ( GEOMETRIC_REPRESENTATION_CONTEXT(2) 
PARAMETRIC_REPRESENTATION_CONTEXT() REPRESENTATION_CONTEXT('2D SPACE',''
  ) );
#12403 = ORIENTED_EDGE('',*,*,#12404,.T.);
#12404 = EDGE_CURVE('',#12382,#12405,#12407,.T.);
#12405 = VERTEX_POINT('',#12406);
#12406 = CARTESIAN_POINT('',(20.,-33.3,156.));
#12407 = SURFACE_CURVE('',#12408,(#12412,#12419),.PCURVE_S1.);
#12408 = LINE('',#12409,#12410);
#12409 = CARTESIAN_POINT('',(20.,-11.3,156.));
#12410 = VECTOR('',#12411,1.);
#12411 = DIRECTION('',(0.,-1.,0.));
#12412 = PCURVE('',#12365,#12413);
#12413 = DEFINITIONAL_REPRESENTATION('',(#12414),#12418);
#12414 = LINE('',#12415,#12416);
#12415 = CARTESIAN_POINT('',(-40.,-0.));
#12416 = VECTOR('',#12417,1.);
#12417 = DIRECTION('',(-0.,1.));
#12418 = ( GEOMETRIC_REPRESENTATION_CONTEXT(2) 
PARAMETRIC_REPRESENTATION_CONTEXT() REPRESENTATION_CONTEXT('2D SPACE',''
  ) );
#12419 = PCURVE('',#12420,#12425);
#12420 = PLANE('',#12421);
#12421 = AXIS2_PLACEMENT_3D('',#12422,#12423,#12424);
#12422 = CARTESIAN_POINT('',(20.,-11.3,150.));
#12423 = DIRECTION('',(1.,0.,-0.));
#12424 = DIRECTION('',(-0.,-0.,-1.));
#12425 = DEFINITIONAL_REPRESENTATION('',(#12426),#12430);
#12426 = LINE('',#12427,#12428);
#12427 = CARTESIAN_POINT('',(-6.,0.));
#12428 = VECTOR('',#12429,1.);
#12429 = DIRECTION('',(-0.,-1.));
#12430 = ( GEOMETRIC_REPRESENTATION_CONTEXT(2) 
PARAMETRIC_REPRESENTATION_CONTEXT() REPRESENTATION_CONTEXT('2D SPACE',''
  ) );
#12431 = ORIENTED_EDGE('',*,*,#12432,.F.);
#12432 = EDGE_CURVE('',#12324,#12405,#12433,.T.);
#12433 = SURFACE_CURVE('',#12434,(#12438,#12445),.PCURVE_S1.);
#12434 = LINE('',#12435,#12436);
#12435 = CARTESIAN_POINT('',(-20.,-33.3,156.));
#12436 = VECTOR('',#12437,1.);
#12437 = DIRECTION('',(1.,0.,-0.));
#12438 = PCURVE('',#12365,#12439);
#12439 = DEFINITIONAL_REPRESENTATION('',(#12440),#12444);
#12440 = LINE('',#12441,#12442);
#12441 = CARTESIAN_POINT('',(-0.,22.));
#12442 = VECTOR('',#12443,1.);
#12443 = DIRECTION('',(-1.,-0.));
#12444 = ( GEOMETRIC_REPRESENTATION_CONTEXT(2) 
PARAMETRIC_REPRESENTATION_CONTEXT() REPRESENTATION_CONTEXT('2D SPACE',''
  ) );
#12445 = PCURVE('',#12339,#12446);
#12446 = DEFINITIONAL_REPRESENTATION('',(#12447),#12451);
#12447 = LINE('',#12448,#12449);
#12448 = CARTESIAN_POINT('',(-0.,0.));
#12449 = VECTOR('',#12450,1.);
#12450 = DIRECTION('',(-0.,1.));
#12451 = ( GEOMETRIC_REPRESENTATION_CONTEXT(2) 
PARAMETRIC_REPRESENTATION_CONTEXT() REPRESENTATION_CONTEXT('2D SPACE',''
  ) );
#12452 = FACE_BOUND('',#12453,.F.);
#12453 = EDGE_LOOP('',(#12454,#12484,#12512,#12540,#12568,#12596));
#12454 = ORIENTED_EDGE('',*,*,#12455,.F.);
#12455 = EDGE_CURVE('',#12456,#12458,#12460,.T.);
#12456 = VERTEX_POINT('',#12457);
#12457 = CARTESIAN_POINT('',(-8.709103465619,-23.3,156.));
#12458 = VERTEX_POINT('',#12459);
#12459 = CARTESIAN_POINT('',(-10.35455173281,-26.15,156.));
#12460 = SURFACE_CURVE('',#12461,(#12465,#12472),.PCURVE_S1.);
#12461 = LINE('',#12462,#12463);
#12462 = CARTESIAN_POINT('',(-8.709103465619,-23.3,156.));
#12463 = VECTOR('',#12464,1.);
#12464 = DIRECTION('',(-0.5,-0.866025403784,-0.));
#12465 = PCURVE('',#12365,#12466);
#12466 = DEFINITIONAL_REPRESENTATION('',(#12467),#12471);
#12467 = LINE('',#12468,#12469);
#12468 = CARTESIAN_POINT('',(-11.29089653438,12.));
#12469 = VECTOR('',#12470,1.);
#12470 = DIRECTION('',(0.5,0.866025403784));
#12471 = ( GEOMETRIC_REPRESENTATION_CONTEXT(2) 
PARAMETRIC_REPRESENTATION_CONTEXT() REPRESENTATION_CONTEXT('2D SPACE',''
  ) );
#12472 = PCURVE('',#12473,#12478);
#12473 = PLANE('',#12474);
#12474 = AXIS2_PLACEMENT_3D('',#12475,#12476,#12477);
#12475 = CARTESIAN_POINT('',(-8.709103465619,-23.3,153.4));
#12476 = DIRECTION('',(-0.866025403784,0.5,0.));
#12477 = DIRECTION('',(0.5,0.866025403784,0.));
#12478 = DEFINITIONAL_REPRESENTATION('',(#12479),#12483);
#12479 = LINE('',#12480,#12481);
#12480 = CARTESIAN_POINT('',(-0.,-2.6));
#12481 = VECTOR('',#12482,1.);
#12482 = DIRECTION('',(-1.,0.));
#12483 = ( GEOMETRIC_REPRESENTATION_CONTEXT(2) 
PARAMETRIC_REPRESENTATION_CONTEXT() REPRESENTATION_CONTEXT('2D SPACE',''
  ) );
#12484 = ORIENTED_EDGE('',*,*,#12485,.F.);
#12485 = EDGE_CURVE('',#12486,#12456,#12488,.T.);
#12486 = VERTEX_POINT('',#12487);
#12487 = CARTESIAN_POINT('',(-10.35455173281,-20.45,156.));
#12488 = SURFACE_CURVE('',#12489,(#12493,#12500),.PCURVE_S1.);
#12489 = LINE('',#12490,#12491);
#12490 = CARTESIAN_POINT('',(-10.35455173281,-20.45,156.));
#12491 = VECTOR('',#12492,1.);
#12492 = DIRECTION('',(0.5,-0.866025403784,-0.));
#12493 = PCURVE('',#12365,#12494);
#12494 = DEFINITIONAL_REPRESENTATION('',(#12495),#12499);
#12495 = LINE('',#12496,#12497);
#12496 = CARTESIAN_POINT('',(-9.64544826719,9.15));
#12497 = VECTOR('',#12498,1.);
#12498 = DIRECTION('',(-0.5,0.866025403784));
#12499 = ( GEOMETRIC_REPRESENTATION_CONTEXT(2) 
PARAMETRIC_REPRESENTATION_CONTEXT() REPRESENTATION_CONTEXT('2D SPACE',''
  ) );
#12500 = PCURVE('',#12501,#12506);
#12501 = PLANE('',#12502);
#12502 = AXIS2_PLACEMENT_3D('',#12503,#12504,#12505);
#12503 = CARTESIAN_POINT('',(-10.35455173281,-20.45,153.4));
#12504 = DIRECTION('',(-0.866025403784,-0.5,-0.));
#12505 = DIRECTION('',(-0.5,0.866025403784,0.));
#12506 = DEFINITIONAL_REPRESENTATION('',(#12507),#12511);
#12507 = LINE('',#12508,#12509);
#12508 = CARTESIAN_POINT('',(-0.,-2.6));
#12509 = VECTOR('',#12510,1.);
#12510 = DIRECTION('',(-1.,0.));
#12511 = ( GEOMETRIC_REPRESENTATION_CONTEXT(2) 
PARAMETRIC_REPRESENTATION_CONTEXT() REPRESENTATION_CONTEXT('2D SPACE',''
  ) );
#12512 = ORIENTED_EDGE('',*,*,#12513,.F.);
#12513 = EDGE_CURVE('',#12514,#12486,#12516,.T.);
#12514 = VERTEX_POINT('',#12515);
#12515 = CARTESIAN_POINT('',(-13.64544826719,-20.45,156.));
#12516 = SURFACE_CURVE('',#12517,(#12521,#12528),.PCURVE_S1.);
#12517 = LINE('',#12518,#12519);
#12518 = CARTESIAN_POINT('',(-13.64544826719,-20.45,156.));
#12519 = VECTOR('',#12520,1.);
#12520 = DIRECTION('',(1.,5.397789996866E-16,-0.));
#12521 = PCURVE('',#12365,#12522);
#12522 = DEFINITIONAL_REPRESENTATION('',(#12523),#12527);
#12523 = LINE('',#12524,#12525);
#12524 = CARTESIAN_POINT('',(-6.35455173281,9.15));
#12525 = VECTOR('',#12526,1.);
#12526 = DIRECTION('',(-1.,-5.397789996866E-16));
#12527 = ( GEOMETRIC_REPRESENTATION_CONTEXT(2) 
PARAMETRIC_REPRESENTATION_CONTEXT() REPRESENTATION_CONTEXT('2D SPACE',''
  ) );
#12528 = PCURVE('',#12529,#12534);
#12529 = PLANE('',#12530);
#12530 = AXIS2_PLACEMENT_3D('',#12531,#12532,#12533);
#12531 = CARTESIAN_POINT('',(-13.64544826719,-20.45,153.4));
#12532 = DIRECTION('',(5.397789996866E-16,-1.,-0.));
#12533 = DIRECTION('',(-1.,-5.397789996866E-16,0.));
#12534 = DEFINITIONAL_REPRESENTATION('',(#12535),#12539);
#12535 = LINE('',#12536,#12537);
#12536 = CARTESIAN_POINT('',(-0.,-2.6));
#12537 = VECTOR('',#12538,1.);
#12538 = DIRECTION('',(-1.,0.));
#12539 = ( GEOMETRIC_REPRESENTATION_CONTEXT(2) 
PARAMETRIC_REPRESENTATION_CONTEXT() REPRESENTATION_CONTEXT('2D SPACE',''
  ) );
#12540 = ORIENTED_EDGE('',*,*,#12541,.F.);
#12541 = EDGE_CURVE('',#12542,#12514,#12544,.T.);
#12542 = VERTEX_POINT('',#12543);
#12543 = CARTESIAN_POINT('',(-15.29089653438,-23.3,156.));
#12544 = SURFACE_CURVE('',#12545,(#12549,#12556),.PCURVE_S1.);
#12545 = LINE('',#12546,#12547);
#12546 = CARTESIAN_POINT('',(-15.29089653438,-23.3,156.));
#12547 = VECTOR('',#12548,1.);
#12548 = DIRECTION('',(0.5,0.866025403784,-0.));
#12549 = PCURVE('',#12365,#12550);
#12550 = DEFINITIONAL_REPRESENTATION('',(#12551),#12555);
#12551 = LINE('',#12552,#12553);
#12552 = CARTESIAN_POINT('',(-4.709103465619,12.));
#12553 = VECTOR('',#12554,1.);
#12554 = DIRECTION('',(-0.5,-0.866025403784));
#12555 = ( GEOMETRIC_REPRESENTATION_CONTEXT(2) 
PARAMETRIC_REPRESENTATION_CONTEXT() REPRESENTATION_CONTEXT('2D SPACE',''
  ) );
#12556 = PCURVE('',#12557,#12562);
#12557 = PLANE('',#12558);
#12558 = AXIS2_PLACEMENT_3D('',#12559,#12560,#12561);
#12559 = CARTESIAN_POINT('',(-15.29089653438,-23.3,153.4));
#12560 = DIRECTION('',(0.866025403784,-0.5,-0.));
#12561 = DIRECTION('',(-0.5,-0.866025403784,0.));
#12562 = DEFINITIONAL_REPRESENTATION('',(#12563),#12567);
#12563 = LINE('',#12564,#12565);
#12564 = CARTESIAN_POINT('',(-0.,-2.6));
#12565 = VECTOR('',#12566,1.);
#12566 = DIRECTION('',(-1.,0.));
#12567 = ( GEOMETRIC_REPRESENTATION_CONTEXT(2) 
PARAMETRIC_REPRESENTATION_CONTEXT() REPRESENTATION_CONTEXT('2D SPACE',''
  ) );
#12568 = ORIENTED_EDGE('',*,*,#12569,.F.);
#12569 = EDGE_CURVE('',#12570,#12542,#12572,.T.);
#12570 = VERTEX_POINT('',#12571);
#12571 = CARTESIAN_POINT('',(-13.64544826719,-26.15,156.));
#12572 = SURFACE_CURVE('',#12573,(#12577,#12584),.PCURVE_S1.);
#12573 = LINE('',#12574,#12575);
#12574 = CARTESIAN_POINT('',(-13.64544826719,-26.15,156.));
#12575 = VECTOR('',#12576,1.);
#12576 = DIRECTION('',(-0.5,0.866025403784,0.));
#12577 = PCURVE('',#12365,#12578);
#12578 = DEFINITIONAL_REPRESENTATION('',(#12579),#12583);
#12579 = LINE('',#12580,#12581);
#12580 = CARTESIAN_POINT('',(-6.35455173281,14.85));
#12581 = VECTOR('',#12582,1.);
#12582 = DIRECTION('',(0.5,-0.866025403784));
#12583 = ( GEOMETRIC_REPRESENTATION_CONTEXT(2) 
PARAMETRIC_REPRESENTATION_CONTEXT() REPRESENTATION_CONTEXT('2D SPACE',''
  ) );
#12584 = PCURVE('',#12585,#12590);
#12585 = PLANE('',#12586);
#12586 = AXIS2_PLACEMENT_3D('',#12587,#12588,#12589);
#12587 = CARTESIAN_POINT('',(-13.64544826719,-26.15,153.4));
#12588 = DIRECTION('',(0.866025403784,0.5,-0.));
#12589 = DIRECTION('',(0.5,-0.866025403784,-0.));
#12590 = DEFINITIONAL_REPRESENTATION('',(#12591),#12595);
#12591 = LINE('',#12592,#12593);
#12592 = CARTESIAN_POINT('',(-0.,-2.6));
#12593 = VECTOR('',#12594,1.);
#12594 = DIRECTION('',(-1.,-0.));
#12595 = ( GEOMETRIC_REPRESENTATION_CONTEXT(2) 
PARAMETRIC_REPRESENTATION_CONTEXT() REPRESENTATION_CONTEXT('2D SPACE',''
  ) );
#12596 = ORIENTED_EDGE('',*,*,#12597,.F.);
#12597 = EDGE_CURVE('',#12458,#12570,#12598,.T.);
#12598 = SURFACE_CURVE('',#12599,(#12603,#12610),.PCURVE_S1.);
#12599 = LINE('',#12600,#12601);
#12600 = CARTESIAN_POINT('',(-10.35455173281,-26.15,156.));
#12601 = VECTOR('',#12602,1.);
#12602 = DIRECTION('',(-1.,-1.349447499217E-16,-0.));
#12603 = PCURVE('',#12365,#12604);
#12604 = DEFINITIONAL_REPRESENTATION('',(#12605),#12609);
#12605 = LINE('',#12606,#12607);
#12606 = CARTESIAN_POINT('',(-9.64544826719,14.85));
#12607 = VECTOR('',#12608,1.);
#12608 = DIRECTION('',(1.,1.349447499217E-16));
#12609 = ( GEOMETRIC_REPRESENTATION_CONTEXT(2) 
PARAMETRIC_REPRESENTATION_CONTEXT() REPRESENTATION_CONTEXT('2D SPACE',''
  ) );
#12610 = PCURVE('',#12611,#12616);
#12611 = PLANE('',#12612);
#12612 = AXIS2_PLACEMENT_3D('',#12613,#12614,#12615);
#12613 = CARTESIAN_POINT('',(-10.35455173281,-26.15,153.4));
#12614 = DIRECTION('',(-1.349447499217E-16,1.,0.));
#12615 = DIRECTION('',(1.,1.349447499217E-16,0.));
#12616 = DEFINITIONAL_REPRESENTATION('',(#12617),#12621);
#12617 = LINE('',#12618,#12619);
#12618 = CARTESIAN_POINT('',(-0.,-2.6));
#12619 = VECTOR('',#12620,1.);
#12620 = DIRECTION('',(-1.,0.));
#12621 = ( GEOMETRIC_REPRESENTATION_CONTEXT(2) 
PARAMETRIC_REPRESENTATION_CONTEXT() REPRESENTATION_CONTEXT('2D SPACE',''
  ) );
#12622 = FACE_BOUND('',#12623,.F.);
#12623 = EDGE_LOOP('',(#12624,#12654,#12682,#12710,#12738,#12766));
#12624 = ORIENTED_EDGE('',*,*,#12625,.F.);
#12625 = EDGE_CURVE('',#12626,#12628,#12630,.T.);
#12626 = VERTEX_POINT('',#12627);
#12627 = CARTESIAN_POINT('',(15.290896534381,-23.3,156.));
#12628 = VERTEX_POINT('',#12629);
#12629 = CARTESIAN_POINT('',(13.64544826719,-26.15,156.));
#12630 = SURFACE_CURVE('',#12631,(#12635,#12642),.PCURVE_S1.);
#12631 = LINE('',#12632,#12633);
#12632 = CARTESIAN_POINT('',(15.290896534381,-23.3,156.));
#12633 = VECTOR('',#12634,1.);
#12634 = DIRECTION('',(-0.5,-0.866025403784,-0.));
#12635 = PCURVE('',#12365,#12636);
#12636 = DEFINITIONAL_REPRESENTATION('',(#12637),#12641);
#12637 = LINE('',#12638,#12639);
#12638 = CARTESIAN_POINT('',(-35.29089653438,12.));
#12639 = VECTOR('',#12640,1.);
#12640 = DIRECTION('',(0.5,0.866025403784));
#12641 = ( GEOMETRIC_REPRESENTATION_CONTEXT(2) 
PARAMETRIC_REPRESENTATION_CONTEXT() REPRESENTATION_CONTEXT('2D SPACE',''
  ) );
#12642 = PCURVE('',#12643,#12648);
#12643 = PLANE('',#12644);
#12644 = AXIS2_PLACEMENT_3D('',#12645,#12646,#12647);
#12645 = CARTESIAN_POINT('',(15.290896534381,-23.3,153.4));
#12646 = DIRECTION('',(-0.866025403784,0.5,0.));
#12647 = DIRECTION('',(0.5,0.866025403784,0.));
#12648 = DEFINITIONAL_REPRESENTATION('',(#12649),#12653);
#12649 = LINE('',#12650,#12651);
#12650 = CARTESIAN_POINT('',(-0.,-2.6));
#12651 = VECTOR('',#12652,1.);
#12652 = DIRECTION('',(-1.,0.));
#12653 = ( GEOMETRIC_REPRESENTATION_CONTEXT(2) 
PARAMETRIC_REPRESENTATION_CONTEXT() REPRESENTATION_CONTEXT('2D SPACE',''
  ) );
#12654 = ORIENTED_EDGE('',*,*,#12655,.F.);
#12655 = EDGE_CURVE('',#12656,#12626,#12658,.T.);
#12656 = VERTEX_POINT('',#12657);
#12657 = CARTESIAN_POINT('',(13.64544826719,-20.45,156.));
#12658 = SURFACE_CURVE('',#12659,(#12663,#12670),.PCURVE_S1.);
#12659 = LINE('',#12660,#12661);
#12660 = CARTESIAN_POINT('',(13.64544826719,-20.45,156.));
#12661 = VECTOR('',#12662,1.);
#12662 = DIRECTION('',(0.5,-0.866025403784,-0.));
#12663 = PCURVE('',#12365,#12664);
#12664 = DEFINITIONAL_REPRESENTATION('',(#12665),#12669);
#12665 = LINE('',#12666,#12667);
#12666 = CARTESIAN_POINT('',(-33.64544826719,9.15));
#12667 = VECTOR('',#12668,1.);
#12668 = DIRECTION('',(-0.5,0.866025403784));
#12669 = ( GEOMETRIC_REPRESENTATION_CONTEXT(2) 
PARAMETRIC_REPRESENTATION_CONTEXT() REPRESENTATION_CONTEXT('2D SPACE',''
  ) );
#12670 = PCURVE('',#12671,#12676);
#12671 = PLANE('',#12672);
#12672 = AXIS2_PLACEMENT_3D('',#12673,#12674,#12675);
#12673 = CARTESIAN_POINT('',(13.64544826719,-20.45,153.4));
#12674 = DIRECTION('',(-0.866025403784,-0.5,-0.));
#12675 = DIRECTION('',(-0.5,0.866025403784,0.));
#12676 = DEFINITIONAL_REPRESENTATION('',(#12677),#12681);
#12677 = LINE('',#12678,#12679);
#12678 = CARTESIAN_POINT('',(-0.,-2.6));
#12679 = VECTOR('',#12680,1.);
#12680 = DIRECTION('',(-1.,0.));
#12681 = ( GEOMETRIC_REPRESENTATION_CONTEXT(2) 
PARAMETRIC_REPRESENTATION_CONTEXT() REPRESENTATION_CONTEXT('2D SPACE',''
  ) );
#12682 = ORIENTED_EDGE('',*,*,#12683,.F.);
#12683 = EDGE_CURVE('',#12684,#12656,#12686,.T.);
#12684 = VERTEX_POINT('',#12685);
#12685 = CARTESIAN_POINT('',(10.35455173281,-20.45,156.));
#12686 = SURFACE_CURVE('',#12687,(#12691,#12698),.PCURVE_S1.);
#12687 = LINE('',#12688,#12689);
#12688 = CARTESIAN_POINT('',(10.35455173281,-20.45,156.));
#12689 = VECTOR('',#12690,1.);
#12690 = DIRECTION('',(1.,5.397789996866E-16,-0.));
#12691 = PCURVE('',#12365,#12692);
#12692 = DEFINITIONAL_REPRESENTATION('',(#12693),#12697);
#12693 = LINE('',#12694,#12695);
#12694 = CARTESIAN_POINT('',(-30.35455173281,9.15));
#12695 = VECTOR('',#12696,1.);
#12696 = DIRECTION('',(-1.,-5.397789996866E-16));
#12697 = ( GEOMETRIC_REPRESENTATION_CONTEXT(2) 
PARAMETRIC_REPRESENTATION_CONTEXT() REPRESENTATION_CONTEXT('2D SPACE',''
  ) );
#12698 = PCURVE('',#12699,#12704);
#12699 = PLANE('',#12700);
#12700 = AXIS2_PLACEMENT_3D('',#12701,#12702,#12703);
#12701 = CARTESIAN_POINT('',(10.35455173281,-20.45,153.4));
#12702 = DIRECTION('',(5.397789996866E-16,-1.,-0.));
#12703 = DIRECTION('',(-1.,-5.397789996866E-16,0.));
#12704 = DEFINITIONAL_REPRESENTATION('',(#12705),#12709);
#12705 = LINE('',#12706,#12707);
#12706 = CARTESIAN_POINT('',(-0.,-2.6));
#12707 = VECTOR('',#12708,1.);
#12708 = DIRECTION('',(-1.,0.));
#12709 = ( GEOMETRIC_REPRESENTATION_CONTEXT(2) 
PARAMETRIC_REPRESENTATION_CONTEXT() REPRESENTATION_CONTEXT('2D SPACE',''
  ) );
#12710 = ORIENTED_EDGE('',*,*,#12711,.F.);
#12711 = EDGE_CURVE('',#12712,#12684,#12714,.T.);
#12712 = VERTEX_POINT('',#12713);
#12713 = CARTESIAN_POINT('',(8.709103465619,-23.3,156.));
#12714 = SURFACE_CURVE('',#12715,(#12719,#12726),.PCURVE_S1.);
#12715 = LINE('',#12716,#12717);
#12716 = CARTESIAN_POINT('',(8.709103465619,-23.3,156.));
#12717 = VECTOR('',#12718,1.);
#12718 = DIRECTION('',(0.5,0.866025403784,-0.));
#12719 = PCURVE('',#12365,#12720);
#12720 = DEFINITIONAL_REPRESENTATION('',(#12721),#12725);
#12721 = LINE('',#12722,#12723);
#12722 = CARTESIAN_POINT('',(-28.70910346561,12.));
#12723 = VECTOR('',#12724,1.);
#12724 = DIRECTION('',(-0.5,-0.866025403784));
#12725 = ( GEOMETRIC_REPRESENTATION_CONTEXT(2) 
PARAMETRIC_REPRESENTATION_CONTEXT() REPRESENTATION_CONTEXT('2D SPACE',''
  ) );
#12726 = PCURVE('',#12727,#12732);
#12727 = PLANE('',#12728);
#12728 = AXIS2_PLACEMENT_3D('',#12729,#12730,#12731);
#12729 = CARTESIAN_POINT('',(8.709103465619,-23.3,153.4));
#12730 = DIRECTION('',(0.866025403784,-0.5,-0.));
#12731 = DIRECTION('',(-0.5,-0.866025403784,0.));
#12732 = DEFINITIONAL_REPRESENTATION('',(#12733),#12737);
#12733 = LINE('',#12734,#12735);
#12734 = CARTESIAN_POINT('',(-0.,-2.6));
#12735 = VECTOR('',#12736,1.);
#12736 = DIRECTION('',(-1.,0.));
#12737 = ( GEOMETRIC_REPRESENTATION_CONTEXT(2) 
PARAMETRIC_REPRESENTATION_CONTEXT() REPRESENTATION_CONTEXT('2D SPACE',''
  ) );
#12738 = ORIENTED_EDGE('',*,*,#12739,.F.);
#12739 = EDGE_CURVE('',#12740,#12712,#12742,.T.);
#12740 = VERTEX_POINT('',#12741);
#12741 = CARTESIAN_POINT('',(10.35455173281,-26.15,156.));
#12742 = SURFACE_CURVE('',#12743,(#12747,#12754),.PCURVE_S1.);
#12743 = LINE('',#12744,#12745);
#12744 = CARTESIAN_POINT('',(10.35455173281,-26.15,156.));
#12745 = VECTOR('',#12746,1.);
#12746 = DIRECTION('',(-0.5,0.866025403784,0.));
#12747 = PCURVE('',#12365,#12748);
#12748 = DEFINITIONAL_REPRESENTATION('',(#12749),#12753);
#12749 = LINE('',#12750,#12751);
#12750 = CARTESIAN_POINT('',(-30.35455173281,14.85));
#12751 = VECTOR('',#12752,1.);
#12752 = DIRECTION('',(0.5,-0.866025403784));
#12753 = ( GEOMETRIC_REPRESENTATION_CONTEXT(2) 
PARAMETRIC_REPRESENTATION_CONTEXT() REPRESENTATION_CONTEXT('2D SPACE',''
  ) );
#12754 = PCURVE('',#12755,#12760);
#12755 = PLANE('',#12756);
#12756 = AXIS2_PLACEMENT_3D('',#12757,#12758,#12759);
#12757 = CARTESIAN_POINT('',(10.35455173281,-26.15,153.4));
#12758 = DIRECTION('',(0.866025403784,0.5,-0.));
#12759 = DIRECTION('',(0.5,-0.866025403784,-0.));
#12760 = DEFINITIONAL_REPRESENTATION('',(#12761),#12765);
#12761 = LINE('',#12762,#12763);
#12762 = CARTESIAN_POINT('',(-0.,-2.6));
#12763 = VECTOR('',#12764,1.);
#12764 = DIRECTION('',(-1.,-0.));
#12765 = ( GEOMETRIC_REPRESENTATION_CONTEXT(2) 
PARAMETRIC_REPRESENTATION_CONTEXT() REPRESENTATION_CONTEXT('2D SPACE',''
  ) );
#12766 = ORIENTED_EDGE('',*,*,#12767,.F.);
#12767 = EDGE_CURVE('',#12628,#12740,#12768,.T.);
#12768 = SURFACE_CURVE('',#12769,(#12773,#12780),.PCURVE_S1.);
#12769 = LINE('',#12770,#12771);
#12770 = CARTESIAN_POINT('',(13.64544826719,-26.15,156.));
#12771 = VECTOR('',#12772,1.);
#12772 = DIRECTION('',(-1.,-1.349447499217E-16,-0.));
#12773 = PCURVE('',#12365,#12774);
#12774 = DEFINITIONAL_REPRESENTATION('',(#12775),#12779);
#12775 = LINE('',#12776,#12777);
#12776 = CARTESIAN_POINT('',(-33.64544826719,14.85));
#12777 = VECTOR('',#12778,1.);
#12778 = DIRECTION('',(1.,1.349447499217E-16));
#12779 = ( GEOMETRIC_REPRESENTATION_CONTEXT(2) 
PARAMETRIC_REPRESENTATION_CONTEXT() REPRESENTATION_CONTEXT('2D SPACE',''
  ) );
#12780 = PCURVE('',#12781,#12786);
#12781 = PLANE('',#12782);
#12782 = AXIS2_PLACEMENT_3D('',#12783,#12784,#12785);
#12783 = CARTESIAN_POINT('',(13.64544826719,-26.15,153.4));
#12784 = DIRECTION('',(-1.349447499217E-16,1.,0.));
#12785 = DIRECTION('',(1.,1.349447499217E-16,0.));
#12786 = DEFINITIONAL_REPRESENTATION('',(#12787),#12791);
#12787 = LINE('',#12788,#12789);
#12788 = CARTESIAN_POINT('',(-0.,-2.6));
#12789 = VECTOR('',#12790,1.);
#12790 = DIRECTION('',(-1.,0.));
#12791 = ( GEOMETRIC_REPRESENTATION_CONTEXT(2) 
PARAMETRIC_REPRESENTATION_CONTEXT() REPRESENTATION_CONTEXT('2D SPACE',''
  ) );
#12792 = ADVANCED_FACE('',(#12793),#12671,.T.);
#12793 = FACE_BOUND('',#12794,.F.);
#12794 = EDGE_LOOP('',(#12795,#12818,#12819,#12842));
#12795 = ORIENTED_EDGE('',*,*,#12796,.T.);
#12796 = EDGE_CURVE('',#12797,#12656,#12799,.T.);
#12797 = VERTEX_POINT('',#12798);
#12798 = CARTESIAN_POINT('',(13.64544826719,-20.45,153.4));
#12799 = SURFACE_CURVE('',#12800,(#12804,#12811),.PCURVE_S1.);
#12800 = LINE('',#12801,#12802);
#12801 = CARTESIAN_POINT('',(13.64544826719,-20.45,153.4));
#12802 = VECTOR('',#12803,1.);
#12803 = DIRECTION('',(-0.,-0.,1.));
#12804 = PCURVE('',#12671,#12805);
#12805 = DEFINITIONAL_REPRESENTATION('',(#12806),#12810);
#12806 = LINE('',#12807,#12808);
#12807 = CARTESIAN_POINT('',(-0.,-0.));
#12808 = VECTOR('',#12809,1.);
#12809 = DIRECTION('',(-0.,-1.));
#12810 = ( GEOMETRIC_REPRESENTATION_CONTEXT(2) 
PARAMETRIC_REPRESENTATION_CONTEXT() REPRESENTATION_CONTEXT('2D SPACE',''
  ) );
#12811 = PCURVE('',#12699,#12812);
#12812 = DEFINITIONAL_REPRESENTATION('',(#12813),#12817);
#12813 = LINE('',#12814,#12815);
#12814 = CARTESIAN_POINT('',(-3.290896534381,0.));
#12815 = VECTOR('',#12816,1.);
#12816 = DIRECTION('',(-0.,-1.));
#12817 = ( GEOMETRIC_REPRESENTATION_CONTEXT(2) 
PARAMETRIC_REPRESENTATION_CONTEXT() REPRESENTATION_CONTEXT('2D SPACE',''
  ) );
#12818 = ORIENTED_EDGE('',*,*,#12655,.T.);
#12819 = ORIENTED_EDGE('',*,*,#12820,.F.);
#12820 = EDGE_CURVE('',#12821,#12626,#12823,.T.);
#12821 = VERTEX_POINT('',#12822);
#12822 = CARTESIAN_POINT('',(15.290896534381,-23.3,153.4));
#12823 = SURFACE_CURVE('',#12824,(#12828,#12835),.PCURVE_S1.);
#12824 = LINE('',#12825,#12826);
#12825 = CARTESIAN_POINT('',(15.290896534381,-23.3,153.4));
#12826 = VECTOR('',#12827,1.);
#12827 = DIRECTION('',(-0.,-0.,1.));
#12828 = PCURVE('',#12671,#12829);
#12829 = DEFINITIONAL_REPRESENTATION('',(#12830),#12834);
#12830 = LINE('',#12831,#12832);
#12831 = CARTESIAN_POINT('',(-3.290896534381,0.));
#12832 = VECTOR('',#12833,1.);
#12833 = DIRECTION('',(-0.,-1.));
#12834 = ( GEOMETRIC_REPRESENTATION_CONTEXT(2) 
PARAMETRIC_REPRESENTATION_CONTEXT() REPRESENTATION_CONTEXT('2D SPACE',''
  ) );
#12835 = PCURVE('',#12643,#12836);
#12836 = DEFINITIONAL_REPRESENTATION('',(#12837),#12841);
#12837 = LINE('',#12838,#12839);
#12838 = CARTESIAN_POINT('',(-0.,-0.));
#12839 = VECTOR('',#12840,1.);
#12840 = DIRECTION('',(-0.,-1.));
#12841 = ( GEOMETRIC_REPRESENTATION_CONTEXT(2) 
PARAMETRIC_REPRESENTATION_CONTEXT() REPRESENTATION_CONTEXT('2D SPACE',''
  ) );
#12842 = ORIENTED_EDGE('',*,*,#12843,.F.);
#12843 = EDGE_CURVE('',#12797,#12821,#12844,.T.);
#12844 = SURFACE_CURVE('',#12845,(#12849,#12856),.PCURVE_S1.);
#12845 = LINE('',#12846,#12847);
#12846 = CARTESIAN_POINT('',(13.64544826719,-20.45,153.4));
#12847 = VECTOR('',#12848,1.);
#12848 = DIRECTION('',(0.5,-0.866025403784,-0.));
#12849 = PCURVE('',#12671,#12850);
#12850 = DEFINITIONAL_REPRESENTATION('',(#12851),#12855);
#12851 = LINE('',#12852,#12853);
#12852 = CARTESIAN_POINT('',(-0.,-0.));
#12853 = VECTOR('',#12854,1.);
#12854 = DIRECTION('',(-1.,0.));
#12855 = ( GEOMETRIC_REPRESENTATION_CONTEXT(2) 
PARAMETRIC_REPRESENTATION_CONTEXT() REPRESENTATION_CONTEXT('2D SPACE',''
  ) );
#12856 = PCURVE('',#12857,#12862);
#12857 = PLANE('',#12858);
#12858 = AXIS2_PLACEMENT_3D('',#12859,#12860,#12861);
#12859 = CARTESIAN_POINT('',(12.,-23.3,153.4));
#12860 = DIRECTION('',(-0.,-0.,1.));
#12861 = DIRECTION('',(-1.,0.,0.));
#12862 = DEFINITIONAL_REPRESENTATION('',(#12863),#12867);
#12863 = LINE('',#12864,#12865);
#12864 = CARTESIAN_POINT('',(-1.64544826719,-2.85));
#12865 = VECTOR('',#12866,1.);
#12866 = DIRECTION('',(-0.5,0.866025403784));
#12867 = ( GEOMETRIC_REPRESENTATION_CONTEXT(2) 
PARAMETRIC_REPRESENTATION_CONTEXT() REPRESENTATION_CONTEXT('2D SPACE',''
  ) );
#12868 = ADVANCED_FACE('',(#12869,#12985),#12857,.T.);
#12869 = FACE_BOUND('',#12870,.F.);
#12870 = EDGE_LOOP('',(#12871,#12894,#12917,#12940,#12963,#12984));
#12871 = ORIENTED_EDGE('',*,*,#12872,.T.);
#12872 = EDGE_CURVE('',#12821,#12873,#12875,.T.);
#12873 = VERTEX_POINT('',#12874);
#12874 = CARTESIAN_POINT('',(13.64544826719,-26.15,153.4));
#12875 = SURFACE_CURVE('',#12876,(#12880,#12887),.PCURVE_S1.);
#12876 = LINE('',#12877,#12878);
#12877 = CARTESIAN_POINT('',(15.290896534381,-23.3,153.4));
#12878 = VECTOR('',#12879,1.);
#12879 = DIRECTION('',(-0.5,-0.866025403784,-0.));
#12880 = PCURVE('',#12857,#12881);
#12881 = DEFINITIONAL_REPRESENTATION('',(#12882),#12886);
#12882 = LINE('',#12883,#12884);
#12883 = CARTESIAN_POINT('',(-3.290896534381,-0.));
#12884 = VECTOR('',#12885,1.);
#12885 = DIRECTION('',(0.5,0.866025403784));
#12886 = ( GEOMETRIC_REPRESENTATION_CONTEXT(2) 
PARAMETRIC_REPRESENTATION_CONTEXT() REPRESENTATION_CONTEXT('2D SPACE',''
  ) );
#12887 = PCURVE('',#12643,#12888);
#12888 = DEFINITIONAL_REPRESENTATION('',(#12889),#12893);
#12889 = LINE('',#12890,#12891);
#12890 = CARTESIAN_POINT('',(-0.,-0.));
#12891 = VECTOR('',#12892,1.);
#12892 = DIRECTION('',(-1.,0.));
#12893 = ( GEOMETRIC_REPRESENTATION_CONTEXT(2) 
PARAMETRIC_REPRESENTATION_CONTEXT() REPRESENTATION_CONTEXT('2D SPACE',''
  ) );
#12894 = ORIENTED_EDGE('',*,*,#12895,.T.);
#12895 = EDGE_CURVE('',#12873,#12896,#12898,.T.);
#12896 = VERTEX_POINT('',#12897);
#12897 = CARTESIAN_POINT('',(10.35455173281,-26.15,153.4));
#12898 = SURFACE_CURVE('',#12899,(#12903,#12910),.PCURVE_S1.);
#12899 = LINE('',#12900,#12901);
#12900 = CARTESIAN_POINT('',(13.64544826719,-26.15,153.4));
#12901 = VECTOR('',#12902,1.);
#12902 = DIRECTION('',(-1.,-1.349447499217E-16,-0.));
#12903 = PCURVE('',#12857,#12904);
#12904 = DEFINITIONAL_REPRESENTATION('',(#12905),#12909);
#12905 = LINE('',#12906,#12907);
#12906 = CARTESIAN_POINT('',(-1.64544826719,2.85));
#12907 = VECTOR('',#12908,1.);
#12908 = DIRECTION('',(1.,1.349447499217E-16));
#12909 = ( GEOMETRIC_REPRESENTATION_CONTEXT(2) 
PARAMETRIC_REPRESENTATION_CONTEXT() REPRESENTATION_CONTEXT('2D SPACE',''
  ) );
#12910 = PCURVE('',#12781,#12911);
#12911 = DEFINITIONAL_REPRESENTATION('',(#12912),#12916);
#12912 = LINE('',#12913,#12914);
#12913 = CARTESIAN_POINT('',(-0.,-0.));
#12914 = VECTOR('',#12915,1.);
#12915 = DIRECTION('',(-1.,0.));
#12916 = ( GEOMETRIC_REPRESENTATION_CONTEXT(2) 
PARAMETRIC_REPRESENTATION_CONTEXT() REPRESENTATION_CONTEXT('2D SPACE',''
  ) );
#12917 = ORIENTED_EDGE('',*,*,#12918,.T.);
#12918 = EDGE_CURVE('',#12896,#12919,#12921,.T.);
#12919 = VERTEX_POINT('',#12920);
#12920 = CARTESIAN_POINT('',(8.709103465619,-23.3,153.4));
#12921 = SURFACE_CURVE('',#12922,(#12926,#12933),.PCURVE_S1.);
#12922 = LINE('',#12923,#12924);
#12923 = CARTESIAN_POINT('',(10.35455173281,-26.15,153.4));
#12924 = VECTOR('',#12925,1.);
#12925 = DIRECTION('',(-0.5,0.866025403784,0.));
#12926 = PCURVE('',#12857,#12927);
#12927 = DEFINITIONAL_REPRESENTATION('',(#12928),#12932);
#12928 = LINE('',#12929,#12930);
#12929 = CARTESIAN_POINT('',(1.64544826719,2.85));
#12930 = VECTOR('',#12931,1.);
#12931 = DIRECTION('',(0.5,-0.866025403784));
#12932 = ( GEOMETRIC_REPRESENTATION_CONTEXT(2) 
PARAMETRIC_REPRESENTATION_CONTEXT() REPRESENTATION_CONTEXT('2D SPACE',''
  ) );
#12933 = PCURVE('',#12755,#12934);
#12934 = DEFINITIONAL_REPRESENTATION('',(#12935),#12939);
#12935 = LINE('',#12936,#12937);
#12936 = CARTESIAN_POINT('',(-0.,0.));
#12937 = VECTOR('',#12938,1.);
#12938 = DIRECTION('',(-1.,-0.));
#12939 = ( GEOMETRIC_REPRESENTATION_CONTEXT(2) 
PARAMETRIC_REPRESENTATION_CONTEXT() REPRESENTATION_CONTEXT('2D SPACE',''
  ) );
#12940 = ORIENTED_EDGE('',*,*,#12941,.T.);
#12941 = EDGE_CURVE('',#12919,#12942,#12944,.T.);
#12942 = VERTEX_POINT('',#12943);
#12943 = CARTESIAN_POINT('',(10.35455173281,-20.45,153.4));
#12944 = SURFACE_CURVE('',#12945,(#12949,#12956),.PCURVE_S1.);
#12945 = LINE('',#12946,#12947);
#12946 = CARTESIAN_POINT('',(8.709103465619,-23.3,153.4));
#12947 = VECTOR('',#12948,1.);
#12948 = DIRECTION('',(0.5,0.866025403784,-0.));
#12949 = PCURVE('',#12857,#12950);
#12950 = DEFINITIONAL_REPRESENTATION('',(#12951),#12955);
#12951 = LINE('',#12952,#12953);
#12952 = CARTESIAN_POINT('',(3.290896534381,-0.));
#12953 = VECTOR('',#12954,1.);
#12954 = DIRECTION('',(-0.5,-0.866025403784));
#12955 = ( GEOMETRIC_REPRESENTATION_CONTEXT(2) 
PARAMETRIC_REPRESENTATION_CONTEXT() REPRESENTATION_CONTEXT('2D SPACE',''
  ) );
#12956 = PCURVE('',#12727,#12957);
#12957 = DEFINITIONAL_REPRESENTATION('',(#12958),#12962);
#12958 = LINE('',#12959,#12960);
#12959 = CARTESIAN_POINT('',(-0.,0.));
#12960 = VECTOR('',#12961,1.);
#12961 = DIRECTION('',(-1.,0.));
#12962 = ( GEOMETRIC_REPRESENTATION_CONTEXT(2) 
PARAMETRIC_REPRESENTATION_CONTEXT() REPRESENTATION_CONTEXT('2D SPACE',''
  ) );
#12963 = ORIENTED_EDGE('',*,*,#12964,.T.);
#12964 = EDGE_CURVE('',#12942,#12797,#12965,.T.);
#12965 = SURFACE_CURVE('',#12966,(#12970,#12977),.PCURVE_S1.);
#12966 = LINE('',#12967,#12968);
#12967 = CARTESIAN_POINT('',(10.35455173281,-20.45,153.4));
#12968 = VECTOR('',#12969,1.);
#12969 = DIRECTION('',(1.,5.397789996866E-16,-0.));
#12970 = PCURVE('',#12857,#12971);
#12971 = DEFINITIONAL_REPRESENTATION('',(#12972),#12976);
#12972 = LINE('',#12973,#12974);
#12973 = CARTESIAN_POINT('',(1.64544826719,-2.85));
#12974 = VECTOR('',#12975,1.);
#12975 = DIRECTION('',(-1.,-5.397789996866E-16));
#12976 = ( GEOMETRIC_REPRESENTATION_CONTEXT(2) 
PARAMETRIC_REPRESENTATION_CONTEXT() REPRESENTATION_CONTEXT('2D SPACE',''
  ) );
#12977 = PCURVE('',#12699,#12978);
#12978 = DEFINITIONAL_REPRESENTATION('',(#12979),#12983);
#12979 = LINE('',#12980,#12981);
#12980 = CARTESIAN_POINT('',(-0.,0.));
#12981 = VECTOR('',#12982,1.);
#12982 = DIRECTION('',(-1.,0.));
#12983 = ( GEOMETRIC_REPRESENTATION_CONTEXT(2) 
PARAMETRIC_REPRESENTATION_CONTEXT() REPRESENTATION_CONTEXT('2D SPACE',''
  ) );
#12984 = ORIENTED_EDGE('',*,*,#12843,.T.);
#12985 = FACE_BOUND('',#12986,.F.);
#12986 = EDGE_LOOP('',(#12987));
#12987 = ORIENTED_EDGE('',*,*,#12988,.F.);
#12988 = EDGE_CURVE('',#12989,#12989,#12991,.T.);
#12989 = VERTEX_POINT('',#12990);
#12990 = CARTESIAN_POINT('',(13.7,-23.3,153.4));
#12991 = SURFACE_CURVE('',#12992,(#12997,#13008),.PCURVE_S1.);
#12992 = CIRCLE('',#12993,1.7);
#12993 = AXIS2_PLACEMENT_3D('',#12994,#12995,#12996);
#12994 = CARTESIAN_POINT('',(12.,-23.3,153.4));
#12995 = DIRECTION('',(0.,0.,-1.));
#12996 = DIRECTION('',(1.,-0.,-0.));
#12997 = PCURVE('',#12857,#12998);
#12998 = DEFINITIONAL_REPRESENTATION('',(#12999),#13007);
#12999 = ( BOUNDED_CURVE() B_SPLINE_CURVE(2,(#13000,#13001,#13002,#13003
    ,#13004,#13005,#13006),.UNSPECIFIED.,.T.,.F.) 
B_SPLINE_CURVE_WITH_KNOTS((1,2,2,2,2,1),(-2.094395102393,0.,
    2.094395102393,4.188790204786,6.28318530718,8.377580409573),
.UNSPECIFIED.) CURVE() GEOMETRIC_REPRESENTATION_ITEM() 
RATIONAL_B_SPLINE_CURVE((1.,0.5,1.,0.5,1.,0.5,1.)) REPRESENTATION_ITEM(
  '') );
#13000 = CARTESIAN_POINT('',(-1.7,0.));
#13001 = CARTESIAN_POINT('',(-1.7,2.944486372867));
#13002 = CARTESIAN_POINT('',(0.85,1.472243186434));
#13003 = CARTESIAN_POINT('',(3.4,4.163799117101E-16));
#13004 = CARTESIAN_POINT('',(0.85,-1.472243186434));
#13005 = CARTESIAN_POINT('',(-1.7,-2.944486372867));
#13006 = CARTESIAN_POINT('',(-1.7,0.));
#13007 = ( GEOMETRIC_REPRESENTATION_CONTEXT(2) 
PARAMETRIC_REPRESENTATION_CONTEXT() REPRESENTATION_CONTEXT('2D SPACE',''
  ) );
#13008 = PCURVE('',#13009,#13014);
#13009 = CYLINDRICAL_SURFACE('',#13010,1.7);
#13010 = AXIS2_PLACEMENT_3D('',#13011,#13012,#13013);
#13011 = CARTESIAN_POINT('',(12.,-23.3,149.));
#13012 = DIRECTION('',(-0.,-0.,1.));
#13013 = DIRECTION('',(1.,-0.,-0.));
#13014 = DEFINITIONAL_REPRESENTATION('',(#13015),#13019);
#13015 = LINE('',#13016,#13017);
#13016 = CARTESIAN_POINT('',(-0.,4.4));
#13017 = VECTOR('',#13018,1.);
#13018 = DIRECTION('',(-1.,0.));
#13019 = ( GEOMETRIC_REPRESENTATION_CONTEXT(2) 
PARAMETRIC_REPRESENTATION_CONTEXT() REPRESENTATION_CONTEXT('2D SPACE',''
  ) );
#13020 = ADVANCED_FACE('',(#13021),#13009,.F.);
#13021 = FACE_BOUND('',#13022,.T.);
#13022 = EDGE_LOOP('',(#13023,#13024,#13047,#13073));
#13023 = ORIENTED_EDGE('',*,*,#12988,.F.);
#13024 = ORIENTED_EDGE('',*,*,#13025,.F.);
#13025 = EDGE_CURVE('',#13026,#12989,#13028,.T.);
#13026 = VERTEX_POINT('',#13027);
#13027 = CARTESIAN_POINT('',(13.7,-23.3,150.));
#13028 = SEAM_CURVE('',#13029,(#13033,#13040),.PCURVE_S1.);
#13029 = LINE('',#13030,#13031);
#13030 = CARTESIAN_POINT('',(13.7,-23.3,149.));
#13031 = VECTOR('',#13032,1.);
#13032 = DIRECTION('',(-0.,-0.,1.));
#13033 = PCURVE('',#13009,#13034);
#13034 = DEFINITIONAL_REPRESENTATION('',(#13035),#13039);
#13035 = LINE('',#13036,#13037);
#13036 = CARTESIAN_POINT('',(-6.28318530718,-0.));
#13037 = VECTOR('',#13038,1.);
#13038 = DIRECTION('',(-0.,1.));
#13039 = ( GEOMETRIC_REPRESENTATION_CONTEXT(2) 
PARAMETRIC_REPRESENTATION_CONTEXT() REPRESENTATION_CONTEXT('2D SPACE',''
  ) );
#13040 = PCURVE('',#13009,#13041);
#13041 = DEFINITIONAL_REPRESENTATION('',(#13042),#13046);
#13042 = LINE('',#13043,#13044);
#13043 = CARTESIAN_POINT('',(-0.,-0.));
#13044 = VECTOR('',#13045,1.);
#13045 = DIRECTION('',(-0.,1.));
#13046 = ( GEOMETRIC_REPRESENTATION_CONTEXT(2) 
PARAMETRIC_REPRESENTATION_CONTEXT() REPRESENTATION_CONTEXT('2D SPACE',''
  ) );
#13047 = ORIENTED_EDGE('',*,*,#13048,.T.);
#13048 = EDGE_CURVE('',#13026,#13026,#13049,.T.);
#13049 = SURFACE_CURVE('',#13050,(#13055,#13062),.PCURVE_S1.);
#13050 = CIRCLE('',#13051,1.7);
#13051 = AXIS2_PLACEMENT_3D('',#13052,#13053,#13054);
#13052 = CARTESIAN_POINT('',(12.,-23.3,150.));
#13053 = DIRECTION('',(0.,0.,-1.));
#13054 = DIRECTION('',(1.,-0.,-0.));
#13055 = PCURVE('',#13009,#13056);
#13056 = DEFINITIONAL_REPRESENTATION('',(#13057),#13061);
#13057 = LINE('',#13058,#13059);
#13058 = CARTESIAN_POINT('',(-0.,1.));
#13059 = VECTOR('',#13060,1.);
#13060 = DIRECTION('',(-1.,0.));
#13061 = ( GEOMETRIC_REPRESENTATION_CONTEXT(2) 
PARAMETRIC_REPRESENTATION_CONTEXT() REPRESENTATION_CONTEXT('2D SPACE',''
  ) );
#13062 = PCURVE('',#12255,#13063);
#13063 = DEFINITIONAL_REPRESENTATION('',(#13064),#13072);
#13064 = ( BOUNDED_CURVE() B_SPLINE_CURVE(2,(#13065,#13066,#13067,#13068
    ,#13069,#13070,#13071),.UNSPECIFIED.,.T.,.F.) 
B_SPLINE_CURVE_WITH_KNOTS((1,2,2,2,2,1),(-2.094395102393,0.,
    2.094395102393,4.188790204786,6.28318530718,8.377580409573),
.UNSPECIFIED.) CURVE() GEOMETRIC_REPRESENTATION_ITEM() 
RATIONAL_B_SPLINE_CURVE((1.,0.5,1.,0.5,1.,0.5,1.)) REPRESENTATION_ITEM(
  '') );
#13065 = CARTESIAN_POINT('',(-33.7,12.));
#13066 = CARTESIAN_POINT('',(-33.7,14.944486372867));
#13067 = CARTESIAN_POINT('',(-31.15,13.472243186434));
#13068 = CARTESIAN_POINT('',(-28.6,12.));
#13069 = CARTESIAN_POINT('',(-31.15,10.527756813566));
#13070 = CARTESIAN_POINT('',(-33.7,9.055513627133));
#13071 = CARTESIAN_POINT('',(-33.7,12.));
#13072 = ( GEOMETRIC_REPRESENTATION_CONTEXT(2) 
PARAMETRIC_REPRESENTATION_CONTEXT() REPRESENTATION_CONTEXT('2D SPACE',''
  ) );
#13073 = ORIENTED_EDGE('',*,*,#13025,.T.);
#13074 = ADVANCED_FACE('',(#13075),#12699,.T.);
#13075 = FACE_BOUND('',#13076,.F.);
#13076 = EDGE_LOOP('',(#13077,#13098,#13099,#13100));
#13077 = ORIENTED_EDGE('',*,*,#13078,.T.);
#13078 = EDGE_CURVE('',#12942,#12684,#13079,.T.);
#13079 = SURFACE_CURVE('',#13080,(#13084,#13091),.PCURVE_S1.);
#13080 = LINE('',#13081,#13082);
#13081 = CARTESIAN_POINT('',(10.35455173281,-20.45,153.4));
#13082 = VECTOR('',#13083,1.);
#13083 = DIRECTION('',(-0.,-0.,1.));
#13084 = PCURVE('',#12699,#13085);
#13085 = DEFINITIONAL_REPRESENTATION('',(#13086),#13090);
#13086 = LINE('',#13087,#13088);
#13087 = CARTESIAN_POINT('',(-0.,0.));
#13088 = VECTOR('',#13089,1.);
#13089 = DIRECTION('',(-0.,-1.));
#13090 = ( GEOMETRIC_REPRESENTATION_CONTEXT(2) 
PARAMETRIC_REPRESENTATION_CONTEXT() REPRESENTATION_CONTEXT('2D SPACE',''
  ) );
#13091 = PCURVE('',#12727,#13092);
#13092 = DEFINITIONAL_REPRESENTATION('',(#13093),#13097);
#13093 = LINE('',#13094,#13095);
#13094 = CARTESIAN_POINT('',(-3.290896534381,0.));
#13095 = VECTOR('',#13096,1.);
#13096 = DIRECTION('',(-0.,-1.));
#13097 = ( GEOMETRIC_REPRESENTATION_CONTEXT(2) 
PARAMETRIC_REPRESENTATION_CONTEXT() REPRESENTATION_CONTEXT('2D SPACE',''
  ) );
#13098 = ORIENTED_EDGE('',*,*,#12683,.T.);
#13099 = ORIENTED_EDGE('',*,*,#12796,.F.);
#13100 = ORIENTED_EDGE('',*,*,#12964,.F.);
#13101 = ADVANCED_FACE('',(#13102),#12727,.T.);
#13102 = FACE_BOUND('',#13103,.F.);
#13103 = EDGE_LOOP('',(#13104,#13125,#13126,#13127));
#13104 = ORIENTED_EDGE('',*,*,#13105,.T.);
#13105 = EDGE_CURVE('',#12919,#12712,#13106,.T.);
#13106 = SURFACE_CURVE('',#13107,(#13111,#13118),.PCURVE_S1.);
#13107 = LINE('',#13108,#13109);
#13108 = CARTESIAN_POINT('',(8.709103465619,-23.3,153.4));
#13109 = VECTOR('',#13110,1.);
#13110 = DIRECTION('',(-0.,-0.,1.));
#13111 = PCURVE('',#12727,#13112);
#13112 = DEFINITIONAL_REPRESENTATION('',(#13113),#13117);
#13113 = LINE('',#13114,#13115);
#13114 = CARTESIAN_POINT('',(-0.,0.));
#13115 = VECTOR('',#13116,1.);
#13116 = DIRECTION('',(-0.,-1.));
#13117 = ( GEOMETRIC_REPRESENTATION_CONTEXT(2) 
PARAMETRIC_REPRESENTATION_CONTEXT() REPRESENTATION_CONTEXT('2D SPACE',''
  ) );
#13118 = PCURVE('',#12755,#13119);
#13119 = DEFINITIONAL_REPRESENTATION('',(#13120),#13124);
#13120 = LINE('',#13121,#13122);
#13121 = CARTESIAN_POINT('',(-3.290896534381,-0.));
#13122 = VECTOR('',#13123,1.);
#13123 = DIRECTION('',(-0.,-1.));
#13124 = ( GEOMETRIC_REPRESENTATION_CONTEXT(2) 
PARAMETRIC_REPRESENTATION_CONTEXT() REPRESENTATION_CONTEXT('2D SPACE',''
  ) );
#13125 = ORIENTED_EDGE('',*,*,#12711,.T.);
#13126 = ORIENTED_EDGE('',*,*,#13078,.F.);
#13127 = ORIENTED_EDGE('',*,*,#12941,.F.);
#13128 = ADVANCED_FACE('',(#13129),#12755,.T.);
#13129 = FACE_BOUND('',#13130,.F.);
#13130 = EDGE_LOOP('',(#13131,#13152,#13153,#13154));
#13131 = ORIENTED_EDGE('',*,*,#13132,.T.);
#13132 = EDGE_CURVE('',#12896,#12740,#13133,.T.);
#13133 = SURFACE_CURVE('',#13134,(#13138,#13145),.PCURVE_S1.);
#13134 = LINE('',#13135,#13136);
#13135 = CARTESIAN_POINT('',(10.35455173281,-26.15,153.4));
#13136 = VECTOR('',#13137,1.);
#13137 = DIRECTION('',(-0.,-0.,1.));
#13138 = PCURVE('',#12755,#13139);
#13139 = DEFINITIONAL_REPRESENTATION('',(#13140),#13144);
#13140 = LINE('',#13141,#13142);
#13141 = CARTESIAN_POINT('',(-0.,0.));
#13142 = VECTOR('',#13143,1.);
#13143 = DIRECTION('',(-0.,-1.));
#13144 = ( GEOMETRIC_REPRESENTATION_CONTEXT(2) 
PARAMETRIC_REPRESENTATION_CONTEXT() REPRESENTATION_CONTEXT('2D SPACE',''
  ) );
#13145 = PCURVE('',#12781,#13146);
#13146 = DEFINITIONAL_REPRESENTATION('',(#13147),#13151);
#13147 = LINE('',#13148,#13149);
#13148 = CARTESIAN_POINT('',(-3.290896534381,0.));
#13149 = VECTOR('',#13150,1.);
#13150 = DIRECTION('',(-0.,-1.));
#13151 = ( GEOMETRIC_REPRESENTATION_CONTEXT(2) 
PARAMETRIC_REPRESENTATION_CONTEXT() REPRESENTATION_CONTEXT('2D SPACE',''
  ) );
#13152 = ORIENTED_EDGE('',*,*,#12739,.T.);
#13153 = ORIENTED_EDGE('',*,*,#13105,.F.);
#13154 = ORIENTED_EDGE('',*,*,#12918,.F.);
#13155 = ADVANCED_FACE('',(#13156),#12781,.T.);
#13156 = FACE_BOUND('',#13157,.F.);
#13157 = EDGE_LOOP('',(#13158,#13179,#13180,#13181));
#13158 = ORIENTED_EDGE('',*,*,#13159,.T.);
#13159 = EDGE_CURVE('',#12873,#12628,#13160,.T.);
#13160 = SURFACE_CURVE('',#13161,(#13165,#13172),.PCURVE_S1.);
#13161 = LINE('',#13162,#13163);
#13162 = CARTESIAN_POINT('',(13.64544826719,-26.15,153.4));
#13163 = VECTOR('',#13164,1.);
#13164 = DIRECTION('',(-0.,-0.,1.));
#13165 = PCURVE('',#12781,#13166);
#13166 = DEFINITIONAL_REPRESENTATION('',(#13167),#13171);
#13167 = LINE('',#13168,#13169);
#13168 = CARTESIAN_POINT('',(-0.,-0.));
#13169 = VECTOR('',#13170,1.);
#13170 = DIRECTION('',(-0.,-1.));
#13171 = ( GEOMETRIC_REPRESENTATION_CONTEXT(2) 
PARAMETRIC_REPRESENTATION_CONTEXT() REPRESENTATION_CONTEXT('2D SPACE',''
  ) );
#13172 = PCURVE('',#12643,#13173);
#13173 = DEFINITIONAL_REPRESENTATION('',(#13174),#13178);
#13174 = LINE('',#13175,#13176);
#13175 = CARTESIAN_POINT('',(-3.290896534381,0.));
#13176 = VECTOR('',#13177,1.);
#13177 = DIRECTION('',(-0.,-1.));
#13178 = ( GEOMETRIC_REPRESENTATION_CONTEXT(2) 
PARAMETRIC_REPRESENTATION_CONTEXT() REPRESENTATION_CONTEXT('2D SPACE',''
  ) );
#13179 = ORIENTED_EDGE('',*,*,#12767,.T.);
#13180 = ORIENTED_EDGE('',*,*,#13132,.F.);
#13181 = ORIENTED_EDGE('',*,*,#12895,.F.);
#13182 = ADVANCED_FACE('',(#13183),#12643,.T.);
#13183 = FACE_BOUND('',#13184,.F.);
#13184 = EDGE_LOOP('',(#13185,#13186,#13187,#13188));
#13185 = ORIENTED_EDGE('',*,*,#12820,.T.);
#13186 = ORIENTED_EDGE('',*,*,#12625,.T.);
#13187 = ORIENTED_EDGE('',*,*,#13159,.F.);
#13188 = ORIENTED_EDGE('',*,*,#12872,.F.);
#13189 = ADVANCED_FACE('',(#13190),#12557,.T.);
#13190 = FACE_BOUND('',#13191,.F.);
#13191 = EDGE_LOOP('',(#13192,#13215,#13216,#13239));
#13192 = ORIENTED_EDGE('',*,*,#13193,.T.);
#13193 = EDGE_CURVE('',#13194,#12542,#13196,.T.);
#13194 = VERTEX_POINT('',#13195);
#13195 = CARTESIAN_POINT('',(-15.29089653438,-23.3,153.4));
#13196 = SURFACE_CURVE('',#13197,(#13201,#13208),.PCURVE_S1.);
#13197 = LINE('',#13198,#13199);
#13198 = CARTESIAN_POINT('',(-15.29089653438,-23.3,153.4));
#13199 = VECTOR('',#13200,1.);
#13200 = DIRECTION('',(-0.,-0.,1.));
#13201 = PCURVE('',#12557,#13202);
#13202 = DEFINITIONAL_REPRESENTATION('',(#13203),#13207);
#13203 = LINE('',#13204,#13205);
#13204 = CARTESIAN_POINT('',(-0.,0.));
#13205 = VECTOR('',#13206,1.);
#13206 = DIRECTION('',(-0.,-1.));
#13207 = ( GEOMETRIC_REPRESENTATION_CONTEXT(2) 
PARAMETRIC_REPRESENTATION_CONTEXT() REPRESENTATION_CONTEXT('2D SPACE',''
  ) );
#13208 = PCURVE('',#12585,#13209);
#13209 = DEFINITIONAL_REPRESENTATION('',(#13210),#13214);
#13210 = LINE('',#13211,#13212);
#13211 = CARTESIAN_POINT('',(-3.290896534381,-0.));
#13212 = VECTOR('',#13213,1.);
#13213 = DIRECTION('',(-0.,-1.));
#13214 = ( GEOMETRIC_REPRESENTATION_CONTEXT(2) 
PARAMETRIC_REPRESENTATION_CONTEXT() REPRESENTATION_CONTEXT('2D SPACE',''
  ) );
#13215 = ORIENTED_EDGE('',*,*,#12541,.T.);
#13216 = ORIENTED_EDGE('',*,*,#13217,.F.);
#13217 = EDGE_CURVE('',#13218,#12514,#13220,.T.);
#13218 = VERTEX_POINT('',#13219);
#13219 = CARTESIAN_POINT('',(-13.64544826719,-20.45,153.4));
#13220 = SURFACE_CURVE('',#13221,(#13225,#13232),.PCURVE_S1.);
#13221 = LINE('',#13222,#13223);
#13222 = CARTESIAN_POINT('',(-13.64544826719,-20.45,153.4));
#13223 = VECTOR('',#13224,1.);
#13224 = DIRECTION('',(-0.,-0.,1.));
#13225 = PCURVE('',#12557,#13226);
#13226 = DEFINITIONAL_REPRESENTATION('',(#13227),#13231);
#13227 = LINE('',#13228,#13229);
#13228 = CARTESIAN_POINT('',(-3.290896534381,0.));
#13229 = VECTOR('',#13230,1.);
#13230 = DIRECTION('',(-0.,-1.));
#13231 = ( GEOMETRIC_REPRESENTATION_CONTEXT(2) 
PARAMETRIC_REPRESENTATION_CONTEXT() REPRESENTATION_CONTEXT('2D SPACE',''
  ) );
#13232 = PCURVE('',#12529,#13233);
#13233 = DEFINITIONAL_REPRESENTATION('',(#13234),#13238);
#13234 = LINE('',#13235,#13236);
#13235 = CARTESIAN_POINT('',(-0.,0.));
#13236 = VECTOR('',#13237,1.);
#13237 = DIRECTION('',(-0.,-1.));
#13238 = ( GEOMETRIC_REPRESENTATION_CONTEXT(2) 
PARAMETRIC_REPRESENTATION_CONTEXT() REPRESENTATION_CONTEXT('2D SPACE',''
  ) );
#13239 = ORIENTED_EDGE('',*,*,#13240,.F.);
#13240 = EDGE_CURVE('',#13194,#13218,#13241,.T.);
#13241 = SURFACE_CURVE('',#13242,(#13246,#13253),.PCURVE_S1.);
#13242 = LINE('',#13243,#13244);
#13243 = CARTESIAN_POINT('',(-15.29089653438,-23.3,153.4));
#13244 = VECTOR('',#13245,1.);
#13245 = DIRECTION('',(0.5,0.866025403784,-0.));
#13246 = PCURVE('',#12557,#13247);
#13247 = DEFINITIONAL_REPRESENTATION('',(#13248),#13252);
#13248 = LINE('',#13249,#13250);
#13249 = CARTESIAN_POINT('',(-0.,0.));
#13250 = VECTOR('',#13251,1.);
#13251 = DIRECTION('',(-1.,0.));
#13252 = ( GEOMETRIC_REPRESENTATION_CONTEXT(2) 
PARAMETRIC_REPRESENTATION_CONTEXT() REPRESENTATION_CONTEXT('2D SPACE',''
  ) );
#13253 = PCURVE('',#13254,#13259);
#13254 = PLANE('',#13255);
#13255 = AXIS2_PLACEMENT_3D('',#13256,#13257,#13258);
#13256 = CARTESIAN_POINT('',(-12.,-23.3,153.4));
#13257 = DIRECTION('',(-0.,-0.,1.));
#13258 = DIRECTION('',(-1.,0.,0.));
#13259 = DEFINITIONAL_REPRESENTATION('',(#13260),#13264);
#13260 = LINE('',#13261,#13262);
#13261 = CARTESIAN_POINT('',(3.290896534381,-0.));
#13262 = VECTOR('',#13263,1.);
#13263 = DIRECTION('',(-0.5,-0.866025403784));
#13264 = ( GEOMETRIC_REPRESENTATION_CONTEXT(2) 
PARAMETRIC_REPRESENTATION_CONTEXT() REPRESENTATION_CONTEXT('2D SPACE',''
  ) );
#13265 = ADVANCED_FACE('',(#13266,#13382),#13254,.T.);
#13266 = FACE_BOUND('',#13267,.F.);
#13267 = EDGE_LOOP('',(#13268,#13293,#13316,#13337,#13338,#13361));
#13268 = ORIENTED_EDGE('',*,*,#13269,.T.);
#13269 = EDGE_CURVE('',#13270,#13272,#13274,.T.);
#13270 = VERTEX_POINT('',#13271);
#13271 = CARTESIAN_POINT('',(-8.709103465619,-23.3,153.4));
#13272 = VERTEX_POINT('',#13273);
#13273 = CARTESIAN_POINT('',(-10.35455173281,-26.15,153.4));
#13274 = SURFACE_CURVE('',#13275,(#13279,#13286),.PCURVE_S1.);
#13275 = LINE('',#13276,#13277);
#13276 = CARTESIAN_POINT('',(-8.709103465619,-23.3,153.4));
#13277 = VECTOR('',#13278,1.);
#13278 = DIRECTION('',(-0.5,-0.866025403784,-0.));
#13279 = PCURVE('',#13254,#13280);
#13280 = DEFINITIONAL_REPRESENTATION('',(#13281),#13285);
#13281 = LINE('',#13282,#13283);
#13282 = CARTESIAN_POINT('',(-3.290896534381,-0.));
#13283 = VECTOR('',#13284,1.);
#13284 = DIRECTION('',(0.5,0.866025403784));
#13285 = ( GEOMETRIC_REPRESENTATION_CONTEXT(2) 
PARAMETRIC_REPRESENTATION_CONTEXT() REPRESENTATION_CONTEXT('2D SPACE',''
  ) );
#13286 = PCURVE('',#12473,#13287);
#13287 = DEFINITIONAL_REPRESENTATION('',(#13288),#13292);
#13288 = LINE('',#13289,#13290);
#13289 = CARTESIAN_POINT('',(-0.,-0.));
#13290 = VECTOR('',#13291,1.);
#13291 = DIRECTION('',(-1.,0.));
#13292 = ( GEOMETRIC_REPRESENTATION_CONTEXT(2) 
PARAMETRIC_REPRESENTATION_CONTEXT() REPRESENTATION_CONTEXT('2D SPACE',''
  ) );
#13293 = ORIENTED_EDGE('',*,*,#13294,.T.);
#13294 = EDGE_CURVE('',#13272,#13295,#13297,.T.);
#13295 = VERTEX_POINT('',#13296);
#13296 = CARTESIAN_POINT('',(-13.64544826719,-26.15,153.4));
#13297 = SURFACE_CURVE('',#13298,(#13302,#13309),.PCURVE_S1.);
#13298 = LINE('',#13299,#13300);
#13299 = CARTESIAN_POINT('',(-10.35455173281,-26.15,153.4));
#13300 = VECTOR('',#13301,1.);
#13301 = DIRECTION('',(-1.,-1.349447499217E-16,-0.));
#13302 = PCURVE('',#13254,#13303);
#13303 = DEFINITIONAL_REPRESENTATION('',(#13304),#13308);
#13304 = LINE('',#13305,#13306);
#13305 = CARTESIAN_POINT('',(-1.64544826719,2.85));
#13306 = VECTOR('',#13307,1.);
#13307 = DIRECTION('',(1.,1.349447499217E-16));
#13308 = ( GEOMETRIC_REPRESENTATION_CONTEXT(2) 
PARAMETRIC_REPRESENTATION_CONTEXT() REPRESENTATION_CONTEXT('2D SPACE',''
  ) );
#13309 = PCURVE('',#12611,#13310);
#13310 = DEFINITIONAL_REPRESENTATION('',(#13311),#13315);
#13311 = LINE('',#13312,#13313);
#13312 = CARTESIAN_POINT('',(-0.,-0.));
#13313 = VECTOR('',#13314,1.);
#13314 = DIRECTION('',(-1.,0.));
#13315 = ( GEOMETRIC_REPRESENTATION_CONTEXT(2) 
PARAMETRIC_REPRESENTATION_CONTEXT() REPRESENTATION_CONTEXT('2D SPACE',''
  ) );
#13316 = ORIENTED_EDGE('',*,*,#13317,.T.);
#13317 = EDGE_CURVE('',#13295,#13194,#13318,.T.);
#13318 = SURFACE_CURVE('',#13319,(#13323,#13330),.PCURVE_S1.);
#13319 = LINE('',#13320,#13321);
#13320 = CARTESIAN_POINT('',(-13.64544826719,-26.15,153.4));
#13321 = VECTOR('',#13322,1.);
#13322 = DIRECTION('',(-0.5,0.866025403784,0.));
#13323 = PCURVE('',#13254,#13324);
#13324 = DEFINITIONAL_REPRESENTATION('',(#13325),#13329);
#13325 = LINE('',#13326,#13327);
#13326 = CARTESIAN_POINT('',(1.64544826719,2.85));
#13327 = VECTOR('',#13328,1.);
#13328 = DIRECTION('',(0.5,-0.866025403784));
#13329 = ( GEOMETRIC_REPRESENTATION_CONTEXT(2) 
PARAMETRIC_REPRESENTATION_CONTEXT() REPRESENTATION_CONTEXT('2D SPACE',''
  ) );
#13330 = PCURVE('',#12585,#13331);
#13331 = DEFINITIONAL_REPRESENTATION('',(#13332),#13336);
#13332 = LINE('',#13333,#13334);
#13333 = CARTESIAN_POINT('',(-0.,0.));
#13334 = VECTOR('',#13335,1.);
#13335 = DIRECTION('',(-1.,-0.));
#13336 = ( GEOMETRIC_REPRESENTATION_CONTEXT(2) 
PARAMETRIC_REPRESENTATION_CONTEXT() REPRESENTATION_CONTEXT('2D SPACE',''
  ) );
#13337 = ORIENTED_EDGE('',*,*,#13240,.T.);
#13338 = ORIENTED_EDGE('',*,*,#13339,.T.);
#13339 = EDGE_CURVE('',#13218,#13340,#13342,.T.);
#13340 = VERTEX_POINT('',#13341);
#13341 = CARTESIAN_POINT('',(-10.35455173281,-20.45,153.4));
#13342 = SURFACE_CURVE('',#13343,(#13347,#13354),.PCURVE_S1.);
#13343 = LINE('',#13344,#13345);
#13344 = CARTESIAN_POINT('',(-13.64544826719,-20.45,153.4));
#13345 = VECTOR('',#13346,1.);
#13346 = DIRECTION('',(1.,5.397789996866E-16,-0.));
#13347 = PCURVE('',#13254,#13348);
#13348 = DEFINITIONAL_REPRESENTATION('',(#13349),#13353);
#13349 = LINE('',#13350,#13351);
#13350 = CARTESIAN_POINT('',(1.64544826719,-2.85));
#13351 = VECTOR('',#13352,1.);
#13352 = DIRECTION('',(-1.,-5.397789996866E-16));
#13353 = ( GEOMETRIC_REPRESENTATION_CONTEXT(2) 
PARAMETRIC_REPRESENTATION_CONTEXT() REPRESENTATION_CONTEXT('2D SPACE',''
  ) );
#13354 = PCURVE('',#12529,#13355);
#13355 = DEFINITIONAL_REPRESENTATION('',(#13356),#13360);
#13356 = LINE('',#13357,#13358);
#13357 = CARTESIAN_POINT('',(-0.,0.));
#13358 = VECTOR('',#13359,1.);
#13359 = DIRECTION('',(-1.,0.));
#13360 = ( GEOMETRIC_REPRESENTATION_CONTEXT(2) 
PARAMETRIC_REPRESENTATION_CONTEXT() REPRESENTATION_CONTEXT('2D SPACE',''
  ) );
#13361 = ORIENTED_EDGE('',*,*,#13362,.T.);
#13362 = EDGE_CURVE('',#13340,#13270,#13363,.T.);
#13363 = SURFACE_CURVE('',#13364,(#13368,#13375),.PCURVE_S1.);
#13364 = LINE('',#13365,#13366);
#13365 = CARTESIAN_POINT('',(-10.35455173281,-20.45,153.4));
#13366 = VECTOR('',#13367,1.);
#13367 = DIRECTION('',(0.5,-0.866025403784,-0.));
#13368 = PCURVE('',#13254,#13369);
#13369 = DEFINITIONAL_REPRESENTATION('',(#13370),#13374);
#13370 = LINE('',#13371,#13372);
#13371 = CARTESIAN_POINT('',(-1.64544826719,-2.85));
#13372 = VECTOR('',#13373,1.);
#13373 = DIRECTION('',(-0.5,0.866025403784));
#13374 = ( GEOMETRIC_REPRESENTATION_CONTEXT(2) 
PARAMETRIC_REPRESENTATION_CONTEXT() REPRESENTATION_CONTEXT('2D SPACE',''
  ) );
#13375 = PCURVE('',#12501,#13376);
#13376 = DEFINITIONAL_REPRESENTATION('',(#13377),#13381);
#13377 = LINE('',#13378,#13379);
#13378 = CARTESIAN_POINT('',(-0.,-0.));
#13379 = VECTOR('',#13380,1.);
#13380 = DIRECTION('',(-1.,0.));
#13381 = ( GEOMETRIC_REPRESENTATION_CONTEXT(2) 
PARAMETRIC_REPRESENTATION_CONTEXT() REPRESENTATION_CONTEXT('2D SPACE',''
  ) );
#13382 = FACE_BOUND('',#13383,.F.);
#13383 = EDGE_LOOP('',(#13384));
#13384 = ORIENTED_EDGE('',*,*,#13385,.F.);
#13385 = EDGE_CURVE('',#13386,#13386,#13388,.T.);
#13386 = VERTEX_POINT('',#13387);
#13387 = CARTESIAN_POINT('',(-10.3,-23.3,153.4));
#13388 = SURFACE_CURVE('',#13389,(#13394,#13405),.PCURVE_S1.);
#13389 = CIRCLE('',#13390,1.7);
#13390 = AXIS2_PLACEMENT_3D('',#13391,#13392,#13393);
#13391 = CARTESIAN_POINT('',(-12.,-23.3,153.4));
#13392 = DIRECTION('',(0.,0.,-1.));
#13393 = DIRECTION('',(1.,-0.,-0.));
#13394 = PCURVE('',#13254,#13395);
#13395 = DEFINITIONAL_REPRESENTATION('',(#13396),#13404);
#13396 = ( BOUNDED_CURVE() B_SPLINE_CURVE(2,(#13397,#13398,#13399,#13400
    ,#13401,#13402,#13403),.UNSPECIFIED.,.T.,.F.) 
B_SPLINE_CURVE_WITH_KNOTS((1,2,2,2,2,1),(-2.094395102393,0.,
    2.094395102393,4.188790204786,6.28318530718,8.377580409573),
.UNSPECIFIED.) CURVE() GEOMETRIC_REPRESENTATION_ITEM() 
RATIONAL_B_SPLINE_CURVE((1.,0.5,1.,0.5,1.,0.5,1.)) REPRESENTATION_ITEM(
  '') );
#13397 = CARTESIAN_POINT('',(-1.7,0.));
#13398 = CARTESIAN_POINT('',(-1.7,2.944486372867));
#13399 = CARTESIAN_POINT('',(0.85,1.472243186434));
#13400 = CARTESIAN_POINT('',(3.4,4.163799117101E-16));
#13401 = CARTESIAN_POINT('',(0.85,-1.472243186434));
#13402 = CARTESIAN_POINT('',(-1.7,-2.944486372867));
#13403 = CARTESIAN_POINT('',(-1.7,0.));
#13404 = ( GEOMETRIC_REPRESENTATION_CONTEXT(2) 
PARAMETRIC_REPRESENTATION_CONTEXT() REPRESENTATION_CONTEXT('2D SPACE',''
  ) );
#13405 = PCURVE('',#13406,#13411);
#13406 = CYLINDRICAL_SURFACE('',#13407,1.7);
#13407 = AXIS2_PLACEMENT_3D('',#13408,#13409,#13410);
#13408 = CARTESIAN_POINT('',(-12.,-23.3,149.));
#13409 = DIRECTION('',(-0.,-0.,1.));
#13410 = DIRECTION('',(1.,-0.,-0.));
#13411 = DEFINITIONAL_REPRESENTATION('',(#13412),#13416);
#13412 = LINE('',#13413,#13414);
#13413 = CARTESIAN_POINT('',(-0.,4.4));
#13414 = VECTOR('',#13415,1.);
#13415 = DIRECTION('',(-1.,0.));
#13416 = ( GEOMETRIC_REPRESENTATION_CONTEXT(2) 
PARAMETRIC_REPRESENTATION_CONTEXT() REPRESENTATION_CONTEXT('2D SPACE',''
  ) );
#13417 = ADVANCED_FACE('',(#13418),#13406,.F.);
#13418 = FACE_BOUND('',#13419,.T.);
#13419 = EDGE_LOOP('',(#13420,#13421,#13444,#13470));
#13420 = ORIENTED_EDGE('',*,*,#13385,.F.);
#13421 = ORIENTED_EDGE('',*,*,#13422,.F.);
#13422 = EDGE_CURVE('',#13423,#13386,#13425,.T.);
#13423 = VERTEX_POINT('',#13424);
#13424 = CARTESIAN_POINT('',(-10.3,-23.3,150.));
#13425 = SEAM_CURVE('',#13426,(#13430,#13437),.PCURVE_S1.);
#13426 = LINE('',#13427,#13428);
#13427 = CARTESIAN_POINT('',(-10.3,-23.3,149.));
#13428 = VECTOR('',#13429,1.);
#13429 = DIRECTION('',(-0.,-0.,1.));
#13430 = PCURVE('',#13406,#13431);
#13431 = DEFINITIONAL_REPRESENTATION('',(#13432),#13436);
#13432 = LINE('',#13433,#13434);
#13433 = CARTESIAN_POINT('',(-6.28318530718,-0.));
#13434 = VECTOR('',#13435,1.);
#13435 = DIRECTION('',(-0.,1.));
#13436 = ( GEOMETRIC_REPRESENTATION_CONTEXT(2) 
PARAMETRIC_REPRESENTATION_CONTEXT() REPRESENTATION_CONTEXT('2D SPACE',''
  ) );
#13437 = PCURVE('',#13406,#13438);
#13438 = DEFINITIONAL_REPRESENTATION('',(#13439),#13443);
#13439 = LINE('',#13440,#13441);
#13440 = CARTESIAN_POINT('',(-0.,-0.));
#13441 = VECTOR('',#13442,1.);
#13442 = DIRECTION('',(-0.,1.));
#13443 = ( GEOMETRIC_REPRESENTATION_CONTEXT(2) 
PARAMETRIC_REPRESENTATION_CONTEXT() REPRESENTATION_CONTEXT('2D SPACE',''
  ) );
#13444 = ORIENTED_EDGE('',*,*,#13445,.T.);
#13445 = EDGE_CURVE('',#13423,#13423,#13446,.T.);
#13446 = SURFACE_CURVE('',#13447,(#13452,#13459),.PCURVE_S1.);
#13447 = CIRCLE('',#13448,1.7);
#13448 = AXIS2_PLACEMENT_3D('',#13449,#13450,#13451);
#13449 = CARTESIAN_POINT('',(-12.,-23.3,150.));
#13450 = DIRECTION('',(0.,0.,-1.));
#13451 = DIRECTION('',(1.,-0.,-0.));
#13452 = PCURVE('',#13406,#13453);
#13453 = DEFINITIONAL_REPRESENTATION('',(#13454),#13458);
#13454 = LINE('',#13455,#13456);
#13455 = CARTESIAN_POINT('',(-0.,1.));
#13456 = VECTOR('',#13457,1.);
#13457 = DIRECTION('',(-1.,0.));
#13458 = ( GEOMETRIC_REPRESENTATION_CONTEXT(2) 
PARAMETRIC_REPRESENTATION_CONTEXT() REPRESENTATION_CONTEXT('2D SPACE',''
  ) );
#13459 = PCURVE('',#12255,#13460);
#13460 = DEFINITIONAL_REPRESENTATION('',(#13461),#13469);
#13461 = ( BOUNDED_CURVE() B_SPLINE_CURVE(2,(#13462,#13463,#13464,#13465
    ,#13466,#13467,#13468),.UNSPECIFIED.,.T.,.F.) 
B_SPLINE_CURVE_WITH_KNOTS((1,2,2,2,2,1),(-2.094395102393,0.,
    2.094395102393,4.188790204786,6.28318530718,8.377580409573),
.UNSPECIFIED.) CURVE() GEOMETRIC_REPRESENTATION_ITEM() 
RATIONAL_B_SPLINE_CURVE((1.,0.5,1.,0.5,1.,0.5,1.)) REPRESENTATION_ITEM(
  '') );
#13462 = CARTESIAN_POINT('',(-9.7,12.));
#13463 = CARTESIAN_POINT('',(-9.7,14.944486372867));
#13464 = CARTESIAN_POINT('',(-7.15,13.472243186434));
#13465 = CARTESIAN_POINT('',(-4.6,12.));
#13466 = CARTESIAN_POINT('',(-7.15,10.527756813566));
#13467 = CARTESIAN_POINT('',(-9.7,9.055513627133));
#13468 = CARTESIAN_POINT('',(-9.7,12.));
#13469 = ( GEOMETRIC_REPRESENTATION_CONTEXT(2) 
PARAMETRIC_REPRESENTATION_CONTEXT() REPRESENTATION_CONTEXT('2D SPACE',''
  ) );
#13470 = ORIENTED_EDGE('',*,*,#13422,.T.);
#13471 = ADVANCED_FACE('',(#13472),#12585,.T.);
#13472 = FACE_BOUND('',#13473,.F.);
#13473 = EDGE_LOOP('',(#13474,#13495,#13496,#13497));
#13474 = ORIENTED_EDGE('',*,*,#13475,.T.);
#13475 = EDGE_CURVE('',#13295,#12570,#13476,.T.);
#13476 = SURFACE_CURVE('',#13477,(#13481,#13488),.PCURVE_S1.);
#13477 = LINE('',#13478,#13479);
#13478 = CARTESIAN_POINT('',(-13.64544826719,-26.15,153.4));
#13479 = VECTOR('',#13480,1.);
#13480 = DIRECTION('',(-0.,-0.,1.));
#13481 = PCURVE('',#12585,#13482);
#13482 = DEFINITIONAL_REPRESENTATION('',(#13483),#13487);
#13483 = LINE('',#13484,#13485);
#13484 = CARTESIAN_POINT('',(-0.,0.));
#13485 = VECTOR('',#13486,1.);
#13486 = DIRECTION('',(-0.,-1.));
#13487 = ( GEOMETRIC_REPRESENTATION_CONTEXT(2) 
PARAMETRIC_REPRESENTATION_CONTEXT() REPRESENTATION_CONTEXT('2D SPACE',''
  ) );
#13488 = PCURVE('',#12611,#13489);
#13489 = DEFINITIONAL_REPRESENTATION('',(#13490),#13494);
#13490 = LINE('',#13491,#13492);
#13491 = CARTESIAN_POINT('',(-3.290896534381,0.));
#13492 = VECTOR('',#13493,1.);
#13493 = DIRECTION('',(-0.,-1.));
#13494 = ( GEOMETRIC_REPRESENTATION_CONTEXT(2) 
PARAMETRIC_REPRESENTATION_CONTEXT() REPRESENTATION_CONTEXT('2D SPACE',''
  ) );
#13495 = ORIENTED_EDGE('',*,*,#12569,.T.);
#13496 = ORIENTED_EDGE('',*,*,#13193,.F.);
#13497 = ORIENTED_EDGE('',*,*,#13317,.F.);
#13498 = ADVANCED_FACE('',(#13499),#12529,.T.);
#13499 = FACE_BOUND('',#13500,.F.);
#13500 = EDGE_LOOP('',(#13501,#13502,#13503,#13524));
#13501 = ORIENTED_EDGE('',*,*,#13217,.T.);
#13502 = ORIENTED_EDGE('',*,*,#12513,.T.);
#13503 = ORIENTED_EDGE('',*,*,#13504,.F.);
#13504 = EDGE_CURVE('',#13340,#12486,#13505,.T.);
#13505 = SURFACE_CURVE('',#13506,(#13510,#13517),.PCURVE_S1.);
#13506 = LINE('',#13507,#13508);
#13507 = CARTESIAN_POINT('',(-10.35455173281,-20.45,153.4));
#13508 = VECTOR('',#13509,1.);
#13509 = DIRECTION('',(-0.,-0.,1.));
#13510 = PCURVE('',#12529,#13511);
#13511 = DEFINITIONAL_REPRESENTATION('',(#13512),#13516);
#13512 = LINE('',#13513,#13514);
#13513 = CARTESIAN_POINT('',(-3.290896534381,0.));
#13514 = VECTOR('',#13515,1.);
#13515 = DIRECTION('',(-0.,-1.));
#13516 = ( GEOMETRIC_REPRESENTATION_CONTEXT(2) 
PARAMETRIC_REPRESENTATION_CONTEXT() REPRESENTATION_CONTEXT('2D SPACE',''
  ) );
#13517 = PCURVE('',#12501,#13518);
#13518 = DEFINITIONAL_REPRESENTATION('',(#13519),#13523);
#13519 = LINE('',#13520,#13521);
#13520 = CARTESIAN_POINT('',(-0.,-0.));
#13521 = VECTOR('',#13522,1.);
#13522 = DIRECTION('',(-0.,-1.));
#13523 = ( GEOMETRIC_REPRESENTATION_CONTEXT(2) 
PARAMETRIC_REPRESENTATION_CONTEXT() REPRESENTATION_CONTEXT('2D SPACE',''
  ) );
#13524 = ORIENTED_EDGE('',*,*,#13339,.F.);
#13525 = ADVANCED_FACE('',(#13526),#12611,.T.);
#13526 = FACE_BOUND('',#13527,.F.);
#13527 = EDGE_LOOP('',(#13528,#13549,#13550,#13551));
#13528 = ORIENTED_EDGE('',*,*,#13529,.T.);
#13529 = EDGE_CURVE('',#13272,#12458,#13530,.T.);
#13530 = SURFACE_CURVE('',#13531,(#13535,#13542),.PCURVE_S1.);
#13531 = LINE('',#13532,#13533);
#13532 = CARTESIAN_POINT('',(-10.35455173281,-26.15,153.4));
#13533 = VECTOR('',#13534,1.);
#13534 = DIRECTION('',(-0.,-0.,1.));
#13535 = PCURVE('',#12611,#13536);
#13536 = DEFINITIONAL_REPRESENTATION('',(#13537),#13541);
#13537 = LINE('',#13538,#13539);
#13538 = CARTESIAN_POINT('',(-0.,-0.));
#13539 = VECTOR('',#13540,1.);
#13540 = DIRECTION('',(-0.,-1.));
#13541 = ( GEOMETRIC_REPRESENTATION_CONTEXT(2) 
PARAMETRIC_REPRESENTATION_CONTEXT() REPRESENTATION_CONTEXT('2D SPACE',''
  ) );
#13542 = PCURVE('',#12473,#13543);
#13543 = DEFINITIONAL_REPRESENTATION('',(#13544),#13548);
#13544 = LINE('',#13545,#13546);
#13545 = CARTESIAN_POINT('',(-3.290896534381,0.));
#13546 = VECTOR('',#13547,1.);
#13547 = DIRECTION('',(-0.,-1.));
#13548 = ( GEOMETRIC_REPRESENTATION_CONTEXT(2) 
PARAMETRIC_REPRESENTATION_CONTEXT() REPRESENTATION_CONTEXT('2D SPACE',''
  ) );
#13549 = ORIENTED_EDGE('',*,*,#12597,.T.);
#13550 = ORIENTED_EDGE('',*,*,#13475,.F.);
#13551 = ORIENTED_EDGE('',*,*,#13294,.F.);
#13552 = ADVANCED_FACE('',(#13553),#12501,.T.);
#13553 = FACE_BOUND('',#13554,.F.);
#13554 = EDGE_LOOP('',(#13555,#13556,#13557,#13578));
#13555 = ORIENTED_EDGE('',*,*,#13504,.T.);
#13556 = ORIENTED_EDGE('',*,*,#12485,.T.);
#13557 = ORIENTED_EDGE('',*,*,#13558,.F.);
#13558 = EDGE_CURVE('',#13270,#12456,#13559,.T.);
#13559 = SURFACE_CURVE('',#13560,(#13564,#13571),.PCURVE_S1.);
#13560 = LINE('',#13561,#13562);
#13561 = CARTESIAN_POINT('',(-8.709103465619,-23.3,153.4));
#13562 = VECTOR('',#13563,1.);
#13563 = DIRECTION('',(-0.,-0.,1.));
#13564 = PCURVE('',#12501,#13565);
#13565 = DEFINITIONAL_REPRESENTATION('',(#13566),#13570);
#13566 = LINE('',#13567,#13568);
#13567 = CARTESIAN_POINT('',(-3.290896534381,0.));
#13568 = VECTOR('',#13569,1.);
#13569 = DIRECTION('',(-0.,-1.));
#13570 = ( GEOMETRIC_REPRESENTATION_CONTEXT(2) 
PARAMETRIC_REPRESENTATION_CONTEXT() REPRESENTATION_CONTEXT('2D SPACE',''
  ) );
#13571 = PCURVE('',#12473,#13572);
#13572 = DEFINITIONAL_REPRESENTATION('',(#13573),#13577);
#13573 = LINE('',#13574,#13575);
#13574 = CARTESIAN_POINT('',(-0.,-0.));
#13575 = VECTOR('',#13576,1.);
#13576 = DIRECTION('',(-0.,-1.));
#13577 = ( GEOMETRIC_REPRESENTATION_CONTEXT(2) 
PARAMETRIC_REPRESENTATION_CONTEXT() REPRESENTATION_CONTEXT('2D SPACE',''
  ) );
#13578 = ORIENTED_EDGE('',*,*,#13362,.F.);
#13579 = ADVANCED_FACE('',(#13580),#12473,.T.);
#13580 = FACE_BOUND('',#13581,.F.);
#13581 = EDGE_LOOP('',(#13582,#13583,#13584,#13585));
#13582 = ORIENTED_EDGE('',*,*,#13558,.T.);
#13583 = ORIENTED_EDGE('',*,*,#12455,.T.);
#13584 = ORIENTED_EDGE('',*,*,#13529,.F.);
#13585 = ORIENTED_EDGE('',*,*,#13269,.F.);
#13586 = ADVANCED_FACE('',(#13587),#12420,.T.);
#13587 = FACE_BOUND('',#13588,.F.);
#13588 = EDGE_LOOP('',(#13589,#13612,#13635,#13658,#13681,#13702));
#13589 = ORIENTED_EDGE('',*,*,#13590,.F.);
#13590 = EDGE_CURVE('',#13591,#12382,#13593,.T.);
#13591 = VERTEX_POINT('',#13592);
#13592 = CARTESIAN_POINT('',(20.,-11.3,150.));
#13593 = SURFACE_CURVE('',#13594,(#13598,#13605),.PCURVE_S1.);
#13594 = LINE('',#13595,#13596);
#13595 = CARTESIAN_POINT('',(20.,-11.3,150.));
#13596 = VECTOR('',#13597,1.);
#13597 = DIRECTION('',(0.,0.,1.));
#13598 = PCURVE('',#12420,#13599);
#13599 = DEFINITIONAL_REPRESENTATION('',(#13600),#13604);
#13600 = LINE('',#13601,#13602);
#13601 = CARTESIAN_POINT('',(-0.,0.));
#13602 = VECTOR('',#13603,1.);
#13603 = DIRECTION('',(-1.,0.));
#13604 = ( GEOMETRIC_REPRESENTATION_CONTEXT(2) 
PARAMETRIC_REPRESENTATION_CONTEXT() REPRESENTATION_CONTEXT('2D SPACE',''
  ) );
#13605 = PCURVE('',#12227,#13606);
#13606 = DEFINITIONAL_REPRESENTATION('',(#13607),#13611);
#13607 = LINE('',#13608,#13609);
#13608 = CARTESIAN_POINT('',(-0.,40.));
#13609 = VECTOR('',#13610,1.);
#13610 = DIRECTION('',(-1.,0.));
#13611 = ( GEOMETRIC_REPRESENTATION_CONTEXT(2) 
PARAMETRIC_REPRESENTATION_CONTEXT() REPRESENTATION_CONTEXT('2D SPACE',''
  ) );
#13612 = ORIENTED_EDGE('',*,*,#13613,.T.);
#13613 = EDGE_CURVE('',#13591,#13614,#13616,.T.);
#13614 = VERTEX_POINT('',#13615);
#13615 = CARTESIAN_POINT('',(20.,-45.3,150.));
#13616 = SURFACE_CURVE('',#13617,(#13621,#13628),.PCURVE_S1.);
#13617 = LINE('',#13618,#13619);
#13618 = CARTESIAN_POINT('',(20.,-11.3,150.));
#13619 = VECTOR('',#13620,1.);
#13620 = DIRECTION('',(0.,-1.,0.));
#13621 = PCURVE('',#12420,#13622);
#13622 = DEFINITIONAL_REPRESENTATION('',(#13623),#13627);
#13623 = LINE('',#13624,#13625);
#13624 = CARTESIAN_POINT('',(-0.,0.));
#13625 = VECTOR('',#13626,1.);
#13626 = DIRECTION('',(-0.,-1.));
#13627 = ( GEOMETRIC_REPRESENTATION_CONTEXT(2) 
PARAMETRIC_REPRESENTATION_CONTEXT() REPRESENTATION_CONTEXT('2D SPACE',''
  ) );
#13628 = PCURVE('',#12255,#13629);
#13629 = DEFINITIONAL_REPRESENTATION('',(#13630),#13634);
#13630 = LINE('',#13631,#13632);
#13631 = CARTESIAN_POINT('',(-40.,-0.));
#13632 = VECTOR('',#13633,1.);
#13633 = DIRECTION('',(-0.,1.));
#13634 = ( GEOMETRIC_REPRESENTATION_CONTEXT(2) 
PARAMETRIC_REPRESENTATION_CONTEXT() REPRESENTATION_CONTEXT('2D SPACE',''
  ) );
#13635 = ORIENTED_EDGE('',*,*,#13636,.T.);
#13636 = EDGE_CURVE('',#13614,#13637,#13639,.T.);
#13637 = VERTEX_POINT('',#13638);
#13638 = CARTESIAN_POINT('',(20.,-45.3,157.7));
#13639 = SURFACE_CURVE('',#13640,(#13644,#13651),.PCURVE_S1.);
#13640 = LINE('',#13641,#13642);
#13641 = CARTESIAN_POINT('',(20.,-45.3,150.));
#13642 = VECTOR('',#13643,1.);
#13643 = DIRECTION('',(0.,0.,1.));
#13644 = PCURVE('',#12420,#13645);
#13645 = DEFINITIONAL_REPRESENTATION('',(#13646),#13650);
#13646 = LINE('',#13647,#13648);
#13647 = CARTESIAN_POINT('',(-0.,-34.));
#13648 = VECTOR('',#13649,1.);
#13649 = DIRECTION('',(-1.,0.));
#13650 = ( GEOMETRIC_REPRESENTATION_CONTEXT(2) 
PARAMETRIC_REPRESENTATION_CONTEXT() REPRESENTATION_CONTEXT('2D SPACE',''
  ) );
#13651 = PCURVE('',#12283,#13652);
#13652 = DEFINITIONAL_REPRESENTATION('',(#13653),#13657);
#13653 = LINE('',#13654,#13655);
#13654 = CARTESIAN_POINT('',(-0.,40.));
#13655 = VECTOR('',#13656,1.);
#13656 = DIRECTION('',(-1.,0.));
#13657 = ( GEOMETRIC_REPRESENTATION_CONTEXT(2) 
PARAMETRIC_REPRESENTATION_CONTEXT() REPRESENTATION_CONTEXT('2D SPACE',''
  ) );
#13658 = ORIENTED_EDGE('',*,*,#13659,.F.);
#13659 = EDGE_CURVE('',#13660,#13637,#13662,.T.);
#13660 = VERTEX_POINT('',#13661);
#13661 = CARTESIAN_POINT('',(20.,-33.3,157.7));
#13662 = SURFACE_CURVE('',#13663,(#13667,#13674),.PCURVE_S1.);
#13663 = LINE('',#13664,#13665);
#13664 = CARTESIAN_POINT('',(20.,-33.3,157.7));
#13665 = VECTOR('',#13666,1.);
#13666 = DIRECTION('',(0.,-1.,0.));
#13667 = PCURVE('',#12420,#13668);
#13668 = DEFINITIONAL_REPRESENTATION('',(#13669),#13673);
#13669 = LINE('',#13670,#13671);
#13670 = CARTESIAN_POINT('',(-7.7,-22.));
#13671 = VECTOR('',#13672,1.);
#13672 = DIRECTION('',(-0.,-1.));
#13673 = ( GEOMETRIC_REPRESENTATION_CONTEXT(2) 
PARAMETRIC_REPRESENTATION_CONTEXT() REPRESENTATION_CONTEXT('2D SPACE',''
  ) );
#13674 = PCURVE('',#12311,#13675);
#13675 = DEFINITIONAL_REPRESENTATION('',(#13676),#13680);
#13676 = LINE('',#13677,#13678);
#13677 = CARTESIAN_POINT('',(-40.,-0.));
#13678 = VECTOR('',#13679,1.);
#13679 = DIRECTION('',(-0.,1.));
#13680 = ( GEOMETRIC_REPRESENTATION_CONTEXT(2) 
PARAMETRIC_REPRESENTATION_CONTEXT() REPRESENTATION_CONTEXT('2D SPACE',''
  ) );
#13681 = ORIENTED_EDGE('',*,*,#13682,.F.);
#13682 = EDGE_CURVE('',#12405,#13660,#13683,.T.);
#13683 = SURFACE_CURVE('',#13684,(#13688,#13695),.PCURVE_S1.);
#13684 = LINE('',#13685,#13686);
#13685 = CARTESIAN_POINT('',(20.,-33.3,156.));
#13686 = VECTOR('',#13687,1.);
#13687 = DIRECTION('',(0.,0.,1.));
#13688 = PCURVE('',#12420,#13689);
#13689 = DEFINITIONAL_REPRESENTATION('',(#13690),#13694);
#13690 = LINE('',#13691,#13692);
#13691 = CARTESIAN_POINT('',(-6.,-22.));
#13692 = VECTOR('',#13693,1.);
#13693 = DIRECTION('',(-1.,0.));
#13694 = ( GEOMETRIC_REPRESENTATION_CONTEXT(2) 
PARAMETRIC_REPRESENTATION_CONTEXT() REPRESENTATION_CONTEXT('2D SPACE',''
  ) );
#13695 = PCURVE('',#12339,#13696);
#13696 = DEFINITIONAL_REPRESENTATION('',(#13697),#13701);
#13697 = LINE('',#13698,#13699);
#13698 = CARTESIAN_POINT('',(-0.,40.));
#13699 = VECTOR('',#13700,1.);
#13700 = DIRECTION('',(-1.,0.));
#13701 = ( GEOMETRIC_REPRESENTATION_CONTEXT(2) 
PARAMETRIC_REPRESENTATION_CONTEXT() REPRESENTATION_CONTEXT('2D SPACE',''
  ) );
#13702 = ORIENTED_EDGE('',*,*,#12404,.F.);
#13703 = ADVANCED_FACE('',(#13704),#12339,.F.);
#13704 = FACE_BOUND('',#13705,.T.);
#13705 = EDGE_LOOP('',(#13706,#13707,#13708,#13729));
#13706 = ORIENTED_EDGE('',*,*,#12432,.F.);
#13707 = ORIENTED_EDGE('',*,*,#12323,.T.);
#13708 = ORIENTED_EDGE('',*,*,#13709,.T.);
#13709 = EDGE_CURVE('',#12296,#13660,#13710,.T.);
#13710 = SURFACE_CURVE('',#13711,(#13715,#13722),.PCURVE_S1.);
#13711 = LINE('',#13712,#13713);
#13712 = CARTESIAN_POINT('',(-20.,-33.3,157.7));
#13713 = VECTOR('',#13714,1.);
#13714 = DIRECTION('',(1.,0.,-0.));
#13715 = PCURVE('',#12339,#13716);
#13716 = DEFINITIONAL_REPRESENTATION('',(#13717),#13721);
#13717 = LINE('',#13718,#13719);
#13718 = CARTESIAN_POINT('',(-1.7,0.));
#13719 = VECTOR('',#13720,1.);
#13720 = DIRECTION('',(-0.,1.));
#13721 = ( GEOMETRIC_REPRESENTATION_CONTEXT(2) 
PARAMETRIC_REPRESENTATION_CONTEXT() REPRESENTATION_CONTEXT('2D SPACE',''
  ) );
#13722 = PCURVE('',#12311,#13723);
#13723 = DEFINITIONAL_REPRESENTATION('',(#13724),#13728);
#13724 = LINE('',#13725,#13726);
#13725 = CARTESIAN_POINT('',(-0.,-0.));
#13726 = VECTOR('',#13727,1.);
#13727 = DIRECTION('',(-1.,0.));
#13728 = ( GEOMETRIC_REPRESENTATION_CONTEXT(2) 
PARAMETRIC_REPRESENTATION_CONTEXT() REPRESENTATION_CONTEXT('2D SPACE',''
  ) );
#13729 = ORIENTED_EDGE('',*,*,#13682,.F.);
#13730 = ADVANCED_FACE('',(#13731,#13757,#13792),#12311,.T.);
#13731 = FACE_BOUND('',#13732,.F.);
#13732 = EDGE_LOOP('',(#13733,#13734,#13735,#13736));
#13733 = ORIENTED_EDGE('',*,*,#12295,.F.);
#13734 = ORIENTED_EDGE('',*,*,#13709,.T.);
#13735 = ORIENTED_EDGE('',*,*,#13659,.T.);
#13736 = ORIENTED_EDGE('',*,*,#13737,.F.);
#13737 = EDGE_CURVE('',#12268,#13637,#13738,.T.);
#13738 = SURFACE_CURVE('',#13739,(#13743,#13750),.PCURVE_S1.);
#13739 = LINE('',#13740,#13741);
#13740 = CARTESIAN_POINT('',(-20.,-45.3,157.7));
#13741 = VECTOR('',#13742,1.);
#13742 = DIRECTION('',(1.,0.,-0.));
#13743 = PCURVE('',#12311,#13744);
#13744 = DEFINITIONAL_REPRESENTATION('',(#13745),#13749);
#13745 = LINE('',#13746,#13747);
#13746 = CARTESIAN_POINT('',(-0.,12.));
#13747 = VECTOR('',#13748,1.);
#13748 = DIRECTION('',(-1.,0.));
#13749 = ( GEOMETRIC_REPRESENTATION_CONTEXT(2) 
PARAMETRIC_REPRESENTATION_CONTEXT() REPRESENTATION_CONTEXT('2D SPACE',''
  ) );
#13750 = PCURVE('',#12283,#13751);
#13751 = DEFINITIONAL_REPRESENTATION('',(#13752),#13756);
#13752 = LINE('',#13753,#13754);
#13753 = CARTESIAN_POINT('',(-7.7,0.));
#13754 = VECTOR('',#13755,1.);
#13755 = DIRECTION('',(-0.,1.));
#13756 = ( GEOMETRIC_REPRESENTATION_CONTEXT(2) 
PARAMETRIC_REPRESENTATION_CONTEXT() REPRESENTATION_CONTEXT('2D SPACE',''
  ) );
#13757 = FACE_BOUND('',#13758,.F.);
#13758 = EDGE_LOOP('',(#13759));
#13759 = ORIENTED_EDGE('',*,*,#13760,.F.);
#13760 = EDGE_CURVE('',#13761,#13761,#13763,.T.);
#13761 = VERTEX_POINT('',#13762);
#13762 = CARTESIAN_POINT('',(-10.3,-39.3,157.7));
#13763 = SURFACE_CURVE('',#13764,(#13769,#13780),.PCURVE_S1.);
#13764 = CIRCLE('',#13765,1.7);
#13765 = AXIS2_PLACEMENT_3D('',#13766,#13767,#13768);
#13766 = CARTESIAN_POINT('',(-12.,-39.3,157.7));
#13767 = DIRECTION('',(0.,0.,-1.));
#13768 = DIRECTION('',(1.,-0.,-0.));
#13769 = PCURVE('',#12311,#13770);
#13770 = DEFINITIONAL_REPRESENTATION('',(#13771),#13779);
#13771 = ( BOUNDED_CURVE() B_SPLINE_CURVE(2,(#13772,#13773,#13774,#13775
    ,#13776,#13777,#13778),.UNSPECIFIED.,.T.,.F.) 
B_SPLINE_CURVE_WITH_KNOTS((1,2,2,2,2,1),(-2.094395102393,0.,
    2.094395102393,4.188790204786,6.28318530718,8.377580409573),
.UNSPECIFIED.) CURVE() GEOMETRIC_REPRESENTATION_ITEM() 
RATIONAL_B_SPLINE_CURVE((1.,0.5,1.,0.5,1.,0.5,1.)) REPRESENTATION_ITEM(
  '') );
#13772 = CARTESIAN_POINT('',(-9.7,6.));
#13773 = CARTESIAN_POINT('',(-9.7,8.944486372867));
#13774 = CARTESIAN_POINT('',(-7.15,7.472243186434));
#13775 = CARTESIAN_POINT('',(-4.6,6.));
#13776 = CARTESIAN_POINT('',(-7.15,4.527756813566));
#13777 = CARTESIAN_POINT('',(-9.7,3.055513627133));
#13778 = CARTESIAN_POINT('',(-9.7,6.));
#13779 = ( GEOMETRIC_REPRESENTATION_CONTEXT(2) 
PARAMETRIC_REPRESENTATION_CONTEXT() REPRESENTATION_CONTEXT('2D SPACE',''
  ) );
#13780 = PCURVE('',#13781,#13786);
#13781 = CYLINDRICAL_SURFACE('',#13782,1.7);
#13782 = AXIS2_PLACEMENT_3D('',#13783,#13784,#13785);
#13783 = CARTESIAN_POINT('',(-12.,-39.3,149.));
#13784 = DIRECTION('',(-0.,-0.,1.));
#13785 = DIRECTION('',(1.,-0.,-0.));
#13786 = DEFINITIONAL_REPRESENTATION('',(#13787),#13791);
#13787 = LINE('',#13788,#13789);
#13788 = CARTESIAN_POINT('',(-0.,8.7));
#13789 = VECTOR('',#13790,1.);
#13790 = DIRECTION('',(-1.,0.));
#13791 = ( GEOMETRIC_REPRESENTATION_CONTEXT(2) 
PARAMETRIC_REPRESENTATION_CONTEXT() REPRESENTATION_CONTEXT('2D SPACE',''
  ) );
#13792 = FACE_BOUND('',#13793,.F.);
#13793 = EDGE_LOOP('',(#13794));
#13794 = ORIENTED_EDGE('',*,*,#13795,.F.);
#13795 = EDGE_CURVE('',#13796,#13796,#13798,.T.);
#13796 = VERTEX_POINT('',#13797);
#13797 = CARTESIAN_POINT('',(13.7,-39.3,157.7));
#13798 = SURFACE_CURVE('',#13799,(#13804,#13815),.PCURVE_S1.);
#13799 = CIRCLE('',#13800,1.7);
#13800 = AXIS2_PLACEMENT_3D('',#13801,#13802,#13803);
#13801 = CARTESIAN_POINT('',(12.,-39.3,157.7));
#13802 = DIRECTION('',(0.,0.,-1.));
#13803 = DIRECTION('',(1.,-0.,-0.));
#13804 = PCURVE('',#12311,#13805);
#13805 = DEFINITIONAL_REPRESENTATION('',(#13806),#13814);
#13806 = ( BOUNDED_CURVE() B_SPLINE_CURVE(2,(#13807,#13808,#13809,#13810
    ,#13811,#13812,#13813),.UNSPECIFIED.,.T.,.F.) 
B_SPLINE_CURVE_WITH_KNOTS((1,2,2,2,2,1),(-2.094395102393,0.,
    2.094395102393,4.188790204786,6.28318530718,8.377580409573),
.UNSPECIFIED.) CURVE() GEOMETRIC_REPRESENTATION_ITEM() 
RATIONAL_B_SPLINE_CURVE((1.,0.5,1.,0.5,1.,0.5,1.)) REPRESENTATION_ITEM(
  '') );
#13807 = CARTESIAN_POINT('',(-33.7,6.));
#13808 = CARTESIAN_POINT('',(-33.7,8.944486372867));
#13809 = CARTESIAN_POINT('',(-31.15,7.472243186434));
#13810 = CARTESIAN_POINT('',(-28.6,6.));
#13811 = CARTESIAN_POINT('',(-31.15,4.527756813566));
#13812 = CARTESIAN_POINT('',(-33.7,3.055513627133));
#13813 = CARTESIAN_POINT('',(-33.7,6.));
#13814 = ( GEOMETRIC_REPRESENTATION_CONTEXT(2) 
PARAMETRIC_REPRESENTATION_CONTEXT() REPRESENTATION_CONTEXT('2D SPACE',''
  ) );
#13815 = PCURVE('',#13816,#13821);
#13816 = CYLINDRICAL_SURFACE('',#13817,1.7);
#13817 = AXIS2_PLACEMENT_3D('',#13818,#13819,#13820);
#13818 = CARTESIAN_POINT('',(12.,-39.3,149.));
#13819 = DIRECTION('',(-0.,-0.,1.));
#13820 = DIRECTION('',(1.,-0.,-0.));
#13821 = DEFINITIONAL_REPRESENTATION('',(#13822),#13826);
#13822 = LINE('',#13823,#13824);
#13823 = CARTESIAN_POINT('',(-0.,8.7));
#13824 = VECTOR('',#13825,1.);
#13825 = DIRECTION('',(-1.,0.));
#13826 = ( GEOMETRIC_REPRESENTATION_CONTEXT(2) 
PARAMETRIC_REPRESENTATION_CONTEXT() REPRESENTATION_CONTEXT('2D SPACE',''
  ) );
#13827 = ADVANCED_FACE('',(#13828),#13816,.F.);
#13828 = FACE_BOUND('',#13829,.T.);
#13829 = EDGE_LOOP('',(#13830,#13853,#13854,#13855));
#13830 = ORIENTED_EDGE('',*,*,#13831,.T.);
#13831 = EDGE_CURVE('',#13832,#13796,#13834,.T.);
#13832 = VERTEX_POINT('',#13833);
#13833 = CARTESIAN_POINT('',(13.7,-39.3,154.6));
#13834 = SEAM_CURVE('',#13835,(#13839,#13846),.PCURVE_S1.);
#13835 = LINE('',#13836,#13837);
#13836 = CARTESIAN_POINT('',(13.7,-39.3,149.));
#13837 = VECTOR('',#13838,1.);
#13838 = DIRECTION('',(-0.,-0.,1.));
#13839 = PCURVE('',#13816,#13840);
#13840 = DEFINITIONAL_REPRESENTATION('',(#13841),#13845);
#13841 = LINE('',#13842,#13843);
#13842 = CARTESIAN_POINT('',(-6.28318530718,-0.));
#13843 = VECTOR('',#13844,1.);
#13844 = DIRECTION('',(-0.,1.));
#13845 = ( GEOMETRIC_REPRESENTATION_CONTEXT(2) 
PARAMETRIC_REPRESENTATION_CONTEXT() REPRESENTATION_CONTEXT('2D SPACE',''
  ) );
#13846 = PCURVE('',#13816,#13847);
#13847 = DEFINITIONAL_REPRESENTATION('',(#13848),#13852);
#13848 = LINE('',#13849,#13850);
#13849 = CARTESIAN_POINT('',(-0.,-0.));
#13850 = VECTOR('',#13851,1.);
#13851 = DIRECTION('',(-0.,1.));
#13852 = ( GEOMETRIC_REPRESENTATION_CONTEXT(2) 
PARAMETRIC_REPRESENTATION_CONTEXT() REPRESENTATION_CONTEXT('2D SPACE',''
  ) );
#13853 = ORIENTED_EDGE('',*,*,#13795,.F.);
#13854 = ORIENTED_EDGE('',*,*,#13831,.F.);
#13855 = ORIENTED_EDGE('',*,*,#13856,.T.);
#13856 = EDGE_CURVE('',#13832,#13832,#13857,.T.);
#13857 = SURFACE_CURVE('',#13858,(#13863,#13870),.PCURVE_S1.);
#13858 = CIRCLE('',#13859,1.7);
#13859 = AXIS2_PLACEMENT_3D('',#13860,#13861,#13862);
#13860 = CARTESIAN_POINT('',(12.,-39.3,154.6));
#13861 = DIRECTION('',(0.,0.,-1.));
#13862 = DIRECTION('',(1.,-0.,-0.));
#13863 = PCURVE('',#13816,#13864);
#13864 = DEFINITIONAL_REPRESENTATION('',(#13865),#13869);
#13865 = LINE('',#13866,#13867);
#13866 = CARTESIAN_POINT('',(-0.,5.6));
#13867 = VECTOR('',#13868,1.);
#13868 = DIRECTION('',(-1.,0.));
#13869 = ( GEOMETRIC_REPRESENTATION_CONTEXT(2) 
PARAMETRIC_REPRESENTATION_CONTEXT() REPRESENTATION_CONTEXT('2D SPACE',''
  ) );
#13870 = PCURVE('',#13871,#13876);
#13871 = PLANE('',#13872);
#13872 = AXIS2_PLACEMENT_3D('',#13873,#13874,#13875);
#13873 = CARTESIAN_POINT('',(12.,-39.3,154.6));
#13874 = DIRECTION('',(-0.,-0.,1.));
#13875 = DIRECTION('',(-1.,0.,0.));
#13876 = DEFINITIONAL_REPRESENTATION('',(#13877),#13885);
#13877 = ( BOUNDED_CURVE() B_SPLINE_CURVE(2,(#13878,#13879,#13880,#13881
    ,#13882,#13883,#13884),.UNSPECIFIED.,.T.,.F.) 
B_SPLINE_CURVE_WITH_KNOTS((1,2,2,2,2,1),(-2.094395102393,0.,
    2.094395102393,4.188790204786,6.28318530718,8.377580409573),
.UNSPECIFIED.) CURVE() GEOMETRIC_REPRESENTATION_ITEM() 
RATIONAL_B_SPLINE_CURVE((1.,0.5,1.,0.5,1.,0.5,1.)) REPRESENTATION_ITEM(
  '') );
#13878 = CARTESIAN_POINT('',(-1.7,0.));
#13879 = CARTESIAN_POINT('',(-1.7,2.944486372867));
#13880 = CARTESIAN_POINT('',(0.85,1.472243186434));
#13881 = CARTESIAN_POINT('',(3.4,4.163799117101E-16));
#13882 = CARTESIAN_POINT('',(0.85,-1.472243186434));
#13883 = CARTESIAN_POINT('',(-1.7,-2.944486372867));
#13884 = CARTESIAN_POINT('',(-1.7,0.));
#13885 = ( GEOMETRIC_REPRESENTATION_CONTEXT(2) 
PARAMETRIC_REPRESENTATION_CONTEXT() REPRESENTATION_CONTEXT('2D SPACE',''
  ) );
#13886 = ADVANCED_FACE('',(#13887,#14057),#13871,.F.);
#13887 = FACE_BOUND('',#13888,.T.);
#13888 = EDGE_LOOP('',(#13889,#13919,#13947,#13975,#14003,#14031));
#13889 = ORIENTED_EDGE('',*,*,#13890,.T.);
#13890 = EDGE_CURVE('',#13891,#13893,#13895,.T.);
#13891 = VERTEX_POINT('',#13892);
#13892 = CARTESIAN_POINT('',(15.290896534381,-39.3,154.6));
#13893 = VERTEX_POINT('',#13894);
#13894 = CARTESIAN_POINT('',(13.64544826719,-42.15,154.6));
#13895 = SURFACE_CURVE('',#13896,(#13900,#13907),.PCURVE_S1.);
#13896 = LINE('',#13897,#13898);
#13897 = CARTESIAN_POINT('',(15.290896534381,-39.3,154.6));
#13898 = VECTOR('',#13899,1.);
#13899 = DIRECTION('',(-0.5,-0.866025403784,-0.));
#13900 = PCURVE('',#13871,#13901);
#13901 = DEFINITIONAL_REPRESENTATION('',(#13902),#13906);
#13902 = LINE('',#13903,#13904);
#13903 = CARTESIAN_POINT('',(-3.290896534381,-0.));
#13904 = VECTOR('',#13905,1.);
#13905 = DIRECTION('',(0.5,0.866025403784));
#13906 = ( GEOMETRIC_REPRESENTATION_CONTEXT(2) 
PARAMETRIC_REPRESENTATION_CONTEXT() REPRESENTATION_CONTEXT('2D SPACE',''
  ) );
#13907 = PCURVE('',#13908,#13913);
#13908 = PLANE('',#13909);
#13909 = AXIS2_PLACEMENT_3D('',#13910,#13911,#13912);
#13910 = CARTESIAN_POINT('',(15.290896534381,-39.3,150.));
#13911 = DIRECTION('',(-0.866025403784,0.5,0.));
#13912 = DIRECTION('',(0.5,0.866025403784,0.));
#13913 = DEFINITIONAL_REPRESENTATION('',(#13914),#13918);
#13914 = LINE('',#13915,#13916);
#13915 = CARTESIAN_POINT('',(-0.,-4.6));
#13916 = VECTOR('',#13917,1.);
#13917 = DIRECTION('',(-1.,0.));
#13918 = ( GEOMETRIC_REPRESENTATION_CONTEXT(2) 
PARAMETRIC_REPRESENTATION_CONTEXT() REPRESENTATION_CONTEXT('2D SPACE',''
  ) );
#13919 = ORIENTED_EDGE('',*,*,#13920,.T.);
#13920 = EDGE_CURVE('',#13893,#13921,#13923,.T.);
#13921 = VERTEX_POINT('',#13922);
#13922 = CARTESIAN_POINT('',(10.35455173281,-42.15,154.6));
#13923 = SURFACE_CURVE('',#13924,(#13928,#13935),.PCURVE_S1.);
#13924 = LINE('',#13925,#13926);
#13925 = CARTESIAN_POINT('',(13.64544826719,-42.15,154.6));
#13926 = VECTOR('',#13927,1.);
#13927 = DIRECTION('',(-1.,-1.349447499217E-16,-0.));
#13928 = PCURVE('',#13871,#13929);
#13929 = DEFINITIONAL_REPRESENTATION('',(#13930),#13934);
#13930 = LINE('',#13931,#13932);
#13931 = CARTESIAN_POINT('',(-1.64544826719,2.85));
#13932 = VECTOR('',#13933,1.);
#13933 = DIRECTION('',(1.,1.349447499217E-16));
#13934 = ( GEOMETRIC_REPRESENTATION_CONTEXT(2) 
PARAMETRIC_REPRESENTATION_CONTEXT() REPRESENTATION_CONTEXT('2D SPACE',''
  ) );
#13935 = PCURVE('',#13936,#13941);
#13936 = PLANE('',#13937);
#13937 = AXIS2_PLACEMENT_3D('',#13938,#13939,#13940);
#13938 = CARTESIAN_POINT('',(13.64544826719,-42.15,150.));
#13939 = DIRECTION('',(-1.349447499217E-16,1.,0.));
#13940 = DIRECTION('',(1.,1.349447499217E-16,0.));
#13941 = DEFINITIONAL_REPRESENTATION('',(#13942),#13946);
#13942 = LINE('',#13943,#13944);
#13943 = CARTESIAN_POINT('',(-0.,-4.6));
#13944 = VECTOR('',#13945,1.);
#13945 = DIRECTION('',(-1.,0.));
#13946 = ( GEOMETRIC_REPRESENTATION_CONTEXT(2) 
PARAMETRIC_REPRESENTATION_CONTEXT() REPRESENTATION_CONTEXT('2D SPACE',''
  ) );
#13947 = ORIENTED_EDGE('',*,*,#13948,.T.);
#13948 = EDGE_CURVE('',#13921,#13949,#13951,.T.);
#13949 = VERTEX_POINT('',#13950);
#13950 = CARTESIAN_POINT('',(8.709103465619,-39.3,154.6));
#13951 = SURFACE_CURVE('',#13952,(#13956,#13963),.PCURVE_S1.);
#13952 = LINE('',#13953,#13954);
#13953 = CARTESIAN_POINT('',(10.35455173281,-42.15,154.6));
#13954 = VECTOR('',#13955,1.);
#13955 = DIRECTION('',(-0.5,0.866025403784,0.));
#13956 = PCURVE('',#13871,#13957);
#13957 = DEFINITIONAL_REPRESENTATION('',(#13958),#13962);
#13958 = LINE('',#13959,#13960);
#13959 = CARTESIAN_POINT('',(1.64544826719,2.85));
#13960 = VECTOR('',#13961,1.);
#13961 = DIRECTION('',(0.5,-0.866025403784));
#13962 = ( GEOMETRIC_REPRESENTATION_CONTEXT(2) 
PARAMETRIC_REPRESENTATION_CONTEXT() REPRESENTATION_CONTEXT('2D SPACE',''
  ) );
#13963 = PCURVE('',#13964,#13969);
#13964 = PLANE('',#13965);
#13965 = AXIS2_PLACEMENT_3D('',#13966,#13967,#13968);
#13966 = CARTESIAN_POINT('',(10.35455173281,-42.15,150.));
#13967 = DIRECTION('',(0.866025403784,0.5,-0.));
#13968 = DIRECTION('',(0.5,-0.866025403784,-0.));
#13969 = DEFINITIONAL_REPRESENTATION('',(#13970),#13974);
#13970 = LINE('',#13971,#13972);
#13971 = CARTESIAN_POINT('',(-0.,-4.6));
#13972 = VECTOR('',#13973,1.);
#13973 = DIRECTION('',(-1.,-0.));
#13974 = ( GEOMETRIC_REPRESENTATION_CONTEXT(2) 
PARAMETRIC_REPRESENTATION_CONTEXT() REPRESENTATION_CONTEXT('2D SPACE',''
  ) );
#13975 = ORIENTED_EDGE('',*,*,#13976,.T.);
#13976 = EDGE_CURVE('',#13949,#13977,#13979,.T.);
#13977 = VERTEX_POINT('',#13978);
#13978 = CARTESIAN_POINT('',(10.35455173281,-36.45,154.6));
#13979 = SURFACE_CURVE('',#13980,(#13984,#13991),.PCURVE_S1.);
#13980 = LINE('',#13981,#13982);
#13981 = CARTESIAN_POINT('',(8.709103465619,-39.3,154.6));
#13982 = VECTOR('',#13983,1.);
#13983 = DIRECTION('',(0.5,0.866025403784,-0.));
#13984 = PCURVE('',#13871,#13985);
#13985 = DEFINITIONAL_REPRESENTATION('',(#13986),#13990);
#13986 = LINE('',#13987,#13988);
#13987 = CARTESIAN_POINT('',(3.290896534381,-0.));
#13988 = VECTOR('',#13989,1.);
#13989 = DIRECTION('',(-0.5,-0.866025403784));
#13990 = ( GEOMETRIC_REPRESENTATION_CONTEXT(2) 
PARAMETRIC_REPRESENTATION_CONTEXT() REPRESENTATION_CONTEXT('2D SPACE',''
  ) );
#13991 = PCURVE('',#13992,#13997);
#13992 = PLANE('',#13993);
#13993 = AXIS2_PLACEMENT_3D('',#13994,#13995,#13996);
#13994 = CARTESIAN_POINT('',(8.709103465619,-39.3,150.));
#13995 = DIRECTION('',(0.866025403784,-0.5,-0.));
#13996 = DIRECTION('',(-0.5,-0.866025403784,0.));
#13997 = DEFINITIONAL_REPRESENTATION('',(#13998),#14002);
#13998 = LINE('',#13999,#14000);
#13999 = CARTESIAN_POINT('',(-0.,-4.6));
#14000 = VECTOR('',#14001,1.);
#14001 = DIRECTION('',(-1.,0.));
#14002 = ( GEOMETRIC_REPRESENTATION_CONTEXT(2) 
PARAMETRIC_REPRESENTATION_CONTEXT() REPRESENTATION_CONTEXT('2D SPACE',''
  ) );
#14003 = ORIENTED_EDGE('',*,*,#14004,.T.);
#14004 = EDGE_CURVE('',#13977,#14005,#14007,.T.);
#14005 = VERTEX_POINT('',#14006);
#14006 = CARTESIAN_POINT('',(13.64544826719,-36.45,154.6));
#14007 = SURFACE_CURVE('',#14008,(#14012,#14019),.PCURVE_S1.);
#14008 = LINE('',#14009,#14010);
#14009 = CARTESIAN_POINT('',(10.35455173281,-36.45,154.6));
#14010 = VECTOR('',#14011,1.);
#14011 = DIRECTION('',(1.,5.397789996866E-16,-0.));
#14012 = PCURVE('',#13871,#14013);
#14013 = DEFINITIONAL_REPRESENTATION('',(#14014),#14018);
#14014 = LINE('',#14015,#14016);
#14015 = CARTESIAN_POINT('',(1.64544826719,-2.85));
#14016 = VECTOR('',#14017,1.);
#14017 = DIRECTION('',(-1.,-5.397789996866E-16));
#14018 = ( GEOMETRIC_REPRESENTATION_CONTEXT(2) 
PARAMETRIC_REPRESENTATION_CONTEXT() REPRESENTATION_CONTEXT('2D SPACE',''
  ) );
#14019 = PCURVE('',#14020,#14025);
#14020 = PLANE('',#14021);
#14021 = AXIS2_PLACEMENT_3D('',#14022,#14023,#14024);
#14022 = CARTESIAN_POINT('',(10.35455173281,-36.45,150.));
#14023 = DIRECTION('',(5.397789996866E-16,-1.,-0.));
#14024 = DIRECTION('',(-1.,-5.397789996866E-16,0.));
#14025 = DEFINITIONAL_REPRESENTATION('',(#14026),#14030);
#14026 = LINE('',#14027,#14028);
#14027 = CARTESIAN_POINT('',(-0.,-4.6));
#14028 = VECTOR('',#14029,1.);
#14029 = DIRECTION('',(-1.,0.));
#14030 = ( GEOMETRIC_REPRESENTATION_CONTEXT(2) 
PARAMETRIC_REPRESENTATION_CONTEXT() REPRESENTATION_CONTEXT('2D SPACE',''
  ) );
#14031 = ORIENTED_EDGE('',*,*,#14032,.T.);
#14032 = EDGE_CURVE('',#14005,#13891,#14033,.T.);
#14033 = SURFACE_CURVE('',#14034,(#14038,#14045),.PCURVE_S1.);
#14034 = LINE('',#14035,#14036);
#14035 = CARTESIAN_POINT('',(13.64544826719,-36.45,154.6));
#14036 = VECTOR('',#14037,1.);
#14037 = DIRECTION('',(0.5,-0.866025403784,-0.));
#14038 = PCURVE('',#13871,#14039);
#14039 = DEFINITIONAL_REPRESENTATION('',(#14040),#14044);
#14040 = LINE('',#14041,#14042);
#14041 = CARTESIAN_POINT('',(-1.64544826719,-2.85));
#14042 = VECTOR('',#14043,1.);
#14043 = DIRECTION('',(-0.5,0.866025403784));
#14044 = ( GEOMETRIC_REPRESENTATION_CONTEXT(2) 
PARAMETRIC_REPRESENTATION_CONTEXT() REPRESENTATION_CONTEXT('2D SPACE',''
  ) );
#14045 = PCURVE('',#14046,#14051);
#14046 = PLANE('',#14047);
#14047 = AXIS2_PLACEMENT_3D('',#14048,#14049,#14050);
#14048 = CARTESIAN_POINT('',(13.64544826719,-36.45,150.));
#14049 = DIRECTION('',(-0.866025403784,-0.5,-0.));
#14050 = DIRECTION('',(-0.5,0.866025403784,0.));
#14051 = DEFINITIONAL_REPRESENTATION('',(#14052),#14056);
#14052 = LINE('',#14053,#14054);
#14053 = CARTESIAN_POINT('',(-0.,-4.6));
#14054 = VECTOR('',#14055,1.);
#14055 = DIRECTION('',(-1.,0.));
#14056 = ( GEOMETRIC_REPRESENTATION_CONTEXT(2) 
PARAMETRIC_REPRESENTATION_CONTEXT() REPRESENTATION_CONTEXT('2D SPACE',''
  ) );
#14057 = FACE_BOUND('',#14058,.T.);
#14058 = EDGE_LOOP('',(#14059));
#14059 = ORIENTED_EDGE('',*,*,#13856,.F.);
#14060 = ADVANCED_FACE('',(#14061),#13992,.T.);
#14061 = FACE_BOUND('',#14062,.F.);
#14062 = EDGE_LOOP('',(#14063,#14086,#14087,#14110));
#14063 = ORIENTED_EDGE('',*,*,#14064,.T.);
#14064 = EDGE_CURVE('',#14065,#13949,#14067,.T.);
#14065 = VERTEX_POINT('',#14066);
#14066 = CARTESIAN_POINT('',(8.709103465619,-39.3,150.));
#14067 = SURFACE_CURVE('',#14068,(#14072,#14079),.PCURVE_S1.);
#14068 = LINE('',#14069,#14070);
#14069 = CARTESIAN_POINT('',(8.709103465619,-39.3,150.));
#14070 = VECTOR('',#14071,1.);
#14071 = DIRECTION('',(-0.,-0.,1.));
#14072 = PCURVE('',#13992,#14073);
#14073 = DEFINITIONAL_REPRESENTATION('',(#14074),#14078);
#14074 = LINE('',#14075,#14076);
#14075 = CARTESIAN_POINT('',(-0.,0.));
#14076 = VECTOR('',#14077,1.);
#14077 = DIRECTION('',(-0.,-1.));
#14078 = ( GEOMETRIC_REPRESENTATION_CONTEXT(2) 
PARAMETRIC_REPRESENTATION_CONTEXT() REPRESENTATION_CONTEXT('2D SPACE',''
  ) );
#14079 = PCURVE('',#13964,#14080);
#14080 = DEFINITIONAL_REPRESENTATION('',(#14081),#14085);
#14081 = LINE('',#14082,#14083);
#14082 = CARTESIAN_POINT('',(-3.290896534381,-0.));
#14083 = VECTOR('',#14084,1.);
#14084 = DIRECTION('',(-0.,-1.));
#14085 = ( GEOMETRIC_REPRESENTATION_CONTEXT(2) 
PARAMETRIC_REPRESENTATION_CONTEXT() REPRESENTATION_CONTEXT('2D SPACE',''
  ) );
#14086 = ORIENTED_EDGE('',*,*,#13976,.T.);
#14087 = ORIENTED_EDGE('',*,*,#14088,.F.);
#14088 = EDGE_CURVE('',#14089,#13977,#14091,.T.);
#14089 = VERTEX_POINT('',#14090);
#14090 = CARTESIAN_POINT('',(10.35455173281,-36.45,150.));
#14091 = SURFACE_CURVE('',#14092,(#14096,#14103),.PCURVE_S1.);
#14092 = LINE('',#14093,#14094);
#14093 = CARTESIAN_POINT('',(10.35455173281,-36.45,150.));
#14094 = VECTOR('',#14095,1.);
#14095 = DIRECTION('',(-0.,-0.,1.));
#14096 = PCURVE('',#13992,#14097);
#14097 = DEFINITIONAL_REPRESENTATION('',(#14098),#14102);
#14098 = LINE('',#14099,#14100);
#14099 = CARTESIAN_POINT('',(-3.290896534381,0.));
#14100 = VECTOR('',#14101,1.);
#14101 = DIRECTION('',(-0.,-1.));
#14102 = ( GEOMETRIC_REPRESENTATION_CONTEXT(2) 
PARAMETRIC_REPRESENTATION_CONTEXT() REPRESENTATION_CONTEXT('2D SPACE',''
  ) );
#14103 = PCURVE('',#14020,#14104);
#14104 = DEFINITIONAL_REPRESENTATION('',(#14105),#14109);
#14105 = LINE('',#14106,#14107);
#14106 = CARTESIAN_POINT('',(-0.,0.));
#14107 = VECTOR('',#14108,1.);
#14108 = DIRECTION('',(-0.,-1.));
#14109 = ( GEOMETRIC_REPRESENTATION_CONTEXT(2) 
PARAMETRIC_REPRESENTATION_CONTEXT() REPRESENTATION_CONTEXT('2D SPACE',''
  ) );
#14110 = ORIENTED_EDGE('',*,*,#14111,.F.);
#14111 = EDGE_CURVE('',#14065,#14089,#14112,.T.);
#14112 = SURFACE_CURVE('',#14113,(#14117,#14124),.PCURVE_S1.);
#14113 = LINE('',#14114,#14115);
#14114 = CARTESIAN_POINT('',(8.709103465619,-39.3,150.));
#14115 = VECTOR('',#14116,1.);
#14116 = DIRECTION('',(0.5,0.866025403784,-0.));
#14117 = PCURVE('',#13992,#14118);
#14118 = DEFINITIONAL_REPRESENTATION('',(#14119),#14123);
#14119 = LINE('',#14120,#14121);
#14120 = CARTESIAN_POINT('',(-0.,0.));
#14121 = VECTOR('',#14122,1.);
#14122 = DIRECTION('',(-1.,0.));
#14123 = ( GEOMETRIC_REPRESENTATION_CONTEXT(2) 
PARAMETRIC_REPRESENTATION_CONTEXT() REPRESENTATION_CONTEXT('2D SPACE',''
  ) );
#14124 = PCURVE('',#12255,#14125);
#14125 = DEFINITIONAL_REPRESENTATION('',(#14126),#14130);
#14126 = LINE('',#14127,#14128);
#14127 = CARTESIAN_POINT('',(-28.70910346561,28.));
#14128 = VECTOR('',#14129,1.);
#14129 = DIRECTION('',(-0.5,-0.866025403784));
#14130 = ( GEOMETRIC_REPRESENTATION_CONTEXT(2) 
PARAMETRIC_REPRESENTATION_CONTEXT() REPRESENTATION_CONTEXT('2D SPACE',''
  ) );
#14131 = ADVANCED_FACE('',(#14132),#13964,.T.);
#14132 = FACE_BOUND('',#14133,.F.);
#14133 = EDGE_LOOP('',(#14134,#14157,#14158,#14159));
#14134 = ORIENTED_EDGE('',*,*,#14135,.T.);
#14135 = EDGE_CURVE('',#14136,#13921,#14138,.T.);
#14136 = VERTEX_POINT('',#14137);
#14137 = CARTESIAN_POINT('',(10.35455173281,-42.15,150.));
#14138 = SURFACE_CURVE('',#14139,(#14143,#14150),.PCURVE_S1.);
#14139 = LINE('',#14140,#14141);
#14140 = CARTESIAN_POINT('',(10.35455173281,-42.15,150.));
#14141 = VECTOR('',#14142,1.);
#14142 = DIRECTION('',(-0.,-0.,1.));
#14143 = PCURVE('',#13964,#14144);
#14144 = DEFINITIONAL_REPRESENTATION('',(#14145),#14149);
#14145 = LINE('',#14146,#14147);
#14146 = CARTESIAN_POINT('',(-0.,0.));
#14147 = VECTOR('',#14148,1.);
#14148 = DIRECTION('',(-0.,-1.));
#14149 = ( GEOMETRIC_REPRESENTATION_CONTEXT(2) 
PARAMETRIC_REPRESENTATION_CONTEXT() REPRESENTATION_CONTEXT('2D SPACE',''
  ) );
#14150 = PCURVE('',#13936,#14151);
#14151 = DEFINITIONAL_REPRESENTATION('',(#14152),#14156);
#14152 = LINE('',#14153,#14154);
#14153 = CARTESIAN_POINT('',(-3.290896534381,0.));
#14154 = VECTOR('',#14155,1.);
#14155 = DIRECTION('',(-0.,-1.));
#14156 = ( GEOMETRIC_REPRESENTATION_CONTEXT(2) 
PARAMETRIC_REPRESENTATION_CONTEXT() REPRESENTATION_CONTEXT('2D SPACE',''
  ) );
#14157 = ORIENTED_EDGE('',*,*,#13948,.T.);
#14158 = ORIENTED_EDGE('',*,*,#14064,.F.);
#14159 = ORIENTED_EDGE('',*,*,#14160,.F.);
#14160 = EDGE_CURVE('',#14136,#14065,#14161,.T.);
#14161 = SURFACE_CURVE('',#14162,(#14166,#14173),.PCURVE_S1.);
#14162 = LINE('',#14163,#14164);
#14163 = CARTESIAN_POINT('',(10.35455173281,-42.15,150.));
#14164 = VECTOR('',#14165,1.);
#14165 = DIRECTION('',(-0.5,0.866025403784,0.));
#14166 = PCURVE('',#13964,#14167);
#14167 = DEFINITIONAL_REPRESENTATION('',(#14168),#14172);
#14168 = LINE('',#14169,#14170);
#14169 = CARTESIAN_POINT('',(-0.,0.));
#14170 = VECTOR('',#14171,1.);
#14171 = DIRECTION('',(-1.,-0.));
#14172 = ( GEOMETRIC_REPRESENTATION_CONTEXT(2) 
PARAMETRIC_REPRESENTATION_CONTEXT() REPRESENTATION_CONTEXT('2D SPACE',''
  ) );
#14173 = PCURVE('',#12255,#14174);
#14174 = DEFINITIONAL_REPRESENTATION('',(#14175),#14179);
#14175 = LINE('',#14176,#14177);
#14176 = CARTESIAN_POINT('',(-30.35455173281,30.85));
#14177 = VECTOR('',#14178,1.);
#14178 = DIRECTION('',(0.5,-0.866025403784));
#14179 = ( GEOMETRIC_REPRESENTATION_CONTEXT(2) 
PARAMETRIC_REPRESENTATION_CONTEXT() REPRESENTATION_CONTEXT('2D SPACE',''
  ) );
#14180 = ADVANCED_FACE('',(#14181),#14020,.T.);
#14181 = FACE_BOUND('',#14182,.F.);
#14182 = EDGE_LOOP('',(#14183,#14184,#14185,#14208));
#14183 = ORIENTED_EDGE('',*,*,#14088,.T.);
#14184 = ORIENTED_EDGE('',*,*,#14004,.T.);
#14185 = ORIENTED_EDGE('',*,*,#14186,.F.);
#14186 = EDGE_CURVE('',#14187,#14005,#14189,.T.);
#14187 = VERTEX_POINT('',#14188);
#14188 = CARTESIAN_POINT('',(13.64544826719,-36.45,150.));
#14189 = SURFACE_CURVE('',#14190,(#14194,#14201),.PCURVE_S1.);
#14190 = LINE('',#14191,#14192);
#14191 = CARTESIAN_POINT('',(13.64544826719,-36.45,150.));
#14192 = VECTOR('',#14193,1.);
#14193 = DIRECTION('',(-0.,-0.,1.));
#14194 = PCURVE('',#14020,#14195);
#14195 = DEFINITIONAL_REPRESENTATION('',(#14196),#14200);
#14196 = LINE('',#14197,#14198);
#14197 = CARTESIAN_POINT('',(-3.290896534381,0.));
#14198 = VECTOR('',#14199,1.);
#14199 = DIRECTION('',(-0.,-1.));
#14200 = ( GEOMETRIC_REPRESENTATION_CONTEXT(2) 
PARAMETRIC_REPRESENTATION_CONTEXT() REPRESENTATION_CONTEXT('2D SPACE',''
  ) );
#14201 = PCURVE('',#14046,#14202);
#14202 = DEFINITIONAL_REPRESENTATION('',(#14203),#14207);
#14203 = LINE('',#14204,#14205);
#14204 = CARTESIAN_POINT('',(-0.,-0.));
#14205 = VECTOR('',#14206,1.);
#14206 = DIRECTION('',(-0.,-1.));
#14207 = ( GEOMETRIC_REPRESENTATION_CONTEXT(2) 
PARAMETRIC_REPRESENTATION_CONTEXT() REPRESENTATION_CONTEXT('2D SPACE',''
  ) );
#14208 = ORIENTED_EDGE('',*,*,#14209,.F.);
#14209 = EDGE_CURVE('',#14089,#14187,#14210,.T.);
#14210 = SURFACE_CURVE('',#14211,(#14215,#14222),.PCURVE_S1.);
#14211 = LINE('',#14212,#14213);
#14212 = CARTESIAN_POINT('',(10.35455173281,-36.45,150.));
#14213 = VECTOR('',#14214,1.);
#14214 = DIRECTION('',(1.,5.397789996866E-16,-0.));
#14215 = PCURVE('',#14020,#14216);
#14216 = DEFINITIONAL_REPRESENTATION('',(#14217),#14221);
#14217 = LINE('',#14218,#14219);
#14218 = CARTESIAN_POINT('',(-0.,0.));
#14219 = VECTOR('',#14220,1.);
#14220 = DIRECTION('',(-1.,0.));
#14221 = ( GEOMETRIC_REPRESENTATION_CONTEXT(2) 
PARAMETRIC_REPRESENTATION_CONTEXT() REPRESENTATION_CONTEXT('2D SPACE',''
  ) );
#14222 = PCURVE('',#12255,#14223);
#14223 = DEFINITIONAL_REPRESENTATION('',(#14224),#14228);
#14224 = LINE('',#14225,#14226);
#14225 = CARTESIAN_POINT('',(-30.35455173281,25.15));
#14226 = VECTOR('',#14227,1.);
#14227 = DIRECTION('',(-1.,-5.397789996866E-16));
#14228 = ( GEOMETRIC_REPRESENTATION_CONTEXT(2) 
PARAMETRIC_REPRESENTATION_CONTEXT() REPRESENTATION_CONTEXT('2D SPACE',''
  ) );
#14229 = ADVANCED_FACE('',(#14230),#13936,.T.);
#14230 = FACE_BOUND('',#14231,.F.);
#14231 = EDGE_LOOP('',(#14232,#14255,#14256,#14257));
#14232 = ORIENTED_EDGE('',*,*,#14233,.T.);
#14233 = EDGE_CURVE('',#14234,#13893,#14236,.T.);
#14234 = VERTEX_POINT('',#14235);
#14235 = CARTESIAN_POINT('',(13.64544826719,-42.15,150.));
#14236 = SURFACE_CURVE('',#14237,(#14241,#14248),.PCURVE_S1.);
#14237 = LINE('',#14238,#14239);
#14238 = CARTESIAN_POINT('',(13.64544826719,-42.15,150.));
#14239 = VECTOR('',#14240,1.);
#14240 = DIRECTION('',(-0.,-0.,1.));
#14241 = PCURVE('',#13936,#14242);
#14242 = DEFINITIONAL_REPRESENTATION('',(#14243),#14247);
#14243 = LINE('',#14244,#14245);
#14244 = CARTESIAN_POINT('',(-0.,-0.));
#14245 = VECTOR('',#14246,1.);
#14246 = DIRECTION('',(-0.,-1.));
#14247 = ( GEOMETRIC_REPRESENTATION_CONTEXT(2) 
PARAMETRIC_REPRESENTATION_CONTEXT() REPRESENTATION_CONTEXT('2D SPACE',''
  ) );
#14248 = PCURVE('',#13908,#14249);
#14249 = DEFINITIONAL_REPRESENTATION('',(#14250),#14254);
#14250 = LINE('',#14251,#14252);
#14251 = CARTESIAN_POINT('',(-3.290896534381,0.));
#14252 = VECTOR('',#14253,1.);
#14253 = DIRECTION('',(-0.,-1.));
#14254 = ( GEOMETRIC_REPRESENTATION_CONTEXT(2) 
PARAMETRIC_REPRESENTATION_CONTEXT() REPRESENTATION_CONTEXT('2D SPACE',''
  ) );
#14255 = ORIENTED_EDGE('',*,*,#13920,.T.);
#14256 = ORIENTED_EDGE('',*,*,#14135,.F.);
#14257 = ORIENTED_EDGE('',*,*,#14258,.F.);
#14258 = EDGE_CURVE('',#14234,#14136,#14259,.T.);
#14259 = SURFACE_CURVE('',#14260,(#14264,#14271),.PCURVE_S1.);
#14260 = LINE('',#14261,#14262);
#14261 = CARTESIAN_POINT('',(13.64544826719,-42.15,150.));
#14262 = VECTOR('',#14263,1.);
#14263 = DIRECTION('',(-1.,-1.349447499217E-16,-0.));
#14264 = PCURVE('',#13936,#14265);
#14265 = DEFINITIONAL_REPRESENTATION('',(#14266),#14270);
#14266 = LINE('',#14267,#14268);
#14267 = CARTESIAN_POINT('',(-0.,-0.));
#14268 = VECTOR('',#14269,1.);
#14269 = DIRECTION('',(-1.,0.));
#14270 = ( GEOMETRIC_REPRESENTATION_CONTEXT(2) 
PARAMETRIC_REPRESENTATION_CONTEXT() REPRESENTATION_CONTEXT('2D SPACE',''
  ) );
#14271 = PCURVE('',#12255,#14272);
#14272 = DEFINITIONAL_REPRESENTATION('',(#14273),#14277);
#14273 = LINE('',#14274,#14275);
#14274 = CARTESIAN_POINT('',(-33.64544826719,30.85));
#14275 = VECTOR('',#14276,1.);
#14276 = DIRECTION('',(1.,1.349447499217E-16));
#14277 = ( GEOMETRIC_REPRESENTATION_CONTEXT(2) 
PARAMETRIC_REPRESENTATION_CONTEXT() REPRESENTATION_CONTEXT('2D SPACE',''
  ) );
#14278 = ADVANCED_FACE('',(#14279),#14046,.T.);
#14279 = FACE_BOUND('',#14280,.F.);
#14280 = EDGE_LOOP('',(#14281,#14282,#14283,#14306));
#14281 = ORIENTED_EDGE('',*,*,#14186,.T.);
#14282 = ORIENTED_EDGE('',*,*,#14032,.T.);
#14283 = ORIENTED_EDGE('',*,*,#14284,.F.);
#14284 = EDGE_CURVE('',#14285,#13891,#14287,.T.);
#14285 = VERTEX_POINT('',#14286);
#14286 = CARTESIAN_POINT('',(15.290896534381,-39.3,150.));
#14287 = SURFACE_CURVE('',#14288,(#14292,#14299),.PCURVE_S1.);
#14288 = LINE('',#14289,#14290);
#14289 = CARTESIAN_POINT('',(15.290896534381,-39.3,150.));
#14290 = VECTOR('',#14291,1.);
#14291 = DIRECTION('',(-0.,-0.,1.));
#14292 = PCURVE('',#14046,#14293);
#14293 = DEFINITIONAL_REPRESENTATION('',(#14294),#14298);
#14294 = LINE('',#14295,#14296);
#14295 = CARTESIAN_POINT('',(-3.290896534381,0.));
#14296 = VECTOR('',#14297,1.);
#14297 = DIRECTION('',(-0.,-1.));
#14298 = ( GEOMETRIC_REPRESENTATION_CONTEXT(2) 
PARAMETRIC_REPRESENTATION_CONTEXT() REPRESENTATION_CONTEXT('2D SPACE',''
  ) );
#14299 = PCURVE('',#13908,#14300);
#14300 = DEFINITIONAL_REPRESENTATION('',(#14301),#14305);
#14301 = LINE('',#14302,#14303);
#14302 = CARTESIAN_POINT('',(-0.,-0.));
#14303 = VECTOR('',#14304,1.);
#14304 = DIRECTION('',(-0.,-1.));
#14305 = ( GEOMETRIC_REPRESENTATION_CONTEXT(2) 
PARAMETRIC_REPRESENTATION_CONTEXT() REPRESENTATION_CONTEXT('2D SPACE',''
  ) );
#14306 = ORIENTED_EDGE('',*,*,#14307,.F.);
#14307 = EDGE_CURVE('',#14187,#14285,#14308,.T.);
#14308 = SURFACE_CURVE('',#14309,(#14313,#14320),.PCURVE_S1.);
#14309 = LINE('',#14310,#14311);
#14310 = CARTESIAN_POINT('',(13.64544826719,-36.45,150.));
#14311 = VECTOR('',#14312,1.);
#14312 = DIRECTION('',(0.5,-0.866025403784,-0.));
#14313 = PCURVE('',#14046,#14314);
#14314 = DEFINITIONAL_REPRESENTATION('',(#14315),#14319);
#14315 = LINE('',#14316,#14317);
#14316 = CARTESIAN_POINT('',(-0.,-0.));
#14317 = VECTOR('',#14318,1.);
#14318 = DIRECTION('',(-1.,0.));
#14319 = ( GEOMETRIC_REPRESENTATION_CONTEXT(2) 
PARAMETRIC_REPRESENTATION_CONTEXT() REPRESENTATION_CONTEXT('2D SPACE',''
  ) );
#14320 = PCURVE('',#12255,#14321);
#14321 = DEFINITIONAL_REPRESENTATION('',(#14322),#14326);
#14322 = LINE('',#14323,#14324);
#14323 = CARTESIAN_POINT('',(-33.64544826719,25.15));
#14324 = VECTOR('',#14325,1.);
#14325 = DIRECTION('',(-0.5,0.866025403784));
#14326 = ( GEOMETRIC_REPRESENTATION_CONTEXT(2) 
PARAMETRIC_REPRESENTATION_CONTEXT() REPRESENTATION_CONTEXT('2D SPACE',''
  ) );
#14327 = ADVANCED_FACE('',(#14328),#13908,.T.);
#14328 = FACE_BOUND('',#14329,.F.);
#14329 = EDGE_LOOP('',(#14330,#14331,#14332,#14333));
#14330 = ORIENTED_EDGE('',*,*,#14284,.T.);
#14331 = ORIENTED_EDGE('',*,*,#13890,.T.);
#14332 = ORIENTED_EDGE('',*,*,#14233,.F.);
#14333 = ORIENTED_EDGE('',*,*,#14334,.F.);
#14334 = EDGE_CURVE('',#14285,#14234,#14335,.T.);
#14335 = SURFACE_CURVE('',#14336,(#14340,#14347),.PCURVE_S1.);
#14336 = LINE('',#14337,#14338);
#14337 = CARTESIAN_POINT('',(15.290896534381,-39.3,150.));
#14338 = VECTOR('',#14339,1.);
#14339 = DIRECTION('',(-0.5,-0.866025403784,-0.));
#14340 = PCURVE('',#13908,#14341);
#14341 = DEFINITIONAL_REPRESENTATION('',(#14342),#14346);
#14342 = LINE('',#14343,#14344);
#14343 = CARTESIAN_POINT('',(-0.,-0.));
#14344 = VECTOR('',#14345,1.);
#14345 = DIRECTION('',(-1.,0.));
#14346 = ( GEOMETRIC_REPRESENTATION_CONTEXT(2) 
PARAMETRIC_REPRESENTATION_CONTEXT() REPRESENTATION_CONTEXT('2D SPACE',''
  ) );
#14347 = PCURVE('',#12255,#14348);
#14348 = DEFINITIONAL_REPRESENTATION('',(#14349),#14353);
#14349 = LINE('',#14350,#14351);
#14350 = CARTESIAN_POINT('',(-35.29089653438,28.));
#14351 = VECTOR('',#14352,1.);
#14352 = DIRECTION('',(0.5,0.866025403784));
#14353 = ( GEOMETRIC_REPRESENTATION_CONTEXT(2) 
PARAMETRIC_REPRESENTATION_CONTEXT() REPRESENTATION_CONTEXT('2D SPACE',''
  ) );
#14354 = ADVANCED_FACE('',(#14355),#13781,.F.);
#14355 = FACE_BOUND('',#14356,.T.);
#14356 = EDGE_LOOP('',(#14357,#14380,#14381,#14382));
#14357 = ORIENTED_EDGE('',*,*,#14358,.T.);
#14358 = EDGE_CURVE('',#14359,#13761,#14361,.T.);
#14359 = VERTEX_POINT('',#14360);
#14360 = CARTESIAN_POINT('',(-10.3,-39.3,154.6));
#14361 = SEAM_CURVE('',#14362,(#14366,#14373),.PCURVE_S1.);
#14362 = LINE('',#14363,#14364);
#14363 = CARTESIAN_POINT('',(-10.3,-39.3,149.));
#14364 = VECTOR('',#14365,1.);
#14365 = DIRECTION('',(-0.,-0.,1.));
#14366 = PCURVE('',#13781,#14367);
#14367 = DEFINITIONAL_REPRESENTATION('',(#14368),#14372);
#14368 = LINE('',#14369,#14370);
#14369 = CARTESIAN_POINT('',(-6.28318530718,-0.));
#14370 = VECTOR('',#14371,1.);
#14371 = DIRECTION('',(-0.,1.));
#14372 = ( GEOMETRIC_REPRESENTATION_CONTEXT(2) 
PARAMETRIC_REPRESENTATION_CONTEXT() REPRESENTATION_CONTEXT('2D SPACE',''
  ) );
#14373 = PCURVE('',#13781,#14374);
#14374 = DEFINITIONAL_REPRESENTATION('',(#14375),#14379);
#14375 = LINE('',#14376,#14377);
#14376 = CARTESIAN_POINT('',(-0.,-0.));
#14377 = VECTOR('',#14378,1.);
#14378 = DIRECTION('',(-0.,1.));
#14379 = ( GEOMETRIC_REPRESENTATION_CONTEXT(2) 
PARAMETRIC_REPRESENTATION_CONTEXT() REPRESENTATION_CONTEXT('2D SPACE',''
  ) );
#14380 = ORIENTED_EDGE('',*,*,#13760,.F.);
#14381 = ORIENTED_EDGE('',*,*,#14358,.F.);
#14382 = ORIENTED_EDGE('',*,*,#14383,.T.);
#14383 = EDGE_CURVE('',#14359,#14359,#14384,.T.);
#14384 = SURFACE_CURVE('',#14385,(#14390,#14397),.PCURVE_S1.);
#14385 = CIRCLE('',#14386,1.7);
#14386 = AXIS2_PLACEMENT_3D('',#14387,#14388,#14389);
#14387 = CARTESIAN_POINT('',(-12.,-39.3,154.6));
#14388 = DIRECTION('',(0.,0.,-1.));
#14389 = DIRECTION('',(1.,-0.,-0.));
#14390 = PCURVE('',#13781,#14391);
#14391 = DEFINITIONAL_REPRESENTATION('',(#14392),#14396);
#14392 = LINE('',#14393,#14394);
#14393 = CARTESIAN_POINT('',(-0.,5.6));
#14394 = VECTOR('',#14395,1.);
#14395 = DIRECTION('',(-1.,0.));
#14396 = ( GEOMETRIC_REPRESENTATION_CONTEXT(2) 
PARAMETRIC_REPRESENTATION_CONTEXT() REPRESENTATION_CONTEXT('2D SPACE',''
  ) );
#14397 = PCURVE('',#14398,#14403);
#14398 = PLANE('',#14399);
#14399 = AXIS2_PLACEMENT_3D('',#14400,#14401,#14402);
#14400 = CARTESIAN_POINT('',(-12.,-39.3,154.6));
#14401 = DIRECTION('',(-0.,-0.,1.));
#14402 = DIRECTION('',(-1.,0.,0.));
#14403 = DEFINITIONAL_REPRESENTATION('',(#14404),#14412);
#14404 = ( BOUNDED_CURVE() B_SPLINE_CURVE(2,(#14405,#14406,#14407,#14408
    ,#14409,#14410,#14411),.UNSPECIFIED.,.T.,.F.) 
B_SPLINE_CURVE_WITH_KNOTS((1,2,2,2,2,1),(-2.094395102393,0.,
    2.094395102393,4.188790204786,6.28318530718,8.377580409573),
.UNSPECIFIED.) CURVE() GEOMETRIC_REPRESENTATION_ITEM() 
RATIONAL_B_SPLINE_CURVE((1.,0.5,1.,0.5,1.,0.5,1.)) REPRESENTATION_ITEM(
  '') );
#14405 = CARTESIAN_POINT('',(-1.7,0.));
#14406 = CARTESIAN_POINT('',(-1.7,2.944486372867));
#14407 = CARTESIAN_POINT('',(0.85,1.472243186434));
#14408 = CARTESIAN_POINT('',(3.4,4.163799117101E-16));
#14409 = CARTESIAN_POINT('',(0.85,-1.472243186434));
#14410 = CARTESIAN_POINT('',(-1.7,-2.944486372867));
#14411 = CARTESIAN_POINT('',(-1.7,0.));
#14412 = ( GEOMETRIC_REPRESENTATION_CONTEXT(2) 
PARAMETRIC_REPRESENTATION_CONTEXT() REPRESENTATION_CONTEXT('2D SPACE',''
  ) );
#14413 = ADVANCED_FACE('',(#14414,#14584),#14398,.F.);
#14414 = FACE_BOUND('',#14415,.T.);
#14415 = EDGE_LOOP('',(#14416,#14446,#14474,#14502,#14530,#14558));
#14416 = ORIENTED_EDGE('',*,*,#14417,.T.);
#14417 = EDGE_CURVE('',#14418,#14420,#14422,.T.);
#14418 = VERTEX_POINT('',#14419);
#14419 = CARTESIAN_POINT('',(-8.709103465619,-39.3,154.6));
#14420 = VERTEX_POINT('',#14421);
#14421 = CARTESIAN_POINT('',(-10.35455173281,-42.15,154.6));
#14422 = SURFACE_CURVE('',#14423,(#14427,#14434),.PCURVE_S1.);
#14423 = LINE('',#14424,#14425);
#14424 = CARTESIAN_POINT('',(-8.709103465619,-39.3,154.6));
#14425 = VECTOR('',#14426,1.);
#14426 = DIRECTION('',(-0.5,-0.866025403784,-0.));
#14427 = PCURVE('',#14398,#14428);
#14428 = DEFINITIONAL_REPRESENTATION('',(#14429),#14433);
#14429 = LINE('',#14430,#14431);
#14430 = CARTESIAN_POINT('',(-3.290896534381,-0.));
#14431 = VECTOR('',#14432,1.);
#14432 = DIRECTION('',(0.5,0.866025403784));
#14433 = ( GEOMETRIC_REPRESENTATION_CONTEXT(2) 
PARAMETRIC_REPRESENTATION_CONTEXT() REPRESENTATION_CONTEXT('2D SPACE',''
  ) );
#14434 = PCURVE('',#14435,#14440);
#14435 = PLANE('',#14436);
#14436 = AXIS2_PLACEMENT_3D('',#14437,#14438,#14439);
#14437 = CARTESIAN_POINT('',(-8.709103465619,-39.3,150.));
#14438 = DIRECTION('',(-0.866025403784,0.5,0.));
#14439 = DIRECTION('',(0.5,0.866025403784,0.));
#14440 = DEFINITIONAL_REPRESENTATION('',(#14441),#14445);
#14441 = LINE('',#14442,#14443);
#14442 = CARTESIAN_POINT('',(-0.,-4.6));
#14443 = VECTOR('',#14444,1.);
#14444 = DIRECTION('',(-1.,0.));
#14445 = ( GEOMETRIC_REPRESENTATION_CONTEXT(2) 
PARAMETRIC_REPRESENTATION_CONTEXT() REPRESENTATION_CONTEXT('2D SPACE',''
  ) );
#14446 = ORIENTED_EDGE('',*,*,#14447,.T.);
#14447 = EDGE_CURVE('',#14420,#14448,#14450,.T.);
#14448 = VERTEX_POINT('',#14449);
#14449 = CARTESIAN_POINT('',(-13.64544826719,-42.15,154.6));
#14450 = SURFACE_CURVE('',#14451,(#14455,#14462),.PCURVE_S1.);
#14451 = LINE('',#14452,#14453);
#14452 = CARTESIAN_POINT('',(-10.35455173281,-42.15,154.6));
#14453 = VECTOR('',#14454,1.);
#14454 = DIRECTION('',(-1.,-1.349447499217E-16,-0.));
#14455 = PCURVE('',#14398,#14456);
#14456 = DEFINITIONAL_REPRESENTATION('',(#14457),#14461);
#14457 = LINE('',#14458,#14459);
#14458 = CARTESIAN_POINT('',(-1.64544826719,2.85));
#14459 = VECTOR('',#14460,1.);
#14460 = DIRECTION('',(1.,1.349447499217E-16));
#14461 = ( GEOMETRIC_REPRESENTATION_CONTEXT(2) 
PARAMETRIC_REPRESENTATION_CONTEXT() REPRESENTATION_CONTEXT('2D SPACE',''
  ) );
#14462 = PCURVE('',#14463,#14468);
#14463 = PLANE('',#14464);
#14464 = AXIS2_PLACEMENT_3D('',#14465,#14466,#14467);
#14465 = CARTESIAN_POINT('',(-10.35455173281,-42.15,150.));
#14466 = DIRECTION('',(-1.349447499217E-16,1.,0.));
#14467 = DIRECTION('',(1.,1.349447499217E-16,0.));
#14468 = DEFINITIONAL_REPRESENTATION('',(#14469),#14473);
#14469 = LINE('',#14470,#14471);
#14470 = CARTESIAN_POINT('',(-0.,-4.6));
#14471 = VECTOR('',#14472,1.);
#14472 = DIRECTION('',(-1.,0.));
#14473 = ( GEOMETRIC_REPRESENTATION_CONTEXT(2) 
PARAMETRIC_REPRESENTATION_CONTEXT() REPRESENTATION_CONTEXT('2D SPACE',''
  ) );
#14474 = ORIENTED_EDGE('',*,*,#14475,.T.);
#14475 = EDGE_CURVE('',#14448,#14476,#14478,.T.);
#14476 = VERTEX_POINT('',#14477);
#14477 = CARTESIAN_POINT('',(-15.29089653438,-39.3,154.6));
#14478 = SURFACE_CURVE('',#14479,(#14483,#14490),.PCURVE_S1.);
#14479 = LINE('',#14480,#14481);
#14480 = CARTESIAN_POINT('',(-13.64544826719,-42.15,154.6));
#14481 = VECTOR('',#14482,1.);
#14482 = DIRECTION('',(-0.5,0.866025403784,0.));
#14483 = PCURVE('',#14398,#14484);
#14484 = DEFINITIONAL_REPRESENTATION('',(#14485),#14489);
#14485 = LINE('',#14486,#14487);
#14486 = CARTESIAN_POINT('',(1.64544826719,2.85));
#14487 = VECTOR('',#14488,1.);
#14488 = DIRECTION('',(0.5,-0.866025403784));
#14489 = ( GEOMETRIC_REPRESENTATION_CONTEXT(2) 
PARAMETRIC_REPRESENTATION_CONTEXT() REPRESENTATION_CONTEXT('2D SPACE',''
  ) );
#14490 = PCURVE('',#14491,#14496);
#14491 = PLANE('',#14492);
#14492 = AXIS2_PLACEMENT_3D('',#14493,#14494,#14495);
#14493 = CARTESIAN_POINT('',(-13.64544826719,-42.15,150.));
#14494 = DIRECTION('',(0.866025403784,0.5,-0.));
#14495 = DIRECTION('',(0.5,-0.866025403784,-0.));
#14496 = DEFINITIONAL_REPRESENTATION('',(#14497),#14501);
#14497 = LINE('',#14498,#14499);
#14498 = CARTESIAN_POINT('',(-0.,-4.6));
#14499 = VECTOR('',#14500,1.);
#14500 = DIRECTION('',(-1.,-0.));
#14501 = ( GEOMETRIC_REPRESENTATION_CONTEXT(2) 
PARAMETRIC_REPRESENTATION_CONTEXT() REPRESENTATION_CONTEXT('2D SPACE',''
  ) );
#14502 = ORIENTED_EDGE('',*,*,#14503,.T.);
#14503 = EDGE_CURVE('',#14476,#14504,#14506,.T.);
#14504 = VERTEX_POINT('',#14505);
#14505 = CARTESIAN_POINT('',(-13.64544826719,-36.45,154.6));
#14506 = SURFACE_CURVE('',#14507,(#14511,#14518),.PCURVE_S1.);
#14507 = LINE('',#14508,#14509);
#14508 = CARTESIAN_POINT('',(-15.29089653438,-39.3,154.6));
#14509 = VECTOR('',#14510,1.);
#14510 = DIRECTION('',(0.5,0.866025403784,-0.));
#14511 = PCURVE('',#14398,#14512);
#14512 = DEFINITIONAL_REPRESENTATION('',(#14513),#14517);
#14513 = LINE('',#14514,#14515);
#14514 = CARTESIAN_POINT('',(3.290896534381,-0.));
#14515 = VECTOR('',#14516,1.);
#14516 = DIRECTION('',(-0.5,-0.866025403784));
#14517 = ( GEOMETRIC_REPRESENTATION_CONTEXT(2) 
PARAMETRIC_REPRESENTATION_CONTEXT() REPRESENTATION_CONTEXT('2D SPACE',''
  ) );
#14518 = PCURVE('',#14519,#14524);
#14519 = PLANE('',#14520);
#14520 = AXIS2_PLACEMENT_3D('',#14521,#14522,#14523);
#14521 = CARTESIAN_POINT('',(-15.29089653438,-39.3,150.));
#14522 = DIRECTION('',(0.866025403784,-0.5,-0.));
#14523 = DIRECTION('',(-0.5,-0.866025403784,0.));
#14524 = DEFINITIONAL_REPRESENTATION('',(#14525),#14529);
#14525 = LINE('',#14526,#14527);
#14526 = CARTESIAN_POINT('',(-0.,-4.6));
#14527 = VECTOR('',#14528,1.);
#14528 = DIRECTION('',(-1.,0.));
#14529 = ( GEOMETRIC_REPRESENTATION_CONTEXT(2) 
PARAMETRIC_REPRESENTATION_CONTEXT() REPRESENTATION_CONTEXT('2D SPACE',''
  ) );
#14530 = ORIENTED_EDGE('',*,*,#14531,.T.);
#14531 = EDGE_CURVE('',#14504,#14532,#14534,.T.);
#14532 = VERTEX_POINT('',#14533);
#14533 = CARTESIAN_POINT('',(-10.35455173281,-36.45,154.6));
#14534 = SURFACE_CURVE('',#14535,(#14539,#14546),.PCURVE_S1.);
#14535 = LINE('',#14536,#14537);
#14536 = CARTESIAN_POINT('',(-13.64544826719,-36.45,154.6));
#14537 = VECTOR('',#14538,1.);
#14538 = DIRECTION('',(1.,5.397789996866E-16,-0.));
#14539 = PCURVE('',#14398,#14540);
#14540 = DEFINITIONAL_REPRESENTATION('',(#14541),#14545);
#14541 = LINE('',#14542,#14543);
#14542 = CARTESIAN_POINT('',(1.64544826719,-2.85));
#14543 = VECTOR('',#14544,1.);
#14544 = DIRECTION('',(-1.,-5.397789996866E-16));
#14545 = ( GEOMETRIC_REPRESENTATION_CONTEXT(2) 
PARAMETRIC_REPRESENTATION_CONTEXT() REPRESENTATION_CONTEXT('2D SPACE',''
  ) );
#14546 = PCURVE('',#14547,#14552);
#14547 = PLANE('',#14548);
#14548 = AXIS2_PLACEMENT_3D('',#14549,#14550,#14551);
#14549 = CARTESIAN_POINT('',(-13.64544826719,-36.45,150.));
#14550 = DIRECTION('',(5.397789996866E-16,-1.,-0.));
#14551 = DIRECTION('',(-1.,-5.397789996866E-16,0.));
#14552 = DEFINITIONAL_REPRESENTATION('',(#14553),#14557);
#14553 = LINE('',#14554,#14555);
#14554 = CARTESIAN_POINT('',(-0.,-4.6));
#14555 = VECTOR('',#14556,1.);
#14556 = DIRECTION('',(-1.,0.));
#14557 = ( GEOMETRIC_REPRESENTATION_CONTEXT(2) 
PARAMETRIC_REPRESENTATION_CONTEXT() REPRESENTATION_CONTEXT('2D SPACE',''
  ) );
#14558 = ORIENTED_EDGE('',*,*,#14559,.T.);
#14559 = EDGE_CURVE('',#14532,#14418,#14560,.T.);
#14560 = SURFACE_CURVE('',#14561,(#14565,#14572),.PCURVE_S1.);
#14561 = LINE('',#14562,#14563);
#14562 = CARTESIAN_POINT('',(-10.35455173281,-36.45,154.6));
#14563 = VECTOR('',#14564,1.);
#14564 = DIRECTION('',(0.5,-0.866025403784,-0.));
#14565 = PCURVE('',#14398,#14566);
#14566 = DEFINITIONAL_REPRESENTATION('',(#14567),#14571);
#14567 = LINE('',#14568,#14569);
#14568 = CARTESIAN_POINT('',(-1.64544826719,-2.85));
#14569 = VECTOR('',#14570,1.);
#14570 = DIRECTION('',(-0.5,0.866025403784));
#14571 = ( GEOMETRIC_REPRESENTATION_CONTEXT(2) 
PARAMETRIC_REPRESENTATION_CONTEXT() REPRESENTATION_CONTEXT('2D SPACE',''
  ) );
#14572 = PCURVE('',#14573,#14578);
#14573 = PLANE('',#14574);
#14574 = AXIS2_PLACEMENT_3D('',#14575,#14576,#14577);
#14575 = CARTESIAN_POINT('',(-10.35455173281,-36.45,150.));
#14576 = DIRECTION('',(-0.866025403784,-0.5,-0.));
#14577 = DIRECTION('',(-0.5,0.866025403784,0.));
#14578 = DEFINITIONAL_REPRESENTATION('',(#14579),#14583);
#14579 = LINE('',#14580,#14581);
#14580 = CARTESIAN_POINT('',(-0.,-4.6));
#14581 = VECTOR('',#14582,1.);
#14582 = DIRECTION('',(-1.,0.));
#14583 = ( GEOMETRIC_REPRESENTATION_CONTEXT(2) 
PARAMETRIC_REPRESENTATION_CONTEXT() REPRESENTATION_CONTEXT('2D SPACE',''
  ) );
#14584 = FACE_BOUND('',#14585,.T.);
#14585 = EDGE_LOOP('',(#14586));
#14586 = ORIENTED_EDGE('',*,*,#14383,.F.);
#14587 = ADVANCED_FACE('',(#14588),#14519,.T.);
#14588 = FACE_BOUND('',#14589,.F.);
#14589 = EDGE_LOOP('',(#14590,#14613,#14614,#14637));
#14590 = ORIENTED_EDGE('',*,*,#14591,.T.);
#14591 = EDGE_CURVE('',#14592,#14476,#14594,.T.);
#14592 = VERTEX_POINT('',#14593);
#14593 = CARTESIAN_POINT('',(-15.29089653438,-39.3,150.));
#14594 = SURFACE_CURVE('',#14595,(#14599,#14606),.PCURVE_S1.);
#14595 = LINE('',#14596,#14597);
#14596 = CARTESIAN_POINT('',(-15.29089653438,-39.3,150.));
#14597 = VECTOR('',#14598,1.);
#14598 = DIRECTION('',(-0.,-0.,1.));
#14599 = PCURVE('',#14519,#14600);
#14600 = DEFINITIONAL_REPRESENTATION('',(#14601),#14605);
#14601 = LINE('',#14602,#14603);
#14602 = CARTESIAN_POINT('',(-0.,0.));
#14603 = VECTOR('',#14604,1.);
#14604 = DIRECTION('',(-0.,-1.));
#14605 = ( GEOMETRIC_REPRESENTATION_CONTEXT(2) 
PARAMETRIC_REPRESENTATION_CONTEXT() REPRESENTATION_CONTEXT('2D SPACE',''
  ) );
#14606 = PCURVE('',#14491,#14607);
#14607 = DEFINITIONAL_REPRESENTATION('',(#14608),#14612);
#14608 = LINE('',#14609,#14610);
#14609 = CARTESIAN_POINT('',(-3.290896534381,-0.));
#14610 = VECTOR('',#14611,1.);
#14611 = DIRECTION('',(-0.,-1.));
#14612 = ( GEOMETRIC_REPRESENTATION_CONTEXT(2) 
PARAMETRIC_REPRESENTATION_CONTEXT() REPRESENTATION_CONTEXT('2D SPACE',''
  ) );
#14613 = ORIENTED_EDGE('',*,*,#14503,.T.);
#14614 = ORIENTED_EDGE('',*,*,#14615,.F.);
#14615 = EDGE_CURVE('',#14616,#14504,#14618,.T.);
#14616 = VERTEX_POINT('',#14617);
#14617 = CARTESIAN_POINT('',(-13.64544826719,-36.45,150.));
#14618 = SURFACE_CURVE('',#14619,(#14623,#14630),.PCURVE_S1.);
#14619 = LINE('',#14620,#14621);
#14620 = CARTESIAN_POINT('',(-13.64544826719,-36.45,150.));
#14621 = VECTOR('',#14622,1.);
#14622 = DIRECTION('',(-0.,-0.,1.));
#14623 = PCURVE('',#14519,#14624);
#14624 = DEFINITIONAL_REPRESENTATION('',(#14625),#14629);
#14625 = LINE('',#14626,#14627);
#14626 = CARTESIAN_POINT('',(-3.290896534381,0.));
#14627 = VECTOR('',#14628,1.);
#14628 = DIRECTION('',(-0.,-1.));
#14629 = ( GEOMETRIC_REPRESENTATION_CONTEXT(2) 
PARAMETRIC_REPRESENTATION_CONTEXT() REPRESENTATION_CONTEXT('2D SPACE',''
  ) );
#14630 = PCURVE('',#14547,#14631);
#14631 = DEFINITIONAL_REPRESENTATION('',(#14632),#14636);
#14632 = LINE('',#14633,#14634);
#14633 = CARTESIAN_POINT('',(-0.,0.));
#14634 = VECTOR('',#14635,1.);
#14635 = DIRECTION('',(-0.,-1.));
#14636 = ( GEOMETRIC_REPRESENTATION_CONTEXT(2) 
PARAMETRIC_REPRESENTATION_CONTEXT() REPRESENTATION_CONTEXT('2D SPACE',''
  ) );
#14637 = ORIENTED_EDGE('',*,*,#14638,.F.);
#14638 = EDGE_CURVE('',#14592,#14616,#14639,.T.);
#14639 = SURFACE_CURVE('',#14640,(#14644,#14651),.PCURVE_S1.);
#14640 = LINE('',#14641,#14642);
#14641 = CARTESIAN_POINT('',(-15.29089653438,-39.3,150.));
#14642 = VECTOR('',#14643,1.);
#14643 = DIRECTION('',(0.5,0.866025403784,-0.));
#14644 = PCURVE('',#14519,#14645);
#14645 = DEFINITIONAL_REPRESENTATION('',(#14646),#14650);
#14646 = LINE('',#14647,#14648);
#14647 = CARTESIAN_POINT('',(-0.,0.));
#14648 = VECTOR('',#14649,1.);
#14649 = DIRECTION('',(-1.,0.));
#14650 = ( GEOMETRIC_REPRESENTATION_CONTEXT(2) 
PARAMETRIC_REPRESENTATION_CONTEXT() REPRESENTATION_CONTEXT('2D SPACE',''
  ) );
#14651 = PCURVE('',#12255,#14652);
#14652 = DEFINITIONAL_REPRESENTATION('',(#14653),#14657);
#14653 = LINE('',#14654,#14655);
#14654 = CARTESIAN_POINT('',(-4.709103465619,28.));
#14655 = VECTOR('',#14656,1.);
#14656 = DIRECTION('',(-0.5,-0.866025403784));
#14657 = ( GEOMETRIC_REPRESENTATION_CONTEXT(2) 
PARAMETRIC_REPRESENTATION_CONTEXT() REPRESENTATION_CONTEXT('2D SPACE',''
  ) );
#14658 = ADVANCED_FACE('',(#14659),#14491,.T.);
#14659 = FACE_BOUND('',#14660,.F.);
#14660 = EDGE_LOOP('',(#14661,#14684,#14685,#14686));
#14661 = ORIENTED_EDGE('',*,*,#14662,.T.);
#14662 = EDGE_CURVE('',#14663,#14448,#14665,.T.);
#14663 = VERTEX_POINT('',#14664);
#14664 = CARTESIAN_POINT('',(-13.64544826719,-42.15,150.));
#14665 = SURFACE_CURVE('',#14666,(#14670,#14677),.PCURVE_S1.);
#14666 = LINE('',#14667,#14668);
#14667 = CARTESIAN_POINT('',(-13.64544826719,-42.15,150.));
#14668 = VECTOR('',#14669,1.);
#14669 = DIRECTION('',(-0.,-0.,1.));
#14670 = PCURVE('',#14491,#14671);
#14671 = DEFINITIONAL_REPRESENTATION('',(#14672),#14676);
#14672 = LINE('',#14673,#14674);
#14673 = CARTESIAN_POINT('',(-0.,0.));
#14674 = VECTOR('',#14675,1.);
#14675 = DIRECTION('',(-0.,-1.));
#14676 = ( GEOMETRIC_REPRESENTATION_CONTEXT(2) 
PARAMETRIC_REPRESENTATION_CONTEXT() REPRESENTATION_CONTEXT('2D SPACE',''
  ) );
#14677 = PCURVE('',#14463,#14678);
#14678 = DEFINITIONAL_REPRESENTATION('',(#14679),#14683);
#14679 = LINE('',#14680,#14681);
#14680 = CARTESIAN_POINT('',(-3.290896534381,0.));
#14681 = VECTOR('',#14682,1.);
#14682 = DIRECTION('',(-0.,-1.));
#14683 = ( GEOMETRIC_REPRESENTATION_CONTEXT(2) 
PARAMETRIC_REPRESENTATION_CONTEXT() REPRESENTATION_CONTEXT('2D SPACE',''
  ) );
#14684 = ORIENTED_EDGE('',*,*,#14475,.T.);
#14685 = ORIENTED_EDGE('',*,*,#14591,.F.);
#14686 = ORIENTED_EDGE('',*,*,#14687,.F.);
#14687 = EDGE_CURVE('',#14663,#14592,#14688,.T.);
#14688 = SURFACE_CURVE('',#14689,(#14693,#14700),.PCURVE_S1.);
#14689 = LINE('',#14690,#14691);
#14690 = CARTESIAN_POINT('',(-13.64544826719,-42.15,150.));
#14691 = VECTOR('',#14692,1.);
#14692 = DIRECTION('',(-0.5,0.866025403784,0.));
#14693 = PCURVE('',#14491,#14694);
#14694 = DEFINITIONAL_REPRESENTATION('',(#14695),#14699);
#14695 = LINE('',#14696,#14697);
#14696 = CARTESIAN_POINT('',(-0.,0.));
#14697 = VECTOR('',#14698,1.);
#14698 = DIRECTION('',(-1.,-0.));
#14699 = ( GEOMETRIC_REPRESENTATION_CONTEXT(2) 
PARAMETRIC_REPRESENTATION_CONTEXT() REPRESENTATION_CONTEXT('2D SPACE',''
  ) );
#14700 = PCURVE('',#12255,#14701);
#14701 = DEFINITIONAL_REPRESENTATION('',(#14702),#14706);
#14702 = LINE('',#14703,#14704);
#14703 = CARTESIAN_POINT('',(-6.35455173281,30.85));
#14704 = VECTOR('',#14705,1.);
#14705 = DIRECTION('',(0.5,-0.866025403784));
#14706 = ( GEOMETRIC_REPRESENTATION_CONTEXT(2) 
PARAMETRIC_REPRESENTATION_CONTEXT() REPRESENTATION_CONTEXT('2D SPACE',''
  ) );
#14707 = ADVANCED_FACE('',(#14708),#14547,.T.);
#14708 = FACE_BOUND('',#14709,.F.);
#14709 = EDGE_LOOP('',(#14710,#14711,#14712,#14735));
#14710 = ORIENTED_EDGE('',*,*,#14615,.T.);
#14711 = ORIENTED_EDGE('',*,*,#14531,.T.);
#14712 = ORIENTED_EDGE('',*,*,#14713,.F.);
#14713 = EDGE_CURVE('',#14714,#14532,#14716,.T.);
#14714 = VERTEX_POINT('',#14715);
#14715 = CARTESIAN_POINT('',(-10.35455173281,-36.45,150.));
#14716 = SURFACE_CURVE('',#14717,(#14721,#14728),.PCURVE_S1.);
#14717 = LINE('',#14718,#14719);
#14718 = CARTESIAN_POINT('',(-10.35455173281,-36.45,150.));
#14719 = VECTOR('',#14720,1.);
#14720 = DIRECTION('',(-0.,-0.,1.));
#14721 = PCURVE('',#14547,#14722);
#14722 = DEFINITIONAL_REPRESENTATION('',(#14723),#14727);
#14723 = LINE('',#14724,#14725);
#14724 = CARTESIAN_POINT('',(-3.290896534381,0.));
#14725 = VECTOR('',#14726,1.);
#14726 = DIRECTION('',(-0.,-1.));
#14727 = ( GEOMETRIC_REPRESENTATION_CONTEXT(2) 
PARAMETRIC_REPRESENTATION_CONTEXT() REPRESENTATION_CONTEXT('2D SPACE',''
  ) );
#14728 = PCURVE('',#14573,#14729);
#14729 = DEFINITIONAL_REPRESENTATION('',(#14730),#14734);
#14730 = LINE('',#14731,#14732);
#14731 = CARTESIAN_POINT('',(-0.,-0.));
#14732 = VECTOR('',#14733,1.);
#14733 = DIRECTION('',(-0.,-1.));
#14734 = ( GEOMETRIC_REPRESENTATION_CONTEXT(2) 
PARAMETRIC_REPRESENTATION_CONTEXT() REPRESENTATION_CONTEXT('2D SPACE',''
  ) );
#14735 = ORIENTED_EDGE('',*,*,#14736,.F.);
#14736 = EDGE_CURVE('',#14616,#14714,#14737,.T.);
#14737 = SURFACE_CURVE('',#14738,(#14742,#14749),.PCURVE_S1.);
#14738 = LINE('',#14739,#14740);
#14739 = CARTESIAN_POINT('',(-13.64544826719,-36.45,150.));
#14740 = VECTOR('',#14741,1.);
#14741 = DIRECTION('',(1.,5.397789996866E-16,-0.));
#14742 = PCURVE('',#14547,#14743);
#14743 = DEFINITIONAL_REPRESENTATION('',(#14744),#14748);
#14744 = LINE('',#14745,#14746);
#14745 = CARTESIAN_POINT('',(-0.,0.));
#14746 = VECTOR('',#14747,1.);
#14747 = DIRECTION('',(-1.,0.));
#14748 = ( GEOMETRIC_REPRESENTATION_CONTEXT(2) 
PARAMETRIC_REPRESENTATION_CONTEXT() REPRESENTATION_CONTEXT('2D SPACE',''
  ) );
#14749 = PCURVE('',#12255,#14750);
#14750 = DEFINITIONAL_REPRESENTATION('',(#14751),#14755);
#14751 = LINE('',#14752,#14753);
#14752 = CARTESIAN_POINT('',(-6.35455173281,25.15));
#14753 = VECTOR('',#14754,1.);
#14754 = DIRECTION('',(-1.,-5.397789996866E-16));
#14755 = ( GEOMETRIC_REPRESENTATION_CONTEXT(2) 
PARAMETRIC_REPRESENTATION_CONTEXT() REPRESENTATION_CONTEXT('2D SPACE',''
  ) );
#14756 = ADVANCED_FACE('',(#14757),#14463,.T.);
#14757 = FACE_BOUND('',#14758,.F.);
#14758 = EDGE_LOOP('',(#14759,#14782,#14783,#14784));
#14759 = ORIENTED_EDGE('',*,*,#14760,.T.);
#14760 = EDGE_CURVE('',#14761,#14420,#14763,.T.);
#14761 = VERTEX_POINT('',#14762);
#14762 = CARTESIAN_POINT('',(-10.35455173281,-42.15,150.));
#14763 = SURFACE_CURVE('',#14764,(#14768,#14775),.PCURVE_S1.);
#14764 = LINE('',#14765,#14766);
#14765 = CARTESIAN_POINT('',(-10.35455173281,-42.15,150.));
#14766 = VECTOR('',#14767,1.);
#14767 = DIRECTION('',(-0.,-0.,1.));
#14768 = PCURVE('',#14463,#14769);
#14769 = DEFINITIONAL_REPRESENTATION('',(#14770),#14774);
#14770 = LINE('',#14771,#14772);
#14771 = CARTESIAN_POINT('',(-0.,-0.));
#14772 = VECTOR('',#14773,1.);
#14773 = DIRECTION('',(-0.,-1.));
#14774 = ( GEOMETRIC_REPRESENTATION_CONTEXT(2) 
PARAMETRIC_REPRESENTATION_CONTEXT() REPRESENTATION_CONTEXT('2D SPACE',''
  ) );
#14775 = PCURVE('',#14435,#14776);
#14776 = DEFINITIONAL_REPRESENTATION('',(#14777),#14781);
#14777 = LINE('',#14778,#14779);
#14778 = CARTESIAN_POINT('',(-3.290896534381,0.));
#14779 = VECTOR('',#14780,1.);
#14780 = DIRECTION('',(-0.,-1.));
#14781 = ( GEOMETRIC_REPRESENTATION_CONTEXT(2) 
PARAMETRIC_REPRESENTATION_CONTEXT() REPRESENTATION_CONTEXT('2D SPACE',''
  ) );
#14782 = ORIENTED_EDGE('',*,*,#14447,.T.);
#14783 = ORIENTED_EDGE('',*,*,#14662,.F.);
#14784 = ORIENTED_EDGE('',*,*,#14785,.F.);
#14785 = EDGE_CURVE('',#14761,#14663,#14786,.T.);
#14786 = SURFACE_CURVE('',#14787,(#14791,#14798),.PCURVE_S1.);
#14787 = LINE('',#14788,#14789);
#14788 = CARTESIAN_POINT('',(-10.35455173281,-42.15,150.));
#14789 = VECTOR('',#14790,1.);
#14790 = DIRECTION('',(-1.,-1.349447499217E-16,-0.));
#14791 = PCURVE('',#14463,#14792);
#14792 = DEFINITIONAL_REPRESENTATION('',(#14793),#14797);
#14793 = LINE('',#14794,#14795);
#14794 = CARTESIAN_POINT('',(-0.,-0.));
#14795 = VECTOR('',#14796,1.);
#14796 = DIRECTION('',(-1.,0.));
#14797 = ( GEOMETRIC_REPRESENTATION_CONTEXT(2) 
PARAMETRIC_REPRESENTATION_CONTEXT() REPRESENTATION_CONTEXT('2D SPACE',''
  ) );
#14798 = PCURVE('',#12255,#14799);
#14799 = DEFINITIONAL_REPRESENTATION('',(#14800),#14804);
#14800 = LINE('',#14801,#14802);
#14801 = CARTESIAN_POINT('',(-9.64544826719,30.85));
#14802 = VECTOR('',#14803,1.);
#14803 = DIRECTION('',(1.,1.349447499217E-16));
#14804 = ( GEOMETRIC_REPRESENTATION_CONTEXT(2) 
PARAMETRIC_REPRESENTATION_CONTEXT() REPRESENTATION_CONTEXT('2D SPACE',''
  ) );
#14805 = ADVANCED_FACE('',(#14806),#14573,.T.);
#14806 = FACE_BOUND('',#14807,.F.);
#14807 = EDGE_LOOP('',(#14808,#14809,#14810,#14833));
#14808 = ORIENTED_EDGE('',*,*,#14713,.T.);
#14809 = ORIENTED_EDGE('',*,*,#14559,.T.);
#14810 = ORIENTED_EDGE('',*,*,#14811,.F.);
#14811 = EDGE_CURVE('',#14812,#14418,#14814,.T.);
#14812 = VERTEX_POINT('',#14813);
#14813 = CARTESIAN_POINT('',(-8.709103465619,-39.3,150.));
#14814 = SURFACE_CURVE('',#14815,(#14819,#14826),.PCURVE_S1.);
#14815 = LINE('',#14816,#14817);
#14816 = CARTESIAN_POINT('',(-8.709103465619,-39.3,150.));
#14817 = VECTOR('',#14818,1.);
#14818 = DIRECTION('',(-0.,-0.,1.));
#14819 = PCURVE('',#14573,#14820);
#14820 = DEFINITIONAL_REPRESENTATION('',(#14821),#14825);
#14821 = LINE('',#14822,#14823);
#14822 = CARTESIAN_POINT('',(-3.290896534381,0.));
#14823 = VECTOR('',#14824,1.);
#14824 = DIRECTION('',(-0.,-1.));
#14825 = ( GEOMETRIC_REPRESENTATION_CONTEXT(2) 
PARAMETRIC_REPRESENTATION_CONTEXT() REPRESENTATION_CONTEXT('2D SPACE',''
  ) );
#14826 = PCURVE('',#14435,#14827);
#14827 = DEFINITIONAL_REPRESENTATION('',(#14828),#14832);
#14828 = LINE('',#14829,#14830);
#14829 = CARTESIAN_POINT('',(-0.,-0.));
#14830 = VECTOR('',#14831,1.);
#14831 = DIRECTION('',(-0.,-1.));
#14832 = ( GEOMETRIC_REPRESENTATION_CONTEXT(2) 
PARAMETRIC_REPRESENTATION_CONTEXT() REPRESENTATION_CONTEXT('2D SPACE',''
  ) );
#14833 = ORIENTED_EDGE('',*,*,#14834,.F.);
#14834 = EDGE_CURVE('',#14714,#14812,#14835,.T.);
#14835 = SURFACE_CURVE('',#14836,(#14840,#14847),.PCURVE_S1.);
#14836 = LINE('',#14837,#14838);
#14837 = CARTESIAN_POINT('',(-10.35455173281,-36.45,150.));
#14838 = VECTOR('',#14839,1.);
#14839 = DIRECTION('',(0.5,-0.866025403784,-0.));
#14840 = PCURVE('',#14573,#14841);
#14841 = DEFINITIONAL_REPRESENTATION('',(#14842),#14846);
#14842 = LINE('',#14843,#14844);
#14843 = CARTESIAN_POINT('',(-0.,-0.));
#14844 = VECTOR('',#14845,1.);
#14845 = DIRECTION('',(-1.,0.));
#14846 = ( GEOMETRIC_REPRESENTATION_CONTEXT(2) 
PARAMETRIC_REPRESENTATION_CONTEXT() REPRESENTATION_CONTEXT('2D SPACE',''
  ) );
#14847 = PCURVE('',#12255,#14848);
#14848 = DEFINITIONAL_REPRESENTATION('',(#14849),#14853);
#14849 = LINE('',#14850,#14851);
#14850 = CARTESIAN_POINT('',(-9.64544826719,25.15));
#14851 = VECTOR('',#14852,1.);
#14852 = DIRECTION('',(-0.5,0.866025403784));
#14853 = ( GEOMETRIC_REPRESENTATION_CONTEXT(2) 
PARAMETRIC_REPRESENTATION_CONTEXT() REPRESENTATION_CONTEXT('2D SPACE',''
  ) );
#14854 = ADVANCED_FACE('',(#14855),#14435,.T.);
#14855 = FACE_BOUND('',#14856,.F.);
#14856 = EDGE_LOOP('',(#14857,#14858,#14859,#14860));
#14857 = ORIENTED_EDGE('',*,*,#14811,.T.);
#14858 = ORIENTED_EDGE('',*,*,#14417,.T.);
#14859 = ORIENTED_EDGE('',*,*,#14760,.F.);
#14860 = ORIENTED_EDGE('',*,*,#14861,.F.);
#14861 = EDGE_CURVE('',#14812,#14761,#14862,.T.);
#14862 = SURFACE_CURVE('',#14863,(#14867,#14874),.PCURVE_S1.);
#14863 = LINE('',#14864,#14865);
#14864 = CARTESIAN_POINT('',(-8.709103465619,-39.3,150.));
#14865 = VECTOR('',#14866,1.);
#14866 = DIRECTION('',(-0.5,-0.866025403784,-0.));
#14867 = PCURVE('',#14435,#14868);
#14868 = DEFINITIONAL_REPRESENTATION('',(#14869),#14873);
#14869 = LINE('',#14870,#14871);
#14870 = CARTESIAN_POINT('',(-0.,-0.));
#14871 = VECTOR('',#14872,1.);
#14872 = DIRECTION('',(-1.,0.));
#14873 = ( GEOMETRIC_REPRESENTATION_CONTEXT(2) 
PARAMETRIC_REPRESENTATION_CONTEXT() REPRESENTATION_CONTEXT('2D SPACE',''
  ) );
#14874 = PCURVE('',#12255,#14875);
#14875 = DEFINITIONAL_REPRESENTATION('',(#14876),#14880);
#14876 = LINE('',#14877,#14878);
#14877 = CARTESIAN_POINT('',(-11.29089653438,28.));
#14878 = VECTOR('',#14879,1.);
#14879 = DIRECTION('',(0.5,0.866025403784));
#14880 = ( GEOMETRIC_REPRESENTATION_CONTEXT(2) 
PARAMETRIC_REPRESENTATION_CONTEXT() REPRESENTATION_CONTEXT('2D SPACE',''
  ) );
#14881 = ADVANCED_FACE('',(#14882),#12283,.T.);
#14882 = FACE_BOUND('',#14883,.F.);
#14883 = EDGE_LOOP('',(#14884,#14905,#14906,#14907));
#14884 = ORIENTED_EDGE('',*,*,#14885,.F.);
#14885 = EDGE_CURVE('',#12240,#13614,#14886,.T.);
#14886 = SURFACE_CURVE('',#14887,(#14891,#14898),.PCURVE_S1.);
#14887 = LINE('',#14888,#14889);
#14888 = CARTESIAN_POINT('',(-20.,-45.3,150.));
#14889 = VECTOR('',#14890,1.);
#14890 = DIRECTION('',(1.,0.,-0.));
#14891 = PCURVE('',#12283,#14892);
#14892 = DEFINITIONAL_REPRESENTATION('',(#14893),#14897);
#14893 = LINE('',#14894,#14895);
#14894 = CARTESIAN_POINT('',(-0.,0.));
#14895 = VECTOR('',#14896,1.);
#14896 = DIRECTION('',(-0.,1.));
#14897 = ( GEOMETRIC_REPRESENTATION_CONTEXT(2) 
PARAMETRIC_REPRESENTATION_CONTEXT() REPRESENTATION_CONTEXT('2D SPACE',''
  ) );
#14898 = PCURVE('',#12255,#14899);
#14899 = DEFINITIONAL_REPRESENTATION('',(#14900),#14904);
#14900 = LINE('',#14901,#14902);
#14901 = CARTESIAN_POINT('',(-0.,34.));
#14902 = VECTOR('',#14903,1.);
#14903 = DIRECTION('',(-1.,0.));
#14904 = ( GEOMETRIC_REPRESENTATION_CONTEXT(2) 
PARAMETRIC_REPRESENTATION_CONTEXT() REPRESENTATION_CONTEXT('2D SPACE',''
  ) );
#14905 = ORIENTED_EDGE('',*,*,#12267,.T.);
#14906 = ORIENTED_EDGE('',*,*,#13737,.T.);
#14907 = ORIENTED_EDGE('',*,*,#13636,.F.);
#14908 = ADVANCED_FACE('',(#14909,#14935,#14938,#14941,#14949),#12255,
  .F.);
#14909 = FACE_BOUND('',#14910,.T.);
#14910 = EDGE_LOOP('',(#14911,#14912,#14933,#14934));
#14911 = ORIENTED_EDGE('',*,*,#12239,.F.);
#14912 = ORIENTED_EDGE('',*,*,#14913,.T.);
#14913 = EDGE_CURVE('',#12205,#13591,#14914,.T.);
#14914 = SURFACE_CURVE('',#14915,(#14919,#14926),.PCURVE_S1.);
#14915 = LINE('',#14916,#14917);
#14916 = CARTESIAN_POINT('',(-20.,-11.3,150.));
#14917 = VECTOR('',#14918,1.);
#14918 = DIRECTION('',(1.,0.,-0.));
#14919 = PCURVE('',#12255,#14920);
#14920 = DEFINITIONAL_REPRESENTATION('',(#14921),#14925);
#14921 = LINE('',#14922,#14923);
#14922 = CARTESIAN_POINT('',(-0.,-0.));
#14923 = VECTOR('',#14924,1.);
#14924 = DIRECTION('',(-1.,0.));
#14925 = ( GEOMETRIC_REPRESENTATION_CONTEXT(2) 
PARAMETRIC_REPRESENTATION_CONTEXT() REPRESENTATION_CONTEXT('2D SPACE',''
  ) );
#14926 = PCURVE('',#12227,#14927);
#14927 = DEFINITIONAL_REPRESENTATION('',(#14928),#14932);
#14928 = LINE('',#14929,#14930);
#14929 = CARTESIAN_POINT('',(-0.,0.));
#14930 = VECTOR('',#14931,1.);
#14931 = DIRECTION('',(-0.,1.));
#14932 = ( GEOMETRIC_REPRESENTATION_CONTEXT(2) 
PARAMETRIC_REPRESENTATION_CONTEXT() REPRESENTATION_CONTEXT('2D SPACE',''
  ) );
#14933 = ORIENTED_EDGE('',*,*,#13613,.T.);
#14934 = ORIENTED_EDGE('',*,*,#14885,.F.);
#14935 = FACE_BOUND('',#14936,.T.);
#14936 = EDGE_LOOP('',(#14937));
#14937 = ORIENTED_EDGE('',*,*,#13445,.F.);
#14938 = FACE_BOUND('',#14939,.T.);
#14939 = EDGE_LOOP('',(#14940));
#14940 = ORIENTED_EDGE('',*,*,#13048,.F.);
#14941 = FACE_BOUND('',#14942,.T.);
#14942 = EDGE_LOOP('',(#14943,#14944,#14945,#14946,#14947,#14948));
#14943 = ORIENTED_EDGE('',*,*,#14861,.F.);
#14944 = ORIENTED_EDGE('',*,*,#14834,.F.);
#14945 = ORIENTED_EDGE('',*,*,#14736,.F.);
#14946 = ORIENTED_EDGE('',*,*,#14638,.F.);
#14947 = ORIENTED_EDGE('',*,*,#14687,.F.);
#14948 = ORIENTED_EDGE('',*,*,#14785,.F.);
#14949 = FACE_BOUND('',#14950,.T.);
#14950 = EDGE_LOOP('',(#14951,#14952,#14953,#14954,#14955,#14956));
#14951 = ORIENTED_EDGE('',*,*,#14334,.F.);
#14952 = ORIENTED_EDGE('',*,*,#14307,.F.);
#14953 = ORIENTED_EDGE('',*,*,#14209,.F.);
#14954 = ORIENTED_EDGE('',*,*,#14111,.F.);
#14955 = ORIENTED_EDGE('',*,*,#14160,.F.);
#14956 = ORIENTED_EDGE('',*,*,#14258,.F.);
#14957 = ADVANCED_FACE('',(#14958),#12227,.F.);
#14958 = FACE_BOUND('',#14959,.T.);
#14959 = EDGE_LOOP('',(#14960,#14961,#14962,#14963));
#14960 = ORIENTED_EDGE('',*,*,#14913,.F.);
#14961 = ORIENTED_EDGE('',*,*,#12204,.T.);
#14962 = ORIENTED_EDGE('',*,*,#12381,.T.);
#14963 = ORIENTED_EDGE('',*,*,#13590,.F.);
#14964 = ( GEOMETRIC_REPRESENTATION_CONTEXT(3) 
GLOBAL_UNCERTAINTY_ASSIGNED_CONTEXT((#14968)) 
GLOBAL_UNIT_ASSIGNED_CONTEXT((#14965,#14966,#14967)) 
REPRESENTATION_CONTEXT('Context #1',
  '3D Context with UNIT and UNCERTAINTY') );
#14965 = ( LENGTH_UNIT() NAMED_UNIT(*) SI_UNIT(.MILLI.,.METRE.) );
#14966 = ( NAMED_UNIT(*) PLANE_ANGLE_UNIT() SI_UNIT($,.RADIAN.) );
#14967 = ( NAMED_UNIT(*) SI_UNIT($,.STERADIAN.) SOLID_ANGLE_UNIT() );
#14968 = UNCERTAINTY_MEASURE_WITH_UNIT(LENGTH_MEASURE(1.E-07),#14965,
  'distance_accuracy_value','confusion accuracy');
#14969 = CONTEXT_DEPENDENT_SHAPE_REPRESENTATION(#14970,#14972);
#14970 = ( REPRESENTATION_RELATIONSHIP('','',#12197,#10) 
REPRESENTATION_RELATIONSHIP_WITH_TRANSFORMATION(#14971) 
SHAPE_REPRESENTATION_RELATIONSHIP() );
#14971 = ITEM_DEFINED_TRANSFORMATION('','',#11,#35);
#14972 = PRODUCT_DEFINITION_SHAPE('Placement','Placement of an item',
  #14973);
#14973 = NEXT_ASSEMBLY_USAGE_OCCURRENCE('6','jaw_right','',#5,#12192,$);
#14974 = PRODUCT_RELATED_PRODUCT_CATEGORY('part',$,(#12194));
#14975 = SHAPE_DEFINITION_REPRESENTATION(#14976,#14982);
#14976 = PRODUCT_DEFINITION_SHAPE('','',#14977);
#14977 = PRODUCT_DEFINITION('design','',#14978,#14981);
#14978 = PRODUCT_DEFINITION_FORMATION('','',#14979);
#14979 = PRODUCT('cap_right','cap_right','',(#14980));
#14980 = PRODUCT_CONTEXT('',#2,'mechanical');
#14981 = PRODUCT_DEFINITION_CONTEXT('part definition',#2,'design');
#14982 = ADVANCED_BREP_SHAPE_REPRESENTATION('',(#11,#14983),#15809);
#14983 = MANIFOLD_SOLID_BREP('',#14984);
#14984 = CLOSED_SHELL('',(#14985,#15105,#15181,#15412,#15461,#15640,
    #15667,#15694,#15721,#15748,#15775,#15802));
#14985 = ADVANCED_FACE('',(#14986),#15000,.F.);
#14986 = FACE_BOUND('',#14987,.T.);
#14987 = EDGE_LOOP('',(#14988,#15023,#15051,#15079));
#14988 = ORIENTED_EDGE('',*,*,#14989,.F.);
#14989 = EDGE_CURVE('',#14990,#14992,#14994,.T.);
#14990 = VERTEX_POINT('',#14991);
#14991 = CARTESIAN_POINT('',(-20.,-33.3,158.));
#14992 = VERTEX_POINT('',#14993);
#14993 = CARTESIAN_POINT('',(-20.,-33.3,162.));
#14994 = SURFACE_CURVE('',#14995,(#14999,#15011),.PCURVE_S1.);
#14995 = LINE('',#14996,#14997);
#14996 = CARTESIAN_POINT('',(-20.,-33.3,158.));
#14997 = VECTOR('',#14998,1.);
#14998 = DIRECTION('',(0.,0.,1.));
#14999 = PCURVE('',#15000,#15005);
#15000 = PLANE('',#15001);
#15001 = AXIS2_PLACEMENT_3D('',#15002,#15003,#15004);
#15002 = CARTESIAN_POINT('',(-20.,-33.3,158.));
#15003 = DIRECTION('',(1.,0.,-0.));
#15004 = DIRECTION('',(0.,0.,-1.));
#15005 = DEFINITIONAL_REPRESENTATION('',(#15006),#15010);
#15006 = LINE('',#15007,#15008);
#15007 = CARTESIAN_POINT('',(-0.,0.));
#15008 = VECTOR('',#15009,1.);
#15009 = DIRECTION('',(-1.,0.));
#15010 = ( GEOMETRIC_REPRESENTATION_CONTEXT(2) 
PARAMETRIC_REPRESENTATION_CONTEXT() REPRESENTATION_CONTEXT('2D SPACE',''
  ) );
#15011 = PCURVE('',#15012,#15017);
#15012 = PLANE('',#15013);
#15013 = AXIS2_PLACEMENT_3D('',#15014,#15015,#15016);
#15014 = CARTESIAN_POINT('',(-20.,-33.3,158.));
#15015 = DIRECTION('',(0.,-1.,0.));
#15016 = DIRECTION('',(0.,0.,-1.));
#15017 = DEFINITIONAL_REPRESENTATION('',(#15018),#15022);
#15018 = LINE('',#15019,#15020);
#15019 = CARTESIAN_POINT('',(-0.,0.));
#15020 = VECTOR('',#15021,1.);
#15021 = DIRECTION('',(-1.,0.));
#15022 = ( GEOMETRIC_REPRESENTATION_CONTEXT(2) 
PARAMETRIC_REPRESENTATION_CONTEXT() REPRESENTATION_CONTEXT('2D SPACE',''
  ) );
#15023 = ORIENTED_EDGE('',*,*,#15024,.T.);
#15024 = EDGE_CURVE('',#14990,#15025,#15027,.T.);
#15025 = VERTEX_POINT('',#15026);
#15026 = CARTESIAN_POINT('',(-20.,-45.3,158.));
#15027 = SURFACE_CURVE('',#15028,(#15032,#15039),.PCURVE_S1.);
#15028 = LINE('',#15029,#15030);
#15029 = CARTESIAN_POINT('',(-20.,-33.3,158.));
#15030 = VECTOR('',#15031,1.);
#15031 = DIRECTION('',(0.,-1.,0.));
#15032 = PCURVE('',#15000,#15033);
#15033 = DEFINITIONAL_REPRESENTATION('',(#15034),#15038);
#15034 = LINE('',#15035,#15036);
#15035 = CARTESIAN_POINT('',(-0.,0.));
#15036 = VECTOR('',#15037,1.);
#15037 = DIRECTION('',(-0.,-1.));
#15038 = ( GEOMETRIC_REPRESENTATION_CONTEXT(2) 
PARAMETRIC_REPRESENTATION_CONTEXT() REPRESENTATION_CONTEXT('2D SPACE',''
  ) );
#15039 = PCURVE('',#15040,#15045);
#15040 = PLANE('',#15041);
#15041 = AXIS2_PLACEMENT_3D('',#15042,#15043,#15044);
#15042 = CARTESIAN_POINT('',(-20.,-33.3,158.));
#15043 = DIRECTION('',(0.,0.,1.));
#15044 = DIRECTION('',(-1.,-0.,0.));
#15045 = DEFINITIONAL_REPRESENTATION('',(#15046),#15050);
#15046 = LINE('',#15047,#15048);
#15047 = CARTESIAN_POINT('',(-0.,0.));
#15048 = VECTOR('',#15049,1.);
#15049 = DIRECTION('',(-0.,1.));
#15050 = ( GEOMETRIC_REPRESENTATION_CONTEXT(2) 
PARAMETRIC_REPRESENTATION_CONTEXT() REPRESENTATION_CONTEXT('2D SPACE',''
  ) );
#15051 = ORIENTED_EDGE('',*,*,#15052,.T.);
#15052 = EDGE_CURVE('',#15025,#15053,#15055,.T.);
#15053 = VERTEX_POINT('',#15054);
#15054 = CARTESIAN_POINT('',(-20.,-45.3,162.));
#15055 = SURFACE_CURVE('',#15056,(#15060,#15067),.PCURVE_S1.);
#15056 = LINE('',#15057,#15058);
#15057 = CARTESIAN_POINT('',(-20.,-45.3,158.));
#15058 = VECTOR('',#15059,1.);
#15059 = DIRECTION('',(0.,0.,1.));
#15060 = PCURVE('',#15000,#15061);
#15061 = DEFINITIONAL_REPRESENTATION('',(#15062),#15066);
#15062 = LINE('',#15063,#15064);
#15063 = CARTESIAN_POINT('',(-0.,-12.));
#15064 = VECTOR('',#15065,1.);
#15065 = DIRECTION('',(-1.,0.));
#15066 = ( GEOMETRIC_REPRESENTATION_CONTEXT(2) 
PARAMETRIC_REPRESENTATION_CONTEXT() REPRESENTATION_CONTEXT('2D SPACE',''
  ) );
#15067 = PCURVE('',#15068,#15073);
#15068 = PLANE('',#15069);
#15069 = AXIS2_PLACEMENT_3D('',#15070,#15071,#15072);
#15070 = CARTESIAN_POINT('',(-20.,-45.3,158.));
#15071 = DIRECTION('',(0.,-1.,0.));
#15072 = DIRECTION('',(0.,0.,-1.));
#15073 = DEFINITIONAL_REPRESENTATION('',(#15074),#15078);
#15074 = LINE('',#15075,#15076);
#15075 = CARTESIAN_POINT('',(-0.,0.));
#15076 = VECTOR('',#15077,1.);
#15077 = DIRECTION('',(-1.,0.));
#15078 = ( GEOMETRIC_REPRESENTATION_CONTEXT(2) 
PARAMETRIC_REPRESENTATION_CONTEXT() REPRESENTATION_CONTEXT('2D SPACE',''
  ) );
#15079 = ORIENTED_EDGE('',*,*,#15080,.F.);
#15080 = EDGE_CURVE('',#14992,#15053,#15081,.T.);
#15081 = SURFACE_CURVE('',#15082,(#15086,#15093),.PCURVE_S1.);
#15082 = LINE('',#15083,#15084);
#15083 = CARTESIAN_POINT('',(-20.,-33.3,162.));
#15084 = VECTOR('',#15085,1.);
#15085 = DIRECTION('',(0.,-1.,0.));
#15086 = PCURVE('',#15000,#15087);
#15087 = DEFINITIONAL_REPRESENTATION('',(#15088),#15092);
#15088 = LINE('',#15089,#15090);
#15089 = CARTESIAN_POINT('',(-4.,0.));
#15090 = VECTOR('',#15091,1.);
#15091 = DIRECTION('',(-0.,-1.));
#15092 = ( GEOMETRIC_REPRESENTATION_CONTEXT(2) 
PARAMETRIC_REPRESENTATION_CONTEXT() REPRESENTATION_CONTEXT('2D SPACE',''
  ) );
#15093 = PCURVE('',#15094,#15099);
#15094 = PLANE('',#15095);
#15095 = AXIS2_PLACEMENT_3D('',#15096,#15097,#15098);
#15096 = CARTESIAN_POINT('',(-20.,-33.3,162.));
#15097 = DIRECTION('',(0.,0.,1.));
#15098 = DIRECTION('',(-1.,-0.,0.));
#15099 = DEFINITIONAL_REPRESENTATION('',(#15100),#15104);
#15100 = LINE('',#15101,#15102);
#15101 = CARTESIAN_POINT('',(-0.,0.));
#15102 = VECTOR('',#15103,1.);
#15103 = DIRECTION('',(-0.,1.));
#15104 = ( GEOMETRIC_REPRESENTATION_CONTEXT(2) 
PARAMETRIC_REPRESENTATION_CONTEXT() REPRESENTATION_CONTEXT('2D SPACE',''
  ) );
#15105 = ADVANCED_FACE('',(#15106),#15012,.F.);
#15106 = FACE_BOUND('',#15107,.T.);
#15107 = EDGE_LOOP('',(#15108,#15131,#15132,#15155));
#15108 = ORIENTED_EDGE('',*,*,#15109,.F.);
#15109 = EDGE_CURVE('',#14990,#15110,#15112,.T.);
#15110 = VERTEX_POINT('',#15111);
#15111 = CARTESIAN_POINT('',(-8.,-33.3,158.));
#15112 = SURFACE_CURVE('',#15113,(#15117,#15124),.PCURVE_S1.);
#15113 = LINE('',#15114,#15115);
#15114 = CARTESIAN_POINT('',(-20.,-33.3,158.));
#15115 = VECTOR('',#15116,1.);
#15116 = DIRECTION('',(1.,0.,-0.));
#15117 = PCURVE('',#15012,#15118);
#15118 = DEFINITIONAL_REPRESENTATION('',(#15119),#15123);
#15119 = LINE('',#15120,#15121);
#15120 = CARTESIAN_POINT('',(-0.,0.));
#15121 = VECTOR('',#15122,1.);
#15122 = DIRECTION('',(-0.,1.));
#15123 = ( GEOMETRIC_REPRESENTATION_CONTEXT(2) 
PARAMETRIC_REPRESENTATION_CONTEXT() REPRESENTATION_CONTEXT('2D SPACE',''
  ) );
#15124 = PCURVE('',#15040,#15125);
#15125 = DEFINITIONAL_REPRESENTATION('',(#15126),#15130);
#15126 = LINE('',#15127,#15128);
#15127 = CARTESIAN_POINT('',(-0.,0.));
#15128 = VECTOR('',#15129,1.);
#15129 = DIRECTION('',(-1.,0.));
#15130 = ( GEOMETRIC_REPRESENTATION_CONTEXT(2) 
PARAMETRIC_REPRESENTATION_CONTEXT() REPRESENTATION_CONTEXT('2D SPACE',''
  ) );
#15131 = ORIENTED_EDGE('',*,*,#14989,.T.);
#15132 = ORIENTED_EDGE('',*,*,#15133,.T.);
#15133 = EDGE_CURVE('',#14992,#15134,#15136,.T.);
#15134 = VERTEX_POINT('',#15135);
#15135 = CARTESIAN_POINT('',(-8.,-33.3,162.));
#15136 = SURFACE_CURVE('',#15137,(#15141,#15148),.PCURVE_S1.);
#15137 = LINE('',#15138,#15139);
#15138 = CARTESIAN_POINT('',(-20.,-33.3,162.));
#15139 = VECTOR('',#15140,1.);
#15140 = DIRECTION('',(1.,0.,-0.));
#15141 = PCURVE('',#15012,#15142);
#15142 = DEFINITIONAL_REPRESENTATION('',(#15143),#15147);
#15143 = LINE('',#15144,#15145);
#15144 = CARTESIAN_POINT('',(-4.,0.));
#15145 = VECTOR('',#15146,1.);
#15146 = DIRECTION('',(-0.,1.));
#15147 = ( GEOMETRIC_REPRESENTATION_CONTEXT(2) 
PARAMETRIC_REPRESENTATION_CONTEXT() REPRESENTATION_CONTEXT('2D SPACE',''
  ) );
#15148 = PCURVE('',#15094,#15149);
#15149 = DEFINITIONAL_REPRESENTATION('',(#15150),#15154);
#15150 = LINE('',#15151,#15152);
#15151 = CARTESIAN_POINT('',(-0.,0.));
#15152 = VECTOR('',#15153,1.);
#15153 = DIRECTION('',(-1.,0.));
#15154 = ( GEOMETRIC_REPRESENTATION_CONTEXT(2) 
PARAMETRIC_REPRESENTATION_CONTEXT() REPRESENTATION_CONTEXT('2D SPACE',''
  ) );
#15155 = ORIENTED_EDGE('',*,*,#15156,.T.);
#15156 = EDGE_CURVE('',#15134,#15110,#15157,.T.);
#15157 = SURFACE_CURVE('',#15158,(#15162,#15169),.PCURVE_S1.);
#15158 = LINE('',#15159,#15160);
#15159 = CARTESIAN_POINT('',(-8.,-33.3,158.));
#15160 = VECTOR('',#15161,1.);
#15161 = DIRECTION('',(-0.,-0.,-1.));
#15162 = PCURVE('',#15012,#15163);
#15163 = DEFINITIONAL_REPRESENTATION('',(#15164),#15168);
#15164 = LINE('',#15165,#15166);
#15165 = CARTESIAN_POINT('',(-0.,12.));
#15166 = VECTOR('',#15167,1.);
#15167 = DIRECTION('',(1.,-0.));
#15168 = ( GEOMETRIC_REPRESENTATION_CONTEXT(2) 
PARAMETRIC_REPRESENTATION_CONTEXT() REPRESENTATION_CONTEXT('2D SPACE',''
  ) );
#15169 = PCURVE('',#15170,#15175);
#15170 = PLANE('',#15171);
#15171 = AXIS2_PLACEMENT_3D('',#15172,#15173,#15174);
#15172 = CARTESIAN_POINT('',(-8.,-30.3,158.));
#15173 = DIRECTION('',(1.,0.,-0.));
#15174 = DIRECTION('',(0.,0.,-1.));
#15175 = DEFINITIONAL_REPRESENTATION('',(#15176),#15180);
#15176 = LINE('',#15177,#15178);
#15177 = CARTESIAN_POINT('',(-0.,-3.));
#15178 = VECTOR('',#15179,1.);
#15179 = DIRECTION('',(1.,-0.));
#15180 = ( GEOMETRIC_REPRESENTATION_CONTEXT(2) 
PARAMETRIC_REPRESENTATION_CONTEXT() REPRESENTATION_CONTEXT('2D SPACE',''
  ) );
#15181 = ADVANCED_FACE('',(#15182,#15342,#15377),#15094,.T.);
#15182 = FACE_BOUND('',#15183,.F.);
#15183 = EDGE_LOOP('',(#15184,#15207,#15208,#15209,#15232,#15260,#15288,
    #15316));
#15184 = ORIENTED_EDGE('',*,*,#15185,.F.);
#15185 = EDGE_CURVE('',#15053,#15186,#15188,.T.);
#15186 = VERTEX_POINT('',#15187);
#15187 = CARTESIAN_POINT('',(20.,-45.3,162.));
#15188 = SURFACE_CURVE('',#15189,(#15193,#15200),.PCURVE_S1.);
#15189 = LINE('',#15190,#15191);
#15190 = CARTESIAN_POINT('',(-20.,-45.3,162.));
#15191 = VECTOR('',#15192,1.);
#15192 = DIRECTION('',(1.,0.,-0.));
#15193 = PCURVE('',#15094,#15194);
#15194 = DEFINITIONAL_REPRESENTATION('',(#15195),#15199);
#15195 = LINE('',#15196,#15197);
#15196 = CARTESIAN_POINT('',(-0.,12.));
#15197 = VECTOR('',#15198,1.);
#15198 = DIRECTION('',(-1.,0.));
#15199 = ( GEOMETRIC_REPRESENTATION_CONTEXT(2) 
PARAMETRIC_REPRESENTATION_CONTEXT() REPRESENTATION_CONTEXT('2D SPACE',''
  ) );
#15200 = PCURVE('',#15068,#15201);
#15201 = DEFINITIONAL_REPRESENTATION('',(#15202),#15206);
#15202 = LINE('',#15203,#15204);
#15203 = CARTESIAN_POINT('',(-4.,0.));
#15204 = VECTOR('',#15205,1.);
#15205 = DIRECTION('',(-0.,1.));
#15206 = ( GEOMETRIC_REPRESENTATION_CONTEXT(2) 
PARAMETRIC_REPRESENTATION_CONTEXT() REPRESENTATION_CONTEXT('2D SPACE',''
  ) );
#15207 = ORIENTED_EDGE('',*,*,#15080,.F.);
#15208 = ORIENTED_EDGE('',*,*,#15133,.T.);
#15209 = ORIENTED_EDGE('',*,*,#15210,.F.);
#15210 = EDGE_CURVE('',#15211,#15134,#15213,.T.);
#15211 = VERTEX_POINT('',#15212);
#15212 = CARTESIAN_POINT('',(-8.,-30.3,162.));
#15213 = SURFACE_CURVE('',#15214,(#15218,#15225),.PCURVE_S1.);
#15214 = LINE('',#15215,#15216);
#15215 = CARTESIAN_POINT('',(-8.,-30.3,162.));
#15216 = VECTOR('',#15217,1.);
#15217 = DIRECTION('',(0.,-1.,0.));
#15218 = PCURVE('',#15094,#15219);
#15219 = DEFINITIONAL_REPRESENTATION('',(#15220),#15224);
#15220 = LINE('',#15221,#15222);
#15221 = CARTESIAN_POINT('',(-12.,-3.));
#15222 = VECTOR('',#15223,1.);
#15223 = DIRECTION('',(-0.,1.));
#15224 = ( GEOMETRIC_REPRESENTATION_CONTEXT(2) 
PARAMETRIC_REPRESENTATION_CONTEXT() REPRESENTATION_CONTEXT('2D SPACE',''
  ) );
#15225 = PCURVE('',#15170,#15226);
#15226 = DEFINITIONAL_REPRESENTATION('',(#15227),#15231);
#15227 = LINE('',#15228,#15229);
#15228 = CARTESIAN_POINT('',(-4.,0.));
#15229 = VECTOR('',#15230,1.);
#15230 = DIRECTION('',(-0.,-1.));
#15231 = ( GEOMETRIC_REPRESENTATION_CONTEXT(2) 
PARAMETRIC_REPRESENTATION_CONTEXT() REPRESENTATION_CONTEXT('2D SPACE',''
  ) );
#15232 = ORIENTED_EDGE('',*,*,#15233,.T.);
#15233 = EDGE_CURVE('',#15211,#15234,#15236,.T.);
#15234 = VERTEX_POINT('',#15235);
#15235 = CARTESIAN_POINT('',(8.,-30.3,162.));
#15236 = SURFACE_CURVE('',#15237,(#15241,#15248),.PCURVE_S1.);
#15237 = LINE('',#15238,#15239);
#15238 = CARTESIAN_POINT('',(-8.,-30.3,162.));
#15239 = VECTOR('',#15240,1.);
#15240 = DIRECTION('',(1.,0.,-0.));
#15241 = PCURVE('',#15094,#15242);
#15242 = DEFINITIONAL_REPRESENTATION('',(#15243),#15247);
#15243 = LINE('',#15244,#15245);
#15244 = CARTESIAN_POINT('',(-12.,-3.));
#15245 = VECTOR('',#15246,1.);
#15246 = DIRECTION('',(-1.,0.));
#15247 = ( GEOMETRIC_REPRESENTATION_CONTEXT(2) 
PARAMETRIC_REPRESENTATION_CONTEXT() REPRESENTATION_CONTEXT('2D SPACE',''
  ) );
#15248 = PCURVE('',#15249,#15254);
#15249 = PLANE('',#15250);
#15250 = AXIS2_PLACEMENT_3D('',#15251,#15252,#15253);
#15251 = CARTESIAN_POINT('',(-8.,-30.3,158.));
#15252 = DIRECTION('',(0.,-1.,0.));
#15253 = DIRECTION('',(0.,0.,-1.));
#15254 = DEFINITIONAL_REPRESENTATION('',(#15255),#15259);
#15255 = LINE('',#15256,#15257);
#15256 = CARTESIAN_POINT('',(-4.,0.));
#15257 = VECTOR('',#15258,1.);
#15258 = DIRECTION('',(-0.,1.));
#15259 = ( GEOMETRIC_REPRESENTATION_CONTEXT(2) 
PARAMETRIC_REPRESENTATION_CONTEXT() REPRESENTATION_CONTEXT('2D SPACE',''
  ) );
#15260 = ORIENTED_EDGE('',*,*,#15261,.T.);
#15261 = EDGE_CURVE('',#15234,#15262,#15264,.T.);
#15262 = VERTEX_POINT('',#15263);
#15263 = CARTESIAN_POINT('',(8.,-33.3,162.));
#15264 = SURFACE_CURVE('',#15265,(#15269,#15276),.PCURVE_S1.);
#15265 = LINE('',#15266,#15267);
#15266 = CARTESIAN_POINT('',(8.,-30.3,162.));
#15267 = VECTOR('',#15268,1.);
#15268 = DIRECTION('',(0.,-1.,0.));
#15269 = PCURVE('',#15094,#15270);
#15270 = DEFINITIONAL_REPRESENTATION('',(#15271),#15275);
#15271 = LINE('',#15272,#15273);
#15272 = CARTESIAN_POINT('',(-28.,-3.));
#15273 = VECTOR('',#15274,1.);
#15274 = DIRECTION('',(-0.,1.));
#15275 = ( GEOMETRIC_REPRESENTATION_CONTEXT(2) 
PARAMETRIC_REPRESENTATION_CONTEXT() REPRESENTATION_CONTEXT('2D SPACE',''
  ) );
#15276 = PCURVE('',#15277,#15282);
#15277 = PLANE('',#15278);
#15278 = AXIS2_PLACEMENT_3D('',#15279,#15280,#15281);
#15279 = CARTESIAN_POINT('',(8.,-30.3,158.));
#15280 = DIRECTION('',(1.,0.,-0.));
#15281 = DIRECTION('',(0.,0.,-1.));
#15282 = DEFINITIONAL_REPRESENTATION('',(#15283),#15287);
#15283 = LINE('',#15284,#15285);
#15284 = CARTESIAN_POINT('',(-4.,0.));
#15285 = VECTOR('',#15286,1.);
#15286 = DIRECTION('',(-0.,-1.));
#15287 = ( GEOMETRIC_REPRESENTATION_CONTEXT(2) 
PARAMETRIC_REPRESENTATION_CONTEXT() REPRESENTATION_CONTEXT('2D SPACE',''
  ) );
#15288 = ORIENTED_EDGE('',*,*,#15289,.T.);
#15289 = EDGE_CURVE('',#15262,#15290,#15292,.T.);
#15290 = VERTEX_POINT('',#15291);
#15291 = CARTESIAN_POINT('',(20.,-33.3,162.));
#15292 = SURFACE_CURVE('',#15293,(#15297,#15304),.PCURVE_S1.);
#15293 = LINE('',#15294,#15295);
#15294 = CARTESIAN_POINT('',(-20.,-33.3,162.));
#15295 = VECTOR('',#15296,1.);
#15296 = DIRECTION('',(1.,0.,-0.));
#15297 = PCURVE('',#15094,#15298);
#15298 = DEFINITIONAL_REPRESENTATION('',(#15299),#15303);
#15299 = LINE('',#15300,#15301);
#15300 = CARTESIAN_POINT('',(-0.,0.));
#15301 = VECTOR('',#15302,1.);
#15302 = DIRECTION('',(-1.,0.));
#15303 = ( GEOMETRIC_REPRESENTATION_CONTEXT(2) 
PARAMETRIC_REPRESENTATION_CONTEXT() REPRESENTATION_CONTEXT('2D SPACE',''
  ) );
#15304 = PCURVE('',#15305,#15310);
#15305 = PLANE('',#15306);
#15306 = AXIS2_PLACEMENT_3D('',#15307,#15308,#15309);
#15307 = CARTESIAN_POINT('',(-20.,-33.3,158.));
#15308 = DIRECTION('',(0.,-1.,0.));
#15309 = DIRECTION('',(0.,0.,-1.));
#15310 = DEFINITIONAL_REPRESENTATION('',(#15311),#15315);
#15311 = LINE('',#15312,#15313);
#15312 = CARTESIAN_POINT('',(-4.,0.));
#15313 = VECTOR('',#15314,1.);
#15314 = DIRECTION('',(-0.,1.));
#15315 = ( GEOMETRIC_REPRESENTATION_CONTEXT(2) 
PARAMETRIC_REPRESENTATION_CONTEXT() REPRESENTATION_CONTEXT('2D SPACE',''
  ) );
#15316 = ORIENTED_EDGE('',*,*,#15317,.T.);
#15317 = EDGE_CURVE('',#15290,#15186,#15318,.T.);
#15318 = SURFACE_CURVE('',#15319,(#15323,#15330),.PCURVE_S1.);
#15319 = LINE('',#15320,#15321);
#15320 = CARTESIAN_POINT('',(20.,-33.3,162.));
#15321 = VECTOR('',#15322,1.);
#15322 = DIRECTION('',(0.,-1.,0.));
#15323 = PCURVE('',#15094,#15324);
#15324 = DEFINITIONAL_REPRESENTATION('',(#15325),#15329);
#15325 = LINE('',#15326,#15327);
#15326 = CARTESIAN_POINT('',(-40.,0.));
#15327 = VECTOR('',#15328,1.);
#15328 = DIRECTION('',(-0.,1.));
#15329 = ( GEOMETRIC_REPRESENTATION_CONTEXT(2) 
PARAMETRIC_REPRESENTATION_CONTEXT() REPRESENTATION_CONTEXT('2D SPACE',''
  ) );
#15330 = PCURVE('',#15331,#15336);
#15331 = PLANE('',#15332);
#15332 = AXIS2_PLACEMENT_3D('',#15333,#15334,#15335);
#15333 = CARTESIAN_POINT('',(20.,-33.3,158.));
#15334 = DIRECTION('',(1.,0.,-0.));
#15335 = DIRECTION('',(0.,0.,-1.));
#15336 = DEFINITIONAL_REPRESENTATION('',(#15337),#15341);
#15337 = LINE('',#15338,#15339);
#15338 = CARTESIAN_POINT('',(-4.,0.));
#15339 = VECTOR('',#15340,1.);
#15340 = DIRECTION('',(-0.,-1.));
#15341 = ( GEOMETRIC_REPRESENTATION_CONTEXT(2) 
PARAMETRIC_REPRESENTATION_CONTEXT() REPRESENTATION_CONTEXT('2D SPACE',''
  ) );
#15342 = FACE_BOUND('',#15343,.F.);
#15343 = EDGE_LOOP('',(#15344));
#15344 = ORIENTED_EDGE('',*,*,#15345,.F.);
#15345 = EDGE_CURVE('',#15346,#15346,#15348,.T.);
#15346 = VERTEX_POINT('',#15347);
#15347 = CARTESIAN_POINT('',(-10.3,-39.3,162.));
#15348 = SURFACE_CURVE('',#15349,(#15354,#15365),.PCURVE_S1.);
#15349 = CIRCLE('',#15350,1.7);
#15350 = AXIS2_PLACEMENT_3D('',#15351,#15352,#15353);
#15351 = CARTESIAN_POINT('',(-12.,-39.3,162.));
#15352 = DIRECTION('',(0.,0.,-1.));
#15353 = DIRECTION('',(1.,-0.,-0.));
#15354 = PCURVE('',#15094,#15355);
#15355 = DEFINITIONAL_REPRESENTATION('',(#15356),#15364);
#15356 = ( BOUNDED_CURVE() B_SPLINE_CURVE(2,(#15357,#15358,#15359,#15360
    ,#15361,#15362,#15363),.UNSPECIFIED.,.T.,.F.) 
B_SPLINE_CURVE_WITH_KNOTS((1,2,2,2,2,1),(-2.094395102393,0.,
    2.094395102393,4.188790204786,6.28318530718,8.377580409573),
.UNSPECIFIED.) CURVE() GEOMETRIC_REPRESENTATION_ITEM() 
RATIONAL_B_SPLINE_CURVE((1.,0.5,1.,0.5,1.,0.5,1.)) REPRESENTATION_ITEM(
  '') );
#15357 = CARTESIAN_POINT('',(-9.7,6.));
#15358 = CARTESIAN_POINT('',(-9.7,8.944486372867));
#15359 = CARTESIAN_POINT('',(-7.15,7.472243186434));
#15360 = CARTESIAN_POINT('',(-4.6,6.));
#15361 = CARTESIAN_POINT('',(-7.15,4.527756813566));
#15362 = CARTESIAN_POINT('',(-9.7,3.055513627133));
#15363 = CARTESIAN_POINT('',(-9.7,6.));
#15364 = ( GEOMETRIC_REPRESENTATION_CONTEXT(2) 
PARAMETRIC_REPRESENTATION_CONTEXT() REPRESENTATION_CONTEXT('2D SPACE',''
  ) );
#15365 = PCURVE('',#15366,#15371);
#15366 = CYLINDRICAL_SURFACE('',#15367,1.7);
#15367 = AXIS2_PLACEMENT_3D('',#15368,#15369,#15370);
#15368 = CARTESIAN_POINT('',(-12.,-39.3,157.3));
#15369 = DIRECTION('',(-0.,-0.,1.));
#15370 = DIRECTION('',(1.,-0.,-0.));
#15371 = DEFINITIONAL_REPRESENTATION('',(#15372),#15376);
#15372 = LINE('',#15373,#15374);
#15373 = CARTESIAN_POINT('',(-0.,4.7));
#15374 = VECTOR('',#15375,1.);
#15375 = DIRECTION('',(-1.,0.));
#15376 = ( GEOMETRIC_REPRESENTATION_CONTEXT(2) 
PARAMETRIC_REPRESENTATION_CONTEXT() REPRESENTATION_CONTEXT('2D SPACE',''
  ) );
#15377 = FACE_BOUND('',#15378,.F.);
#15378 = EDGE_LOOP('',(#15379));
#15379 = ORIENTED_EDGE('',*,*,#15380,.F.);
#15380 = EDGE_CURVE('',#15381,#15381,#15383,.T.);
#15381 = VERTEX_POINT('',#15382);
#15382 = CARTESIAN_POINT('',(13.7,-39.3,162.));
#15383 = SURFACE_CURVE('',#15384,(#15389,#15400),.PCURVE_S1.);
#15384 = CIRCLE('',#15385,1.7);
#15385 = AXIS2_PLACEMENT_3D('',#15386,#15387,#15388);
#15386 = CARTESIAN_POINT('',(12.,-39.3,162.));
#15387 = DIRECTION('',(0.,0.,-1.));
#15388 = DIRECTION('',(1.,-0.,-0.));
#15389 = PCURVE('',#15094,#15390);
#15390 = DEFINITIONAL_REPRESENTATION('',(#15391),#15399);
#15391 = ( BOUNDED_CURVE() B_SPLINE_CURVE(2,(#15392,#15393,#15394,#15395
    ,#15396,#15397,#15398),.UNSPECIFIED.,.T.,.F.) 
B_SPLINE_CURVE_WITH_KNOTS((1,2,2,2,2,1),(-2.094395102393,0.,
    2.094395102393,4.188790204786,6.28318530718,8.377580409573),
.UNSPECIFIED.) CURVE() GEOMETRIC_REPRESENTATION_ITEM() 
RATIONAL_B_SPLINE_CURVE((1.,0.5,1.,0.5,1.,0.5,1.)) REPRESENTATION_ITEM(
  '') );
#15392 = CARTESIAN_POINT('',(-33.7,6.));
#15393 = CARTESIAN_POINT('',(-33.7,8.944486372867));
#15394 = CARTESIAN_POINT('',(-31.15,7.472243186434));
#15395 = CARTESIAN_POINT('',(-28.6,6.));
#15396 = CARTESIAN_POINT('',(-31.15,4.527756813566));
#15397 = CARTESIAN_POINT('',(-33.7,3.055513627133));
#15398 = CARTESIAN_POINT('',(-33.7,6.));
#15399 = ( GEOMETRIC_REPRESENTATION_CONTEXT(2) 
PARAMETRIC_REPRESENTATION_CONTEXT() REPRESENTATION_CONTEXT('2D SPACE',''
  ) );
#15400 = PCURVE('',#15401,#15406);
#15401 = CYLINDRICAL_SURFACE('',#15402,1.7);
#15402 = AXIS2_PLACEMENT_3D('',#15403,#15404,#15405);
#15403 = CARTESIAN_POINT('',(12.,-39.3,157.3));
#15404 = DIRECTION('',(-0.,-0.,1.));
#15405 = DIRECTION('',(1.,-0.,-0.));
#15406 = DEFINITIONAL_REPRESENTATION('',(#15407),#15411);
#15407 = LINE('',#15408,#15409);
#15408 = CARTESIAN_POINT('',(-0.,4.7));
#15409 = VECTOR('',#15410,1.);
#15410 = DIRECTION('',(-1.,0.));
#15411 = ( GEOMETRIC_REPRESENTATION_CONTEXT(2) 
PARAMETRIC_REPRESENTATION_CONTEXT() REPRESENTATION_CONTEXT('2D SPACE',''
  ) );
#15412 = ADVANCED_FACE('',(#15413),#15068,.T.);
#15413 = FACE_BOUND('',#15414,.F.);
#15414 = EDGE_LOOP('',(#15415,#15438,#15439,#15440));
#15415 = ORIENTED_EDGE('',*,*,#15416,.F.);
#15416 = EDGE_CURVE('',#15025,#15417,#15419,.T.);
#15417 = VERTEX_POINT('',#15418);
#15418 = CARTESIAN_POINT('',(20.,-45.3,158.));
#15419 = SURFACE_CURVE('',#15420,(#15424,#15431),.PCURVE_S1.);
#15420 = LINE('',#15421,#15422);
#15421 = CARTESIAN_POINT('',(-20.,-45.3,158.));
#15422 = VECTOR('',#15423,1.);
#15423 = DIRECTION('',(1.,0.,-0.));
#15424 = PCURVE('',#15068,#15425);
#15425 = DEFINITIONAL_REPRESENTATION('',(#15426),#15430);
#15426 = LINE('',#15427,#15428);
#15427 = CARTESIAN_POINT('',(-0.,0.));
#15428 = VECTOR('',#15429,1.);
#15429 = DIRECTION('',(-0.,1.));
#15430 = ( GEOMETRIC_REPRESENTATION_CONTEXT(2) 
PARAMETRIC_REPRESENTATION_CONTEXT() REPRESENTATION_CONTEXT('2D SPACE',''
  ) );
#15431 = PCURVE('',#15040,#15432);
#15432 = DEFINITIONAL_REPRESENTATION('',(#15433),#15437);
#15433 = LINE('',#15434,#15435);
#15434 = CARTESIAN_POINT('',(-0.,12.));
#15435 = VECTOR('',#15436,1.);
#15436 = DIRECTION('',(-1.,0.));
#15437 = ( GEOMETRIC_REPRESENTATION_CONTEXT(2) 
PARAMETRIC_REPRESENTATION_CONTEXT() REPRESENTATION_CONTEXT('2D SPACE',''
  ) );
#15438 = ORIENTED_EDGE('',*,*,#15052,.T.);
#15439 = ORIENTED_EDGE('',*,*,#15185,.T.);
#15440 = ORIENTED_EDGE('',*,*,#15441,.F.);
#15441 = EDGE_CURVE('',#15417,#15186,#15442,.T.);
#15442 = SURFACE_CURVE('',#15443,(#15447,#15454),.PCURVE_S1.);
#15443 = LINE('',#15444,#15445);
#15444 = CARTESIAN_POINT('',(20.,-45.3,158.));
#15445 = VECTOR('',#15446,1.);
#15446 = DIRECTION('',(0.,0.,1.));
#15447 = PCURVE('',#15068,#15448);
#15448 = DEFINITIONAL_REPRESENTATION('',(#15449),#15453);
#15449 = LINE('',#15450,#15451);
#15450 = CARTESIAN_POINT('',(-0.,40.));
#15451 = VECTOR('',#15452,1.);
#15452 = DIRECTION('',(-1.,0.));
#15453 = ( GEOMETRIC_REPRESENTATION_CONTEXT(2) 
PARAMETRIC_REPRESENTATION_CONTEXT() REPRESENTATION_CONTEXT('2D SPACE',''
  ) );
#15454 = PCURVE('',#15331,#15455);
#15455 = DEFINITIONAL_REPRESENTATION('',(#15456),#15460);
#15456 = LINE('',#15457,#15458);
#15457 = CARTESIAN_POINT('',(-0.,-12.));
#15458 = VECTOR('',#15459,1.);
#15459 = DIRECTION('',(-1.,0.));
#15460 = ( GEOMETRIC_REPRESENTATION_CONTEXT(2) 
PARAMETRIC_REPRESENTATION_CONTEXT() REPRESENTATION_CONTEXT('2D SPACE',''
  ) );
#15461 = ADVANCED_FACE('',(#15462,#15580,#15610),#15040,.F.);
#15462 = FACE_BOUND('',#15463,.T.);
#15463 = EDGE_LOOP('',(#15464,#15465,#15466,#15467,#15490,#15513,#15536,
    #15559));
#15464 = ORIENTED_EDGE('',*,*,#15416,.F.);
#15465 = ORIENTED_EDGE('',*,*,#15024,.F.);
#15466 = ORIENTED_EDGE('',*,*,#15109,.T.);
#15467 = ORIENTED_EDGE('',*,*,#15468,.F.);
#15468 = EDGE_CURVE('',#15469,#15110,#15471,.T.);
#15469 = VERTEX_POINT('',#15470);
#15470 = CARTESIAN_POINT('',(-8.,-30.3,158.));
#15471 = SURFACE_CURVE('',#15472,(#15476,#15483),.PCURVE_S1.);
#15472 = LINE('',#15473,#15474);
#15473 = CARTESIAN_POINT('',(-8.,-30.3,158.));
#15474 = VECTOR('',#15475,1.);
#15475 = DIRECTION('',(0.,-1.,0.));
#15476 = PCURVE('',#15040,#15477);
#15477 = DEFINITIONAL_REPRESENTATION('',(#15478),#15482);
#15478 = LINE('',#15479,#15480);
#15479 = CARTESIAN_POINT('',(-12.,-3.));
#15480 = VECTOR('',#15481,1.);
#15481 = DIRECTION('',(-0.,1.));
#15482 = ( GEOMETRIC_REPRESENTATION_CONTEXT(2) 
PARAMETRIC_REPRESENTATION_CONTEXT() REPRESENTATION_CONTEXT('2D SPACE',''
  ) );
#15483 = PCURVE('',#15170,#15484);
#15484 = DEFINITIONAL_REPRESENTATION('',(#15485),#15489);
#15485 = LINE('',#15486,#15487);
#15486 = CARTESIAN_POINT('',(-0.,0.));
#15487 = VECTOR('',#15488,1.);
#15488 = DIRECTION('',(-0.,-1.));
#15489 = ( GEOMETRIC_REPRESENTATION_CONTEXT(2) 
PARAMETRIC_REPRESENTATION_CONTEXT() REPRESENTATION_CONTEXT('2D SPACE',''
  ) );
#15490 = ORIENTED_EDGE('',*,*,#15491,.T.);
#15491 = EDGE_CURVE('',#15469,#15492,#15494,.T.);
#15492 = VERTEX_POINT('',#15493);
#15493 = CARTESIAN_POINT('',(8.,-30.3,158.));
#15494 = SURFACE_CURVE('',#15495,(#15499,#15506),.PCURVE_S1.);
#15495 = LINE('',#15496,#15497);
#15496 = CARTESIAN_POINT('',(-8.,-30.3,158.));
#15497 = VECTOR('',#15498,1.);
#15498 = DIRECTION('',(1.,0.,-0.));
#15499 = PCURVE('',#15040,#15500);
#15500 = DEFINITIONAL_REPRESENTATION('',(#15501),#15505);
#15501 = LINE('',#15502,#15503);
#15502 = CARTESIAN_POINT('',(-12.,-3.));
#15503 = VECTOR('',#15504,1.);
#15504 = DIRECTION('',(-1.,0.));
#15505 = ( GEOMETRIC_REPRESENTATION_CONTEXT(2) 
PARAMETRIC_REPRESENTATION_CONTEXT() REPRESENTATION_CONTEXT('2D SPACE',''
  ) );
#15506 = PCURVE('',#15249,#15507);
#15507 = DEFINITIONAL_REPRESENTATION('',(#15508),#15512);
#15508 = LINE('',#15509,#15510);
#15509 = CARTESIAN_POINT('',(-0.,0.));
#15510 = VECTOR('',#15511,1.);
#15511 = DIRECTION('',(-0.,1.));
#15512 = ( GEOMETRIC_REPRESENTATION_CONTEXT(2) 
PARAMETRIC_REPRESENTATION_CONTEXT() REPRESENTATION_CONTEXT('2D SPACE',''
  ) );
#15513 = ORIENTED_EDGE('',*,*,#15514,.T.);
#15514 = EDGE_CURVE('',#15492,#15515,#15517,.T.);
#15515 = VERTEX_POINT('',#15516);
#15516 = CARTESIAN_POINT('',(8.,-33.3,158.));
#15517 = SURFACE_CURVE('',#15518,(#15522,#15529),.PCURVE_S1.);
#15518 = LINE('',#15519,#15520);
#15519 = CARTESIAN_POINT('',(8.,-30.3,158.));
#15520 = VECTOR('',#15521,1.);
#15521 = DIRECTION('',(0.,-1.,0.));
#15522 = PCURVE('',#15040,#15523);
#15523 = DEFINITIONAL_REPRESENTATION('',(#15524),#15528);
#15524 = LINE('',#15525,#15526);
#15525 = CARTESIAN_POINT('',(-28.,-3.));
#15526 = VECTOR('',#15527,1.);
#15527 = DIRECTION('',(-0.,1.));
#15528 = ( GEOMETRIC_REPRESENTATION_CONTEXT(2) 
PARAMETRIC_REPRESENTATION_CONTEXT() REPRESENTATION_CONTEXT('2D SPACE',''
  ) );
#15529 = PCURVE('',#15277,#15530);
#15530 = DEFINITIONAL_REPRESENTATION('',(#15531),#15535);
#15531 = LINE('',#15532,#15533);
#15532 = CARTESIAN_POINT('',(-0.,0.));
#15533 = VECTOR('',#15534,1.);
#15534 = DIRECTION('',(-0.,-1.));
#15535 = ( GEOMETRIC_REPRESENTATION_CONTEXT(2) 
PARAMETRIC_REPRESENTATION_CONTEXT() REPRESENTATION_CONTEXT('2D SPACE',''
  ) );
#15536 = ORIENTED_EDGE('',*,*,#15537,.T.);
#15537 = EDGE_CURVE('',#15515,#15538,#15540,.T.);
#15538 = VERTEX_POINT('',#15539);
#15539 = CARTESIAN_POINT('',(20.,-33.3,158.));
#15540 = SURFACE_CURVE('',#15541,(#15545,#15552),.PCURVE_S1.);
#15541 = LINE('',#15542,#15543);
#15542 = CARTESIAN_POINT('',(-20.,-33.3,158.));
#15543 = VECTOR('',#15544,1.);
#15544 = DIRECTION('',(1.,0.,-0.));
#15545 = PCURVE('',#15040,#15546);
#15546 = DEFINITIONAL_REPRESENTATION('',(#15547),#15551);
#15547 = LINE('',#15548,#15549);
#15548 = CARTESIAN_POINT('',(-0.,0.));
#15549 = VECTOR('',#15550,1.);
#15550 = DIRECTION('',(-1.,0.));
#15551 = ( GEOMETRIC_REPRESENTATION_CONTEXT(2) 
PARAMETRIC_REPRESENTATION_CONTEXT() REPRESENTATION_CONTEXT('2D SPACE',''
  ) );
#15552 = PCURVE('',#15305,#15553);
#15553 = DEFINITIONAL_REPRESENTATION('',(#15554),#15558);
#15554 = LINE('',#15555,#15556);
#15555 = CARTESIAN_POINT('',(-0.,0.));
#15556 = VECTOR('',#15557,1.);
#15557 = DIRECTION('',(-0.,1.));
#15558 = ( GEOMETRIC_REPRESENTATION_CONTEXT(2) 
PARAMETRIC_REPRESENTATION_CONTEXT() REPRESENTATION_CONTEXT('2D SPACE',''
  ) );
#15559 = ORIENTED_EDGE('',*,*,#15560,.T.);
#15560 = EDGE_CURVE('',#15538,#15417,#15561,.T.);
#15561 = SURFACE_CURVE('',#15562,(#15566,#15573),.PCURVE_S1.);
#15562 = LINE('',#15563,#15564);
#15563 = CARTESIAN_POINT('',(20.,-33.3,158.));
#15564 = VECTOR('',#15565,1.);
#15565 = DIRECTION('',(0.,-1.,0.));
#15566 = PCURVE('',#15040,#15567);
#15567 = DEFINITIONAL_REPRESENTATION('',(#15568),#15572);
#15568 = LINE('',#15569,#15570);
#15569 = CARTESIAN_POINT('',(-40.,0.));
#15570 = VECTOR('',#15571,1.);
#15571 = DIRECTION('',(-0.,1.));
#15572 = ( GEOMETRIC_REPRESENTATION_CONTEXT(2) 
PARAMETRIC_REPRESENTATION_CONTEXT() REPRESENTATION_CONTEXT('2D SPACE',''
  ) );
#15573 = PCURVE('',#15331,#15574);
#15574 = DEFINITIONAL_REPRESENTATION('',(#15575),#15579);
#15575 = LINE('',#15576,#15577);
#15576 = CARTESIAN_POINT('',(-0.,0.));
#15577 = VECTOR('',#15578,1.);
#15578 = DIRECTION('',(-0.,-1.));
#15579 = ( GEOMETRIC_REPRESENTATION_CONTEXT(2) 
PARAMETRIC_REPRESENTATION_CONTEXT() REPRESENTATION_CONTEXT('2D SPACE',''
  ) );
#15580 = FACE_BOUND('',#15581,.T.);
#15581 = EDGE_LOOP('',(#15582));
#15582 = ORIENTED_EDGE('',*,*,#15583,.F.);
#15583 = EDGE_CURVE('',#15584,#15584,#15586,.T.);
#15584 = VERTEX_POINT('',#15585);
#15585 = CARTESIAN_POINT('',(-10.3,-39.3,158.));
#15586 = SURFACE_CURVE('',#15587,(#15592,#15603),.PCURVE_S1.);
#15587 = CIRCLE('',#15588,1.7);
#15588 = AXIS2_PLACEMENT_3D('',#15589,#15590,#15591);
#15589 = CARTESIAN_POINT('',(-12.,-39.3,158.));
#15590 = DIRECTION('',(0.,0.,-1.));
#15591 = DIRECTION('',(1.,-0.,-0.));
#15592 = PCURVE('',#15040,#15593);
#15593 = DEFINITIONAL_REPRESENTATION('',(#15594),#15602);
#15594 = ( BOUNDED_CURVE() B_SPLINE_CURVE(2,(#15595,#15596,#15597,#15598
    ,#15599,#15600,#15601),.UNSPECIFIED.,.T.,.F.) 
B_SPLINE_CURVE_WITH_KNOTS((1,2,2,2,2,1),(-2.094395102393,0.,
    2.094395102393,4.188790204786,6.28318530718,8.377580409573),
.UNSPECIFIED.) CURVE() GEOMETRIC_REPRESENTATION_ITEM() 
RATIONAL_B_SPLINE_CURVE((1.,0.5,1.,0.5,1.,0.5,1.)) REPRESENTATION_ITEM(
  '') );
#15595 = CARTESIAN_POINT('',(-9.7,6.));
#15596 = CARTESIAN_POINT('',(-9.7,8.944486372867));
#15597 = CARTESIAN_POINT('',(-7.15,7.472243186434));
#15598 = CARTESIAN_POINT('',(-4.6,6.));
#15599 = CARTESIAN_POINT('',(-7.15,4.527756813566));
#15600 = CARTESIAN_POINT('',(-9.7,3.055513627133));
#15601 = CARTESIAN_POINT('',(-9.7,6.));
#15602 = ( GEOMETRIC_REPRESENTATION_CONTEXT(2) 
PARAMETRIC_REPRESENTATION_CONTEXT() REPRESENTATION_CONTEXT('2D SPACE',''
  ) );
#15603 = PCURVE('',#15366,#15604);
#15604 = DEFINITIONAL_REPRESENTATION('',(#15605),#15609);
#15605 = LINE('',#15606,#15607);
#15606 = CARTESIAN_POINT('',(-0.,0.7));
#15607 = VECTOR('',#15608,1.);
#15608 = DIRECTION('',(-1.,0.));
#15609 = ( GEOMETRIC_REPRESENTATION_CONTEXT(2) 
PARAMETRIC_REPRESENTATION_CONTEXT() REPRESENTATION_CONTEXT('2D SPACE',''
  ) );
#15610 = FACE_BOUND('',#15611,.T.);
#15611 = EDGE_LOOP('',(#15612));
#15612 = ORIENTED_EDGE('',*,*,#15613,.F.);
#15613 = EDGE_CURVE('',#15614,#15614,#15616,.T.);
#15614 = VERTEX_POINT('',#15615);
#15615 = CARTESIAN_POINT('',(13.7,-39.3,158.));
#15616 = SURFACE_CURVE('',#15617,(#15622,#15633),.PCURVE_S1.);
#15617 = CIRCLE('',#15618,1.7);
#15618 = AXIS2_PLACEMENT_3D('',#15619,#15620,#15621);
#15619 = CARTESIAN_POINT('',(12.,-39.3,158.));
#15620 = DIRECTION('',(0.,0.,-1.));
#15621 = DIRECTION('',(1.,-0.,-0.));
#15622 = PCURVE('',#15040,#15623);
#15623 = DEFINITIONAL_REPRESENTATION('',(#15624),#15632);
#15624 = ( BOUNDED_CURVE() B_SPLINE_CURVE(2,(#15625,#15626,#15627,#15628
    ,#15629,#15630,#15631),.UNSPECIFIED.,.T.,.F.) 
B_SPLINE_CURVE_WITH_KNOTS((1,2,2,2,2,1),(-2.094395102393,0.,
    2.094395102393,4.188790204786,6.28318530718,8.377580409573),
.UNSPECIFIED.) CURVE() GEOMETRIC_REPRESENTATION_ITEM() 
RATIONAL_B_SPLINE_CURVE((1.,0.5,1.,0.5,1.,0.5,1.)) REPRESENTATION_ITEM(
  '') );
#15625 = CARTESIAN_POINT('',(-33.7,6.));
#15626 = CARTESIAN_POINT('',(-33.7,8.944486372867));
#15627 = CARTESIAN_POINT('',(-31.15,7.472243186434));
#15628 = CARTESIAN_POINT('',(-28.6,6.));
#15629 = CARTESIAN_POINT('',(-31.15,4.527756813566));
#15630 = CARTESIAN_POINT('',(-33.7,3.055513627133));
#15631 = CARTESIAN_POINT('',(-33.7,6.));
#15632 = ( GEOMETRIC_REPRESENTATION_CONTEXT(2) 
PARAMETRIC_REPRESENTATION_CONTEXT() REPRESENTATION_CONTEXT('2D SPACE',''
  ) );
#15633 = PCURVE('',#15401,#15634);
#15634 = DEFINITIONAL_REPRESENTATION('',(#15635),#15639);
#15635 = LINE('',#15636,#15637);
#15636 = CARTESIAN_POINT('',(-0.,0.7));
#15637 = VECTOR('',#15638,1.);
#15638 = DIRECTION('',(-1.,0.));
#15639 = ( GEOMETRIC_REPRESENTATION_CONTEXT(2) 
PARAMETRIC_REPRESENTATION_CONTEXT() REPRESENTATION_CONTEXT('2D SPACE',''
  ) );
#15640 = ADVANCED_FACE('',(#15641),#15170,.F.);
#15641 = FACE_BOUND('',#15642,.T.);
#15642 = EDGE_LOOP('',(#15643,#15644,#15665,#15666));
#15643 = ORIENTED_EDGE('',*,*,#15210,.F.);
#15644 = ORIENTED_EDGE('',*,*,#15645,.F.);
#15645 = EDGE_CURVE('',#15469,#15211,#15646,.T.);
#15646 = SURFACE_CURVE('',#15647,(#15651,#15658),.PCURVE_S1.);
#15647 = LINE('',#15648,#15649);
#15648 = CARTESIAN_POINT('',(-8.,-30.3,158.));
#15649 = VECTOR('',#15650,1.);
#15650 = DIRECTION('',(0.,0.,1.));
#15651 = PCURVE('',#15170,#15652);
#15652 = DEFINITIONAL_REPRESENTATION('',(#15653),#15657);
#15653 = LINE('',#15654,#15655);
#15654 = CARTESIAN_POINT('',(-0.,0.));
#15655 = VECTOR('',#15656,1.);
#15656 = DIRECTION('',(-1.,0.));
#15657 = ( GEOMETRIC_REPRESENTATION_CONTEXT(2) 
PARAMETRIC_REPRESENTATION_CONTEXT() REPRESENTATION_CONTEXT('2D SPACE',''
  ) );
#15658 = PCURVE('',#15249,#15659);
#15659 = DEFINITIONAL_REPRESENTATION('',(#15660),#15664);
#15660 = LINE('',#15661,#15662);
#15661 = CARTESIAN_POINT('',(-0.,0.));
#15662 = VECTOR('',#15663,1.);
#15663 = DIRECTION('',(-1.,0.));
#15664 = ( GEOMETRIC_REPRESENTATION_CONTEXT(2) 
PARAMETRIC_REPRESENTATION_CONTEXT() REPRESENTATION_CONTEXT('2D SPACE',''
  ) );
#15665 = ORIENTED_EDGE('',*,*,#15468,.T.);
#15666 = ORIENTED_EDGE('',*,*,#15156,.F.);
#15667 = ADVANCED_FACE('',(#15668),#15331,.T.);
#15668 = FACE_BOUND('',#15669,.F.);
#15669 = EDGE_LOOP('',(#15670,#15691,#15692,#15693));
#15670 = ORIENTED_EDGE('',*,*,#15671,.F.);
#15671 = EDGE_CURVE('',#15538,#15290,#15672,.T.);
#15672 = SURFACE_CURVE('',#15673,(#15677,#15684),.PCURVE_S1.);
#15673 = LINE('',#15674,#15675);
#15674 = CARTESIAN_POINT('',(20.,-33.3,158.));
#15675 = VECTOR('',#15676,1.);
#15676 = DIRECTION('',(0.,0.,1.));
#15677 = PCURVE('',#15331,#15678);
#15678 = DEFINITIONAL_REPRESENTATION('',(#15679),#15683);
#15679 = LINE('',#15680,#15681);
#15680 = CARTESIAN_POINT('',(-0.,0.));
#15681 = VECTOR('',#15682,1.);
#15682 = DIRECTION('',(-1.,0.));
#15683 = ( GEOMETRIC_REPRESENTATION_CONTEXT(2) 
PARAMETRIC_REPRESENTATION_CONTEXT() REPRESENTATION_CONTEXT('2D SPACE',''
  ) );
#15684 = PCURVE('',#15305,#15685);
#15685 = DEFINITIONAL_REPRESENTATION('',(#15686),#15690);
#15686 = LINE('',#15687,#15688);
#15687 = CARTESIAN_POINT('',(-0.,40.));
#15688 = VECTOR('',#15689,1.);
#15689 = DIRECTION('',(-1.,0.));
#15690 = ( GEOMETRIC_REPRESENTATION_CONTEXT(2) 
PARAMETRIC_REPRESENTATION_CONTEXT() REPRESENTATION_CONTEXT('2D SPACE',''
  ) );
#15691 = ORIENTED_EDGE('',*,*,#15560,.T.);
#15692 = ORIENTED_EDGE('',*,*,#15441,.T.);
#15693 = ORIENTED_EDGE('',*,*,#15317,.F.);
#15694 = ADVANCED_FACE('',(#15695),#15305,.F.);
#15695 = FACE_BOUND('',#15696,.T.);
#15696 = EDGE_LOOP('',(#15697,#15698,#15719,#15720));
#15697 = ORIENTED_EDGE('',*,*,#15537,.F.);
#15698 = ORIENTED_EDGE('',*,*,#15699,.F.);
#15699 = EDGE_CURVE('',#15262,#15515,#15700,.T.);
#15700 = SURFACE_CURVE('',#15701,(#15705,#15712),.PCURVE_S1.);
#15701 = LINE('',#15702,#15703);
#15702 = CARTESIAN_POINT('',(8.,-33.3,158.));
#15703 = VECTOR('',#15704,1.);
#15704 = DIRECTION('',(-0.,-0.,-1.));
#15705 = PCURVE('',#15305,#15706);
#15706 = DEFINITIONAL_REPRESENTATION('',(#15707),#15711);
#15707 = LINE('',#15708,#15709);
#15708 = CARTESIAN_POINT('',(-0.,28.));
#15709 = VECTOR('',#15710,1.);
#15710 = DIRECTION('',(1.,-0.));
#15711 = ( GEOMETRIC_REPRESENTATION_CONTEXT(2) 
PARAMETRIC_REPRESENTATION_CONTEXT() REPRESENTATION_CONTEXT('2D SPACE',''
  ) );
#15712 = PCURVE('',#15277,#15713);
#15713 = DEFINITIONAL_REPRESENTATION('',(#15714),#15718);
#15714 = LINE('',#15715,#15716);
#15715 = CARTESIAN_POINT('',(-0.,-3.));
#15716 = VECTOR('',#15717,1.);
#15717 = DIRECTION('',(1.,-0.));
#15718 = ( GEOMETRIC_REPRESENTATION_CONTEXT(2) 
PARAMETRIC_REPRESENTATION_CONTEXT() REPRESENTATION_CONTEXT('2D SPACE',''
  ) );
#15719 = ORIENTED_EDGE('',*,*,#15289,.T.);
#15720 = ORIENTED_EDGE('',*,*,#15671,.F.);
#15721 = ADVANCED_FACE('',(#15722),#15366,.F.);
#15722 = FACE_BOUND('',#15723,.T.);
#15723 = EDGE_LOOP('',(#15724,#15725,#15746,#15747));
#15724 = ORIENTED_EDGE('',*,*,#15345,.F.);
#15725 = ORIENTED_EDGE('',*,*,#15726,.F.);
#15726 = EDGE_CURVE('',#15584,#15346,#15727,.T.);
#15727 = SEAM_CURVE('',#15728,(#15732,#15739),.PCURVE_S1.);
#15728 = LINE('',#15729,#15730);
#15729 = CARTESIAN_POINT('',(-10.3,-39.3,157.3));
#15730 = VECTOR('',#15731,1.);
#15731 = DIRECTION('',(-0.,-0.,1.));
#15732 = PCURVE('',#15366,#15733);
#15733 = DEFINITIONAL_REPRESENTATION('',(#15734),#15738);
#15734 = LINE('',#15735,#15736);
#15735 = CARTESIAN_POINT('',(-6.28318530718,-0.));
#15736 = VECTOR('',#15737,1.);
#15737 = DIRECTION('',(-0.,1.));
#15738 = ( GEOMETRIC_REPRESENTATION_CONTEXT(2) 
PARAMETRIC_REPRESENTATION_CONTEXT() REPRESENTATION_CONTEXT('2D SPACE',''
  ) );
#15739 = PCURVE('',#15366,#15740);
#15740 = DEFINITIONAL_REPRESENTATION('',(#15741),#15745);
#15741 = LINE('',#15742,#15743);
#15742 = CARTESIAN_POINT('',(-0.,-0.));
#15743 = VECTOR('',#15744,1.);
#15744 = DIRECTION('',(-0.,1.));
#15745 = ( GEOMETRIC_REPRESENTATION_CONTEXT(2) 
PARAMETRIC_REPRESENTATION_CONTEXT() REPRESENTATION_CONTEXT('2D SPACE',''
  ) );
#15746 = ORIENTED_EDGE('',*,*,#15583,.T.);
#15747 = ORIENTED_EDGE('',*,*,#15726,.T.);
#15748 = ADVANCED_FACE('',(#15749),#15401,.F.);
#15749 = FACE_BOUND('',#15750,.T.);
#15750 = EDGE_LOOP('',(#15751,#15752,#15773,#15774));
#15751 = ORIENTED_EDGE('',*,*,#15380,.F.);
#15752 = ORIENTED_EDGE('',*,*,#15753,.F.);
#15753 = EDGE_CURVE('',#15614,#15381,#15754,.T.);
#15754 = SEAM_CURVE('',#15755,(#15759,#15766),.PCURVE_S1.);
#15755 = LINE('',#15756,#15757);
#15756 = CARTESIAN_POINT('',(13.7,-39.3,157.3));
#15757 = VECTOR('',#15758,1.);
#15758 = DIRECTION('',(-0.,-0.,1.));
#15759 = PCURVE('',#15401,#15760);
#15760 = DEFINITIONAL_REPRESENTATION('',(#15761),#15765);
#15761 = LINE('',#15762,#15763);
#15762 = CARTESIAN_POINT('',(-6.28318530718,-0.));
#15763 = VECTOR('',#15764,1.);
#15764 = DIRECTION('',(-0.,1.));
#15765 = ( GEOMETRIC_REPRESENTATION_CONTEXT(2) 
PARAMETRIC_REPRESENTATION_CONTEXT() REPRESENTATION_CONTEXT('2D SPACE',''
  ) );
#15766 = PCURVE('',#15401,#15767);
#15767 = DEFINITIONAL_REPRESENTATION('',(#15768),#15772);
#15768 = LINE('',#15769,#15770);
#15769 = CARTESIAN_POINT('',(-0.,-0.));
#15770 = VECTOR('',#15771,1.);
#15771 = DIRECTION('',(-0.,1.));
#15772 = ( GEOMETRIC_REPRESENTATION_CONTEXT(2) 
PARAMETRIC_REPRESENTATION_CONTEXT() REPRESENTATION_CONTEXT('2D SPACE',''
  ) );
#15773 = ORIENTED_EDGE('',*,*,#15613,.T.);
#15774 = ORIENTED_EDGE('',*,*,#15753,.T.);
#15775 = ADVANCED_FACE('',(#15776),#15249,.F.);
#15776 = FACE_BOUND('',#15777,.T.);
#15777 = EDGE_LOOP('',(#15778,#15779,#15780,#15781));
#15778 = ORIENTED_EDGE('',*,*,#15491,.F.);
#15779 = ORIENTED_EDGE('',*,*,#15645,.T.);
#15780 = ORIENTED_EDGE('',*,*,#15233,.T.);
#15781 = ORIENTED_EDGE('',*,*,#15782,.F.);
#15782 = EDGE_CURVE('',#15492,#15234,#15783,.T.);
#15783 = SURFACE_CURVE('',#15784,(#15788,#15795),.PCURVE_S1.);
#15784 = LINE('',#15785,#15786);
#15785 = CARTESIAN_POINT('',(8.,-30.3,158.));
#15786 = VECTOR('',#15787,1.);
#15787 = DIRECTION('',(0.,0.,1.));
#15788 = PCURVE('',#15249,#15789);
#15789 = DEFINITIONAL_REPRESENTATION('',(#15790),#15794);
#15790 = LINE('',#15791,#15792);
#15791 = CARTESIAN_POINT('',(-0.,16.));
#15792 = VECTOR('',#15793,1.);
#15793 = DIRECTION('',(-1.,0.));
#15794 = ( GEOMETRIC_REPRESENTATION_CONTEXT(2) 
PARAMETRIC_REPRESENTATION_CONTEXT() REPRESENTATION_CONTEXT('2D SPACE',''
  ) );
#15795 = PCURVE('',#15277,#15796);
#15796 = DEFINITIONAL_REPRESENTATION('',(#15797),#15801);
#15797 = LINE('',#15798,#15799);
#15798 = CARTESIAN_POINT('',(-0.,0.));
#15799 = VECTOR('',#15800,1.);
#15800 = DIRECTION('',(-1.,0.));
#15801 = ( GEOMETRIC_REPRESENTATION_CONTEXT(2) 
PARAMETRIC_REPRESENTATION_CONTEXT() REPRESENTATION_CONTEXT('2D SPACE',''
  ) );
#15802 = ADVANCED_FACE('',(#15803),#15277,.T.);
#15803 = FACE_BOUND('',#15804,.F.);
#15804 = EDGE_LOOP('',(#15805,#15806,#15807,#15808));
#15805 = ORIENTED_EDGE('',*,*,#15261,.F.);
#15806 = ORIENTED_EDGE('',*,*,#15782,.F.);
#15807 = ORIENTED_EDGE('',*,*,#15514,.T.);
#15808 = ORIENTED_EDGE('',*,*,#15699,.F.);
#15809 = ( GEOMETRIC_REPRESENTATION_CONTEXT(3) 
GLOBAL_UNCERTAINTY_ASSIGNED_CONTEXT((#15813)) 
GLOBAL_UNIT_ASSIGNED_CONTEXT((#15810,#15811,#15812)) 
REPRESENTATION_CONTEXT('Context #1',
  '3D Context with UNIT and UNCERTAINTY') );
#15810 = ( LENGTH_UNIT() NAMED_UNIT(*) SI_UNIT(.MILLI.,.METRE.) );
#15811 = ( NAMED_UNIT(*) PLANE_ANGLE_UNIT() SI_UNIT($,.RADIAN.) );
#15812 = ( NAMED_UNIT(*) SI_UNIT($,.STERADIAN.) SOLID_ANGLE_UNIT() );
#15813 = UNCERTAINTY_MEASURE_WITH_UNIT(LENGTH_MEASURE(1.E-07),#15810,
  'distance_accuracy_value','confusion accuracy');
#15814 = CONTEXT_DEPENDENT_SHAPE_REPRESENTATION(#15815,#15817);
#15815 = ( REPRESENTATION_RELATIONSHIP('','',#14982,#10) 
REPRESENTATION_RELATIONSHIP_WITH_TRANSFORMATION(#15816) 
SHAPE_REPRESENTATION_RELATIONSHIP() );
#15816 = ITEM_DEFINED_TRANSFORMATION('','',#11,#39);
#15817 = PRODUCT_DEFINITION_SHAPE('Placement','Placement of an item',
  #15818);
#15818 = NEXT_ASSEMBLY_USAGE_OCCURRENCE('7','cap_right','',#5,#14977,$);
#15819 = PRODUCT_RELATED_PRODUCT_CATEGORY('part',$,(#14979));
#15820 = MECHANICAL_DESIGN_GEOMETRIC_PRESENTATION_REPRESENTATION('',(
    #15821),#8601);
#15821 = STYLED_ITEM('color',(#15822),#5665);
#15822 = PRESENTATION_STYLE_ASSIGNMENT((#15823));
#15823 = SURFACE_STYLE_USAGE(.BOTH.,#15824);
#15824 = SURFACE_SIDE_STYLE('',(#15825));
#15825 = SURFACE_STYLE_FILL_AREA(#15826);
#15826 = FILL_AREA_STYLE('',(#15827));
#15827 = FILL_AREA_STYLE_COLOUR('',#15828);
#15828 = COLOUR_RGB('',0.149999997808,0.530000000233,0.690000002877);
#15829 = MECHANICAL_DESIGN_GEOMETRIC_PRESENTATION_REPRESENTATION('',(
    #15830),#5646);
#15830 = STYLED_ITEM('color',(#15831),#2990);
#15831 = PRESENTATION_STYLE_ASSIGNMENT((#15832));
#15832 = SURFACE_STYLE_USAGE(.BOTH.,#15833);
#15833 = SURFACE_SIDE_STYLE('',(#15834));
#15834 = SURFACE_STYLE_FILL_AREA(#15835);
#15835 = FILL_AREA_STYLE('',(#15836));
#15836 = FILL_AREA_STYLE_COLOUR('',#15837);
#15837 = COLOUR_RGB('',0.149999997808,0.420000006308,0.630000008194);
#15838 = MECHANICAL_DESIGN_GEOMETRIC_PRESENTATION_REPRESENTATION('',(
    #15839),#15809);
#15839 = STYLED_ITEM('color',(#15840),#14983);
#15840 = PRESENTATION_STYLE_ASSIGNMENT((#15841));
#15841 = SURFACE_STYLE_USAGE(.BOTH.,#15842);
#15842 = SURFACE_SIDE_STYLE('',(#15843));
#15843 = SURFACE_STYLE_FILL_AREA(#15844);
#15844 = FILL_AREA_STYLE('',(#15845));
#15845 = FILL_AREA_STYLE_COLOUR('',#15846);
#15846 = COLOUR_RGB('',0.920000012397,0.530000000233,0.139999997847);
#15847 = MECHANICAL_DESIGN_GEOMETRIC_PRESENTATION_REPRESENTATION('',(
    #15848),#12179);
#15848 = STYLED_ITEM('color',(#15849),#11373);
#15849 = PRESENTATION_STYLE_ASSIGNMENT((#15850));
#15850 = SURFACE_STYLE_USAGE(.BOTH.,#15851);
#15851 = SURFACE_SIDE_STYLE('',(#15852));
#15852 = SURFACE_STYLE_FILL_AREA(#15853);
#15853 = FILL_AREA_STYLE('',(#15854));
#15854 = FILL_AREA_STYLE_COLOUR('',#15846);
#15855 = MECHANICAL_DESIGN_GEOMETRIC_PRESENTATION_REPRESENTATION('',(
    #15856),#2971);
#15856 = STYLED_ITEM('color',(#15857),#57);
#15857 = PRESENTATION_STYLE_ASSIGNMENT((#15858));
#15858 = SURFACE_STYLE_USAGE(.BOTH.,#15859);
#15859 = SURFACE_SIDE_STYLE('',(#15860));
#15860 = SURFACE_STYLE_FILL_AREA(#15861);
#15861 = FILL_AREA_STYLE('',(#15862));
#15862 = FILL_AREA_STYLE_COLOUR('',#15863);
#15863 = COLOUR_RGB('',0.190000001765,0.230000002338,0.290000003841);
#15864 = MECHANICAL_DESIGN_GEOMETRIC_PRESENTATION_REPRESENTATION('',(
    #15865),#14964);
#15865 = STYLED_ITEM('color',(#15866),#12198);
#15866 = PRESENTATION_STYLE_ASSIGNMENT((#15867));
#15867 = SURFACE_STYLE_USAGE(.BOTH.,#15868);
#15868 = SURFACE_SIDE_STYLE('',(#15869));
#15869 = SURFACE_STYLE_FILL_AREA(#15870);
#15870 = FILL_AREA_STYLE('',(#15871));
#15871 = FILL_AREA_STYLE_COLOUR('',#15846);
#15872 = MECHANICAL_DESIGN_GEOMETRIC_PRESENTATION_REPRESENTATION('',(
    #15873),#11354);
#15873 = STYLED_ITEM('color',(#15874),#8620);
#15874 = PRESENTATION_STYLE_ASSIGNMENT((#15875));
#15875 = SURFACE_STYLE_USAGE(.BOTH.,#15876);
#15876 = SURFACE_SIDE_STYLE('',(#15877));
#15877 = SURFACE_STYLE_FILL_AREA(#15878);
#15878 = FILL_AREA_STYLE('',(#15879));
#15879 = FILL_AREA_STYLE_COLOUR('',#15846);
ENDSEC;
END-ISO-10303-21;
