ISO-10303-21;
HEADER;
FILE_DESCRIPTION(('Open CASCADE Model'),'2;1');
FILE_NAME('Open CASCADE Shape Model','2026-09-29T12:43:18',('Author'),(
    'Open CASCADE'),'Open CASCADE STEP processor 7.9','Open CASCADE 7.9'
  ,'Unknown');
FILE_SCHEMA(('AUTOMOTIVE_DESIGN { 1 0 10303 214 1 1 1 1 }'));
ENDSEC;
DATA;
#1 = APPLICATION_PROTOCOL_DEFINITION('international standard',
  'automotive_design',2000,#2);
#2 = APPLICATION_CONTEXT(
  'core data for automotive mechanical design processes');
#3 = SHAPE_DEFINITION_REPRESENTATION(#4,#10);
#4 = PRODUCT_DEFINITION_SHAPE('','',#5);
#5 = PRODUCT_DEFINITION('design','',#6,#9);
#6 = PRODUCT_DEFINITION_FORMATION('','',#7);
#7 = PRODUCT('Open CASCADE STEP translator 7.9 6',
  'Open CASCADE STEP translator 7.9 6','',(#8));
#8 = PRODUCT_CONTEXT('',#2,'mechanical');
#9 = PRODUCT_DEFINITION_CONTEXT('part definition',#2,'design');
#10 = ADVANCED_BREP_SHAPE_REPRESENTATION('',(#11,#15),#2781);
#11 = AXIS2_PLACEMENT_3D('',#12,#13,#14);
#12 = CARTESIAN_POINT('',(0.,0.,0.));
#13 = DIRECTION('',(0.,0.,1.));
#14 = DIRECTION('',(1.,0.,-0.));
#15 = MANIFOLD_SOLID_BREP('',#16);
#16 = CLOSED_SHELL('',(#17,#193,#609,#685,#837,#891,#918,#945,#972,#999,
    #1006,#1082,#1234,#1288,#1315,#1342,#1369,#1396,#1403,#1520,#1547,
    #1644,#1703,#1877,#1948,#1997,#2046,#2095,#2144,#2171,#2230,#2404,
    #2475,#2524,#2573,#2622,#2671,#2698,#2725,#2774));
#17 = ADVANCED_FACE('',(#18),#32,.F.);
#18 = FACE_BOUND('',#19,.T.);
#19 = EDGE_LOOP('',(#20,#55,#83,#111,#139,#167));
#20 = ORIENTED_EDGE('',*,*,#21,.F.);
#21 = EDGE_CURVE('',#22,#24,#26,.T.);
#22 = VERTEX_POINT('',#23);
#23 = CARTESIAN_POINT('',(-20.,-11.3,150.));
#24 = VERTEX_POINT('',#25);
#25 = CARTESIAN_POINT('',(-20.,-11.3,156.));
#26 = SURFACE_CURVE('',#27,(#31,#43),.PCURVE_S1.);
#27 = LINE('',#28,#29);
#28 = CARTESIAN_POINT('',(-20.,-11.3,150.));
#29 = VECTOR('',#30,1.);
#30 = DIRECTION('',(0.,0.,1.));
#31 = PCURVE('',#32,#37);
#32 = PLANE('',#33);
#33 = AXIS2_PLACEMENT_3D('',#34,#35,#36);
#34 = CARTESIAN_POINT('',(-20.,-11.3,150.));
#35 = DIRECTION('',(1.,0.,-0.));
#36 = DIRECTION('',(-0.,-0.,-1.));
#37 = DEFINITIONAL_REPRESENTATION('',(#38),#42);
#38 = LINE('',#39,#40);
#39 = CARTESIAN_POINT('',(-0.,0.));
#40 = VECTOR('',#41,1.);
#41 = DIRECTION('',(-1.,0.));
#42 = ( GEOMETRIC_REPRESENTATION_CONTEXT(2) 
PARAMETRIC_REPRESENTATION_CONTEXT() REPRESENTATION_CONTEXT('2D SPACE',''
  ) );
#43 = PCURVE('',#44,#49);
#44 = PLANE('',#45);
#45 = AXIS2_PLACEMENT_3D('',#46,#47,#48);
#46 = CARTESIAN_POINT('',(-20.,-11.3,150.));
#47 = DIRECTION('',(0.,-1.,0.));
#48 = DIRECTION('',(0.,0.,-1.));
#49 = DEFINITIONAL_REPRESENTATION('',(#50),#54);
#50 = LINE('',#51,#52);
#51 = CARTESIAN_POINT('',(-0.,0.));
#52 = VECTOR('',#53,1.);
#53 = DIRECTION('',(-1.,0.));
#54 = ( GEOMETRIC_REPRESENTATION_CONTEXT(2) 
PARAMETRIC_REPRESENTATION_CONTEXT() REPRESENTATION_CONTEXT('2D SPACE',''
  ) );
#55 = ORIENTED_EDGE('',*,*,#56,.T.);
#56 = EDGE_CURVE('',#22,#57,#59,.T.);
#57 = VERTEX_POINT('',#58);
#58 = CARTESIAN_POINT('',(-20.,-45.3,150.));
#59 = SURFACE_CURVE('',#60,(#64,#71),.PCURVE_S1.);
#60 = LINE('',#61,#62);
#61 = CARTESIAN_POINT('',(-20.,-11.3,150.));
#62 = VECTOR('',#63,1.);
#63 = DIRECTION('',(0.,-1.,0.));
#64 = PCURVE('',#32,#65);
#65 = DEFINITIONAL_REPRESENTATION('',(#66),#70);
#66 = LINE('',#67,#68);
#67 = CARTESIAN_POINT('',(-0.,0.));
#68 = VECTOR('',#69,1.);
#69 = DIRECTION('',(-0.,-1.));
#70 = ( GEOMETRIC_REPRESENTATION_CONTEXT(2) 
PARAMETRIC_REPRESENTATION_CONTEXT() REPRESENTATION_CONTEXT('2D SPACE',''
  ) );
#71 = PCURVE('',#72,#77);
#72 = PLANE('',#73);
#73 = AXIS2_PLACEMENT_3D('',#74,#75,#76);
#74 = CARTESIAN_POINT('',(-20.,-11.3,150.));
#75 = DIRECTION('',(0.,0.,1.));
#76 = DIRECTION('',(-1.,0.,0.));
#77 = DEFINITIONAL_REPRESENTATION('',(#78),#82);
#78 = LINE('',#79,#80);
#79 = CARTESIAN_POINT('',(-0.,-0.));
#80 = VECTOR('',#81,1.);
#81 = DIRECTION('',(-0.,1.));
#82 = ( GEOMETRIC_REPRESENTATION_CONTEXT(2) 
PARAMETRIC_REPRESENTATION_CONTEXT() REPRESENTATION_CONTEXT('2D SPACE',''
  ) );
#83 = ORIENTED_EDGE('',*,*,#84,.T.);
#84 = EDGE_CURVE('',#57,#85,#87,.T.);
#85 = VERTEX_POINT('',#86);
#86 = CARTESIAN_POINT('',(-20.,-45.3,157.7));
#87 = SURFACE_CURVE('',#88,(#92,#99),.PCURVE_S1.);
#88 = LINE('',#89,#90);
#89 = CARTESIAN_POINT('',(-20.,-45.3,150.));
#90 = VECTOR('',#91,1.);
#91 = DIRECTION('',(0.,0.,1.));
#92 = PCURVE('',#32,#93);
#93 = DEFINITIONAL_REPRESENTATION('',(#94),#98);
#94 = LINE('',#95,#96);
#95 = CARTESIAN_POINT('',(-0.,-34.));
#96 = VECTOR('',#97,1.);
#97 = DIRECTION('',(-1.,0.));
#98 = ( GEOMETRIC_REPRESENTATION_CONTEXT(2) 
PARAMETRIC_REPRESENTATION_CONTEXT() REPRESENTATION_CONTEXT('2D SPACE',''
  ) );
#99 = PCURVE('',#100,#105);
#100 = PLANE('',#101);
#101 = AXIS2_PLACEMENT_3D('',#102,#103,#104);
#102 = CARTESIAN_POINT('',(-20.,-45.3,150.));
#103 = DIRECTION('',(0.,-1.,0.));
#104 = DIRECTION('',(-0.,-0.,-1.));
#105 = DEFINITIONAL_REPRESENTATION('',(#106),#110);
#106 = LINE('',#107,#108);
#107 = CARTESIAN_POINT('',(-0.,0.));
#108 = VECTOR('',#109,1.);
#109 = DIRECTION('',(-1.,0.));
#110 = ( GEOMETRIC_REPRESENTATION_CONTEXT(2) 
PARAMETRIC_REPRESENTATION_CONTEXT() REPRESENTATION_CONTEXT('2D SPACE',''
  ) );
#111 = ORIENTED_EDGE('',*,*,#112,.F.);
#112 = EDGE_CURVE('',#113,#85,#115,.T.);
#113 = VERTEX_POINT('',#114);
#114 = CARTESIAN_POINT('',(-20.,-33.3,157.7));
#115 = SURFACE_CURVE('',#116,(#120,#127),.PCURVE_S1.);
#116 = LINE('',#117,#118);
#117 = CARTESIAN_POINT('',(-20.,-33.3,157.7));
#118 = VECTOR('',#119,1.);
#119 = DIRECTION('',(0.,-1.,0.));
#120 = PCURVE('',#32,#121);
#121 = DEFINITIONAL_REPRESENTATION('',(#122),#126);
#122 = LINE('',#123,#124);
#123 = CARTESIAN_POINT('',(-7.7,-22.));
#124 = VECTOR('',#125,1.);
#125 = DIRECTION('',(-0.,-1.));
#126 = ( GEOMETRIC_REPRESENTATION_CONTEXT(2) 
PARAMETRIC_REPRESENTATION_CONTEXT() REPRESENTATION_CONTEXT('2D SPACE',''
  ) );
#127 = PCURVE('',#128,#133);
#128 = PLANE('',#129);
#129 = AXIS2_PLACEMENT_3D('',#130,#131,#132);
#130 = CARTESIAN_POINT('',(-20.,-33.3,157.7));
#131 = DIRECTION('',(0.,0.,1.));
#132 = DIRECTION('',(-1.,0.,0.));
#133 = DEFINITIONAL_REPRESENTATION('',(#134),#138);
#134 = LINE('',#135,#136);
#135 = CARTESIAN_POINT('',(-0.,-0.));
#136 = VECTOR('',#137,1.);
#137 = DIRECTION('',(-0.,1.));
#138 = ( GEOMETRIC_REPRESENTATION_CONTEXT(2) 
PARAMETRIC_REPRESENTATION_CONTEXT() REPRESENTATION_CONTEXT('2D SPACE',''
  ) );
#139 = ORIENTED_EDGE('',*,*,#140,.F.);
#140 = EDGE_CURVE('',#141,#113,#143,.T.);
#141 = VERTEX_POINT('',#142);
#142 = CARTESIAN_POINT('',(-20.,-33.3,156.));
#143 = SURFACE_CURVE('',#144,(#148,#155),.PCURVE_S1.);
#144 = LINE('',#145,#146);
#145 = CARTESIAN_POINT('',(-20.,-33.3,156.));
#146 = VECTOR('',#147,1.);
#147 = DIRECTION('',(0.,0.,1.));
#148 = PCURVE('',#32,#149);
#149 = DEFINITIONAL_REPRESENTATION('',(#150),#154);
#150 = LINE('',#151,#152);
#151 = CARTESIAN_POINT('',(-6.,-22.));
#152 = VECTOR('',#153,1.);
#153 = DIRECTION('',(-1.,0.));
#154 = ( GEOMETRIC_REPRESENTATION_CONTEXT(2) 
PARAMETRIC_REPRESENTATION_CONTEXT() REPRESENTATION_CONTEXT('2D SPACE',''
  ) );
#155 = PCURVE('',#156,#161);
#156 = PLANE('',#157);
#157 = AXIS2_PLACEMENT_3D('',#158,#159,#160);
#158 = CARTESIAN_POINT('',(-20.,-33.3,156.));
#159 = DIRECTION('',(0.,-1.,0.));
#160 = DIRECTION('',(0.,0.,-1.));
#161 = DEFINITIONAL_REPRESENTATION('',(#162),#166);
#162 = LINE('',#163,#164);
#163 = CARTESIAN_POINT('',(-0.,0.));
#164 = VECTOR('',#165,1.);
#165 = DIRECTION('',(-1.,0.));
#166 = ( GEOMETRIC_REPRESENTATION_CONTEXT(2) 
PARAMETRIC_REPRESENTATION_CONTEXT() REPRESENTATION_CONTEXT('2D SPACE',''
  ) );
#167 = ORIENTED_EDGE('',*,*,#168,.F.);
#168 = EDGE_CURVE('',#24,#141,#169,.T.);
#169 = SURFACE_CURVE('',#170,(#174,#181),.PCURVE_S1.);
#170 = LINE('',#171,#172);
#171 = CARTESIAN_POINT('',(-20.,-11.3,156.));
#172 = VECTOR('',#173,1.);
#173 = DIRECTION('',(0.,-1.,0.));
#174 = PCURVE('',#32,#175);
#175 = DEFINITIONAL_REPRESENTATION('',(#176),#180);
#176 = LINE('',#177,#178);
#177 = CARTESIAN_POINT('',(-6.,0.));
#178 = VECTOR('',#179,1.);
#179 = DIRECTION('',(-0.,-1.));
#180 = ( GEOMETRIC_REPRESENTATION_CONTEXT(2) 
PARAMETRIC_REPRESENTATION_CONTEXT() REPRESENTATION_CONTEXT('2D SPACE',''
  ) );
#181 = PCURVE('',#182,#187);
#182 = PLANE('',#183);
#183 = AXIS2_PLACEMENT_3D('',#184,#185,#186);
#184 = CARTESIAN_POINT('',(-20.,-11.3,156.));
#185 = DIRECTION('',(0.,0.,1.));
#186 = DIRECTION('',(-1.,0.,0.));
#187 = DEFINITIONAL_REPRESENTATION('',(#188),#192);
#188 = LINE('',#189,#190);
#189 = CARTESIAN_POINT('',(-0.,-0.));
#190 = VECTOR('',#191,1.);
#191 = DIRECTION('',(-0.,1.));
#192 = ( GEOMETRIC_REPRESENTATION_CONTEXT(2) 
PARAMETRIC_REPRESENTATION_CONTEXT() REPRESENTATION_CONTEXT('2D SPACE',''
  ) );
#193 = ADVANCED_FACE('',(#194,#269,#439),#182,.T.);
#194 = FACE_BOUND('',#195,.F.);
#195 = EDGE_LOOP('',(#196,#197,#220,#248));
#196 = ORIENTED_EDGE('',*,*,#168,.F.);
#197 = ORIENTED_EDGE('',*,*,#198,.T.);
#198 = EDGE_CURVE('',#24,#199,#201,.T.);
#199 = VERTEX_POINT('',#200);
#200 = CARTESIAN_POINT('',(20.,-11.3,156.));
#201 = SURFACE_CURVE('',#202,(#206,#213),.PCURVE_S1.);
#202 = LINE('',#203,#204);
#203 = CARTESIAN_POINT('',(-20.,-11.3,156.));
#204 = VECTOR('',#205,1.);
#205 = DIRECTION('',(1.,0.,-0.));
#206 = PCURVE('',#182,#207);
#207 = DEFINITIONAL_REPRESENTATION('',(#208),#212);
#208 = LINE('',#209,#210);
#209 = CARTESIAN_POINT('',(-0.,-0.));
#210 = VECTOR('',#211,1.);
#211 = DIRECTION('',(-1.,0.));
#212 = ( GEOMETRIC_REPRESENTATION_CONTEXT(2) 
PARAMETRIC_REPRESENTATION_CONTEXT() REPRESENTATION_CONTEXT('2D SPACE',''
  ) );
#213 = PCURVE('',#44,#214);
#214 = DEFINITIONAL_REPRESENTATION('',(#215),#219);
#215 = LINE('',#216,#217);
#216 = CARTESIAN_POINT('',(-6.,0.));
#217 = VECTOR('',#218,1.);
#218 = DIRECTION('',(-0.,1.));
#219 = ( GEOMETRIC_REPRESENTATION_CONTEXT(2) 
PARAMETRIC_REPRESENTATION_CONTEXT() REPRESENTATION_CONTEXT('2D SPACE',''
  ) );
#220 = ORIENTED_EDGE('',*,*,#221,.T.);
#221 = EDGE_CURVE('',#199,#222,#224,.T.);
#222 = VERTEX_POINT('',#223);
#223 = CARTESIAN_POINT('',(20.,-33.3,156.));
#224 = SURFACE_CURVE('',#225,(#229,#236),.PCURVE_S1.);
#225 = LINE('',#226,#227);
#226 = CARTESIAN_POINT('',(20.,-11.3,156.));
#227 = VECTOR('',#228,1.);
#228 = DIRECTION('',(0.,-1.,0.));
#229 = PCURVE('',#182,#230);
#230 = DEFINITIONAL_REPRESENTATION('',(#231),#235);
#231 = LINE('',#232,#233);
#232 = CARTESIAN_POINT('',(-40.,-0.));
#233 = VECTOR('',#234,1.);
#234 = DIRECTION('',(-0.,1.));
#235 = ( GEOMETRIC_REPRESENTATION_CONTEXT(2) 
PARAMETRIC_REPRESENTATION_CONTEXT() REPRESENTATION_CONTEXT('2D SPACE',''
  ) );
#236 = PCURVE('',#237,#242);
#237 = PLANE('',#238);
#238 = AXIS2_PLACEMENT_3D('',#239,#240,#241);
#239 = CARTESIAN_POINT('',(20.,-11.3,150.));
#240 = DIRECTION('',(1.,0.,-0.));
#241 = DIRECTION('',(-0.,-0.,-1.));
#242 = DEFINITIONAL_REPRESENTATION('',(#243),#247);
#243 = LINE('',#244,#245);
#244 = CARTESIAN_POINT('',(-6.,0.));
#245 = VECTOR('',#246,1.);
#246 = DIRECTION('',(-0.,-1.));
#247 = ( GEOMETRIC_REPRESENTATION_CONTEXT(2) 
PARAMETRIC_REPRESENTATION_CONTEXT() REPRESENTATION_CONTEXT('2D SPACE',''
  ) );
#248 = ORIENTED_EDGE('',*,*,#249,.F.);
#249 = EDGE_CURVE('',#141,#222,#250,.T.);
#250 = SURFACE_CURVE('',#251,(#255,#262),.PCURVE_S1.);
#251 = LINE('',#252,#253);
#252 = CARTESIAN_POINT('',(-20.,-33.3,156.));
#253 = VECTOR('',#254,1.);
#254 = DIRECTION('',(1.,0.,-0.));
#255 = PCURVE('',#182,#256);
#256 = DEFINITIONAL_REPRESENTATION('',(#257),#261);
#257 = LINE('',#258,#259);
#258 = CARTESIAN_POINT('',(-0.,22.));
#259 = VECTOR('',#260,1.);
#260 = DIRECTION('',(-1.,-0.));
#261 = ( GEOMETRIC_REPRESENTATION_CONTEXT(2) 
PARAMETRIC_REPRESENTATION_CONTEXT() REPRESENTATION_CONTEXT('2D SPACE',''
  ) );
#262 = PCURVE('',#156,#263);
#263 = DEFINITIONAL_REPRESENTATION('',(#264),#268);
#264 = LINE('',#265,#266);
#265 = CARTESIAN_POINT('',(-0.,0.));
#266 = VECTOR('',#267,1.);
#267 = DIRECTION('',(-0.,1.));
#268 = ( GEOMETRIC_REPRESENTATION_CONTEXT(2) 
PARAMETRIC_REPRESENTATION_CONTEXT() REPRESENTATION_CONTEXT('2D SPACE',''
  ) );
#269 = FACE_BOUND('',#270,.F.);
#270 = EDGE_LOOP('',(#271,#301,#329,#357,#385,#413));
#271 = ORIENTED_EDGE('',*,*,#272,.F.);
#272 = EDGE_CURVE('',#273,#275,#277,.T.);
#273 = VERTEX_POINT('',#274);
#274 = CARTESIAN_POINT('',(-8.709103465619,-23.3,156.));
#275 = VERTEX_POINT('',#276);
#276 = CARTESIAN_POINT('',(-10.35455173281,-26.15,156.));
#277 = SURFACE_CURVE('',#278,(#282,#289),.PCURVE_S1.);
#278 = LINE('',#279,#280);
#279 = CARTESIAN_POINT('',(-8.709103465619,-23.3,156.));
#280 = VECTOR('',#281,1.);
#281 = DIRECTION('',(-0.5,-0.866025403784,-0.));
#282 = PCURVE('',#182,#283);
#283 = DEFINITIONAL_REPRESENTATION('',(#284),#288);
#284 = LINE('',#285,#286);
#285 = CARTESIAN_POINT('',(-11.29089653438,12.));
#286 = VECTOR('',#287,1.);
#287 = DIRECTION('',(0.5,0.866025403784));
#288 = ( GEOMETRIC_REPRESENTATION_CONTEXT(2) 
PARAMETRIC_REPRESENTATION_CONTEXT() REPRESENTATION_CONTEXT('2D SPACE',''
  ) );
#289 = PCURVE('',#290,#295);
#290 = PLANE('',#291);
#291 = AXIS2_PLACEMENT_3D('',#292,#293,#294);
#292 = CARTESIAN_POINT('',(-8.709103465619,-23.3,153.4));
#293 = DIRECTION('',(-0.866025403784,0.5,0.));
#294 = DIRECTION('',(0.5,0.866025403784,0.));
#295 = DEFINITIONAL_REPRESENTATION('',(#296),#300);
#296 = LINE('',#297,#298);
#297 = CARTESIAN_POINT('',(-0.,-2.6));
#298 = VECTOR('',#299,1.);
#299 = DIRECTION('',(-1.,0.));
#300 = ( GEOMETRIC_REPRESENTATION_CONTEXT(2) 
PARAMETRIC_REPRESENTATION_CONTEXT() REPRESENTATION_CONTEXT('2D SPACE',''
  ) );
#301 = ORIENTED_EDGE('',*,*,#302,.F.);
#302 = EDGE_CURVE('',#303,#273,#305,.T.);
#303 = VERTEX_POINT('',#304);
#304 = CARTESIAN_POINT('',(-10.35455173281,-20.45,156.));
#305 = SURFACE_CURVE('',#306,(#310,#317),.PCURVE_S1.);
#306 = LINE('',#307,#308);
#307 = CARTESIAN_POINT('',(-10.35455173281,-20.45,156.));
#308 = VECTOR('',#309,1.);
#309 = DIRECTION('',(0.5,-0.866025403784,-0.));
#310 = PCURVE('',#182,#311);
#311 = DEFINITIONAL_REPRESENTATION('',(#312),#316);
#312 = LINE('',#313,#314);
#313 = CARTESIAN_POINT('',(-9.64544826719,9.15));
#314 = VECTOR('',#315,1.);
#315 = DIRECTION('',(-0.5,0.866025403784));
#316 = ( GEOMETRIC_REPRESENTATION_CONTEXT(2) 
PARAMETRIC_REPRESENTATION_CONTEXT() REPRESENTATION_CONTEXT('2D SPACE',''
  ) );
#317 = PCURVE('',#318,#323);
#318 = PLANE('',#319);
#319 = AXIS2_PLACEMENT_3D('',#320,#321,#322);
#320 = CARTESIAN_POINT('',(-10.35455173281,-20.45,153.4));
#321 = DIRECTION('',(-0.866025403784,-0.5,-0.));
#322 = DIRECTION('',(-0.5,0.866025403784,0.));
#323 = DEFINITIONAL_REPRESENTATION('',(#324),#328);
#324 = LINE('',#325,#326);
#325 = CARTESIAN_POINT('',(-0.,-2.6));
#326 = VECTOR('',#327,1.);
#327 = DIRECTION('',(-1.,0.));
#328 = ( GEOMETRIC_REPRESENTATION_CONTEXT(2) 
PARAMETRIC_REPRESENTATION_CONTEXT() REPRESENTATION_CONTEXT('2D SPACE',''
  ) );
#329 = ORIENTED_EDGE('',*,*,#330,.F.);
#330 = EDGE_CURVE('',#331,#303,#333,.T.);
#331 = VERTEX_POINT('',#332);
#332 = CARTESIAN_POINT('',(-13.64544826719,-20.45,156.));
#333 = SURFACE_CURVE('',#334,(#338,#345),.PCURVE_S1.);
#334 = LINE('',#335,#336);
#335 = CARTESIAN_POINT('',(-13.64544826719,-20.45,156.));
#336 = VECTOR('',#337,1.);
#337 = DIRECTION('',(1.,5.397789996866E-16,-0.));
#338 = PCURVE('',#182,#339);
#339 = DEFINITIONAL_REPRESENTATION('',(#340),#344);
#340 = LINE('',#341,#342);
#341 = CARTESIAN_POINT('',(-6.35455173281,9.15));
#342 = VECTOR('',#343,1.);
#343 = DIRECTION('',(-1.,-5.397789996866E-16));
#344 = ( GEOMETRIC_REPRESENTATION_CONTEXT(2) 
PARAMETRIC_REPRESENTATION_CONTEXT() REPRESENTATION_CONTEXT('2D SPACE',''
  ) );
#345 = PCURVE('',#346,#351);
#346 = PLANE('',#347);
#347 = AXIS2_PLACEMENT_3D('',#348,#349,#350);
#348 = CARTESIAN_POINT('',(-13.64544826719,-20.45,153.4));
#349 = DIRECTION('',(5.397789996866E-16,-1.,-0.));
#350 = DIRECTION('',(-1.,-5.397789996866E-16,0.));
#351 = DEFINITIONAL_REPRESENTATION('',(#352),#356);
#352 = LINE('',#353,#354);
#353 = CARTESIAN_POINT('',(-0.,-2.6));
#354 = VECTOR('',#355,1.);
#355 = DIRECTION('',(-1.,0.));
#356 = ( GEOMETRIC_REPRESENTATION_CONTEXT(2) 
PARAMETRIC_REPRESENTATION_CONTEXT() REPRESENTATION_CONTEXT('2D SPACE',''
  ) );
#357 = ORIENTED_EDGE('',*,*,#358,.F.);
#358 = EDGE_CURVE('',#359,#331,#361,.T.);
#359 = VERTEX_POINT('',#360);
#360 = CARTESIAN_POINT('',(-15.29089653438,-23.3,156.));
#361 = SURFACE_CURVE('',#362,(#366,#373),.PCURVE_S1.);
#362 = LINE('',#363,#364);
#363 = CARTESIAN_POINT('',(-15.29089653438,-23.3,156.));
#364 = VECTOR('',#365,1.);
#365 = DIRECTION('',(0.5,0.866025403784,-0.));
#366 = PCURVE('',#182,#367);
#367 = DEFINITIONAL_REPRESENTATION('',(#368),#372);
#368 = LINE('',#369,#370);
#369 = CARTESIAN_POINT('',(-4.709103465619,12.));
#370 = VECTOR('',#371,1.);
#371 = DIRECTION('',(-0.5,-0.866025403784));
#372 = ( GEOMETRIC_REPRESENTATION_CONTEXT(2) 
PARAMETRIC_REPRESENTATION_CONTEXT() REPRESENTATION_CONTEXT('2D SPACE',''
  ) );
#373 = PCURVE('',#374,#379);
#374 = PLANE('',#375);
#375 = AXIS2_PLACEMENT_3D('',#376,#377,#378);
#376 = CARTESIAN_POINT('',(-15.29089653438,-23.3,153.4));
#377 = DIRECTION('',(0.866025403784,-0.5,-0.));
#378 = DIRECTION('',(-0.5,-0.866025403784,0.));
#379 = DEFINITIONAL_REPRESENTATION('',(#380),#384);
#380 = LINE('',#381,#382);
#381 = CARTESIAN_POINT('',(-0.,-2.6));
#382 = VECTOR('',#383,1.);
#383 = DIRECTION('',(-1.,0.));
#384 = ( GEOMETRIC_REPRESENTATION_CONTEXT(2) 
PARAMETRIC_REPRESENTATION_CONTEXT() REPRESENTATION_CONTEXT('2D SPACE',''
  ) );
#385 = ORIENTED_EDGE('',*,*,#386,.F.);
#386 = EDGE_CURVE('',#387,#359,#389,.T.);
#387 = VERTEX_POINT('',#388);
#388 = CARTESIAN_POINT('',(-13.64544826719,-26.15,156.));
#389 = SURFACE_CURVE('',#390,(#394,#401),.PCURVE_S1.);
#390 = LINE('',#391,#392);
#391 = CARTESIAN_POINT('',(-13.64544826719,-26.15,156.));
#392 = VECTOR('',#393,1.);
#393 = DIRECTION('',(-0.5,0.866025403784,0.));
#394 = PCURVE('',#182,#395);
#395 = DEFINITIONAL_REPRESENTATION('',(#396),#400);
#396 = LINE('',#397,#398);
#397 = CARTESIAN_POINT('',(-6.35455173281,14.85));
#398 = VECTOR('',#399,1.);
#399 = DIRECTION('',(0.5,-0.866025403784));
#400 = ( GEOMETRIC_REPRESENTATION_CONTEXT(2) 
PARAMETRIC_REPRESENTATION_CONTEXT() REPRESENTATION_CONTEXT('2D SPACE',''
  ) );
#401 = PCURVE('',#402,#407);
#402 = PLANE('',#403);
#403 = AXIS2_PLACEMENT_3D('',#404,#405,#406);
#404 = CARTESIAN_POINT('',(-13.64544826719,-26.15,153.4));
#405 = DIRECTION('',(0.866025403784,0.5,-0.));
#406 = DIRECTION('',(0.5,-0.866025403784,-0.));
#407 = DEFINITIONAL_REPRESENTATION('',(#408),#412);
#408 = LINE('',#409,#410);
#409 = CARTESIAN_POINT('',(-0.,-2.6));
#410 = VECTOR('',#411,1.);
#411 = DIRECTION('',(-1.,-0.));
#412 = ( GEOMETRIC_REPRESENTATION_CONTEXT(2) 
PARAMETRIC_REPRESENTATION_CONTEXT() REPRESENTATION_CONTEXT('2D SPACE',''
  ) );
#413 = ORIENTED_EDGE('',*,*,#414,.F.);
#414 = EDGE_CURVE('',#275,#387,#415,.T.);
#415 = SURFACE_CURVE('',#416,(#420,#427),.PCURVE_S1.);
#416 = LINE('',#417,#418);
#417 = CARTESIAN_POINT('',(-10.35455173281,-26.15,156.));
#418 = VECTOR('',#419,1.);
#419 = DIRECTION('',(-1.,-1.349447499217E-16,-0.));
#420 = PCURVE('',#182,#421);
#421 = DEFINITIONAL_REPRESENTATION('',(#422),#426);
#422 = LINE('',#423,#424);
#423 = CARTESIAN_POINT('',(-9.64544826719,14.85));
#424 = VECTOR('',#425,1.);
#425 = DIRECTION('',(1.,1.349447499217E-16));
#426 = ( GEOMETRIC_REPRESENTATION_CONTEXT(2) 
PARAMETRIC_REPRESENTATION_CONTEXT() REPRESENTATION_CONTEXT('2D SPACE',''
  ) );
#427 = PCURVE('',#428,#433);
#428 = PLANE('',#429);
#429 = AXIS2_PLACEMENT_3D('',#430,#431,#432);
#430 = CARTESIAN_POINT('',(-10.35455173281,-26.15,153.4));
#431 = DIRECTION('',(-1.349447499217E-16,1.,0.));
#432 = DIRECTION('',(1.,1.349447499217E-16,0.));
#433 = DEFINITIONAL_REPRESENTATION('',(#434),#438);
#434 = LINE('',#435,#436);
#435 = CARTESIAN_POINT('',(-0.,-2.6));
#436 = VECTOR('',#437,1.);
#437 = DIRECTION('',(-1.,0.));
#438 = ( GEOMETRIC_REPRESENTATION_CONTEXT(2) 
PARAMETRIC_REPRESENTATION_CONTEXT() REPRESENTATION_CONTEXT('2D SPACE',''
  ) );
#439 = FACE_BOUND('',#440,.F.);
#440 = EDGE_LOOP('',(#441,#471,#499,#527,#555,#583));
#441 = ORIENTED_EDGE('',*,*,#442,.F.);
#442 = EDGE_CURVE('',#443,#445,#447,.T.);
#443 = VERTEX_POINT('',#444);
#444 = CARTESIAN_POINT('',(15.290896534381,-23.3,156.));
#445 = VERTEX_POINT('',#446);
#446 = CARTESIAN_POINT('',(13.64544826719,-26.15,156.));
#447 = SURFACE_CURVE('',#448,(#452,#459),.PCURVE_S1.);
#448 = LINE('',#449,#450);
#449 = CARTESIAN_POINT('',(15.290896534381,-23.3,156.));
#450 = VECTOR('',#451,1.);
#451 = DIRECTION('',(-0.5,-0.866025403784,-0.));
#452 = PCURVE('',#182,#453);
#453 = DEFINITIONAL_REPRESENTATION('',(#454),#458);
#454 = LINE('',#455,#456);
#455 = CARTESIAN_POINT('',(-35.29089653438,12.));
#456 = VECTOR('',#457,1.);
#457 = DIRECTION('',(0.5,0.866025403784));
#458 = ( GEOMETRIC_REPRESENTATION_CONTEXT(2) 
PARAMETRIC_REPRESENTATION_CONTEXT() REPRESENTATION_CONTEXT('2D SPACE',''
  ) );
#459 = PCURVE('',#460,#465);
#460 = PLANE('',#461);
#461 = AXIS2_PLACEMENT_3D('',#462,#463,#464);
#462 = CARTESIAN_POINT('',(15.290896534381,-23.3,153.4));
#463 = DIRECTION('',(-0.866025403784,0.5,0.));
#464 = DIRECTION('',(0.5,0.866025403784,0.));
#465 = DEFINITIONAL_REPRESENTATION('',(#466),#470);
#466 = LINE('',#467,#468);
#467 = CARTESIAN_POINT('',(-0.,-2.6));
#468 = VECTOR('',#469,1.);
#469 = DIRECTION('',(-1.,0.));
#470 = ( GEOMETRIC_REPRESENTATION_CONTEXT(2) 
PARAMETRIC_REPRESENTATION_CONTEXT() REPRESENTATION_CONTEXT('2D SPACE',''
  ) );
#471 = ORIENTED_EDGE('',*,*,#472,.F.);
#472 = EDGE_CURVE('',#473,#443,#475,.T.);
#473 = VERTEX_POINT('',#474);
#474 = CARTESIAN_POINT('',(13.64544826719,-20.45,156.));
#475 = SURFACE_CURVE('',#476,(#480,#487),.PCURVE_S1.);
#476 = LINE('',#477,#478);
#477 = CARTESIAN_POINT('',(13.64544826719,-20.45,156.));
#478 = VECTOR('',#479,1.);
#479 = DIRECTION('',(0.5,-0.866025403784,-0.));
#480 = PCURVE('',#182,#481);
#481 = DEFINITIONAL_REPRESENTATION('',(#482),#486);
#482 = LINE('',#483,#484);
#483 = CARTESIAN_POINT('',(-33.64544826719,9.15));
#484 = VECTOR('',#485,1.);
#485 = DIRECTION('',(-0.5,0.866025403784));
#486 = ( GEOMETRIC_REPRESENTATION_CONTEXT(2) 
PARAMETRIC_REPRESENTATION_CONTEXT() REPRESENTATION_CONTEXT('2D SPACE',''
  ) );
#487 = PCURVE('',#488,#493);
#488 = PLANE('',#489);
#489 = AXIS2_PLACEMENT_3D('',#490,#491,#492);
#490 = CARTESIAN_POINT('',(13.64544826719,-20.45,153.4));
#491 = DIRECTION('',(-0.866025403784,-0.5,-0.));
#492 = DIRECTION('',(-0.5,0.866025403784,0.));
#493 = DEFINITIONAL_REPRESENTATION('',(#494),#498);
#494 = LINE('',#495,#496);
#495 = CARTESIAN_POINT('',(-0.,-2.6));
#496 = VECTOR('',#497,1.);
#497 = DIRECTION('',(-1.,0.));
#498 = ( GEOMETRIC_REPRESENTATION_CONTEXT(2) 
PARAMETRIC_REPRESENTATION_CONTEXT() REPRESENTATION_CONTEXT('2D SPACE',''
  ) );
#499 = ORIENTED_EDGE('',*,*,#500,.F.);
#500 = EDGE_CURVE('',#501,#473,#503,.T.);
#501 = VERTEX_POINT('',#502);
#502 = CARTESIAN_POINT('',(10.35455173281,-20.45,156.));
#503 = SURFACE_CURVE('',#504,(#508,#515),.PCURVE_S1.);
#504 = LINE('',#505,#506);
#505 = CARTESIAN_POINT('',(10.35455173281,-20.45,156.));
#506 = VECTOR('',#507,1.);
#507 = DIRECTION('',(1.,5.397789996866E-16,-0.));
#508 = PCURVE('',#182,#509);
#509 = DEFINITIONAL_REPRESENTATION('',(#510),#514);
#510 = LINE('',#511,#512);
#511 = CARTESIAN_POINT('',(-30.35455173281,9.15));
#512 = VECTOR('',#513,1.);
#513 = DIRECTION('',(-1.,-5.397789996866E-16));
#514 = ( GEOMETRIC_REPRESENTATION_CONTEXT(2) 
PARAMETRIC_REPRESENTATION_CONTEXT() REPRESENTATION_CONTEXT('2D SPACE',''
  ) );
#515 = PCURVE('',#516,#521);
#516 = PLANE('',#517);
#517 = AXIS2_PLACEMENT_3D('',#518,#519,#520);
#518 = CARTESIAN_POINT('',(10.35455173281,-20.45,153.4));
#519 = DIRECTION('',(5.397789996866E-16,-1.,-0.));
#520 = DIRECTION('',(-1.,-5.397789996866E-16,0.));
#521 = DEFINITIONAL_REPRESENTATION('',(#522),#526);
#522 = LINE('',#523,#524);
#523 = CARTESIAN_POINT('',(-0.,-2.6));
#524 = VECTOR('',#525,1.);
#525 = DIRECTION('',(-1.,0.));
#526 = ( GEOMETRIC_REPRESENTATION_CONTEXT(2) 
PARAMETRIC_REPRESENTATION_CONTEXT() REPRESENTATION_CONTEXT('2D SPACE',''
  ) );
#527 = ORIENTED_EDGE('',*,*,#528,.F.);
#528 = EDGE_CURVE('',#529,#501,#531,.T.);
#529 = VERTEX_POINT('',#530);
#530 = CARTESIAN_POINT('',(8.709103465619,-23.3,156.));
#531 = SURFACE_CURVE('',#532,(#536,#543),.PCURVE_S1.);
#532 = LINE('',#533,#534);
#533 = CARTESIAN_POINT('',(8.709103465619,-23.3,156.));
#534 = VECTOR('',#535,1.);
#535 = DIRECTION('',(0.5,0.866025403784,-0.));
#536 = PCURVE('',#182,#537);
#537 = DEFINITIONAL_REPRESENTATION('',(#538),#542);
#538 = LINE('',#539,#540);
#539 = CARTESIAN_POINT('',(-28.70910346561,12.));
#540 = VECTOR('',#541,1.);
#541 = DIRECTION('',(-0.5,-0.866025403784));
#542 = ( GEOMETRIC_REPRESENTATION_CONTEXT(2) 
PARAMETRIC_REPRESENTATION_CONTEXT() REPRESENTATION_CONTEXT('2D SPACE',''
  ) );
#543 = PCURVE('',#544,#549);
#544 = PLANE('',#545);
#545 = AXIS2_PLACEMENT_3D('',#546,#547,#548);
#546 = CARTESIAN_POINT('',(8.709103465619,-23.3,153.4));
#547 = DIRECTION('',(0.866025403784,-0.5,-0.));
#548 = DIRECTION('',(-0.5,-0.866025403784,0.));
#549 = DEFINITIONAL_REPRESENTATION('',(#550),#554);
#550 = LINE('',#551,#552);
#551 = CARTESIAN_POINT('',(-0.,-2.6));
#552 = VECTOR('',#553,1.);
#553 = DIRECTION('',(-1.,0.));
#554 = ( GEOMETRIC_REPRESENTATION_CONTEXT(2) 
PARAMETRIC_REPRESENTATION_CONTEXT() REPRESENTATION_CONTEXT('2D SPACE',''
  ) );
#555 = ORIENTED_EDGE('',*,*,#556,.F.);
#556 = EDGE_CURVE('',#557,#529,#559,.T.);
#557 = VERTEX_POINT('',#558);
#558 = CARTESIAN_POINT('',(10.35455173281,-26.15,156.));
#559 = SURFACE_CURVE('',#560,(#564,#571),.PCURVE_S1.);
#560 = LINE('',#561,#562);
#561 = CARTESIAN_POINT('',(10.35455173281,-26.15,156.));
#562 = VECTOR('',#563,1.);
#563 = DIRECTION('',(-0.5,0.866025403784,0.));
#564 = PCURVE('',#182,#565);
#565 = DEFINITIONAL_REPRESENTATION('',(#566),#570);
#566 = LINE('',#567,#568);
#567 = CARTESIAN_POINT('',(-30.35455173281,14.85));
#568 = VECTOR('',#569,1.);
#569 = DIRECTION('',(0.5,-0.866025403784));
#570 = ( GEOMETRIC_REPRESENTATION_CONTEXT(2) 
PARAMETRIC_REPRESENTATION_CONTEXT() REPRESENTATION_CONTEXT('2D SPACE',''
  ) );
#571 = PCURVE('',#572,#577);
#572 = PLANE('',#573);
#573 = AXIS2_PLACEMENT_3D('',#574,#575,#576);
#574 = CARTESIAN_POINT('',(10.35455173281,-26.15,153.4));
#575 = DIRECTION('',(0.866025403784,0.5,-0.));
#576 = DIRECTION('',(0.5,-0.866025403784,-0.));
#577 = DEFINITIONAL_REPRESENTATION('',(#578),#582);
#578 = LINE('',#579,#580);
#579 = CARTESIAN_POINT('',(-0.,-2.6));
#580 = VECTOR('',#581,1.);
#581 = DIRECTION('',(-1.,-0.));
#582 = ( GEOMETRIC_REPRESENTATION_CONTEXT(2) 
PARAMETRIC_REPRESENTATION_CONTEXT() REPRESENTATION_CONTEXT('2D SPACE',''
  ) );
#583 = ORIENTED_EDGE('',*,*,#584,.F.);
#584 = EDGE_CURVE('',#445,#557,#585,.T.);
#585 = SURFACE_CURVE('',#586,(#590,#597),.PCURVE_S1.);
#586 = LINE('',#587,#588);
#587 = CARTESIAN_POINT('',(13.64544826719,-26.15,156.));
#588 = VECTOR('',#589,1.);
#589 = DIRECTION('',(-1.,-1.349447499217E-16,-0.));
#590 = PCURVE('',#182,#591);
#591 = DEFINITIONAL_REPRESENTATION('',(#592),#596);
#592 = LINE('',#593,#594);
#593 = CARTESIAN_POINT('',(-33.64544826719,14.85));
#594 = VECTOR('',#595,1.);
#595 = DIRECTION('',(1.,1.349447499217E-16));
#596 = ( GEOMETRIC_REPRESENTATION_CONTEXT(2) 
PARAMETRIC_REPRESENTATION_CONTEXT() REPRESENTATION_CONTEXT('2D SPACE',''
  ) );
#597 = PCURVE('',#598,#603);
#598 = PLANE('',#599);
#599 = AXIS2_PLACEMENT_3D('',#600,#601,#602);
#600 = CARTESIAN_POINT('',(13.64544826719,-26.15,153.4));
#601 = DIRECTION('',(-1.349447499217E-16,1.,0.));
#602 = DIRECTION('',(1.,1.349447499217E-16,0.));
#603 = DEFINITIONAL_REPRESENTATION('',(#604),#608);
#604 = LINE('',#605,#606);
#605 = CARTESIAN_POINT('',(-0.,-2.6));
#606 = VECTOR('',#607,1.);
#607 = DIRECTION('',(-1.,0.));
#608 = ( GEOMETRIC_REPRESENTATION_CONTEXT(2) 
PARAMETRIC_REPRESENTATION_CONTEXT() REPRESENTATION_CONTEXT('2D SPACE',''
  ) );
#609 = ADVANCED_FACE('',(#610),#488,.T.);
#610 = FACE_BOUND('',#611,.F.);
#611 = EDGE_LOOP('',(#612,#635,#636,#659));
#612 = ORIENTED_EDGE('',*,*,#613,.T.);
#613 = EDGE_CURVE('',#614,#473,#616,.T.);
#614 = VERTEX_POINT('',#615);
#615 = CARTESIAN_POINT('',(13.64544826719,-20.45,153.4));
#616 = SURFACE_CURVE('',#617,(#621,#628),.PCURVE_S1.);
#617 = LINE('',#618,#619);
#618 = CARTESIAN_POINT('',(13.64544826719,-20.45,153.4));
#619 = VECTOR('',#620,1.);
#620 = DIRECTION('',(-0.,-0.,1.));
#621 = PCURVE('',#488,#622);
#622 = DEFINITIONAL_REPRESENTATION('',(#623),#627);
#623 = LINE('',#624,#625);
#624 = CARTESIAN_POINT('',(-0.,-0.));
#625 = VECTOR('',#626,1.);
#626 = DIRECTION('',(-0.,-1.));
#627 = ( GEOMETRIC_REPRESENTATION_CONTEXT(2) 
PARAMETRIC_REPRESENTATION_CONTEXT() REPRESENTATION_CONTEXT('2D SPACE',''
  ) );
#628 = PCURVE('',#516,#629);
#629 = DEFINITIONAL_REPRESENTATION('',(#630),#634);
#630 = LINE('',#631,#632);
#631 = CARTESIAN_POINT('',(-3.290896534381,0.));
#632 = VECTOR('',#633,1.);
#633 = DIRECTION('',(-0.,-1.));
#634 = ( GEOMETRIC_REPRESENTATION_CONTEXT(2) 
PARAMETRIC_REPRESENTATION_CONTEXT() REPRESENTATION_CONTEXT('2D SPACE',''
  ) );
#635 = ORIENTED_EDGE('',*,*,#472,.T.);
#636 = ORIENTED_EDGE('',*,*,#637,.F.);
#637 = EDGE_CURVE('',#638,#443,#640,.T.);
#638 = VERTEX_POINT('',#639);
#639 = CARTESIAN_POINT('',(15.290896534381,-23.3,153.4));
#640 = SURFACE_CURVE('',#641,(#645,#652),.PCURVE_S1.);
#641 = LINE('',#642,#643);
#642 = CARTESIAN_POINT('',(15.290896534381,-23.3,153.4));
#643 = VECTOR('',#644,1.);
#644 = DIRECTION('',(-0.,-0.,1.));
#645 = PCURVE('',#488,#646);
#646 = DEFINITIONAL_REPRESENTATION('',(#647),#651);
#647 = LINE('',#648,#649);
#648 = CARTESIAN_POINT('',(-3.290896534381,0.));
#649 = VECTOR('',#650,1.);
#650 = DIRECTION('',(-0.,-1.));
#651 = ( GEOMETRIC_REPRESENTATION_CONTEXT(2) 
PARAMETRIC_REPRESENTATION_CONTEXT() REPRESENTATION_CONTEXT('2D SPACE',''
  ) );
#652 = PCURVE('',#460,#653);
#653 = DEFINITIONAL_REPRESENTATION('',(#654),#658);
#654 = LINE('',#655,#656);
#655 = CARTESIAN_POINT('',(-0.,-0.));
#656 = VECTOR('',#657,1.);
#657 = DIRECTION('',(-0.,-1.));
#658 = ( GEOMETRIC_REPRESENTATION_CONTEXT(2) 
PARAMETRIC_REPRESENTATION_CONTEXT() REPRESENTATION_CONTEXT('2D SPACE',''
  ) );
#659 = ORIENTED_EDGE('',*,*,#660,.F.);
#660 = EDGE_CURVE('',#614,#638,#661,.T.);
#661 = SURFACE_CURVE('',#662,(#666,#673),.PCURVE_S1.);
#662 = LINE('',#663,#664);
#663 = CARTESIAN_POINT('',(13.64544826719,-20.45,153.4));
#664 = VECTOR('',#665,1.);
#665 = DIRECTION('',(0.5,-0.866025403784,-0.));
#666 = PCURVE('',#488,#667);
#667 = DEFINITIONAL_REPRESENTATION('',(#668),#672);
#668 = LINE('',#669,#670);
#669 = CARTESIAN_POINT('',(-0.,-0.));
#670 = VECTOR('',#671,1.);
#671 = DIRECTION('',(-1.,0.));
#672 = ( GEOMETRIC_REPRESENTATION_CONTEXT(2) 
PARAMETRIC_REPRESENTATION_CONTEXT() REPRESENTATION_CONTEXT('2D SPACE',''
  ) );
#673 = PCURVE('',#674,#679);
#674 = PLANE('',#675);
#675 = AXIS2_PLACEMENT_3D('',#676,#677,#678);
#676 = CARTESIAN_POINT('',(12.,-23.3,153.4));
#677 = DIRECTION('',(-0.,-0.,1.));
#678 = DIRECTION('',(-1.,0.,0.));
#679 = DEFINITIONAL_REPRESENTATION('',(#680),#684);
#680 = LINE('',#681,#682);
#681 = CARTESIAN_POINT('',(-1.64544826719,-2.85));
#682 = VECTOR('',#683,1.);
#683 = DIRECTION('',(-0.5,0.866025403784));
#684 = ( GEOMETRIC_REPRESENTATION_CONTEXT(2) 
PARAMETRIC_REPRESENTATION_CONTEXT() REPRESENTATION_CONTEXT('2D SPACE',''
  ) );
#685 = ADVANCED_FACE('',(#686,#802),#674,.T.);
#686 = FACE_BOUND('',#687,.F.);
#687 = EDGE_LOOP('',(#688,#711,#734,#757,#780,#801));
#688 = ORIENTED_EDGE('',*,*,#689,.T.);
#689 = EDGE_CURVE('',#638,#690,#692,.T.);
#690 = VERTEX_POINT('',#691);
#691 = CARTESIAN_POINT('',(13.64544826719,-26.15,153.4));
#692 = SURFACE_CURVE('',#693,(#697,#704),.PCURVE_S1.);
#693 = LINE('',#694,#695);
#694 = CARTESIAN_POINT('',(15.290896534381,-23.3,153.4));
#695 = VECTOR('',#696,1.);
#696 = DIRECTION('',(-0.5,-0.866025403784,-0.));
#697 = PCURVE('',#674,#698);
#698 = DEFINITIONAL_REPRESENTATION('',(#699),#703);
#699 = LINE('',#700,#701);
#700 = CARTESIAN_POINT('',(-3.290896534381,-0.));
#701 = VECTOR('',#702,1.);
#702 = DIRECTION('',(0.5,0.866025403784));
#703 = ( GEOMETRIC_REPRESENTATION_CONTEXT(2) 
PARAMETRIC_REPRESENTATION_CONTEXT() REPRESENTATION_CONTEXT('2D SPACE',''
  ) );
#704 = PCURVE('',#460,#705);
#705 = DEFINITIONAL_REPRESENTATION('',(#706),#710);
#706 = LINE('',#707,#708);
#707 = CARTESIAN_POINT('',(-0.,-0.));
#708 = VECTOR('',#709,1.);
#709 = DIRECTION('',(-1.,0.));
#710 = ( GEOMETRIC_REPRESENTATION_CONTEXT(2) 
PARAMETRIC_REPRESENTATION_CONTEXT() REPRESENTATION_CONTEXT('2D SPACE',''
  ) );
#711 = ORIENTED_EDGE('',*,*,#712,.T.);
#712 = EDGE_CURVE('',#690,#713,#715,.T.);
#713 = VERTEX_POINT('',#714);
#714 = CARTESIAN_POINT('',(10.35455173281,-26.15,153.4));
#715 = SURFACE_CURVE('',#716,(#720,#727),.PCURVE_S1.);
#716 = LINE('',#717,#718);
#717 = CARTESIAN_POINT('',(13.64544826719,-26.15,153.4));
#718 = VECTOR('',#719,1.);
#719 = DIRECTION('',(-1.,-1.349447499217E-16,-0.));
#720 = PCURVE('',#674,#721);
#721 = DEFINITIONAL_REPRESENTATION('',(#722),#726);
#722 = LINE('',#723,#724);
#723 = CARTESIAN_POINT('',(-1.64544826719,2.85));
#724 = VECTOR('',#725,1.);
#725 = DIRECTION('',(1.,1.349447499217E-16));
#726 = ( GEOMETRIC_REPRESENTATION_CONTEXT(2) 
PARAMETRIC_REPRESENTATION_CONTEXT() REPRESENTATION_CONTEXT('2D SPACE',''
  ) );
#727 = PCURVE('',#598,#728);
#728 = DEFINITIONAL_REPRESENTATION('',(#729),#733);
#729 = LINE('',#730,#731);
#730 = CARTESIAN_POINT('',(-0.,-0.));
#731 = VECTOR('',#732,1.);
#732 = DIRECTION('',(-1.,0.));
#733 = ( GEOMETRIC_REPRESENTATION_CONTEXT(2) 
PARAMETRIC_REPRESENTATION_CONTEXT() REPRESENTATION_CONTEXT('2D SPACE',''
  ) );
#734 = ORIENTED_EDGE('',*,*,#735,.T.);
#735 = EDGE_CURVE('',#713,#736,#738,.T.);
#736 = VERTEX_POINT('',#737);
#737 = CARTESIAN_POINT('',(8.709103465619,-23.3,153.4));
#738 = SURFACE_CURVE('',#739,(#743,#750),.PCURVE_S1.);
#739 = LINE('',#740,#741);
#740 = CARTESIAN_POINT('',(10.35455173281,-26.15,153.4));
#741 = VECTOR('',#742,1.);
#742 = DIRECTION('',(-0.5,0.866025403784,0.));
#743 = PCURVE('',#674,#744);
#744 = DEFINITIONAL_REPRESENTATION('',(#745),#749);
#745 = LINE('',#746,#747);
#746 = CARTESIAN_POINT('',(1.64544826719,2.85));
#747 = VECTOR('',#748,1.);
#748 = DIRECTION('',(0.5,-0.866025403784));
#749 = ( GEOMETRIC_REPRESENTATION_CONTEXT(2) 
PARAMETRIC_REPRESENTATION_CONTEXT() REPRESENTATION_CONTEXT('2D SPACE',''
  ) );
#750 = PCURVE('',#572,#751);
#751 = DEFINITIONAL_REPRESENTATION('',(#752),#756);
#752 = LINE('',#753,#754);
#753 = CARTESIAN_POINT('',(-0.,0.));
#754 = VECTOR('',#755,1.);
#755 = DIRECTION('',(-1.,-0.));
#756 = ( GEOMETRIC_REPRESENTATION_CONTEXT(2) 
PARAMETRIC_REPRESENTATION_CONTEXT() REPRESENTATION_CONTEXT('2D SPACE',''
  ) );
#757 = ORIENTED_EDGE('',*,*,#758,.T.);
#758 = EDGE_CURVE('',#736,#759,#761,.T.);
#759 = VERTEX_POINT('',#760);
#760 = CARTESIAN_POINT('',(10.35455173281,-20.45,153.4));
#761 = SURFACE_CURVE('',#762,(#766,#773),.PCURVE_S1.);
#762 = LINE('',#763,#764);
#763 = CARTESIAN_POINT('',(8.709103465619,-23.3,153.4));
#764 = VECTOR('',#765,1.);
#765 = DIRECTION('',(0.5,0.866025403784,-0.));
#766 = PCURVE('',#674,#767);
#767 = DEFINITIONAL_REPRESENTATION('',(#768),#772);
#768 = LINE('',#769,#770);
#769 = CARTESIAN_POINT('',(3.290896534381,-0.));
#770 = VECTOR('',#771,1.);
#771 = DIRECTION('',(-0.5,-0.866025403784));
#772 = ( GEOMETRIC_REPRESENTATION_CONTEXT(2) 
PARAMETRIC_REPRESENTATION_CONTEXT() REPRESENTATION_CONTEXT('2D SPACE',''
  ) );
#773 = PCURVE('',#544,#774);
#774 = DEFINITIONAL_REPRESENTATION('',(#775),#779);
#775 = LINE('',#776,#777);
#776 = CARTESIAN_POINT('',(-0.,0.));
#777 = VECTOR('',#778,1.);
#778 = DIRECTION('',(-1.,0.));
#779 = ( GEOMETRIC_REPRESENTATION_CONTEXT(2) 
PARAMETRIC_REPRESENTATION_CONTEXT() REPRESENTATION_CONTEXT('2D SPACE',''
  ) );
#780 = ORIENTED_EDGE('',*,*,#781,.T.);
#781 = EDGE_CURVE('',#759,#614,#782,.T.);
#782 = SURFACE_CURVE('',#783,(#787,#794),.PCURVE_S1.);
#783 = LINE('',#784,#785);
#784 = CARTESIAN_POINT('',(10.35455173281,-20.45,153.4));
#785 = VECTOR('',#786,1.);
#786 = DIRECTION('',(1.,5.397789996866E-16,-0.));
#787 = PCURVE('',#674,#788);
#788 = DEFINITIONAL_REPRESENTATION('',(#789),#793);
#789 = LINE('',#790,#791);
#790 = CARTESIAN_POINT('',(1.64544826719,-2.85));
#791 = VECTOR('',#792,1.);
#792 = DIRECTION('',(-1.,-5.397789996866E-16));
#793 = ( GEOMETRIC_REPRESENTATION_CONTEXT(2) 
PARAMETRIC_REPRESENTATION_CONTEXT() REPRESENTATION_CONTEXT('2D SPACE',''
  ) );
#794 = PCURVE('',#516,#795);
#795 = DEFINITIONAL_REPRESENTATION('',(#796),#800);
#796 = LINE('',#797,#798);
#797 = CARTESIAN_POINT('',(-0.,0.));
#798 = VECTOR('',#799,1.);
#799 = DIRECTION('',(-1.,0.));
#800 = ( GEOMETRIC_REPRESENTATION_CONTEXT(2) 
PARAMETRIC_REPRESENTATION_CONTEXT() REPRESENTATION_CONTEXT('2D SPACE',''
  ) );
#801 = ORIENTED_EDGE('',*,*,#660,.T.);
#802 = FACE_BOUND('',#803,.F.);
#803 = EDGE_LOOP('',(#804));
#804 = ORIENTED_EDGE('',*,*,#805,.F.);
#805 = EDGE_CURVE('',#806,#806,#808,.T.);
#806 = VERTEX_POINT('',#807);
#807 = CARTESIAN_POINT('',(13.7,-23.3,153.4));
#808 = SURFACE_CURVE('',#809,(#814,#825),.PCURVE_S1.);
#809 = CIRCLE('',#810,1.7);
#810 = AXIS2_PLACEMENT_3D('',#811,#812,#813);
#811 = CARTESIAN_POINT('',(12.,-23.3,153.4));
#812 = DIRECTION('',(0.,0.,-1.));
#813 = DIRECTION('',(1.,-0.,-0.));
#814 = PCURVE('',#674,#815);
#815 = DEFINITIONAL_REPRESENTATION('',(#816),#824);
#816 = ( BOUNDED_CURVE() B_SPLINE_CURVE(2,(#817,#818,#819,#820,#821,#822
,#823),.UNSPECIFIED.,.T.,.F.) B_SPLINE_CURVE_WITH_KNOTS((1,2,2,2,2,1),(
    -2.094395102393,0.,2.094395102393,4.188790204786,6.28318530718,
8.377580409573),.UNSPECIFIED.) CURVE() GEOMETRIC_REPRESENTATION_ITEM() 
RATIONAL_B_SPLINE_CURVE((1.,0.5,1.,0.5,1.,0.5,1.)) REPRESENTATION_ITEM(
  '') );
#817 = CARTESIAN_POINT('',(-1.7,0.));
#818 = CARTESIAN_POINT('',(-1.7,2.944486372867));
#819 = CARTESIAN_POINT('',(0.85,1.472243186434));
#820 = CARTESIAN_POINT('',(3.4,4.163799117101E-16));
#821 = CARTESIAN_POINT('',(0.85,-1.472243186434));
#822 = CARTESIAN_POINT('',(-1.7,-2.944486372867));
#823 = CARTESIAN_POINT('',(-1.7,0.));
#824 = ( GEOMETRIC_REPRESENTATION_CONTEXT(2) 
PARAMETRIC_REPRESENTATION_CONTEXT() REPRESENTATION_CONTEXT('2D SPACE',''
  ) );
#825 = PCURVE('',#826,#831);
#826 = CYLINDRICAL_SURFACE('',#827,1.7);
#827 = AXIS2_PLACEMENT_3D('',#828,#829,#830);
#828 = CARTESIAN_POINT('',(12.,-23.3,149.));
#829 = DIRECTION('',(-0.,-0.,1.));
#830 = DIRECTION('',(1.,-0.,-0.));
#831 = DEFINITIONAL_REPRESENTATION('',(#832),#836);
#832 = LINE('',#833,#834);
#833 = CARTESIAN_POINT('',(-0.,4.4));
#834 = VECTOR('',#835,1.);
#835 = DIRECTION('',(-1.,0.));
#836 = ( GEOMETRIC_REPRESENTATION_CONTEXT(2) 
PARAMETRIC_REPRESENTATION_CONTEXT() REPRESENTATION_CONTEXT('2D SPACE',''
  ) );
#837 = ADVANCED_FACE('',(#838),#826,.F.);
#838 = FACE_BOUND('',#839,.T.);
#839 = EDGE_LOOP('',(#840,#841,#864,#890));
#840 = ORIENTED_EDGE('',*,*,#805,.F.);
#841 = ORIENTED_EDGE('',*,*,#842,.F.);
#842 = EDGE_CURVE('',#843,#806,#845,.T.);
#843 = VERTEX_POINT('',#844);
#844 = CARTESIAN_POINT('',(13.7,-23.3,150.));
#845 = SEAM_CURVE('',#846,(#850,#857),.PCURVE_S1.);
#846 = LINE('',#847,#848);
#847 = CARTESIAN_POINT('',(13.7,-23.3,149.));
#848 = VECTOR('',#849,1.);
#849 = DIRECTION('',(-0.,-0.,1.));
#850 = PCURVE('',#826,#851);
#851 = DEFINITIONAL_REPRESENTATION('',(#852),#856);
#852 = LINE('',#853,#854);
#853 = CARTESIAN_POINT('',(-6.28318530718,-0.));
#854 = VECTOR('',#855,1.);
#855 = DIRECTION('',(-0.,1.));
#856 = ( GEOMETRIC_REPRESENTATION_CONTEXT(2) 
PARAMETRIC_REPRESENTATION_CONTEXT() REPRESENTATION_CONTEXT('2D SPACE',''
  ) );
#857 = PCURVE('',#826,#858);
#858 = DEFINITIONAL_REPRESENTATION('',(#859),#863);
#859 = LINE('',#860,#861);
#860 = CARTESIAN_POINT('',(-0.,-0.));
#861 = VECTOR('',#862,1.);
#862 = DIRECTION('',(-0.,1.));
#863 = ( GEOMETRIC_REPRESENTATION_CONTEXT(2) 
PARAMETRIC_REPRESENTATION_CONTEXT() REPRESENTATION_CONTEXT('2D SPACE',''
  ) );
#864 = ORIENTED_EDGE('',*,*,#865,.T.);
#865 = EDGE_CURVE('',#843,#843,#866,.T.);
#866 = SURFACE_CURVE('',#867,(#872,#879),.PCURVE_S1.);
#867 = CIRCLE('',#868,1.7);
#868 = AXIS2_PLACEMENT_3D('',#869,#870,#871);
#869 = CARTESIAN_POINT('',(12.,-23.3,150.));
#870 = DIRECTION('',(0.,0.,-1.));
#871 = DIRECTION('',(1.,-0.,-0.));
#872 = PCURVE('',#826,#873);
#873 = DEFINITIONAL_REPRESENTATION('',(#874),#878);
#874 = LINE('',#875,#876);
#875 = CARTESIAN_POINT('',(-0.,1.));
#876 = VECTOR('',#877,1.);
#877 = DIRECTION('',(-1.,0.));
#878 = ( GEOMETRIC_REPRESENTATION_CONTEXT(2) 
PARAMETRIC_REPRESENTATION_CONTEXT() REPRESENTATION_CONTEXT('2D SPACE',''
  ) );
#879 = PCURVE('',#72,#880);
#880 = DEFINITIONAL_REPRESENTATION('',(#881),#889);
#881 = ( BOUNDED_CURVE() B_SPLINE_CURVE(2,(#882,#883,#884,#885,#886,#887
,#888),.UNSPECIFIED.,.T.,.F.) B_SPLINE_CURVE_WITH_KNOTS((1,2,2,2,2,1),(
    -2.094395102393,0.,2.094395102393,4.188790204786,6.28318530718,
8.377580409573),.UNSPECIFIED.) CURVE() GEOMETRIC_REPRESENTATION_ITEM() 
RATIONAL_B_SPLINE_CURVE((1.,0.5,1.,0.5,1.,0.5,1.)) REPRESENTATION_ITEM(
  '') );
#882 = CARTESIAN_POINT('',(-33.7,12.));
#883 = CARTESIAN_POINT('',(-33.7,14.944486372867));
#884 = CARTESIAN_POINT('',(-31.15,13.472243186434));
#885 = CARTESIAN_POINT('',(-28.6,12.));
#886 = CARTESIAN_POINT('',(-31.15,10.527756813566));
#887 = CARTESIAN_POINT('',(-33.7,9.055513627133));
#888 = CARTESIAN_POINT('',(-33.7,12.));
#889 = ( GEOMETRIC_REPRESENTATION_CONTEXT(2) 
PARAMETRIC_REPRESENTATION_CONTEXT() REPRESENTATION_CONTEXT('2D SPACE',''
  ) );
#890 = ORIENTED_EDGE('',*,*,#842,.T.);
#891 = ADVANCED_FACE('',(#892),#516,.T.);
#892 = FACE_BOUND('',#893,.F.);
#893 = EDGE_LOOP('',(#894,#915,#916,#917));
#894 = ORIENTED_EDGE('',*,*,#895,.T.);
#895 = EDGE_CURVE('',#759,#501,#896,.T.);
#896 = SURFACE_CURVE('',#897,(#901,#908),.PCURVE_S1.);
#897 = LINE('',#898,#899);
#898 = CARTESIAN_POINT('',(10.35455173281,-20.45,153.4));
#899 = VECTOR('',#900,1.);
#900 = DIRECTION('',(-0.,-0.,1.));
#901 = PCURVE('',#516,#902);
#902 = DEFINITIONAL_REPRESENTATION('',(#903),#907);
#903 = LINE('',#904,#905);
#904 = CARTESIAN_POINT('',(-0.,0.));
#905 = VECTOR('',#906,1.);
#906 = DIRECTION('',(-0.,-1.));
#907 = ( GEOMETRIC_REPRESENTATION_CONTEXT(2) 
PARAMETRIC_REPRESENTATION_CONTEXT() REPRESENTATION_CONTEXT('2D SPACE',''
  ) );
#908 = PCURVE('',#544,#909);
#909 = DEFINITIONAL_REPRESENTATION('',(#910),#914);
#910 = LINE('',#911,#912);
#911 = CARTESIAN_POINT('',(-3.290896534381,0.));
#912 = VECTOR('',#913,1.);
#913 = DIRECTION('',(-0.,-1.));
#914 = ( GEOMETRIC_REPRESENTATION_CONTEXT(2) 
PARAMETRIC_REPRESENTATION_CONTEXT() REPRESENTATION_CONTEXT('2D SPACE',''
  ) );
#915 = ORIENTED_EDGE('',*,*,#500,.T.);
#916 = ORIENTED_EDGE('',*,*,#613,.F.);
#917 = ORIENTED_EDGE('',*,*,#781,.F.);
#918 = ADVANCED_FACE('',(#919),#544,.T.);
#919 = FACE_BOUND('',#920,.F.);
#920 = EDGE_LOOP('',(#921,#942,#943,#944));
#921 = ORIENTED_EDGE('',*,*,#922,.T.);
#922 = EDGE_CURVE('',#736,#529,#923,.T.);
#923 = SURFACE_CURVE('',#924,(#928,#935),.PCURVE_S1.);
#924 = LINE('',#925,#926);
#925 = CARTESIAN_POINT('',(8.709103465619,-23.3,153.4));
#926 = VECTOR('',#927,1.);
#927 = DIRECTION('',(-0.,-0.,1.));
#928 = PCURVE('',#544,#929);
#929 = DEFINITIONAL_REPRESENTATION('',(#930),#934);
#930 = LINE('',#931,#932);
#931 = CARTESIAN_POINT('',(-0.,0.));
#932 = VECTOR('',#933,1.);
#933 = DIRECTION('',(-0.,-1.));
#934 = ( GEOMETRIC_REPRESENTATION_CONTEXT(2) 
PARAMETRIC_REPRESENTATION_CONTEXT() REPRESENTATION_CONTEXT('2D SPACE',''
  ) );
#935 = PCURVE('',#572,#936);
#936 = DEFINITIONAL_REPRESENTATION('',(#937),#941);
#937 = LINE('',#938,#939);
#938 = CARTESIAN_POINT('',(-3.290896534381,-0.));
#939 = VECTOR('',#940,1.);
#940 = DIRECTION('',(-0.,-1.));
#941 = ( GEOMETRIC_REPRESENTATION_CONTEXT(2) 
PARAMETRIC_REPRESENTATION_CONTEXT() REPRESENTATION_CONTEXT('2D SPACE',''
  ) );
#942 = ORIENTED_EDGE('',*,*,#528,.T.);
#943 = ORIENTED_EDGE('',*,*,#895,.F.);
#944 = ORIENTED_EDGE('',*,*,#758,.F.);
#945 = ADVANCED_FACE('',(#946),#572,.T.);
#946 = FACE_BOUND('',#947,.F.);
#947 = EDGE_LOOP('',(#948,#969,#970,#971));
#948 = ORIENTED_EDGE('',*,*,#949,.T.);
#949 = EDGE_CURVE('',#713,#557,#950,.T.);
#950 = SURFACE_CURVE('',#951,(#955,#962),.PCURVE_S1.);
#951 = LINE('',#952,#953);
#952 = CARTESIAN_POINT('',(10.35455173281,-26.15,153.4));
#953 = VECTOR('',#954,1.);
#954 = DIRECTION('',(-0.,-0.,1.));
#955 = PCURVE('',#572,#956);
#956 = DEFINITIONAL_REPRESENTATION('',(#957),#961);
#957 = LINE('',#958,#959);
#958 = CARTESIAN_POINT('',(-0.,0.));
#959 = VECTOR('',#960,1.);
#960 = DIRECTION('',(-0.,-1.));
#961 = ( GEOMETRIC_REPRESENTATION_CONTEXT(2) 
PARAMETRIC_REPRESENTATION_CONTEXT() REPRESENTATION_CONTEXT('2D SPACE',''
  ) );
#962 = PCURVE('',#598,#963);
#963 = DEFINITIONAL_REPRESENTATION('',(#964),#968);
#964 = LINE('',#965,#966);
#965 = CARTESIAN_POINT('',(-3.290896534381,0.));
#966 = VECTOR('',#967,1.);
#967 = DIRECTION('',(-0.,-1.));
#968 = ( GEOMETRIC_REPRESENTATION_CONTEXT(2) 
PARAMETRIC_REPRESENTATION_CONTEXT() REPRESENTATION_CONTEXT('2D SPACE',''
  ) );
#969 = ORIENTED_EDGE('',*,*,#556,.T.);
#970 = ORIENTED_EDGE('',*,*,#922,.F.);
#971 = ORIENTED_EDGE('',*,*,#735,.F.);
#972 = ADVANCED_FACE('',(#973),#598,.T.);
#973 = FACE_BOUND('',#974,.F.);
#974 = EDGE_LOOP('',(#975,#996,#997,#998));
#975 = ORIENTED_EDGE('',*,*,#976,.T.);
#976 = EDGE_CURVE('',#690,#445,#977,.T.);
#977 = SURFACE_CURVE('',#978,(#982,#989),.PCURVE_S1.);
#978 = LINE('',#979,#980);
#979 = CARTESIAN_POINT('',(13.64544826719,-26.15,153.4));
#980 = VECTOR('',#981,1.);
#981 = DIRECTION('',(-0.,-0.,1.));
#982 = PCURVE('',#598,#983);
#983 = DEFINITIONAL_REPRESENTATION('',(#984),#988);
#984 = LINE('',#985,#986);
#985 = CARTESIAN_POINT('',(-0.,-0.));
#986 = VECTOR('',#987,1.);
#987 = DIRECTION('',(-0.,-1.));
#988 = ( GEOMETRIC_REPRESENTATION_CONTEXT(2) 
PARAMETRIC_REPRESENTATION_CONTEXT() REPRESENTATION_CONTEXT('2D SPACE',''
  ) );
#989 = PCURVE('',#460,#990);
#990 = DEFINITIONAL_REPRESENTATION('',(#991),#995);
#991 = LINE('',#992,#993);
#992 = CARTESIAN_POINT('',(-3.290896534381,0.));
#993 = VECTOR('',#994,1.);
#994 = DIRECTION('',(-0.,-1.));
#995 = ( GEOMETRIC_REPRESENTATION_CONTEXT(2) 
PARAMETRIC_REPRESENTATION_CONTEXT() REPRESENTATION_CONTEXT('2D SPACE',''
  ) );
#996 = ORIENTED_EDGE('',*,*,#584,.T.);
#997 = ORIENTED_EDGE('',*,*,#949,.F.);
#998 = ORIENTED_EDGE('',*,*,#712,.F.);
#999 = ADVANCED_FACE('',(#1000),#460,.T.);
#1000 = FACE_BOUND('',#1001,.F.);
#1001 = EDGE_LOOP('',(#1002,#1003,#1004,#1005));
#1002 = ORIENTED_EDGE('',*,*,#637,.T.);
#1003 = ORIENTED_EDGE('',*,*,#442,.T.);
#1004 = ORIENTED_EDGE('',*,*,#976,.F.);
#1005 = ORIENTED_EDGE('',*,*,#689,.F.);
#1006 = ADVANCED_FACE('',(#1007),#374,.T.);
#1007 = FACE_BOUND('',#1008,.F.);
#1008 = EDGE_LOOP('',(#1009,#1032,#1033,#1056));
#1009 = ORIENTED_EDGE('',*,*,#1010,.T.);
#1010 = EDGE_CURVE('',#1011,#359,#1013,.T.);
#1011 = VERTEX_POINT('',#1012);
#1012 = CARTESIAN_POINT('',(-15.29089653438,-23.3,153.4));
#1013 = SURFACE_CURVE('',#1014,(#1018,#1025),.PCURVE_S1.);
#1014 = LINE('',#1015,#1016);
#1015 = CARTESIAN_POINT('',(-15.29089653438,-23.3,153.4));
#1016 = VECTOR('',#1017,1.);
#1017 = DIRECTION('',(-0.,-0.,1.));
#1018 = PCURVE('',#374,#1019);
#1019 = DEFINITIONAL_REPRESENTATION('',(#1020),#1024);
#1020 = LINE('',#1021,#1022);
#1021 = CARTESIAN_POINT('',(-0.,0.));
#1022 = VECTOR('',#1023,1.);
#1023 = DIRECTION('',(-0.,-1.));
#1024 = ( GEOMETRIC_REPRESENTATION_CONTEXT(2) 
PARAMETRIC_REPRESENTATION_CONTEXT() REPRESENTATION_CONTEXT('2D SPACE',''
  ) );
#1025 = PCURVE('',#402,#1026);
#1026 = DEFINITIONAL_REPRESENTATION('',(#1027),#1031);
#1027 = LINE('',#1028,#1029);
#1028 = CARTESIAN_POINT('',(-3.290896534381,-0.));
#1029 = VECTOR('',#1030,1.);
#1030 = DIRECTION('',(-0.,-1.));
#1031 = ( GEOMETRIC_REPRESENTATION_CONTEXT(2) 
PARAMETRIC_REPRESENTATION_CONTEXT() REPRESENTATION_CONTEXT('2D SPACE',''
  ) );
#1032 = ORIENTED_EDGE('',*,*,#358,.T.);
#1033 = ORIENTED_EDGE('',*,*,#1034,.F.);
#1034 = EDGE_CURVE('',#1035,#331,#1037,.T.);
#1035 = VERTEX_POINT('',#1036);
#1036 = CARTESIAN_POINT('',(-13.64544826719,-20.45,153.4));
#1037 = SURFACE_CURVE('',#1038,(#1042,#1049),.PCURVE_S1.);
#1038 = LINE('',#1039,#1040);
#1039 = CARTESIAN_POINT('',(-13.64544826719,-20.45,153.4));
#1040 = VECTOR('',#1041,1.);
#1041 = DIRECTION('',(-0.,-0.,1.));
#1042 = PCURVE('',#374,#1043);
#1043 = DEFINITIONAL_REPRESENTATION('',(#1044),#1048);
#1044 = LINE('',#1045,#1046);
#1045 = CARTESIAN_POINT('',(-3.290896534381,0.));
#1046 = VECTOR('',#1047,1.);
#1047 = DIRECTION('',(-0.,-1.));
#1048 = ( GEOMETRIC_REPRESENTATION_CONTEXT(2) 
PARAMETRIC_REPRESENTATION_CONTEXT() REPRESENTATION_CONTEXT('2D SPACE',''
  ) );
#1049 = PCURVE('',#346,#1050);
#1050 = DEFINITIONAL_REPRESENTATION('',(#1051),#1055);
#1051 = LINE('',#1052,#1053);
#1052 = CARTESIAN_POINT('',(-0.,0.));
#1053 = VECTOR('',#1054,1.);
#1054 = DIRECTION('',(-0.,-1.));
#1055 = ( GEOMETRIC_REPRESENTATION_CONTEXT(2) 
PARAMETRIC_REPRESENTATION_CONTEXT() REPRESENTATION_CONTEXT('2D SPACE',''
  ) );
#1056 = ORIENTED_EDGE('',*,*,#1057,.F.);
#1057 = EDGE_CURVE('',#1011,#1035,#1058,.T.);
#1058 = SURFACE_CURVE('',#1059,(#1063,#1070),.PCURVE_S1.);
#1059 = LINE('',#1060,#1061);
#1060 = CARTESIAN_POINT('',(-15.29089653438,-23.3,153.4));
#1061 = VECTOR('',#1062,1.);
#1062 = DIRECTION('',(0.5,0.866025403784,-0.));
#1063 = PCURVE('',#374,#1064);
#1064 = DEFINITIONAL_REPRESENTATION('',(#1065),#1069);
#1065 = LINE('',#1066,#1067);
#1066 = CARTESIAN_POINT('',(-0.,0.));
#1067 = VECTOR('',#1068,1.);
#1068 = DIRECTION('',(-1.,0.));
#1069 = ( GEOMETRIC_REPRESENTATION_CONTEXT(2) 
PARAMETRIC_REPRESENTATION_CONTEXT() REPRESENTATION_CONTEXT('2D SPACE',''
  ) );
#1070 = PCURVE('',#1071,#1076);
#1071 = PLANE('',#1072);
#1072 = AXIS2_PLACEMENT_3D('',#1073,#1074,#1075);
#1073 = CARTESIAN_POINT('',(-12.,-23.3,153.4));
#1074 = DIRECTION('',(-0.,-0.,1.));
#1075 = DIRECTION('',(-1.,0.,0.));
#1076 = DEFINITIONAL_REPRESENTATION('',(#1077),#1081);
#1077 = LINE('',#1078,#1079);
#1078 = CARTESIAN_POINT('',(3.290896534381,-0.));
#1079 = VECTOR('',#1080,1.);
#1080 = DIRECTION('',(-0.5,-0.866025403784));
#1081 = ( GEOMETRIC_REPRESENTATION_CONTEXT(2) 
PARAMETRIC_REPRESENTATION_CONTEXT() REPRESENTATION_CONTEXT('2D SPACE',''
  ) );
#1082 = ADVANCED_FACE('',(#1083,#1199),#1071,.T.);
#1083 = FACE_BOUND('',#1084,.F.);
#1084 = EDGE_LOOP('',(#1085,#1110,#1133,#1154,#1155,#1178));
#1085 = ORIENTED_EDGE('',*,*,#1086,.T.);
#1086 = EDGE_CURVE('',#1087,#1089,#1091,.T.);
#1087 = VERTEX_POINT('',#1088);
#1088 = CARTESIAN_POINT('',(-8.709103465619,-23.3,153.4));
#1089 = VERTEX_POINT('',#1090);
#1090 = CARTESIAN_POINT('',(-10.35455173281,-26.15,153.4));
#1091 = SURFACE_CURVE('',#1092,(#1096,#1103),.PCURVE_S1.);
#1092 = LINE('',#1093,#1094);
#1093 = CARTESIAN_POINT('',(-8.709103465619,-23.3,153.4));
#1094 = VECTOR('',#1095,1.);
#1095 = DIRECTION('',(-0.5,-0.866025403784,-0.));
#1096 = PCURVE('',#1071,#1097);
#1097 = DEFINITIONAL_REPRESENTATION('',(#1098),#1102);
#1098 = LINE('',#1099,#1100);
#1099 = CARTESIAN_POINT('',(-3.290896534381,-0.));
#1100 = VECTOR('',#1101,1.);
#1101 = DIRECTION('',(0.5,0.866025403784));
#1102 = ( GEOMETRIC_REPRESENTATION_CONTEXT(2) 
PARAMETRIC_REPRESENTATION_CONTEXT() REPRESENTATION_CONTEXT('2D SPACE',''
  ) );
#1103 = PCURVE('',#290,#1104);
#1104 = DEFINITIONAL_REPRESENTATION('',(#1105),#1109);
#1105 = LINE('',#1106,#1107);
#1106 = CARTESIAN_POINT('',(-0.,-0.));
#1107 = VECTOR('',#1108,1.);
#1108 = DIRECTION('',(-1.,0.));
#1109 = ( GEOMETRIC_REPRESENTATION_CONTEXT(2) 
PARAMETRIC_REPRESENTATION_CONTEXT() REPRESENTATION_CONTEXT('2D SPACE',''
  ) );
#1110 = ORIENTED_EDGE('',*,*,#1111,.T.);
#1111 = EDGE_CURVE('',#1089,#1112,#1114,.T.);
#1112 = VERTEX_POINT('',#1113);
#1113 = CARTESIAN_POINT('',(-13.64544826719,-26.15,153.4));
#1114 = SURFACE_CURVE('',#1115,(#1119,#1126),.PCURVE_S1.);
#1115 = LINE('',#1116,#1117);
#1116 = CARTESIAN_POINT('',(-10.35455173281,-26.15,153.4));
#1117 = VECTOR('',#1118,1.);
#1118 = DIRECTION('',(-1.,-1.349447499217E-16,-0.));
#1119 = PCURVE('',#1071,#1120);
#1120 = DEFINITIONAL_REPRESENTATION('',(#1121),#1125);
#1121 = LINE('',#1122,#1123);
#1122 = CARTESIAN_POINT('',(-1.64544826719,2.85));
#1123 = VECTOR('',#1124,1.);
#1124 = DIRECTION('',(1.,1.349447499217E-16));
#1125 = ( GEOMETRIC_REPRESENTATION_CONTEXT(2) 
PARAMETRIC_REPRESENTATION_CONTEXT() REPRESENTATION_CONTEXT('2D SPACE',''
  ) );
#1126 = PCURVE('',#428,#1127);
#1127 = DEFINITIONAL_REPRESENTATION('',(#1128),#1132);
#1128 = LINE('',#1129,#1130);
#1129 = CARTESIAN_POINT('',(-0.,-0.));
#1130 = VECTOR('',#1131,1.);
#1131 = DIRECTION('',(-1.,0.));
#1132 = ( GEOMETRIC_REPRESENTATION_CONTEXT(2) 
PARAMETRIC_REPRESENTATION_CONTEXT() REPRESENTATION_CONTEXT('2D SPACE',''
  ) );
#1133 = ORIENTED_EDGE('',*,*,#1134,.T.);
#1134 = EDGE_CURVE('',#1112,#1011,#1135,.T.);
#1135 = SURFACE_CURVE('',#1136,(#1140,#1147),.PCURVE_S1.);
#1136 = LINE('',#1137,#1138);
#1137 = CARTESIAN_POINT('',(-13.64544826719,-26.15,153.4));
#1138 = VECTOR('',#1139,1.);
#1139 = DIRECTION('',(-0.5,0.866025403784,0.));
#1140 = PCURVE('',#1071,#1141);
#1141 = DEFINITIONAL_REPRESENTATION('',(#1142),#1146);
#1142 = LINE('',#1143,#1144);
#1143 = CARTESIAN_POINT('',(1.64544826719,2.85));
#1144 = VECTOR('',#1145,1.);
#1145 = DIRECTION('',(0.5,-0.866025403784));
#1146 = ( GEOMETRIC_REPRESENTATION_CONTEXT(2) 
PARAMETRIC_REPRESENTATION_CONTEXT() REPRESENTATION_CONTEXT('2D SPACE',''
  ) );
#1147 = PCURVE('',#402,#1148);
#1148 = DEFINITIONAL_REPRESENTATION('',(#1149),#1153);
#1149 = LINE('',#1150,#1151);
#1150 = CARTESIAN_POINT('',(-0.,0.));
#1151 = VECTOR('',#1152,1.);
#1152 = DIRECTION('',(-1.,-0.));
#1153 = ( GEOMETRIC_REPRESENTATION_CONTEXT(2) 
PARAMETRIC_REPRESENTATION_CONTEXT() REPRESENTATION_CONTEXT('2D SPACE',''
  ) );
#1154 = ORIENTED_EDGE('',*,*,#1057,.T.);
#1155 = ORIENTED_EDGE('',*,*,#1156,.T.);
#1156 = EDGE_CURVE('',#1035,#1157,#1159,.T.);
#1157 = VERTEX_POINT('',#1158);
#1158 = CARTESIAN_POINT('',(-10.35455173281,-20.45,153.4));
#1159 = SURFACE_CURVE('',#1160,(#1164,#1171),.PCURVE_S1.);
#1160 = LINE('',#1161,#1162);
#1161 = CARTESIAN_POINT('',(-13.64544826719,-20.45,153.4));
#1162 = VECTOR('',#1163,1.);
#1163 = DIRECTION('',(1.,5.397789996866E-16,-0.));
#1164 = PCURVE('',#1071,#1165);
#1165 = DEFINITIONAL_REPRESENTATION('',(#1166),#1170);
#1166 = LINE('',#1167,#1168);
#1167 = CARTESIAN_POINT('',(1.64544826719,-2.85));
#1168 = VECTOR('',#1169,1.);
#1169 = DIRECTION('',(-1.,-5.397789996866E-16));
#1170 = ( GEOMETRIC_REPRESENTATION_CONTEXT(2) 
PARAMETRIC_REPRESENTATION_CONTEXT() REPRESENTATION_CONTEXT('2D SPACE',''
  ) );
#1171 = PCURVE('',#346,#1172);
#1172 = DEFINITIONAL_REPRESENTATION('',(#1173),#1177);
#1173 = LINE('',#1174,#1175);
#1174 = CARTESIAN_POINT('',(-0.,0.));
#1175 = VECTOR('',#1176,1.);
#1176 = DIRECTION('',(-1.,0.));
#1177 = ( GEOMETRIC_REPRESENTATION_CONTEXT(2) 
PARAMETRIC_REPRESENTATION_CONTEXT() REPRESENTATION_CONTEXT('2D SPACE',''
  ) );
#1178 = ORIENTED_EDGE('',*,*,#1179,.T.);
#1179 = EDGE_CURVE('',#1157,#1087,#1180,.T.);
#1180 = SURFACE_CURVE('',#1181,(#1185,#1192),.PCURVE_S1.);
#1181 = LINE('',#1182,#1183);
#1182 = CARTESIAN_POINT('',(-10.35455173281,-20.45,153.4));
#1183 = VECTOR('',#1184,1.);
#1184 = DIRECTION('',(0.5,-0.866025403784,-0.));
#1185 = PCURVE('',#1071,#1186);
#1186 = DEFINITIONAL_REPRESENTATION('',(#1187),#1191);
#1187 = LINE('',#1188,#1189);
#1188 = CARTESIAN_POINT('',(-1.64544826719,-2.85));
#1189 = VECTOR('',#1190,1.);
#1190 = DIRECTION('',(-0.5,0.866025403784));
#1191 = ( GEOMETRIC_REPRESENTATION_CONTEXT(2) 
PARAMETRIC_REPRESENTATION_CONTEXT() REPRESENTATION_CONTEXT('2D SPACE',''
  ) );
#1192 = PCURVE('',#318,#1193);
#1193 = DEFINITIONAL_REPRESENTATION('',(#1194),#1198);
#1194 = LINE('',#1195,#1196);
#1195 = CARTESIAN_POINT('',(-0.,-0.));
#1196 = VECTOR('',#1197,1.);
#1197 = DIRECTION('',(-1.,0.));
#1198 = ( GEOMETRIC_REPRESENTATION_CONTEXT(2) 
PARAMETRIC_REPRESENTATION_CONTEXT() REPRESENTATION_CONTEXT('2D SPACE',''
  ) );
#1199 = FACE_BOUND('',#1200,.F.);
#1200 = EDGE_LOOP('',(#1201));
#1201 = ORIENTED_EDGE('',*,*,#1202,.F.);
#1202 = EDGE_CURVE('',#1203,#1203,#1205,.T.);
#1203 = VERTEX_POINT('',#1204);
#1204 = CARTESIAN_POINT('',(-10.3,-23.3,153.4));
#1205 = SURFACE_CURVE('',#1206,(#1211,#1222),.PCURVE_S1.);
#1206 = CIRCLE('',#1207,1.7);
#1207 = AXIS2_PLACEMENT_3D('',#1208,#1209,#1210);
#1208 = CARTESIAN_POINT('',(-12.,-23.3,153.4));
#1209 = DIRECTION('',(0.,0.,-1.));
#1210 = DIRECTION('',(1.,-0.,-0.));
#1211 = PCURVE('',#1071,#1212);
#1212 = DEFINITIONAL_REPRESENTATION('',(#1213),#1221);
#1213 = ( BOUNDED_CURVE() B_SPLINE_CURVE(2,(#1214,#1215,#1216,#1217,
#1218,#1219,#1220),.UNSPECIFIED.,.T.,.F.) B_SPLINE_CURVE_WITH_KNOTS((1,2
    ,2,2,2,1),(-2.094395102393,0.,2.094395102393,4.188790204786,
6.28318530718,8.377580409573),.UNSPECIFIED.) CURVE() 
GEOMETRIC_REPRESENTATION_ITEM() RATIONAL_B_SPLINE_CURVE((1.,0.5,1.,0.5,
1.,0.5,1.)) REPRESENTATION_ITEM('') );
#1214 = CARTESIAN_POINT('',(-1.7,0.));
#1215 = CARTESIAN_POINT('',(-1.7,2.944486372867));
#1216 = CARTESIAN_POINT('',(0.85,1.472243186434));
#1217 = CARTESIAN_POINT('',(3.4,4.163799117101E-16));
#1218 = CARTESIAN_POINT('',(0.85,-1.472243186434));
#1219 = CARTESIAN_POINT('',(-1.7,-2.944486372867));
#1220 = CARTESIAN_POINT('',(-1.7,0.));
#1221 = ( GEOMETRIC_REPRESENTATION_CONTEXT(2) 
PARAMETRIC_REPRESENTATION_CONTEXT() REPRESENTATION_CONTEXT('2D SPACE',''
  ) );
#1222 = PCURVE('',#1223,#1228);
#1223 = CYLINDRICAL_SURFACE('',#1224,1.7);
#1224 = AXIS2_PLACEMENT_3D('',#1225,#1226,#1227);
#1225 = CARTESIAN_POINT('',(-12.,-23.3,149.));
#1226 = DIRECTION('',(-0.,-0.,1.));
#1227 = DIRECTION('',(1.,-0.,-0.));
#1228 = DEFINITIONAL_REPRESENTATION('',(#1229),#1233);
#1229 = LINE('',#1230,#1231);
#1230 = CARTESIAN_POINT('',(-0.,4.4));
#1231 = VECTOR('',#1232,1.);
#1232 = DIRECTION('',(-1.,0.));
#1233 = ( GEOMETRIC_REPRESENTATION_CONTEXT(2) 
PARAMETRIC_REPRESENTATION_CONTEXT() REPRESENTATION_CONTEXT('2D SPACE',''
  ) );
#1234 = ADVANCED_FACE('',(#1235),#1223,.F.);
#1235 = FACE_BOUND('',#1236,.T.);
#1236 = EDGE_LOOP('',(#1237,#1238,#1261,#1287));
#1237 = ORIENTED_EDGE('',*,*,#1202,.F.);
#1238 = ORIENTED_EDGE('',*,*,#1239,.F.);
#1239 = EDGE_CURVE('',#1240,#1203,#1242,.T.);
#1240 = VERTEX_POINT('',#1241);
#1241 = CARTESIAN_POINT('',(-10.3,-23.3,150.));
#1242 = SEAM_CURVE('',#1243,(#1247,#1254),.PCURVE_S1.);
#1243 = LINE('',#1244,#1245);
#1244 = CARTESIAN_POINT('',(-10.3,-23.3,149.));
#1245 = VECTOR('',#1246,1.);
#1246 = DIRECTION('',(-0.,-0.,1.));
#1247 = PCURVE('',#1223,#1248);
#1248 = DEFINITIONAL_REPRESENTATION('',(#1249),#1253);
#1249 = LINE('',#1250,#1251);
#1250 = CARTESIAN_POINT('',(-6.28318530718,-0.));
#1251 = VECTOR('',#1252,1.);
#1252 = DIRECTION('',(-0.,1.));
#1253 = ( GEOMETRIC_REPRESENTATION_CONTEXT(2) 
PARAMETRIC_REPRESENTATION_CONTEXT() REPRESENTATION_CONTEXT('2D SPACE',''
  ) );
#1254 = PCURVE('',#1223,#1255);
#1255 = DEFINITIONAL_REPRESENTATION('',(#1256),#1260);
#1256 = LINE('',#1257,#1258);
#1257 = CARTESIAN_POINT('',(-0.,-0.));
#1258 = VECTOR('',#1259,1.);
#1259 = DIRECTION('',(-0.,1.));
#1260 = ( GEOMETRIC_REPRESENTATION_CONTEXT(2) 
PARAMETRIC_REPRESENTATION_CONTEXT() REPRESENTATION_CONTEXT('2D SPACE',''
  ) );
#1261 = ORIENTED_EDGE('',*,*,#1262,.T.);
#1262 = EDGE_CURVE('',#1240,#1240,#1263,.T.);
#1263 = SURFACE_CURVE('',#1264,(#1269,#1276),.PCURVE_S1.);
#1264 = CIRCLE('',#1265,1.7);
#1265 = AXIS2_PLACEMENT_3D('',#1266,#1267,#1268);
#1266 = CARTESIAN_POINT('',(-12.,-23.3,150.));
#1267 = DIRECTION('',(0.,0.,-1.));
#1268 = DIRECTION('',(1.,-0.,-0.));
#1269 = PCURVE('',#1223,#1270);
#1270 = DEFINITIONAL_REPRESENTATION('',(#1271),#1275);
#1271 = LINE('',#1272,#1273);
#1272 = CARTESIAN_POINT('',(-0.,1.));
#1273 = VECTOR('',#1274,1.);
#1274 = DIRECTION('',(-1.,0.));
#1275 = ( GEOMETRIC_REPRESENTATION_CONTEXT(2) 
PARAMETRIC_REPRESENTATION_CONTEXT() REPRESENTATION_CONTEXT('2D SPACE',''
  ) );
#1276 = PCURVE('',#72,#1277);
#1277 = DEFINITIONAL_REPRESENTATION('',(#1278),#1286);
#1278 = ( BOUNDED_CURVE() B_SPLINE_CURVE(2,(#1279,#1280,#1281,#1282,
#1283,#1284,#1285),.UNSPECIFIED.,.T.,.F.) B_SPLINE_CURVE_WITH_KNOTS((1,2
    ,2,2,2,1),(-2.094395102393,0.,2.094395102393,4.188790204786,
6.28318530718,8.377580409573),.UNSPECIFIED.) CURVE() 
GEOMETRIC_REPRESENTATION_ITEM() RATIONAL_B_SPLINE_CURVE((1.,0.5,1.,0.5,
1.,0.5,1.)) REPRESENTATION_ITEM('') );
#1279 = CARTESIAN_POINT('',(-9.7,12.));
#1280 = CARTESIAN_POINT('',(-9.7,14.944486372867));
#1281 = CARTESIAN_POINT('',(-7.15,13.472243186434));
#1282 = CARTESIAN_POINT('',(-4.6,12.));
#1283 = CARTESIAN_POINT('',(-7.15,10.527756813566));
#1284 = CARTESIAN_POINT('',(-9.7,9.055513627133));
#1285 = CARTESIAN_POINT('',(-9.7,12.));
#1286 = ( GEOMETRIC_REPRESENTATION_CONTEXT(2) 
PARAMETRIC_REPRESENTATION_CONTEXT() REPRESENTATION_CONTEXT('2D SPACE',''
  ) );
#1287 = ORIENTED_EDGE('',*,*,#1239,.T.);
#1288 = ADVANCED_FACE('',(#1289),#402,.T.);
#1289 = FACE_BOUND('',#1290,.F.);
#1290 = EDGE_LOOP('',(#1291,#1312,#1313,#1314));
#1291 = ORIENTED_EDGE('',*,*,#1292,.T.);
#1292 = EDGE_CURVE('',#1112,#387,#1293,.T.);
#1293 = SURFACE_CURVE('',#1294,(#1298,#1305),.PCURVE_S1.);
#1294 = LINE('',#1295,#1296);
#1295 = CARTESIAN_POINT('',(-13.64544826719,-26.15,153.4));
#1296 = VECTOR('',#1297,1.);
#1297 = DIRECTION('',(-0.,-0.,1.));
#1298 = PCURVE('',#402,#1299);
#1299 = DEFINITIONAL_REPRESENTATION('',(#1300),#1304);
#1300 = LINE('',#1301,#1302);
#1301 = CARTESIAN_POINT('',(-0.,0.));
#1302 = VECTOR('',#1303,1.);
#1303 = DIRECTION('',(-0.,-1.));
#1304 = ( GEOMETRIC_REPRESENTATION_CONTEXT(2) 
PARAMETRIC_REPRESENTATION_CONTEXT() REPRESENTATION_CONTEXT('2D SPACE',''
  ) );
#1305 = PCURVE('',#428,#1306);
#1306 = DEFINITIONAL_REPRESENTATION('',(#1307),#1311);
#1307 = LINE('',#1308,#1309);
#1308 = CARTESIAN_POINT('',(-3.290896534381,0.));
#1309 = VECTOR('',#1310,1.);
#1310 = DIRECTION('',(-0.,-1.));
#1311 = ( GEOMETRIC_REPRESENTATION_CONTEXT(2) 
PARAMETRIC_REPRESENTATION_CONTEXT() REPRESENTATION_CONTEXT('2D SPACE',''
  ) );
#1312 = ORIENTED_EDGE('',*,*,#386,.T.);
#1313 = ORIENTED_EDGE('',*,*,#1010,.F.);
#1314 = ORIENTED_EDGE('',*,*,#1134,.F.);
#1315 = ADVANCED_FACE('',(#1316),#346,.T.);
#1316 = FACE_BOUND('',#1317,.F.);
#1317 = EDGE_LOOP('',(#1318,#1319,#1320,#1341));
#1318 = ORIENTED_EDGE('',*,*,#1034,.T.);
#1319 = ORIENTED_EDGE('',*,*,#330,.T.);
#1320 = ORIENTED_EDGE('',*,*,#1321,.F.);
#1321 = EDGE_CURVE('',#1157,#303,#1322,.T.);
#1322 = SURFACE_CURVE('',#1323,(#1327,#1334),.PCURVE_S1.);
#1323 = LINE('',#1324,#1325);
#1324 = CARTESIAN_POINT('',(-10.35455173281,-20.45,153.4));
#1325 = VECTOR('',#1326,1.);
#1326 = DIRECTION('',(-0.,-0.,1.));
#1327 = PCURVE('',#346,#1328);
#1328 = DEFINITIONAL_REPRESENTATION('',(#1329),#1333);
#1329 = LINE('',#1330,#1331);
#1330 = CARTESIAN_POINT('',(-3.290896534381,0.));
#1331 = VECTOR('',#1332,1.);
#1332 = DIRECTION('',(-0.,-1.));
#1333 = ( GEOMETRIC_REPRESENTATION_CONTEXT(2) 
PARAMETRIC_REPRESENTATION_CONTEXT() REPRESENTATION_CONTEXT('2D SPACE',''
  ) );
#1334 = PCURVE('',#318,#1335);
#1335 = DEFINITIONAL_REPRESENTATION('',(#1336),#1340);
#1336 = LINE('',#1337,#1338);
#1337 = CARTESIAN_POINT('',(-0.,-0.));
#1338 = VECTOR('',#1339,1.);
#1339 = DIRECTION('',(-0.,-1.));
#1340 = ( GEOMETRIC_REPRESENTATION_CONTEXT(2) 
PARAMETRIC_REPRESENTATION_CONTEXT() REPRESENTATION_CONTEXT('2D SPACE',''
  ) );
#1341 = ORIENTED_EDGE('',*,*,#1156,.F.);
#1342 = ADVANCED_FACE('',(#1343),#428,.T.);
#1343 = FACE_BOUND('',#1344,.F.);
#1344 = EDGE_LOOP('',(#1345,#1366,#1367,#1368));
#1345 = ORIENTED_EDGE('',*,*,#1346,.T.);
#1346 = EDGE_CURVE('',#1089,#275,#1347,.T.);
#1347 = SURFACE_CURVE('',#1348,(#1352,#1359),.PCURVE_S1.);
#1348 = LINE('',#1349,#1350);
#1349 = CARTESIAN_POINT('',(-10.35455173281,-26.15,153.4));
#1350 = VECTOR('',#1351,1.);
#1351 = DIRECTION('',(-0.,-0.,1.));
#1352 = PCURVE('',#428,#1353);
#1353 = DEFINITIONAL_REPRESENTATION('',(#1354),#1358);
#1354 = LINE('',#1355,#1356);
#1355 = CARTESIAN_POINT('',(-0.,-0.));
#1356 = VECTOR('',#1357,1.);
#1357 = DIRECTION('',(-0.,-1.));
#1358 = ( GEOMETRIC_REPRESENTATION_CONTEXT(2) 
PARAMETRIC_REPRESENTATION_CONTEXT() REPRESENTATION_CONTEXT('2D SPACE',''
  ) );
#1359 = PCURVE('',#290,#1360);
#1360 = DEFINITIONAL_REPRESENTATION('',(#1361),#1365);
#1361 = LINE('',#1362,#1363);
#1362 = CARTESIAN_POINT('',(-3.290896534381,0.));
#1363 = VECTOR('',#1364,1.);
#1364 = DIRECTION('',(-0.,-1.));
#1365 = ( GEOMETRIC_REPRESENTATION_CONTEXT(2) 
PARAMETRIC_REPRESENTATION_CONTEXT() REPRESENTATION_CONTEXT('2D SPACE',''
  ) );
#1366 = ORIENTED_EDGE('',*,*,#414,.T.);
#1367 = ORIENTED_EDGE('',*,*,#1292,.F.);
#1368 = ORIENTED_EDGE('',*,*,#1111,.F.);
#1369 = ADVANCED_FACE('',(#1370),#318,.T.);
#1370 = FACE_BOUND('',#1371,.F.);
#1371 = EDGE_LOOP('',(#1372,#1373,#1374,#1395));
#1372 = ORIENTED_EDGE('',*,*,#1321,.T.);
#1373 = ORIENTED_EDGE('',*,*,#302,.T.);
#1374 = ORIENTED_EDGE('',*,*,#1375,.F.);
#1375 = EDGE_CURVE('',#1087,#273,#1376,.T.);
#1376 = SURFACE_CURVE('',#1377,(#1381,#1388),.PCURVE_S1.);
#1377 = LINE('',#1378,#1379);
#1378 = CARTESIAN_POINT('',(-8.709103465619,-23.3,153.4));
#1379 = VECTOR('',#1380,1.);
#1380 = DIRECTION('',(-0.,-0.,1.));
#1381 = PCURVE('',#318,#1382);
#1382 = DEFINITIONAL_REPRESENTATION('',(#1383),#1387);
#1383 = LINE('',#1384,#1385);
#1384 = CARTESIAN_POINT('',(-3.290896534381,0.));
#1385 = VECTOR('',#1386,1.);
#1386 = DIRECTION('',(-0.,-1.));
#1387 = ( GEOMETRIC_REPRESENTATION_CONTEXT(2) 
PARAMETRIC_REPRESENTATION_CONTEXT() REPRESENTATION_CONTEXT('2D SPACE',''
  ) );
#1388 = PCURVE('',#290,#1389);
#1389 = DEFINITIONAL_REPRESENTATION('',(#1390),#1394);
#1390 = LINE('',#1391,#1392);
#1391 = CARTESIAN_POINT('',(-0.,-0.));
#1392 = VECTOR('',#1393,1.);
#1393 = DIRECTION('',(-0.,-1.));
#1394 = ( GEOMETRIC_REPRESENTATION_CONTEXT(2) 
PARAMETRIC_REPRESENTATION_CONTEXT() REPRESENTATION_CONTEXT('2D SPACE',''
  ) );
#1395 = ORIENTED_EDGE('',*,*,#1179,.F.);
#1396 = ADVANCED_FACE('',(#1397),#290,.T.);
#1397 = FACE_BOUND('',#1398,.F.);
#1398 = EDGE_LOOP('',(#1399,#1400,#1401,#1402));
#1399 = ORIENTED_EDGE('',*,*,#1375,.T.);
#1400 = ORIENTED_EDGE('',*,*,#272,.T.);
#1401 = ORIENTED_EDGE('',*,*,#1346,.F.);
#1402 = ORIENTED_EDGE('',*,*,#1086,.F.);
#1403 = ADVANCED_FACE('',(#1404),#237,.T.);
#1404 = FACE_BOUND('',#1405,.F.);
#1405 = EDGE_LOOP('',(#1406,#1429,#1452,#1475,#1498,#1519));
#1406 = ORIENTED_EDGE('',*,*,#1407,.F.);
#1407 = EDGE_CURVE('',#1408,#199,#1410,.T.);
#1408 = VERTEX_POINT('',#1409);
#1409 = CARTESIAN_POINT('',(20.,-11.3,150.));
#1410 = SURFACE_CURVE('',#1411,(#1415,#1422),.PCURVE_S1.);
#1411 = LINE('',#1412,#1413);
#1412 = CARTESIAN_POINT('',(20.,-11.3,150.));
#1413 = VECTOR('',#1414,1.);
#1414 = DIRECTION('',(0.,0.,1.));
#1415 = PCURVE('',#237,#1416);
#1416 = DEFINITIONAL_REPRESENTATION('',(#1417),#1421);
#1417 = LINE('',#1418,#1419);
#1418 = CARTESIAN_POINT('',(-0.,0.));
#1419 = VECTOR('',#1420,1.);
#1420 = DIRECTION('',(-1.,0.));
#1421 = ( GEOMETRIC_REPRESENTATION_CONTEXT(2) 
PARAMETRIC_REPRESENTATION_CONTEXT() REPRESENTATION_CONTEXT('2D SPACE',''
  ) );
#1422 = PCURVE('',#44,#1423);
#1423 = DEFINITIONAL_REPRESENTATION('',(#1424),#1428);
#1424 = LINE('',#1425,#1426);
#1425 = CARTESIAN_POINT('',(-0.,40.));
#1426 = VECTOR('',#1427,1.);
#1427 = DIRECTION('',(-1.,0.));
#1428 = ( GEOMETRIC_REPRESENTATION_CONTEXT(2) 
PARAMETRIC_REPRESENTATION_CONTEXT() REPRESENTATION_CONTEXT('2D SPACE',''
  ) );
#1429 = ORIENTED_EDGE('',*,*,#1430,.T.);
#1430 = EDGE_CURVE('',#1408,#1431,#1433,.T.);
#1431 = VERTEX_POINT('',#1432);
#1432 = CARTESIAN_POINT('',(20.,-45.3,150.));
#1433 = SURFACE_CURVE('',#1434,(#1438,#1445),.PCURVE_S1.);
#1434 = LINE('',#1435,#1436);
#1435 = CARTESIAN_POINT('',(20.,-11.3,150.));
#1436 = VECTOR('',#1437,1.);
#1437 = DIRECTION('',(0.,-1.,0.));
#1438 = PCURVE('',#237,#1439);
#1439 = DEFINITIONAL_REPRESENTATION('',(#1440),#1444);
#1440 = LINE('',#1441,#1442);
#1441 = CARTESIAN_POINT('',(-0.,0.));
#1442 = VECTOR('',#1443,1.);
#1443 = DIRECTION('',(-0.,-1.));
#1444 = ( GEOMETRIC_REPRESENTATION_CONTEXT(2) 
PARAMETRIC_REPRESENTATION_CONTEXT() REPRESENTATION_CONTEXT('2D SPACE',''
  ) );
#1445 = PCURVE('',#72,#1446);
#1446 = DEFINITIONAL_REPRESENTATION('',(#1447),#1451);
#1447 = LINE('',#1448,#1449);
#1448 = CARTESIAN_POINT('',(-40.,-0.));
#1449 = VECTOR('',#1450,1.);
#1450 = DIRECTION('',(-0.,1.));
#1451 = ( GEOMETRIC_REPRESENTATION_CONTEXT(2) 
PARAMETRIC_REPRESENTATION_CONTEXT() REPRESENTATION_CONTEXT('2D SPACE',''
  ) );
#1452 = ORIENTED_EDGE('',*,*,#1453,.T.);
#1453 = EDGE_CURVE('',#1431,#1454,#1456,.T.);
#1454 = VERTEX_POINT('',#1455);
#1455 = CARTESIAN_POINT('',(20.,-45.3,157.7));
#1456 = SURFACE_CURVE('',#1457,(#1461,#1468),.PCURVE_S1.);
#1457 = LINE('',#1458,#1459);
#1458 = CARTESIAN_POINT('',(20.,-45.3,150.));
#1459 = VECTOR('',#1460,1.);
#1460 = DIRECTION('',(0.,0.,1.));
#1461 = PCURVE('',#237,#1462);
#1462 = DEFINITIONAL_REPRESENTATION('',(#1463),#1467);
#1463 = LINE('',#1464,#1465);
#1464 = CARTESIAN_POINT('',(-0.,-34.));
#1465 = VECTOR('',#1466,1.);
#1466 = DIRECTION('',(-1.,0.));
#1467 = ( GEOMETRIC_REPRESENTATION_CONTEXT(2) 
PARAMETRIC_REPRESENTATION_CONTEXT() REPRESENTATION_CONTEXT('2D SPACE',''
  ) );
#1468 = PCURVE('',#100,#1469);
#1469 = DEFINITIONAL_REPRESENTATION('',(#1470),#1474);
#1470 = LINE('',#1471,#1472);
#1471 = CARTESIAN_POINT('',(-0.,40.));
#1472 = VECTOR('',#1473,1.);
#1473 = DIRECTION('',(-1.,0.));
#1474 = ( GEOMETRIC_REPRESENTATION_CONTEXT(2) 
PARAMETRIC_REPRESENTATION_CONTEXT() REPRESENTATION_CONTEXT('2D SPACE',''
  ) );
#1475 = ORIENTED_EDGE('',*,*,#1476,.F.);
#1476 = EDGE_CURVE('',#1477,#1454,#1479,.T.);
#1477 = VERTEX_POINT('',#1478);
#1478 = CARTESIAN_POINT('',(20.,-33.3,157.7));
#1479 = SURFACE_CURVE('',#1480,(#1484,#1491),.PCURVE_S1.);
#1480 = LINE('',#1481,#1482);
#1481 = CARTESIAN_POINT('',(20.,-33.3,157.7));
#1482 = VECTOR('',#1483,1.);
#1483 = DIRECTION('',(0.,-1.,0.));
#1484 = PCURVE('',#237,#1485);
#1485 = DEFINITIONAL_REPRESENTATION('',(#1486),#1490);
#1486 = LINE('',#1487,#1488);
#1487 = CARTESIAN_POINT('',(-7.7,-22.));
#1488 = VECTOR('',#1489,1.);
#1489 = DIRECTION('',(-0.,-1.));
#1490 = ( GEOMETRIC_REPRESENTATION_CONTEXT(2) 
PARAMETRIC_REPRESENTATION_CONTEXT() REPRESENTATION_CONTEXT('2D SPACE',''
  ) );
#1491 = PCURVE('',#128,#1492);
#1492 = DEFINITIONAL_REPRESENTATION('',(#1493),#1497);
#1493 = LINE('',#1494,#1495);
#1494 = CARTESIAN_POINT('',(-40.,-0.));
#1495 = VECTOR('',#1496,1.);
#1496 = DIRECTION('',(-0.,1.));
#1497 = ( GEOMETRIC_REPRESENTATION_CONTEXT(2) 
PARAMETRIC_REPRESENTATION_CONTEXT() REPRESENTATION_CONTEXT('2D SPACE',''
  ) );
#1498 = ORIENTED_EDGE('',*,*,#1499,.F.);
#1499 = EDGE_CURVE('',#222,#1477,#1500,.T.);
#1500 = SURFACE_CURVE('',#1501,(#1505,#1512),.PCURVE_S1.);
#1501 = LINE('',#1502,#1503);
#1502 = CARTESIAN_POINT('',(20.,-33.3,156.));
#1503 = VECTOR('',#1504,1.);
#1504 = DIRECTION('',(0.,0.,1.));
#1505 = PCURVE('',#237,#1506);
#1506 = DEFINITIONAL_REPRESENTATION('',(#1507),#1511);
#1507 = LINE('',#1508,#1509);
#1508 = CARTESIAN_POINT('',(-6.,-22.));
#1509 = VECTOR('',#1510,1.);
#1510 = DIRECTION('',(-1.,0.));
#1511 = ( GEOMETRIC_REPRESENTATION_CONTEXT(2) 
PARAMETRIC_REPRESENTATION_CONTEXT() REPRESENTATION_CONTEXT('2D SPACE',''
  ) );
#1512 = PCURVE('',#156,#1513);
#1513 = DEFINITIONAL_REPRESENTATION('',(#1514),#1518);
#1514 = LINE('',#1515,#1516);
#1515 = CARTESIAN_POINT('',(-0.,40.));
#1516 = VECTOR('',#1517,1.);
#1517 = DIRECTION('',(-1.,0.));
#1518 = ( GEOMETRIC_REPRESENTATION_CONTEXT(2) 
PARAMETRIC_REPRESENTATION_CONTEXT() REPRESENTATION_CONTEXT('2D SPACE',''
  ) );
#1519 = ORIENTED_EDGE('',*,*,#221,.F.);
#1520 = ADVANCED_FACE('',(#1521),#156,.F.);
#1521 = FACE_BOUND('',#1522,.T.);
#1522 = EDGE_LOOP('',(#1523,#1524,#1525,#1546));
#1523 = ORIENTED_EDGE('',*,*,#249,.F.);
#1524 = ORIENTED_EDGE('',*,*,#140,.T.);
#1525 = ORIENTED_EDGE('',*,*,#1526,.T.);
#1526 = EDGE_CURVE('',#113,#1477,#1527,.T.);
#1527 = SURFACE_CURVE('',#1528,(#1532,#1539),.PCURVE_S1.);
#1528 = LINE('',#1529,#1530);
#1529 = CARTESIAN_POINT('',(-20.,-33.3,157.7));
#1530 = VECTOR('',#1531,1.);
#1531 = DIRECTION('',(1.,0.,-0.));
#1532 = PCURVE('',#156,#1533);
#1533 = DEFINITIONAL_REPRESENTATION('',(#1534),#1538);
#1534 = LINE('',#1535,#1536);
#1535 = CARTESIAN_POINT('',(-1.7,0.));
#1536 = VECTOR('',#1537,1.);
#1537 = DIRECTION('',(-0.,1.));
#1538 = ( GEOMETRIC_REPRESENTATION_CONTEXT(2) 
PARAMETRIC_REPRESENTATION_CONTEXT() REPRESENTATION_CONTEXT('2D SPACE',''
  ) );
#1539 = PCURVE('',#128,#1540);
#1540 = DEFINITIONAL_REPRESENTATION('',(#1541),#1545);
#1541 = LINE('',#1542,#1543);
#1542 = CARTESIAN_POINT('',(-0.,-0.));
#1543 = VECTOR('',#1544,1.);
#1544 = DIRECTION('',(-1.,0.));
#1545 = ( GEOMETRIC_REPRESENTATION_CONTEXT(2) 
PARAMETRIC_REPRESENTATION_CONTEXT() REPRESENTATION_CONTEXT('2D SPACE',''
  ) );
#1546 = ORIENTED_EDGE('',*,*,#1499,.F.);
#1547 = ADVANCED_FACE('',(#1548,#1574,#1609),#128,.T.);
#1548 = FACE_BOUND('',#1549,.F.);
#1549 = EDGE_LOOP('',(#1550,#1551,#1552,#1553));
#1550 = ORIENTED_EDGE('',*,*,#112,.F.);
#1551 = ORIENTED_EDGE('',*,*,#1526,.T.);
#1552 = ORIENTED_EDGE('',*,*,#1476,.T.);
#1553 = ORIENTED_EDGE('',*,*,#1554,.F.);
#1554 = EDGE_CURVE('',#85,#1454,#1555,.T.);
#1555 = SURFACE_CURVE('',#1556,(#1560,#1567),.PCURVE_S1.);
#1556 = LINE('',#1557,#1558);
#1557 = CARTESIAN_POINT('',(-20.,-45.3,157.7));
#1558 = VECTOR('',#1559,1.);
#1559 = DIRECTION('',(1.,0.,-0.));
#1560 = PCURVE('',#128,#1561);
#1561 = DEFINITIONAL_REPRESENTATION('',(#1562),#1566);
#1562 = LINE('',#1563,#1564);
#1563 = CARTESIAN_POINT('',(-0.,12.));
#1564 = VECTOR('',#1565,1.);
#1565 = DIRECTION('',(-1.,0.));
#1566 = ( GEOMETRIC_REPRESENTATION_CONTEXT(2) 
PARAMETRIC_REPRESENTATION_CONTEXT() REPRESENTATION_CONTEXT('2D SPACE',''
  ) );
#1567 = PCURVE('',#100,#1568);
#1568 = DEFINITIONAL_REPRESENTATION('',(#1569),#1573);
#1569 = LINE('',#1570,#1571);
#1570 = CARTESIAN_POINT('',(-7.7,0.));
#1571 = VECTOR('',#1572,1.);
#1572 = DIRECTION('',(-0.,1.));
#1573 = ( GEOMETRIC_REPRESENTATION_CONTEXT(2) 
PARAMETRIC_REPRESENTATION_CONTEXT() REPRESENTATION_CONTEXT('2D SPACE',''
  ) );
#1574 = FACE_BOUND('',#1575,.F.);
#1575 = EDGE_LOOP('',(#1576));
#1576 = ORIENTED_EDGE('',*,*,#1577,.F.);
#1577 = EDGE_CURVE('',#1578,#1578,#1580,.T.);
#1578 = VERTEX_POINT('',#1579);
#1579 = CARTESIAN_POINT('',(-10.3,-39.3,157.7));
#1580 = SURFACE_CURVE('',#1581,(#1586,#1597),.PCURVE_S1.);
#1581 = CIRCLE('',#1582,1.7);
#1582 = AXIS2_PLACEMENT_3D('',#1583,#1584,#1585);
#1583 = CARTESIAN_POINT('',(-12.,-39.3,157.7));
#1584 = DIRECTION('',(0.,0.,-1.));
#1585 = DIRECTION('',(1.,-0.,-0.));
#1586 = PCURVE('',#128,#1587);
#1587 = DEFINITIONAL_REPRESENTATION('',(#1588),#1596);
#1588 = ( BOUNDED_CURVE() B_SPLINE_CURVE(2,(#1589,#1590,#1591,#1592,
#1593,#1594,#1595),.UNSPECIFIED.,.T.,.F.) B_SPLINE_CURVE_WITH_KNOTS((1,2
    ,2,2,2,1),(-2.094395102393,0.,2.094395102393,4.188790204786,
6.28318530718,8.377580409573),.UNSPECIFIED.) CURVE() 
GEOMETRIC_REPRESENTATION_ITEM() RATIONAL_B_SPLINE_CURVE((1.,0.5,1.,0.5,
1.,0.5,1.)) REPRESENTATION_ITEM('') );
#1589 = CARTESIAN_POINT('',(-9.7,6.));
#1590 = CARTESIAN_POINT('',(-9.7,8.944486372867));
#1591 = CARTESIAN_POINT('',(-7.15,7.472243186434));
#1592 = CARTESIAN_POINT('',(-4.6,6.));
#1593 = CARTESIAN_POINT('',(-7.15,4.527756813566));
#1594 = CARTESIAN_POINT('',(-9.7,3.055513627133));
#1595 = CARTESIAN_POINT('',(-9.7,6.));
#1596 = ( GEOMETRIC_REPRESENTATION_CONTEXT(2) 
PARAMETRIC_REPRESENTATION_CONTEXT() REPRESENTATION_CONTEXT('2D SPACE',''
  ) );
#1597 = PCURVE('',#1598,#1603);
#1598 = CYLINDRICAL_SURFACE('',#1599,1.7);
#1599 = AXIS2_PLACEMENT_3D('',#1600,#1601,#1602);
#1600 = CARTESIAN_POINT('',(-12.,-39.3,149.));
#1601 = DIRECTION('',(-0.,-0.,1.));
#1602 = DIRECTION('',(1.,-0.,-0.));
#1603 = DEFINITIONAL_REPRESENTATION('',(#1604),#1608);
#1604 = LINE('',#1605,#1606);
#1605 = CARTESIAN_POINT('',(-0.,8.7));
#1606 = VECTOR('',#1607,1.);
#1607 = DIRECTION('',(-1.,0.));
#1608 = ( GEOMETRIC_REPRESENTATION_CONTEXT(2) 
PARAMETRIC_REPRESENTATION_CONTEXT() REPRESENTATION_CONTEXT('2D SPACE',''
  ) );
#1609 = FACE_BOUND('',#1610,.F.);
#1610 = EDGE_LOOP('',(#1611));
#1611 = ORIENTED_EDGE('',*,*,#1612,.F.);
#1612 = EDGE_CURVE('',#1613,#1613,#1615,.T.);
#1613 = VERTEX_POINT('',#1614);
#1614 = CARTESIAN_POINT('',(13.7,-39.3,157.7));
#1615 = SURFACE_CURVE('',#1616,(#1621,#1632),.PCURVE_S1.);
#1616 = CIRCLE('',#1617,1.7);
#1617 = AXIS2_PLACEMENT_3D('',#1618,#1619,#1620);
#1618 = CARTESIAN_POINT('',(12.,-39.3,157.7));
#1619 = DIRECTION('',(0.,0.,-1.));
#1620 = DIRECTION('',(1.,-0.,-0.));
#1621 = PCURVE('',#128,#1622);
#1622 = DEFINITIONAL_REPRESENTATION('',(#1623),#1631);
#1623 = ( BOUNDED_CURVE() B_SPLINE_CURVE(2,(#1624,#1625,#1626,#1627,
#1628,#1629,#1630),.UNSPECIFIED.,.T.,.F.) B_SPLINE_CURVE_WITH_KNOTS((1,2
    ,2,2,2,1),(-2.094395102393,0.,2.094395102393,4.188790204786,
6.28318530718,8.377580409573),.UNSPECIFIED.) CURVE() 
GEOMETRIC_REPRESENTATION_ITEM() RATIONAL_B_SPLINE_CURVE((1.,0.5,1.,0.5,
1.,0.5,1.)) REPRESENTATION_ITEM('') );
#1624 = CARTESIAN_POINT('',(-33.7,6.));
#1625 = CARTESIAN_POINT('',(-33.7,8.944486372867));
#1626 = CARTESIAN_POINT('',(-31.15,7.472243186434));
#1627 = CARTESIAN_POINT('',(-28.6,6.));
#1628 = CARTESIAN_POINT('',(-31.15,4.527756813566));
#1629 = CARTESIAN_POINT('',(-33.7,3.055513627133));
#1630 = CARTESIAN_POINT('',(-33.7,6.));
#1631 = ( GEOMETRIC_REPRESENTATION_CONTEXT(2) 
PARAMETRIC_REPRESENTATION_CONTEXT() REPRESENTATION_CONTEXT('2D SPACE',''
  ) );
#1632 = PCURVE('',#1633,#1638);
#1633 = CYLINDRICAL_SURFACE('',#1634,1.7);
#1634 = AXIS2_PLACEMENT_3D('',#1635,#1636,#1637);
#1635 = CARTESIAN_POINT('',(12.,-39.3,149.));
#1636 = DIRECTION('',(-0.,-0.,1.));
#1637 = DIRECTION('',(1.,-0.,-0.));
#1638 = DEFINITIONAL_REPRESENTATION('',(#1639),#1643);
#1639 = LINE('',#1640,#1641);
#1640 = CARTESIAN_POINT('',(-0.,8.7));
#1641 = VECTOR('',#1642,1.);
#1642 = DIRECTION('',(-1.,0.));
#1643 = ( GEOMETRIC_REPRESENTATION_CONTEXT(2) 
PARAMETRIC_REPRESENTATION_CONTEXT() REPRESENTATION_CONTEXT('2D SPACE',''
  ) );
#1644 = ADVANCED_FACE('',(#1645),#1633,.F.);
#1645 = FACE_BOUND('',#1646,.T.);
#1646 = EDGE_LOOP('',(#1647,#1670,#1671,#1672));
#1647 = ORIENTED_EDGE('',*,*,#1648,.T.);
#1648 = EDGE_CURVE('',#1649,#1613,#1651,.T.);
#1649 = VERTEX_POINT('',#1650);
#1650 = CARTESIAN_POINT('',(13.7,-39.3,154.6));
#1651 = SEAM_CURVE('',#1652,(#1656,#1663),.PCURVE_S1.);
#1652 = LINE('',#1653,#1654);
#1653 = CARTESIAN_POINT('',(13.7,-39.3,149.));
#1654 = VECTOR('',#1655,1.);
#1655 = DIRECTION('',(-0.,-0.,1.));
#1656 = PCURVE('',#1633,#1657);
#1657 = DEFINITIONAL_REPRESENTATION('',(#1658),#1662);
#1658 = LINE('',#1659,#1660);
#1659 = CARTESIAN_POINT('',(-6.28318530718,-0.));
#1660 = VECTOR('',#1661,1.);
#1661 = DIRECTION('',(-0.,1.));
#1662 = ( GEOMETRIC_REPRESENTATION_CONTEXT(2) 
PARAMETRIC_REPRESENTATION_CONTEXT() REPRESENTATION_CONTEXT('2D SPACE',''
  ) );
#1663 = PCURVE('',#1633,#1664);
#1664 = DEFINITIONAL_REPRESENTATION('',(#1665),#1669);
#1665 = LINE('',#1666,#1667);
#1666 = CARTESIAN_POINT('',(-0.,-0.));
#1667 = VECTOR('',#1668,1.);
#1668 = DIRECTION('',(-0.,1.));
#1669 = ( GEOMETRIC_REPRESENTATION_CONTEXT(2) 
PARAMETRIC_REPRESENTATION_CONTEXT() REPRESENTATION_CONTEXT('2D SPACE',''
  ) );
#1670 = ORIENTED_EDGE('',*,*,#1612,.F.);
#1671 = ORIENTED_EDGE('',*,*,#1648,.F.);
#1672 = ORIENTED_EDGE('',*,*,#1673,.T.);
#1673 = EDGE_CURVE('',#1649,#1649,#1674,.T.);
#1674 = SURFACE_CURVE('',#1675,(#1680,#1687),.PCURVE_S1.);
#1675 = CIRCLE('',#1676,1.7);
#1676 = AXIS2_PLACEMENT_3D('',#1677,#1678,#1679);
#1677 = CARTESIAN_POINT('',(12.,-39.3,154.6));
#1678 = DIRECTION('',(0.,0.,-1.));
#1679 = DIRECTION('',(1.,-0.,-0.));
#1680 = PCURVE('',#1633,#1681);
#1681 = DEFINITIONAL_REPRESENTATION('',(#1682),#1686);
#1682 = LINE('',#1683,#1684);
#1683 = CARTESIAN_POINT('',(-0.,5.6));
#1684 = VECTOR('',#1685,1.);
#1685 = DIRECTION('',(-1.,0.));
#1686 = ( GEOMETRIC_REPRESENTATION_CONTEXT(2) 
PARAMETRIC_REPRESENTATION_CONTEXT() REPRESENTATION_CONTEXT('2D SPACE',''
  ) );
#1687 = PCURVE('',#1688,#1693);
#1688 = PLANE('',#1689);
#1689 = AXIS2_PLACEMENT_3D('',#1690,#1691,#1692);
#1690 = CARTESIAN_POINT('',(12.,-39.3,154.6));
#1691 = DIRECTION('',(-0.,-0.,1.));
#1692 = DIRECTION('',(-1.,0.,0.));
#1693 = DEFINITIONAL_REPRESENTATION('',(#1694),#1702);
#1694 = ( BOUNDED_CURVE() B_SPLINE_CURVE(2,(#1695,#1696,#1697,#1698,
#1699,#1700,#1701),.UNSPECIFIED.,.T.,.F.) B_SPLINE_CURVE_WITH_KNOTS((1,2
    ,2,2,2,1),(-2.094395102393,0.,2.094395102393,4.188790204786,
6.28318530718,8.377580409573),.UNSPECIFIED.) CURVE() 
GEOMETRIC_REPRESENTATION_ITEM() RATIONAL_B_SPLINE_CURVE((1.,0.5,1.,0.5,
1.,0.5,1.)) REPRESENTATION_ITEM('') );
#1695 = CARTESIAN_POINT('',(-1.7,0.));
#1696 = CARTESIAN_POINT('',(-1.7,2.944486372867));
#1697 = CARTESIAN_POINT('',(0.85,1.472243186434));
#1698 = CARTESIAN_POINT('',(3.4,4.163799117101E-16));
#1699 = CARTESIAN_POINT('',(0.85,-1.472243186434));
#1700 = CARTESIAN_POINT('',(-1.7,-2.944486372867));
#1701 = CARTESIAN_POINT('',(-1.7,0.));
#1702 = ( GEOMETRIC_REPRESENTATION_CONTEXT(2) 
PARAMETRIC_REPRESENTATION_CONTEXT() REPRESENTATION_CONTEXT('2D SPACE',''
  ) );
#1703 = ADVANCED_FACE('',(#1704,#1874),#1688,.F.);
#1704 = FACE_BOUND('',#1705,.T.);
#1705 = EDGE_LOOP('',(#1706,#1736,#1764,#1792,#1820,#1848));
#1706 = ORIENTED_EDGE('',*,*,#1707,.T.);
#1707 = EDGE_CURVE('',#1708,#1710,#1712,.T.);
#1708 = VERTEX_POINT('',#1709);
#1709 = CARTESIAN_POINT('',(15.290896534381,-39.3,154.6));
#1710 = VERTEX_POINT('',#1711);
#1711 = CARTESIAN_POINT('',(13.64544826719,-42.15,154.6));
#1712 = SURFACE_CURVE('',#1713,(#1717,#1724),.PCURVE_S1.);
#1713 = LINE('',#1714,#1715);
#1714 = CARTESIAN_POINT('',(15.290896534381,-39.3,154.6));
#1715 = VECTOR('',#1716,1.);
#1716 = DIRECTION('',(-0.5,-0.866025403784,-0.));
#1717 = PCURVE('',#1688,#1718);
#1718 = DEFINITIONAL_REPRESENTATION('',(#1719),#1723);
#1719 = LINE('',#1720,#1721);
#1720 = CARTESIAN_POINT('',(-3.290896534381,-0.));
#1721 = VECTOR('',#1722,1.);
#1722 = DIRECTION('',(0.5,0.866025403784));
#1723 = ( GEOMETRIC_REPRESENTATION_CONTEXT(2) 
PARAMETRIC_REPRESENTATION_CONTEXT() REPRESENTATION_CONTEXT('2D SPACE',''
  ) );
#1724 = PCURVE('',#1725,#1730);
#1725 = PLANE('',#1726);
#1726 = AXIS2_PLACEMENT_3D('',#1727,#1728,#1729);
#1727 = CARTESIAN_POINT('',(15.290896534381,-39.3,150.));
#1728 = DIRECTION('',(-0.866025403784,0.5,0.));
#1729 = DIRECTION('',(0.5,0.866025403784,0.));
#1730 = DEFINITIONAL_REPRESENTATION('',(#1731),#1735);
#1731 = LINE('',#1732,#1733);
#1732 = CARTESIAN_POINT('',(-0.,-4.6));
#1733 = VECTOR('',#1734,1.);
#1734 = DIRECTION('',(-1.,0.));
#1735 = ( GEOMETRIC_REPRESENTATION_CONTEXT(2) 
PARAMETRIC_REPRESENTATION_CONTEXT() REPRESENTATION_CONTEXT('2D SPACE',''
  ) );
#1736 = ORIENTED_EDGE('',*,*,#1737,.T.);
#1737 = EDGE_CURVE('',#1710,#1738,#1740,.T.);
#1738 = VERTEX_POINT('',#1739);
#1739 = CARTESIAN_POINT('',(10.35455173281,-42.15,154.6));
#1740 = SURFACE_CURVE('',#1741,(#1745,#1752),.PCURVE_S1.);
#1741 = LINE('',#1742,#1743);
#1742 = CARTESIAN_POINT('',(13.64544826719,-42.15,154.6));
#1743 = VECTOR('',#1744,1.);
#1744 = DIRECTION('',(-1.,-1.349447499217E-16,-0.));
#1745 = PCURVE('',#1688,#1746);
#1746 = DEFINITIONAL_REPRESENTATION('',(#1747),#1751);
#1747 = LINE('',#1748,#1749);
#1748 = CARTESIAN_POINT('',(-1.64544826719,2.85));
#1749 = VECTOR('',#1750,1.);
#1750 = DIRECTION('',(1.,1.349447499217E-16));
#1751 = ( GEOMETRIC_REPRESENTATION_CONTEXT(2) 
PARAMETRIC_REPRESENTATION_CONTEXT() REPRESENTATION_CONTEXT('2D SPACE',''
  ) );
#1752 = PCURVE('',#1753,#1758);
#1753 = PLANE('',#1754);
#1754 = AXIS2_PLACEMENT_3D('',#1755,#1756,#1757);
#1755 = CARTESIAN_POINT('',(13.64544826719,-42.15,150.));
#1756 = DIRECTION('',(-1.349447499217E-16,1.,0.));
#1757 = DIRECTION('',(1.,1.349447499217E-16,0.));
#1758 = DEFINITIONAL_REPRESENTATION('',(#1759),#1763);
#1759 = LINE('',#1760,#1761);
#1760 = CARTESIAN_POINT('',(-0.,-4.6));
#1761 = VECTOR('',#1762,1.);
#1762 = DIRECTION('',(-1.,0.));
#1763 = ( GEOMETRIC_REPRESENTATION_CONTEXT(2) 
PARAMETRIC_REPRESENTATION_CONTEXT() REPRESENTATION_CONTEXT('2D SPACE',''
  ) );
#1764 = ORIENTED_EDGE('',*,*,#1765,.T.);
#1765 = EDGE_CURVE('',#1738,#1766,#1768,.T.);
#1766 = VERTEX_POINT('',#1767);
#1767 = CARTESIAN_POINT('',(8.709103465619,-39.3,154.6));
#1768 = SURFACE_CURVE('',#1769,(#1773,#1780),.PCURVE_S1.);
#1769 = LINE('',#1770,#1771);
#1770 = CARTESIAN_POINT('',(10.35455173281,-42.15,154.6));
#1771 = VECTOR('',#1772,1.);
#1772 = DIRECTION('',(-0.5,0.866025403784,0.));
#1773 = PCURVE('',#1688,#1774);
#1774 = DEFINITIONAL_REPRESENTATION('',(#1775),#1779);
#1775 = LINE('',#1776,#1777);
#1776 = CARTESIAN_POINT('',(1.64544826719,2.85));
#1777 = VECTOR('',#1778,1.);
#1778 = DIRECTION('',(0.5,-0.866025403784));
#1779 = ( GEOMETRIC_REPRESENTATION_CONTEXT(2) 
PARAMETRIC_REPRESENTATION_CONTEXT() REPRESENTATION_CONTEXT('2D SPACE',''
  ) );
#1780 = PCURVE('',#1781,#1786);
#1781 = PLANE('',#1782);
#1782 = AXIS2_PLACEMENT_3D('',#1783,#1784,#1785);
#1783 = CARTESIAN_POINT('',(10.35455173281,-42.15,150.));
#1784 = DIRECTION('',(0.866025403784,0.5,-0.));
#1785 = DIRECTION('',(0.5,-0.866025403784,-0.));
#1786 = DEFINITIONAL_REPRESENTATION('',(#1787),#1791);
#1787 = LINE('',#1788,#1789);
#1788 = CARTESIAN_POINT('',(-0.,-4.6));
#1789 = VECTOR('',#1790,1.);
#1790 = DIRECTION('',(-1.,-0.));
#1791 = ( GEOMETRIC_REPRESENTATION_CONTEXT(2) 
PARAMETRIC_REPRESENTATION_CONTEXT() REPRESENTATION_CONTEXT('2D SPACE',''
  ) );
#1792 = ORIENTED_EDGE('',*,*,#1793,.T.);
#1793 = EDGE_CURVE('',#1766,#1794,#1796,.T.);
#1794 = VERTEX_POINT('',#1795);
#1795 = CARTESIAN_POINT('',(10.35455173281,-36.45,154.6));
#1796 = SURFACE_CURVE('',#1797,(#1801,#1808),.PCURVE_S1.);
#1797 = LINE('',#1798,#1799);
#1798 = CARTESIAN_POINT('',(8.709103465619,-39.3,154.6));
#1799 = VECTOR('',#1800,1.);
#1800 = DIRECTION('',(0.5,0.866025403784,-0.));
#1801 = PCURVE('',#1688,#1802);
#1802 = DEFINITIONAL_REPRESENTATION('',(#1803),#1807);
#1803 = LINE('',#1804,#1805);
#1804 = CARTESIAN_POINT('',(3.290896534381,-0.));
#1805 = VECTOR('',#1806,1.);
#1806 = DIRECTION('',(-0.5,-0.866025403784));
#1807 = ( GEOMETRIC_REPRESENTATION_CONTEXT(2) 
PARAMETRIC_REPRESENTATION_CONTEXT() REPRESENTATION_CONTEXT('2D SPACE',''
  ) );
#1808 = PCURVE('',#1809,#1814);
#1809 = PLANE('',#1810);
#1810 = AXIS2_PLACEMENT_3D('',#1811,#1812,#1813);
#1811 = CARTESIAN_POINT('',(8.709103465619,-39.3,150.));
#1812 = DIRECTION('',(0.866025403784,-0.5,-0.));
#1813 = DIRECTION('',(-0.5,-0.866025403784,0.));
#1814 = DEFINITIONAL_REPRESENTATION('',(#1815),#1819);
#1815 = LINE('',#1816,#1817);
#1816 = CARTESIAN_POINT('',(-0.,-4.6));
#1817 = VECTOR('',#1818,1.);
#1818 = DIRECTION('',(-1.,0.));
#1819 = ( GEOMETRIC_REPRESENTATION_CONTEXT(2) 
PARAMETRIC_REPRESENTATION_CONTEXT() REPRESENTATION_CONTEXT('2D SPACE',''
  ) );
#1820 = ORIENTED_EDGE('',*,*,#1821,.T.);
#1821 = EDGE_CURVE('',#1794,#1822,#1824,.T.);
#1822 = VERTEX_POINT('',#1823);
#1823 = CARTESIAN_POINT('',(13.64544826719,-36.45,154.6));
#1824 = SURFACE_CURVE('',#1825,(#1829,#1836),.PCURVE_S1.);
#1825 = LINE('',#1826,#1827);
#1826 = CARTESIAN_POINT('',(10.35455173281,-36.45,154.6));
#1827 = VECTOR('',#1828,1.);
#1828 = DIRECTION('',(1.,5.397789996866E-16,-0.));
#1829 = PCURVE('',#1688,#1830);
#1830 = DEFINITIONAL_REPRESENTATION('',(#1831),#1835);
#1831 = LINE('',#1832,#1833);
#1832 = CARTESIAN_POINT('',(1.64544826719,-2.85));
#1833 = VECTOR('',#1834,1.);
#1834 = DIRECTION('',(-1.,-5.397789996866E-16));
#1835 = ( GEOMETRIC_REPRESENTATION_CONTEXT(2) 
PARAMETRIC_REPRESENTATION_CONTEXT() REPRESENTATION_CONTEXT('2D SPACE',''
  ) );
#1836 = PCURVE('',#1837,#1842);
#1837 = PLANE('',#1838);
#1838 = AXIS2_PLACEMENT_3D('',#1839,#1840,#1841);
#1839 = CARTESIAN_POINT('',(10.35455173281,-36.45,150.));
#1840 = DIRECTION('',(5.397789996866E-16,-1.,-0.));
#1841 = DIRECTION('',(-1.,-5.397789996866E-16,0.));
#1842 = DEFINITIONAL_REPRESENTATION('',(#1843),#1847);
#1843 = LINE('',#1844,#1845);
#1844 = CARTESIAN_POINT('',(-0.,-4.6));
#1845 = VECTOR('',#1846,1.);
#1846 = DIRECTION('',(-1.,0.));
#1847 = ( GEOMETRIC_REPRESENTATION_CONTEXT(2) 
PARAMETRIC_REPRESENTATION_CONTEXT() REPRESENTATION_CONTEXT('2D SPACE',''
  ) );
#1848 = ORIENTED_EDGE('',*,*,#1849,.T.);
#1849 = EDGE_CURVE('',#1822,#1708,#1850,.T.);
#1850 = SURFACE_CURVE('',#1851,(#1855,#1862),.PCURVE_S1.);
#1851 = LINE('',#1852,#1853);
#1852 = CARTESIAN_POINT('',(13.64544826719,-36.45,154.6));
#1853 = VECTOR('',#1854,1.);
#1854 = DIRECTION('',(0.5,-0.866025403784,-0.));
#1855 = PCURVE('',#1688,#1856);
#1856 = DEFINITIONAL_REPRESENTATION('',(#1857),#1861);
#1857 = LINE('',#1858,#1859);
#1858 = CARTESIAN_POINT('',(-1.64544826719,-2.85));
#1859 = VECTOR('',#1860,1.);
#1860 = DIRECTION('',(-0.5,0.866025403784));
#1861 = ( GEOMETRIC_REPRESENTATION_CONTEXT(2) 
PARAMETRIC_REPRESENTATION_CONTEXT() REPRESENTATION_CONTEXT('2D SPACE',''
  ) );
#1862 = PCURVE('',#1863,#1868);
#1863 = PLANE('',#1864);
#1864 = AXIS2_PLACEMENT_3D('',#1865,#1866,#1867);
#1865 = CARTESIAN_POINT('',(13.64544826719,-36.45,150.));
#1866 = DIRECTION('',(-0.866025403784,-0.5,-0.));
#1867 = DIRECTION('',(-0.5,0.866025403784,0.));
#1868 = DEFINITIONAL_REPRESENTATION('',(#1869),#1873);
#1869 = LINE('',#1870,#1871);
#1870 = CARTESIAN_POINT('',(-0.,-4.6));
#1871 = VECTOR('',#1872,1.);
#1872 = DIRECTION('',(-1.,0.));
#1873 = ( GEOMETRIC_REPRESENTATION_CONTEXT(2) 
PARAMETRIC_REPRESENTATION_CONTEXT() REPRESENTATION_CONTEXT('2D SPACE',''
  ) );
#1874 = FACE_BOUND('',#1875,.T.);
#1875 = EDGE_LOOP('',(#1876));
#1876 = ORIENTED_EDGE('',*,*,#1673,.F.);
#1877 = ADVANCED_FACE('',(#1878),#1809,.T.);
#1878 = FACE_BOUND('',#1879,.F.);
#1879 = EDGE_LOOP('',(#1880,#1903,#1904,#1927));
#1880 = ORIENTED_EDGE('',*,*,#1881,.T.);
#1881 = EDGE_CURVE('',#1882,#1766,#1884,.T.);
#1882 = VERTEX_POINT('',#1883);
#1883 = CARTESIAN_POINT('',(8.709103465619,-39.3,150.));
#1884 = SURFACE_CURVE('',#1885,(#1889,#1896),.PCURVE_S1.);
#1885 = LINE('',#1886,#1887);
#1886 = CARTESIAN_POINT('',(8.709103465619,-39.3,150.));
#1887 = VECTOR('',#1888,1.);
#1888 = DIRECTION('',(-0.,-0.,1.));
#1889 = PCURVE('',#1809,#1890);
#1890 = DEFINITIONAL_REPRESENTATION('',(#1891),#1895);
#1891 = LINE('',#1892,#1893);
#1892 = CARTESIAN_POINT('',(-0.,0.));
#1893 = VECTOR('',#1894,1.);
#1894 = DIRECTION('',(-0.,-1.));
#1895 = ( GEOMETRIC_REPRESENTATION_CONTEXT(2) 
PARAMETRIC_REPRESENTATION_CONTEXT() REPRESENTATION_CONTEXT('2D SPACE',''
  ) );
#1896 = PCURVE('',#1781,#1897);
#1897 = DEFINITIONAL_REPRESENTATION('',(#1898),#1902);
#1898 = LINE('',#1899,#1900);
#1899 = CARTESIAN_POINT('',(-3.290896534381,-0.));
#1900 = VECTOR('',#1901,1.);
#1901 = DIRECTION('',(-0.,-1.));
#1902 = ( GEOMETRIC_REPRESENTATION_CONTEXT(2) 
PARAMETRIC_REPRESENTATION_CONTEXT() REPRESENTATION_CONTEXT('2D SPACE',''
  ) );
#1903 = ORIENTED_EDGE('',*,*,#1793,.T.);
#1904 = ORIENTED_EDGE('',*,*,#1905,.F.);
#1905 = EDGE_CURVE('',#1906,#1794,#1908,.T.);
#1906 = VERTEX_POINT('',#1907);
#1907 = CARTESIAN_POINT('',(10.35455173281,-36.45,150.));
#1908 = SURFACE_CURVE('',#1909,(#1913,#1920),.PCURVE_S1.);
#1909 = LINE('',#1910,#1911);
#1910 = CARTESIAN_POINT('',(10.35455173281,-36.45,150.));
#1911 = VECTOR('',#1912,1.);
#1912 = DIRECTION('',(-0.,-0.,1.));
#1913 = PCURVE('',#1809,#1914);
#1914 = DEFINITIONAL_REPRESENTATION('',(#1915),#1919);
#1915 = LINE('',#1916,#1917);
#1916 = CARTESIAN_POINT('',(-3.290896534381,0.));
#1917 = VECTOR('',#1918,1.);
#1918 = DIRECTION('',(-0.,-1.));
#1919 = ( GEOMETRIC_REPRESENTATION_CONTEXT(2) 
PARAMETRIC_REPRESENTATION_CONTEXT() REPRESENTATION_CONTEXT('2D SPACE',''
  ) );
#1920 = PCURVE('',#1837,#1921);
#1921 = DEFINITIONAL_REPRESENTATION('',(#1922),#1926);
#1922 = LINE('',#1923,#1924);
#1923 = CARTESIAN_POINT('',(-0.,0.));
#1924 = VECTOR('',#1925,1.);
#1925 = DIRECTION('',(-0.,-1.));
#1926 = ( GEOMETRIC_REPRESENTATION_CONTEXT(2) 
PARAMETRIC_REPRESENTATION_CONTEXT() REPRESENTATION_CONTEXT('2D SPACE',''
  ) );
#1927 = ORIENTED_EDGE('',*,*,#1928,.F.);
#1928 = EDGE_CURVE('',#1882,#1906,#1929,.T.);
#1929 = SURFACE_CURVE('',#1930,(#1934,#1941),.PCURVE_S1.);
#1930 = LINE('',#1931,#1932);
#1931 = CARTESIAN_POINT('',(8.709103465619,-39.3,150.));
#1932 = VECTOR('',#1933,1.);
#1933 = DIRECTION('',(0.5,0.866025403784,-0.));
#1934 = PCURVE('',#1809,#1935);
#1935 = DEFINITIONAL_REPRESENTATION('',(#1936),#1940);
#1936 = LINE('',#1937,#1938);
#1937 = CARTESIAN_POINT('',(-0.,0.));
#1938 = VECTOR('',#1939,1.);
#1939 = DIRECTION('',(-1.,0.));
#1940 = ( GEOMETRIC_REPRESENTATION_CONTEXT(2) 
PARAMETRIC_REPRESENTATION_CONTEXT() REPRESENTATION_CONTEXT('2D SPACE',''
  ) );
#1941 = PCURVE('',#72,#1942);
#1942 = DEFINITIONAL_REPRESENTATION('',(#1943),#1947);
#1943 = LINE('',#1944,#1945);
#1944 = CARTESIAN_POINT('',(-28.70910346561,28.));
#1945 = VECTOR('',#1946,1.);
#1946 = DIRECTION('',(-0.5,-0.866025403784));
#1947 = ( GEOMETRIC_REPRESENTATION_CONTEXT(2) 
PARAMETRIC_REPRESENTATION_CONTEXT() REPRESENTATION_CONTEXT('2D SPACE',''
  ) );
#1948 = ADVANCED_FACE('',(#1949),#1781,.T.);
#1949 = FACE_BOUND('',#1950,.F.);
#1950 = EDGE_LOOP('',(#1951,#1974,#1975,#1976));
#1951 = ORIENTED_EDGE('',*,*,#1952,.T.);
#1952 = EDGE_CURVE('',#1953,#1738,#1955,.T.);
#1953 = VERTEX_POINT('',#1954);
#1954 = CARTESIAN_POINT('',(10.35455173281,-42.15,150.));
#1955 = SURFACE_CURVE('',#1956,(#1960,#1967),.PCURVE_S1.);
#1956 = LINE('',#1957,#1958);
#1957 = CARTESIAN_POINT('',(10.35455173281,-42.15,150.));
#1958 = VECTOR('',#1959,1.);
#1959 = DIRECTION('',(-0.,-0.,1.));
#1960 = PCURVE('',#1781,#1961);
#1961 = DEFINITIONAL_REPRESENTATION('',(#1962),#1966);
#1962 = LINE('',#1963,#1964);
#1963 = CARTESIAN_POINT('',(-0.,0.));
#1964 = VECTOR('',#1965,1.);
#1965 = DIRECTION('',(-0.,-1.));
#1966 = ( GEOMETRIC_REPRESENTATION_CONTEXT(2) 
PARAMETRIC_REPRESENTATION_CONTEXT() REPRESENTATION_CONTEXT('2D SPACE',''
  ) );
#1967 = PCURVE('',#1753,#1968);
#1968 = DEFINITIONAL_REPRESENTATION('',(#1969),#1973);
#1969 = LINE('',#1970,#1971);
#1970 = CARTESIAN_POINT('',(-3.290896534381,0.));
#1971 = VECTOR('',#1972,1.);
#1972 = DIRECTION('',(-0.,-1.));
#1973 = ( GEOMETRIC_REPRESENTATION_CONTEXT(2) 
PARAMETRIC_REPRESENTATION_CONTEXT() REPRESENTATION_CONTEXT('2D SPACE',''
  ) );
#1974 = ORIENTED_EDGE('',*,*,#1765,.T.);
#1975 = ORIENTED_EDGE('',*,*,#1881,.F.);
#1976 = ORIENTED_EDGE('',*,*,#1977,.F.);
#1977 = EDGE_CURVE('',#1953,#1882,#1978,.T.);
#1978 = SURFACE_CURVE('',#1979,(#1983,#1990),.PCURVE_S1.);
#1979 = LINE('',#1980,#1981);
#1980 = CARTESIAN_POINT('',(10.35455173281,-42.15,150.));
#1981 = VECTOR('',#1982,1.);
#1982 = DIRECTION('',(-0.5,0.866025403784,0.));
#1983 = PCURVE('',#1781,#1984);
#1984 = DEFINITIONAL_REPRESENTATION('',(#1985),#1989);
#1985 = LINE('',#1986,#1987);
#1986 = CARTESIAN_POINT('',(-0.,0.));
#1987 = VECTOR('',#1988,1.);
#1988 = DIRECTION('',(-1.,-0.));
#1989 = ( GEOMETRIC_REPRESENTATION_CONTEXT(2) 
PARAMETRIC_REPRESENTATION_CONTEXT() REPRESENTATION_CONTEXT('2D SPACE',''
  ) );
#1990 = PCURVE('',#72,#1991);
#1991 = DEFINITIONAL_REPRESENTATION('',(#1992),#1996);
#1992 = LINE('',#1993,#1994);
#1993 = CARTESIAN_POINT('',(-30.35455173281,30.85));
#1994 = VECTOR('',#1995,1.);
#1995 = DIRECTION('',(0.5,-0.866025403784));
#1996 = ( GEOMETRIC_REPRESENTATION_CONTEXT(2) 
PARAMETRIC_REPRESENTATION_CONTEXT() REPRESENTATION_CONTEXT('2D SPACE',''
  ) );
#1997 = ADVANCED_FACE('',(#1998),#1837,.T.);
#1998 = FACE_BOUND('',#1999,.F.);
#1999 = EDGE_LOOP('',(#2000,#2001,#2002,#2025));
#2000 = ORIENTED_EDGE('',*,*,#1905,.T.);
#2001 = ORIENTED_EDGE('',*,*,#1821,.T.);
#2002 = ORIENTED_EDGE('',*,*,#2003,.F.);
#2003 = EDGE_CURVE('',#2004,#1822,#2006,.T.);
#2004 = VERTEX_POINT('',#2005);
#2005 = CARTESIAN_POINT('',(13.64544826719,-36.45,150.));
#2006 = SURFACE_CURVE('',#2007,(#2011,#2018),.PCURVE_S1.);
#2007 = LINE('',#2008,#2009);
#2008 = CARTESIAN_POINT('',(13.64544826719,-36.45,150.));
#2009 = VECTOR('',#2010,1.);
#2010 = DIRECTION('',(-0.,-0.,1.));
#2011 = PCURVE('',#1837,#2012);
#2012 = DEFINITIONAL_REPRESENTATION('',(#2013),#2017);
#2013 = LINE('',#2014,#2015);
#2014 = CARTESIAN_POINT('',(-3.290896534381,0.));
#2015 = VECTOR('',#2016,1.);
#2016 = DIRECTION('',(-0.,-1.));
#2017 = ( GEOMETRIC_REPRESENTATION_CONTEXT(2) 
PARAMETRIC_REPRESENTATION_CONTEXT() REPRESENTATION_CONTEXT('2D SPACE',''
  ) );
#2018 = PCURVE('',#1863,#2019);
#2019 = DEFINITIONAL_REPRESENTATION('',(#2020),#2024);
#2020 = LINE('',#2021,#2022);
#2021 = CARTESIAN_POINT('',(-0.,-0.));
#2022 = VECTOR('',#2023,1.);
#2023 = DIRECTION('',(-0.,-1.));
#2024 = ( GEOMETRIC_REPRESENTATION_CONTEXT(2) 
PARAMETRIC_REPRESENTATION_CONTEXT() REPRESENTATION_CONTEXT('2D SPACE',''
  ) );
#2025 = ORIENTED_EDGE('',*,*,#2026,.F.);
#2026 = EDGE_CURVE('',#1906,#2004,#2027,.T.);
#2027 = SURFACE_CURVE('',#2028,(#2032,#2039),.PCURVE_S1.);
#2028 = LINE('',#2029,#2030);
#2029 = CARTESIAN_POINT('',(10.35455173281,-36.45,150.));
#2030 = VECTOR('',#2031,1.);
#2031 = DIRECTION('',(1.,5.397789996866E-16,-0.));
#2032 = PCURVE('',#1837,#2033);
#2033 = DEFINITIONAL_REPRESENTATION('',(#2034),#2038);
#2034 = LINE('',#2035,#2036);
#2035 = CARTESIAN_POINT('',(-0.,0.));
#2036 = VECTOR('',#2037,1.);
#2037 = DIRECTION('',(-1.,0.));
#2038 = ( GEOMETRIC_REPRESENTATION_CONTEXT(2) 
PARAMETRIC_REPRESENTATION_CONTEXT() REPRESENTATION_CONTEXT('2D SPACE',''
  ) );
#2039 = PCURVE('',#72,#2040);
#2040 = DEFINITIONAL_REPRESENTATION('',(#2041),#2045);
#2041 = LINE('',#2042,#2043);
#2042 = CARTESIAN_POINT('',(-30.35455173281,25.15));
#2043 = VECTOR('',#2044,1.);
#2044 = DIRECTION('',(-1.,-5.397789996866E-16));
#2045 = ( GEOMETRIC_REPRESENTATION_CONTEXT(2) 
PARAMETRIC_REPRESENTATION_CONTEXT() REPRESENTATION_CONTEXT('2D SPACE',''
  ) );
#2046 = ADVANCED_FACE('',(#2047),#1753,.T.);
#2047 = FACE_BOUND('',#2048,.F.);
#2048 = EDGE_LOOP('',(#2049,#2072,#2073,#2074));
#2049 = ORIENTED_EDGE('',*,*,#2050,.T.);
#2050 = EDGE_CURVE('',#2051,#1710,#2053,.T.);
#2051 = VERTEX_POINT('',#2052);
#2052 = CARTESIAN_POINT('',(13.64544826719,-42.15,150.));
#2053 = SURFACE_CURVE('',#2054,(#2058,#2065),.PCURVE_S1.);
#2054 = LINE('',#2055,#2056);
#2055 = CARTESIAN_POINT('',(13.64544826719,-42.15,150.));
#2056 = VECTOR('',#2057,1.);
#2057 = DIRECTION('',(-0.,-0.,1.));
#2058 = PCURVE('',#1753,#2059);
#2059 = DEFINITIONAL_REPRESENTATION('',(#2060),#2064);
#2060 = LINE('',#2061,#2062);
#2061 = CARTESIAN_POINT('',(-0.,-0.));
#2062 = VECTOR('',#2063,1.);
#2063 = DIRECTION('',(-0.,-1.));
#2064 = ( GEOMETRIC_REPRESENTATION_CONTEXT(2) 
PARAMETRIC_REPRESENTATION_CONTEXT() REPRESENTATION_CONTEXT('2D SPACE',''
  ) );
#2065 = PCURVE('',#1725,#2066);
#2066 = DEFINITIONAL_REPRESENTATION('',(#2067),#2071);
#2067 = LINE('',#2068,#2069);
#2068 = CARTESIAN_POINT('',(-3.290896534381,0.));
#2069 = VECTOR('',#2070,1.);
#2070 = DIRECTION('',(-0.,-1.));
#2071 = ( GEOMETRIC_REPRESENTATION_CONTEXT(2) 
PARAMETRIC_REPRESENTATION_CONTEXT() REPRESENTATION_CONTEXT('2D SPACE',''
  ) );
#2072 = ORIENTED_EDGE('',*,*,#1737,.T.);
#2073 = ORIENTED_EDGE('',*,*,#1952,.F.);
#2074 = ORIENTED_EDGE('',*,*,#2075,.F.);
#2075 = EDGE_CURVE('',#2051,#1953,#2076,.T.);
#2076 = SURFACE_CURVE('',#2077,(#2081,#2088),.PCURVE_S1.);
#2077 = LINE('',#2078,#2079);
#2078 = CARTESIAN_POINT('',(13.64544826719,-42.15,150.));
#2079 = VECTOR('',#2080,1.);
#2080 = DIRECTION('',(-1.,-1.349447499217E-16,-0.));
#2081 = PCURVE('',#1753,#2082);
#2082 = DEFINITIONAL_REPRESENTATION('',(#2083),#2087);
#2083 = LINE('',#2084,#2085);
#2084 = CARTESIAN_POINT('',(-0.,-0.));
#2085 = VECTOR('',#2086,1.);
#2086 = DIRECTION('',(-1.,0.));
#2087 = ( GEOMETRIC_REPRESENTATION_CONTEXT(2) 
PARAMETRIC_REPRESENTATION_CONTEXT() REPRESENTATION_CONTEXT('2D SPACE',''
  ) );
#2088 = PCURVE('',#72,#2089);
#2089 = DEFINITIONAL_REPRESENTATION('',(#2090),#2094);
#2090 = LINE('',#2091,#2092);
#2091 = CARTESIAN_POINT('',(-33.64544826719,30.85));
#2092 = VECTOR('',#2093,1.);
#2093 = DIRECTION('',(1.,1.349447499217E-16));
#2094 = ( GEOMETRIC_REPRESENTATION_CONTEXT(2) 
PARAMETRIC_REPRESENTATION_CONTEXT() REPRESENTATION_CONTEXT('2D SPACE',''
  ) );
#2095 = ADVANCED_FACE('',(#2096),#1863,.T.);
#2096 = FACE_BOUND('',#2097,.F.);
#2097 = EDGE_LOOP('',(#2098,#2099,#2100,#2123));
#2098 = ORIENTED_EDGE('',*,*,#2003,.T.);
#2099 = ORIENTED_EDGE('',*,*,#1849,.T.);
#2100 = ORIENTED_EDGE('',*,*,#2101,.F.);
#2101 = EDGE_CURVE('',#2102,#1708,#2104,.T.);
#2102 = VERTEX_POINT('',#2103);
#2103 = CARTESIAN_POINT('',(15.290896534381,-39.3,150.));
#2104 = SURFACE_CURVE('',#2105,(#2109,#2116),.PCURVE_S1.);
#2105 = LINE('',#2106,#2107);
#2106 = CARTESIAN_POINT('',(15.290896534381,-39.3,150.));
#2107 = VECTOR('',#2108,1.);
#2108 = DIRECTION('',(-0.,-0.,1.));
#2109 = PCURVE('',#1863,#2110);
#2110 = DEFINITIONAL_REPRESENTATION('',(#2111),#2115);
#2111 = LINE('',#2112,#2113);
#2112 = CARTESIAN_POINT('',(-3.290896534381,0.));
#2113 = VECTOR('',#2114,1.);
#2114 = DIRECTION('',(-0.,-1.));
#2115 = ( GEOMETRIC_REPRESENTATION_CONTEXT(2) 
PARAMETRIC_REPRESENTATION_CONTEXT() REPRESENTATION_CONTEXT('2D SPACE',''
  ) );
#2116 = PCURVE('',#1725,#2117);
#2117 = DEFINITIONAL_REPRESENTATION('',(#2118),#2122);
#2118 = LINE('',#2119,#2120);
#2119 = CARTESIAN_POINT('',(-0.,-0.));
#2120 = VECTOR('',#2121,1.);
#2121 = DIRECTION('',(-0.,-1.));
#2122 = ( GEOMETRIC_REPRESENTATION_CONTEXT(2) 
PARAMETRIC_REPRESENTATION_CONTEXT() REPRESENTATION_CONTEXT('2D SPACE',''
  ) );
#2123 = ORIENTED_EDGE('',*,*,#2124,.F.);
#2124 = EDGE_CURVE('',#2004,#2102,#2125,.T.);
#2125 = SURFACE_CURVE('',#2126,(#2130,#2137),.PCURVE_S1.);
#2126 = LINE('',#2127,#2128);
#2127 = CARTESIAN_POINT('',(13.64544826719,-36.45,150.));
#2128 = VECTOR('',#2129,1.);
#2129 = DIRECTION('',(0.5,-0.866025403784,-0.));
#2130 = PCURVE('',#1863,#2131);
#2131 = DEFINITIONAL_REPRESENTATION('',(#2132),#2136);
#2132 = LINE('',#2133,#2134);
#2133 = CARTESIAN_POINT('',(-0.,-0.));
#2134 = VECTOR('',#2135,1.);
#2135 = DIRECTION('',(-1.,0.));
#2136 = ( GEOMETRIC_REPRESENTATION_CONTEXT(2) 
PARAMETRIC_REPRESENTATION_CONTEXT() REPRESENTATION_CONTEXT('2D SPACE',''
  ) );
#2137 = PCURVE('',#72,#2138);
#2138 = DEFINITIONAL_REPRESENTATION('',(#2139),#2143);
#2139 = LINE('',#2140,#2141);
#2140 = CARTESIAN_POINT('',(-33.64544826719,25.15));
#2141 = VECTOR('',#2142,1.);
#2142 = DIRECTION('',(-0.5,0.866025403784));
#2143 = ( GEOMETRIC_REPRESENTATION_CONTEXT(2) 
PARAMETRIC_REPRESENTATION_CONTEXT() REPRESENTATION_CONTEXT('2D SPACE',''
  ) );
#2144 = ADVANCED_FACE('',(#2145),#1725,.T.);
#2145 = FACE_BOUND('',#2146,.F.);
#2146 = EDGE_LOOP('',(#2147,#2148,#2149,#2150));
#2147 = ORIENTED_EDGE('',*,*,#2101,.T.);
#2148 = ORIENTED_EDGE('',*,*,#1707,.T.);
#2149 = ORIENTED_EDGE('',*,*,#2050,.F.);
#2150 = ORIENTED_EDGE('',*,*,#2151,.F.);
#2151 = EDGE_CURVE('',#2102,#2051,#2152,.T.);
#2152 = SURFACE_CURVE('',#2153,(#2157,#2164),.PCURVE_S1.);
#2153 = LINE('',#2154,#2155);
#2154 = CARTESIAN_POINT('',(15.290896534381,-39.3,150.));
#2155 = VECTOR('',#2156,1.);
#2156 = DIRECTION('',(-0.5,-0.866025403784,-0.));
#2157 = PCURVE('',#1725,#2158);
#2158 = DEFINITIONAL_REPRESENTATION('',(#2159),#2163);
#2159 = LINE('',#2160,#2161);
#2160 = CARTESIAN_POINT('',(-0.,-0.));
#2161 = VECTOR('',#2162,1.);
#2162 = DIRECTION('',(-1.,0.));
#2163 = ( GEOMETRIC_REPRESENTATION_CONTEXT(2) 
PARAMETRIC_REPRESENTATION_CONTEXT() REPRESENTATION_CONTEXT('2D SPACE',''
  ) );
#2164 = PCURVE('',#72,#2165);
#2165 = DEFINITIONAL_REPRESENTATION('',(#2166),#2170);
#2166 = LINE('',#2167,#2168);
#2167 = CARTESIAN_POINT('',(-35.29089653438,28.));
#2168 = VECTOR('',#2169,1.);
#2169 = DIRECTION('',(0.5,0.866025403784));
#2170 = ( GEOMETRIC_REPRESENTATION_CONTEXT(2) 
PARAMETRIC_REPRESENTATION_CONTEXT() REPRESENTATION_CONTEXT('2D SPACE',''
  ) );
#2171 = ADVANCED_FACE('',(#2172),#1598,.F.);
#2172 = FACE_BOUND('',#2173,.T.);
#2173 = EDGE_LOOP('',(#2174,#2197,#2198,#2199));
#2174 = ORIENTED_EDGE('',*,*,#2175,.T.);
#2175 = EDGE_CURVE('',#2176,#1578,#2178,.T.);
#2176 = VERTEX_POINT('',#2177);
#2177 = CARTESIAN_POINT('',(-10.3,-39.3,154.6));
#2178 = SEAM_CURVE('',#2179,(#2183,#2190),.PCURVE_S1.);
#2179 = LINE('',#2180,#2181);
#2180 = CARTESIAN_POINT('',(-10.3,-39.3,149.));
#2181 = VECTOR('',#2182,1.);
#2182 = DIRECTION('',(-0.,-0.,1.));
#2183 = PCURVE('',#1598,#2184);
#2184 = DEFINITIONAL_REPRESENTATION('',(#2185),#2189);
#2185 = LINE('',#2186,#2187);
#2186 = CARTESIAN_POINT('',(-6.28318530718,-0.));
#2187 = VECTOR('',#2188,1.);
#2188 = DIRECTION('',(-0.,1.));
#2189 = ( GEOMETRIC_REPRESENTATION_CONTEXT(2) 
PARAMETRIC_REPRESENTATION_CONTEXT() REPRESENTATION_CONTEXT('2D SPACE',''
  ) );
#2190 = PCURVE('',#1598,#2191);
#2191 = DEFINITIONAL_REPRESENTATION('',(#2192),#2196);
#2192 = LINE('',#2193,#2194);
#2193 = CARTESIAN_POINT('',(-0.,-0.));
#2194 = VECTOR('',#2195,1.);
#2195 = DIRECTION('',(-0.,1.));
#2196 = ( GEOMETRIC_REPRESENTATION_CONTEXT(2) 
PARAMETRIC_REPRESENTATION_CONTEXT() REPRESENTATION_CONTEXT('2D SPACE',''
  ) );
#2197 = ORIENTED_EDGE('',*,*,#1577,.F.);
#2198 = ORIENTED_EDGE('',*,*,#2175,.F.);
#2199 = ORIENTED_EDGE('',*,*,#2200,.T.);
#2200 = EDGE_CURVE('',#2176,#2176,#2201,.T.);
#2201 = SURFACE_CURVE('',#2202,(#2207,#2214),.PCURVE_S1.);
#2202 = CIRCLE('',#2203,1.7);
#2203 = AXIS2_PLACEMENT_3D('',#2204,#2205,#2206);
#2204 = CARTESIAN_POINT('',(-12.,-39.3,154.6));
#2205 = DIRECTION('',(0.,0.,-1.));
#2206 = DIRECTION('',(1.,-0.,-0.));
#2207 = PCURVE('',#1598,#2208);
#2208 = DEFINITIONAL_REPRESENTATION('',(#2209),#2213);
#2209 = LINE('',#2210,#2211);
#2210 = CARTESIAN_POINT('',(-0.,5.6));
#2211 = VECTOR('',#2212,1.);
#2212 = DIRECTION('',(-1.,0.));
#2213 = ( GEOMETRIC_REPRESENTATION_CONTEXT(2) 
PARAMETRIC_REPRESENTATION_CONTEXT() REPRESENTATION_CONTEXT('2D SPACE',''
  ) );
#2214 = PCURVE('',#2215,#2220);
#2215 = PLANE('',#2216);
#2216 = AXIS2_PLACEMENT_3D('',#2217,#2218,#2219);
#2217 = CARTESIAN_POINT('',(-12.,-39.3,154.6));
#2218 = DIRECTION('',(-0.,-0.,1.));
#2219 = DIRECTION('',(-1.,0.,0.));
#2220 = DEFINITIONAL_REPRESENTATION('',(#2221),#2229);
#2221 = ( BOUNDED_CURVE() B_SPLINE_CURVE(2,(#2222,#2223,#2224,#2225,
#2226,#2227,#2228),.UNSPECIFIED.,.T.,.F.) B_SPLINE_CURVE_WITH_KNOTS((1,2
    ,2,2,2,1),(-2.094395102393,0.,2.094395102393,4.188790204786,
6.28318530718,8.377580409573),.UNSPECIFIED.) CURVE() 
GEOMETRIC_REPRESENTATION_ITEM() RATIONAL_B_SPLINE_CURVE((1.,0.5,1.,0.5,
1.,0.5,1.)) REPRESENTATION_ITEM('') );
#2222 = CARTESIAN_POINT('',(-1.7,0.));
#2223 = CARTESIAN_POINT('',(-1.7,2.944486372867));
#2224 = CARTESIAN_POINT('',(0.85,1.472243186434));
#2225 = CARTESIAN_POINT('',(3.4,4.163799117101E-16));
#2226 = CARTESIAN_POINT('',(0.85,-1.472243186434));
#2227 = CARTESIAN_POINT('',(-1.7,-2.944486372867));
#2228 = CARTESIAN_POINT('',(-1.7,0.));
#2229 = ( GEOMETRIC_REPRESENTATION_CONTEXT(2) 
PARAMETRIC_REPRESENTATION_CONTEXT() REPRESENTATION_CONTEXT('2D SPACE',''
  ) );
#2230 = ADVANCED_FACE('',(#2231,#2401),#2215,.F.);
#2231 = FACE_BOUND('',#2232,.T.);
#2232 = EDGE_LOOP('',(#2233,#2263,#2291,#2319,#2347,#2375));
#2233 = ORIENTED_EDGE('',*,*,#2234,.T.);
#2234 = EDGE_CURVE('',#2235,#2237,#2239,.T.);
#2235 = VERTEX_POINT('',#2236);
#2236 = CARTESIAN_POINT('',(-8.709103465619,-39.3,154.6));
#2237 = VERTEX_POINT('',#2238);
#2238 = CARTESIAN_POINT('',(-10.35455173281,-42.15,154.6));
#2239 = SURFACE_CURVE('',#2240,(#2244,#2251),.PCURVE_S1.);
#2240 = LINE('',#2241,#2242);
#2241 = CARTESIAN_POINT('',(-8.709103465619,-39.3,154.6));
#2242 = VECTOR('',#2243,1.);
#2243 = DIRECTION('',(-0.5,-0.866025403784,-0.));
#2244 = PCURVE('',#2215,#2245);
#2245 = DEFINITIONAL_REPRESENTATION('',(#2246),#2250);
#2246 = LINE('',#2247,#2248);
#2247 = CARTESIAN_POINT('',(-3.290896534381,-0.));
#2248 = VECTOR('',#2249,1.);
#2249 = DIRECTION('',(0.5,0.866025403784));
#2250 = ( GEOMETRIC_REPRESENTATION_CONTEXT(2) 
PARAMETRIC_REPRESENTATION_CONTEXT() REPRESENTATION_CONTEXT('2D SPACE',''
  ) );
#2251 = PCURVE('',#2252,#2257);
#2252 = PLANE('',#2253);
#2253 = AXIS2_PLACEMENT_3D('',#2254,#2255,#2256);
#2254 = CARTESIAN_POINT('',(-8.709103465619,-39.3,150.));
#2255 = DIRECTION('',(-0.866025403784,0.5,0.));
#2256 = DIRECTION('',(0.5,0.866025403784,0.));
#2257 = DEFINITIONAL_REPRESENTATION('',(#2258),#2262);
#2258 = LINE('',#2259,#2260);
#2259 = CARTESIAN_POINT('',(-0.,-4.6));
#2260 = VECTOR('',#2261,1.);
#2261 = DIRECTION('',(-1.,0.));
#2262 = ( GEOMETRIC_REPRESENTATION_CONTEXT(2) 
PARAMETRIC_REPRESENTATION_CONTEXT() REPRESENTATION_CONTEXT('2D SPACE',''
  ) );
#2263 = ORIENTED_EDGE('',*,*,#2264,.T.);
#2264 = EDGE_CURVE('',#2237,#2265,#2267,.T.);
#2265 = VERTEX_POINT('',#2266);
#2266 = CARTESIAN_POINT('',(-13.64544826719,-42.15,154.6));
#2267 = SURFACE_CURVE('',#2268,(#2272,#2279),.PCURVE_S1.);
#2268 = LINE('',#2269,#2270);
#2269 = CARTESIAN_POINT('',(-10.35455173281,-42.15,154.6));
#2270 = VECTOR('',#2271,1.);
#2271 = DIRECTION('',(-1.,-1.349447499217E-16,-0.));
#2272 = PCURVE('',#2215,#2273);
#2273 = DEFINITIONAL_REPRESENTATION('',(#2274),#2278);
#2274 = LINE('',#2275,#2276);
#2275 = CARTESIAN_POINT('',(-1.64544826719,2.85));
#2276 = VECTOR('',#2277,1.);
#2277 = DIRECTION('',(1.,1.349447499217E-16));
#2278 = ( GEOMETRIC_REPRESENTATION_CONTEXT(2) 
PARAMETRIC_REPRESENTATION_CONTEXT() REPRESENTATION_CONTEXT('2D SPACE',''
  ) );
#2279 = PCURVE('',#2280,#2285);
#2280 = PLANE('',#2281);
#2281 = AXIS2_PLACEMENT_3D('',#2282,#2283,#2284);
#2282 = CARTESIAN_POINT('',(-10.35455173281,-42.15,150.));
#2283 = DIRECTION('',(-1.349447499217E-16,1.,0.));
#2284 = DIRECTION('',(1.,1.349447499217E-16,0.));
#2285 = DEFINITIONAL_REPRESENTATION('',(#2286),#2290);
#2286 = LINE('',#2287,#2288);
#2287 = CARTESIAN_POINT('',(-0.,-4.6));
#2288 = VECTOR('',#2289,1.);
#2289 = DIRECTION('',(-1.,0.));
#2290 = ( GEOMETRIC_REPRESENTATION_CONTEXT(2) 
PARAMETRIC_REPRESENTATION_CONTEXT() REPRESENTATION_CONTEXT('2D SPACE',''
  ) );
#2291 = ORIENTED_EDGE('',*,*,#2292,.T.);
#2292 = EDGE_CURVE('',#2265,#2293,#2295,.T.);
#2293 = VERTEX_POINT('',#2294);
#2294 = CARTESIAN_POINT('',(-15.29089653438,-39.3,154.6));
#2295 = SURFACE_CURVE('',#2296,(#2300,#2307),.PCURVE_S1.);
#2296 = LINE('',#2297,#2298);
#2297 = CARTESIAN_POINT('',(-13.64544826719,-42.15,154.6));
#2298 = VECTOR('',#2299,1.);
#2299 = DIRECTION('',(-0.5,0.866025403784,0.));
#2300 = PCURVE('',#2215,#2301);
#2301 = DEFINITIONAL_REPRESENTATION('',(#2302),#2306);
#2302 = LINE('',#2303,#2304);
#2303 = CARTESIAN_POINT('',(1.64544826719,2.85));
#2304 = VECTOR('',#2305,1.);
#2305 = DIRECTION('',(0.5,-0.866025403784));
#2306 = ( GEOMETRIC_REPRESENTATION_CONTEXT(2) 
PARAMETRIC_REPRESENTATION_CONTEXT() REPRESENTATION_CONTEXT('2D SPACE',''
  ) );
#2307 = PCURVE('',#2308,#2313);
#2308 = PLANE('',#2309);
#2309 = AXIS2_PLACEMENT_3D('',#2310,#2311,#2312);
#2310 = CARTESIAN_POINT('',(-13.64544826719,-42.15,150.));
#2311 = DIRECTION('',(0.866025403784,0.5,-0.));
#2312 = DIRECTION('',(0.5,-0.866025403784,-0.));
#2313 = DEFINITIONAL_REPRESENTATION('',(#2314),#2318);
#2314 = LINE('',#2315,#2316);
#2315 = CARTESIAN_POINT('',(-0.,-4.6));
#2316 = VECTOR('',#2317,1.);
#2317 = DIRECTION('',(-1.,-0.));
#2318 = ( GEOMETRIC_REPRESENTATION_CONTEXT(2) 
PARAMETRIC_REPRESENTATION_CONTEXT() REPRESENTATION_CONTEXT('2D SPACE',''
  ) );
#2319 = ORIENTED_EDGE('',*,*,#2320,.T.);
#2320 = EDGE_CURVE('',#2293,#2321,#2323,.T.);
#2321 = VERTEX_POINT('',#2322);
#2322 = CARTESIAN_POINT('',(-13.64544826719,-36.45,154.6));
#2323 = SURFACE_CURVE('',#2324,(#2328,#2335),.PCURVE_S1.);
#2324 = LINE('',#2325,#2326);
#2325 = CARTESIAN_POINT('',(-15.29089653438,-39.3,154.6));
#2326 = VECTOR('',#2327,1.);
#2327 = DIRECTION('',(0.5,0.866025403784,-0.));
#2328 = PCURVE('',#2215,#2329);
#2329 = DEFINITIONAL_REPRESENTATION('',(#2330),#2334);
#2330 = LINE('',#2331,#2332);
#2331 = CARTESIAN_POINT('',(3.290896534381,-0.));
#2332 = VECTOR('',#2333,1.);
#2333 = DIRECTION('',(-0.5,-0.866025403784));
#2334 = ( GEOMETRIC_REPRESENTATION_CONTEXT(2) 
PARAMETRIC_REPRESENTATION_CONTEXT() REPRESENTATION_CONTEXT('2D SPACE',''
  ) );
#2335 = PCURVE('',#2336,#2341);
#2336 = PLANE('',#2337);
#2337 = AXIS2_PLACEMENT_3D('',#2338,#2339,#2340);
#2338 = CARTESIAN_POINT('',(-15.29089653438,-39.3,150.));
#2339 = DIRECTION('',(0.866025403784,-0.5,-0.));
#2340 = DIRECTION('',(-0.5,-0.866025403784,0.));
#2341 = DEFINITIONAL_REPRESENTATION('',(#2342),#2346);
#2342 = LINE('',#2343,#2344);
#2343 = CARTESIAN_POINT('',(-0.,-4.6));
#2344 = VECTOR('',#2345,1.);
#2345 = DIRECTION('',(-1.,0.));
#2346 = ( GEOMETRIC_REPRESENTATION_CONTEXT(2) 
PARAMETRIC_REPRESENTATION_CONTEXT() REPRESENTATION_CONTEXT('2D SPACE',''
  ) );
#2347 = ORIENTED_EDGE('',*,*,#2348,.T.);
#2348 = EDGE_CURVE('',#2321,#2349,#2351,.T.);
#2349 = VERTEX_POINT('',#2350);
#2350 = CARTESIAN_POINT('',(-10.35455173281,-36.45,154.6));
#2351 = SURFACE_CURVE('',#2352,(#2356,#2363),.PCURVE_S1.);
#2352 = LINE('',#2353,#2354);
#2353 = CARTESIAN_POINT('',(-13.64544826719,-36.45,154.6));
#2354 = VECTOR('',#2355,1.);
#2355 = DIRECTION('',(1.,5.397789996866E-16,-0.));
#2356 = PCURVE('',#2215,#2357);
#2357 = DEFINITIONAL_REPRESENTATION('',(#2358),#2362);
#2358 = LINE('',#2359,#2360);
#2359 = CARTESIAN_POINT('',(1.64544826719,-2.85));
#2360 = VECTOR('',#2361,1.);
#2361 = DIRECTION('',(-1.,-5.397789996866E-16));
#2362 = ( GEOMETRIC_REPRESENTATION_CONTEXT(2) 
PARAMETRIC_REPRESENTATION_CONTEXT() REPRESENTATION_CONTEXT('2D SPACE',''
  ) );
#2363 = PCURVE('',#2364,#2369);
#2364 = PLANE('',#2365);
#2365 = AXIS2_PLACEMENT_3D('',#2366,#2367,#2368);
#2366 = CARTESIAN_POINT('',(-13.64544826719,-36.45,150.));
#2367 = DIRECTION('',(5.397789996866E-16,-1.,-0.));
#2368 = DIRECTION('',(-1.,-5.397789996866E-16,0.));
#2369 = DEFINITIONAL_REPRESENTATION('',(#2370),#2374);
#2370 = LINE('',#2371,#2372);
#2371 = CARTESIAN_POINT('',(-0.,-4.6));
#2372 = VECTOR('',#2373,1.);
#2373 = DIRECTION('',(-1.,0.));
#2374 = ( GEOMETRIC_REPRESENTATION_CONTEXT(2) 
PARAMETRIC_REPRESENTATION_CONTEXT() REPRESENTATION_CONTEXT('2D SPACE',''
  ) );
#2375 = ORIENTED_EDGE('',*,*,#2376,.T.);
#2376 = EDGE_CURVE('',#2349,#2235,#2377,.T.);
#2377 = SURFACE_CURVE('',#2378,(#2382,#2389),.PCURVE_S1.);
#2378 = LINE('',#2379,#2380);
#2379 = CARTESIAN_POINT('',(-10.35455173281,-36.45,154.6));
#2380 = VECTOR('',#2381,1.);
#2381 = DIRECTION('',(0.5,-0.866025403784,-0.));
#2382 = PCURVE('',#2215,#2383);
#2383 = DEFINITIONAL_REPRESENTATION('',(#2384),#2388);
#2384 = LINE('',#2385,#2386);
#2385 = CARTESIAN_POINT('',(-1.64544826719,-2.85));
#2386 = VECTOR('',#2387,1.);
#2387 = DIRECTION('',(-0.5,0.866025403784));
#2388 = ( GEOMETRIC_REPRESENTATION_CONTEXT(2) 
PARAMETRIC_REPRESENTATION_CONTEXT() REPRESENTATION_CONTEXT('2D SPACE',''
  ) );
#2389 = PCURVE('',#2390,#2395);
#2390 = PLANE('',#2391);
#2391 = AXIS2_PLACEMENT_3D('',#2392,#2393,#2394);
#2392 = CARTESIAN_POINT('',(-10.35455173281,-36.45,150.));
#2393 = DIRECTION('',(-0.866025403784,-0.5,-0.));
#2394 = DIRECTION('',(-0.5,0.866025403784,0.));
#2395 = DEFINITIONAL_REPRESENTATION('',(#2396),#2400);
#2396 = LINE('',#2397,#2398);
#2397 = CARTESIAN_POINT('',(-0.,-4.6));
#2398 = VECTOR('',#2399,1.);
#2399 = DIRECTION('',(-1.,0.));
#2400 = ( GEOMETRIC_REPRESENTATION_CONTEXT(2) 
PARAMETRIC_REPRESENTATION_CONTEXT() REPRESENTATION_CONTEXT('2D SPACE',''
  ) );
#2401 = FACE_BOUND('',#2402,.T.);
#2402 = EDGE_LOOP('',(#2403));
#2403 = ORIENTED_EDGE('',*,*,#2200,.F.);
#2404 = ADVANCED_FACE('',(#2405),#2336,.T.);
#2405 = FACE_BOUND('',#2406,.F.);
#2406 = EDGE_LOOP('',(#2407,#2430,#2431,#2454));
#2407 = ORIENTED_EDGE('',*,*,#2408,.T.);
#2408 = EDGE_CURVE('',#2409,#2293,#2411,.T.);
#2409 = VERTEX_POINT('',#2410);
#2410 = CARTESIAN_POINT('',(-15.29089653438,-39.3,150.));
#2411 = SURFACE_CURVE('',#2412,(#2416,#2423),.PCURVE_S1.);
#2412 = LINE('',#2413,#2414);
#2413 = CARTESIAN_POINT('',(-15.29089653438,-39.3,150.));
#2414 = VECTOR('',#2415,1.);
#2415 = DIRECTION('',(-0.,-0.,1.));
#2416 = PCURVE('',#2336,#2417);
#2417 = DEFINITIONAL_REPRESENTATION('',(#2418),#2422);
#2418 = LINE('',#2419,#2420);
#2419 = CARTESIAN_POINT('',(-0.,0.));
#2420 = VECTOR('',#2421,1.);
#2421 = DIRECTION('',(-0.,-1.));
#2422 = ( GEOMETRIC_REPRESENTATION_CONTEXT(2) 
PARAMETRIC_REPRESENTATION_CONTEXT() REPRESENTATION_CONTEXT('2D SPACE',''
  ) );
#2423 = PCURVE('',#2308,#2424);
#2424 = DEFINITIONAL_REPRESENTATION('',(#2425),#2429);
#2425 = LINE('',#2426,#2427);
#2426 = CARTESIAN_POINT('',(-3.290896534381,-0.));
#2427 = VECTOR('',#2428,1.);
#2428 = DIRECTION('',(-0.,-1.));
#2429 = ( GEOMETRIC_REPRESENTATION_CONTEXT(2) 
PARAMETRIC_REPRESENTATION_CONTEXT() REPRESENTATION_CONTEXT('2D SPACE',''
  ) );
#2430 = ORIENTED_EDGE('',*,*,#2320,.T.);
#2431 = ORIENTED_EDGE('',*,*,#2432,.F.);
#2432 = EDGE_CURVE('',#2433,#2321,#2435,.T.);
#2433 = VERTEX_POINT('',#2434);
#2434 = CARTESIAN_POINT('',(-13.64544826719,-36.45,150.));
#2435 = SURFACE_CURVE('',#2436,(#2440,#2447),.PCURVE_S1.);
#2436 = LINE('',#2437,#2438);
#2437 = CARTESIAN_POINT('',(-13.64544826719,-36.45,150.));
#2438 = VECTOR('',#2439,1.);
#2439 = DIRECTION('',(-0.,-0.,1.));
#2440 = PCURVE('',#2336,#2441);
#2441 = DEFINITIONAL_REPRESENTATION('',(#2442),#2446);
#2442 = LINE('',#2443,#2444);
#2443 = CARTESIAN_POINT('',(-3.290896534381,0.));
#2444 = VECTOR('',#2445,1.);
#2445 = DIRECTION('',(-0.,-1.));
#2446 = ( GEOMETRIC_REPRESENTATION_CONTEXT(2) 
PARAMETRIC_REPRESENTATION_CONTEXT() REPRESENTATION_CONTEXT('2D SPACE',''
  ) );
#2447 = PCURVE('',#2364,#2448);
#2448 = DEFINITIONAL_REPRESENTATION('',(#2449),#2453);
#2449 = LINE('',#2450,#2451);
#2450 = CARTESIAN_POINT('',(-0.,0.));
#2451 = VECTOR('',#2452,1.);
#2452 = DIRECTION('',(-0.,-1.));
#2453 = ( GEOMETRIC_REPRESENTATION_CONTEXT(2) 
PARAMETRIC_REPRESENTATION_CONTEXT() REPRESENTATION_CONTEXT('2D SPACE',''
  ) );
#2454 = ORIENTED_EDGE('',*,*,#2455,.F.);
#2455 = EDGE_CURVE('',#2409,#2433,#2456,.T.);
#2456 = SURFACE_CURVE('',#2457,(#2461,#2468),.PCURVE_S1.);
#2457 = LINE('',#2458,#2459);
#2458 = CARTESIAN_POINT('',(-15.29089653438,-39.3,150.));
#2459 = VECTOR('',#2460,1.);
#2460 = DIRECTION('',(0.5,0.866025403784,-0.));
#2461 = PCURVE('',#2336,#2462);
#2462 = DEFINITIONAL_REPRESENTATION('',(#2463),#2467);
#2463 = LINE('',#2464,#2465);
#2464 = CARTESIAN_POINT('',(-0.,0.));
#2465 = VECTOR('',#2466,1.);
#2466 = DIRECTION('',(-1.,0.));
#2467 = ( GEOMETRIC_REPRESENTATION_CONTEXT(2) 
PARAMETRIC_REPRESENTATION_CONTEXT() REPRESENTATION_CONTEXT('2D SPACE',''
  ) );
#2468 = PCURVE('',#72,#2469);
#2469 = DEFINITIONAL_REPRESENTATION('',(#2470),#2474);
#2470 = LINE('',#2471,#2472);
#2471 = CARTESIAN_POINT('',(-4.709103465619,28.));
#2472 = VECTOR('',#2473,1.);
#2473 = DIRECTION('',(-0.5,-0.866025403784));
#2474 = ( GEOMETRIC_REPRESENTATION_CONTEXT(2) 
PARAMETRIC_REPRESENTATION_CONTEXT() REPRESENTATION_CONTEXT('2D SPACE',''
  ) );
#2475 = ADVANCED_FACE('',(#2476),#2308,.T.);
#2476 = FACE_BOUND('',#2477,.F.);
#2477 = EDGE_LOOP('',(#2478,#2501,#2502,#2503));
#2478 = ORIENTED_EDGE('',*,*,#2479,.T.);
#2479 = EDGE_CURVE('',#2480,#2265,#2482,.T.);
#2480 = VERTEX_POINT('',#2481);
#2481 = CARTESIAN_POINT('',(-13.64544826719,-42.15,150.));
#2482 = SURFACE_CURVE('',#2483,(#2487,#2494),.PCURVE_S1.);
#2483 = LINE('',#2484,#2485);
#2484 = CARTESIAN_POINT('',(-13.64544826719,-42.15,150.));
#2485 = VECTOR('',#2486,1.);
#2486 = DIRECTION('',(-0.,-0.,1.));
#2487 = PCURVE('',#2308,#2488);
#2488 = DEFINITIONAL_REPRESENTATION('',(#2489),#2493);
#2489 = LINE('',#2490,#2491);
#2490 = CARTESIAN_POINT('',(-0.,0.));
#2491 = VECTOR('',#2492,1.);
#2492 = DIRECTION('',(-0.,-1.));
#2493 = ( GEOMETRIC_REPRESENTATION_CONTEXT(2) 
PARAMETRIC_REPRESENTATION_CONTEXT() REPRESENTATION_CONTEXT('2D SPACE',''
  ) );
#2494 = PCURVE('',#2280,#2495);
#2495 = DEFINITIONAL_REPRESENTATION('',(#2496),#2500);
#2496 = LINE('',#2497,#2498);
#2497 = CARTESIAN_POINT('',(-3.290896534381,0.));
#2498 = VECTOR('',#2499,1.);
#2499 = DIRECTION('',(-0.,-1.));
#2500 = ( GEOMETRIC_REPRESENTATION_CONTEXT(2) 
PARAMETRIC_REPRESENTATION_CONTEXT() REPRESENTATION_CONTEXT('2D SPACE',''
  ) );
#2501 = ORIENTED_EDGE('',*,*,#2292,.T.);
#2502 = ORIENTED_EDGE('',*,*,#2408,.F.);
#2503 = ORIENTED_EDGE('',*,*,#2504,.F.);
#2504 = EDGE_CURVE('',#2480,#2409,#2505,.T.);
#2505 = SURFACE_CURVE('',#2506,(#2510,#2517),.PCURVE_S1.);
#2506 = LINE('',#2507,#2508);
#2507 = CARTESIAN_POINT('',(-13.64544826719,-42.15,150.));
#2508 = VECTOR('',#2509,1.);
#2509 = DIRECTION('',(-0.5,0.866025403784,0.));
#2510 = PCURVE('',#2308,#2511);
#2511 = DEFINITIONAL_REPRESENTATION('',(#2512),#2516);
#2512 = LINE('',#2513,#2514);
#2513 = CARTESIAN_POINT('',(-0.,0.));
#2514 = VECTOR('',#2515,1.);
#2515 = DIRECTION('',(-1.,-0.));
#2516 = ( GEOMETRIC_REPRESENTATION_CONTEXT(2) 
PARAMETRIC_REPRESENTATION_CONTEXT() REPRESENTATION_CONTEXT('2D SPACE',''
  ) );
#2517 = PCURVE('',#72,#2518);
#2518 = DEFINITIONAL_REPRESENTATION('',(#2519),#2523);
#2519 = LINE('',#2520,#2521);
#2520 = CARTESIAN_POINT('',(-6.35455173281,30.85));
#2521 = VECTOR('',#2522,1.);
#2522 = DIRECTION('',(0.5,-0.866025403784));
#2523 = ( GEOMETRIC_REPRESENTATION_CONTEXT(2) 
PARAMETRIC_REPRESENTATION_CONTEXT() REPRESENTATION_CONTEXT('2D SPACE',''
  ) );
#2524 = ADVANCED_FACE('',(#2525),#2364,.T.);
#2525 = FACE_BOUND('',#2526,.F.);
#2526 = EDGE_LOOP('',(#2527,#2528,#2529,#2552));
#2527 = ORIENTED_EDGE('',*,*,#2432,.T.);
#2528 = ORIENTED_EDGE('',*,*,#2348,.T.);
#2529 = ORIENTED_EDGE('',*,*,#2530,.F.);
#2530 = EDGE_CURVE('',#2531,#2349,#2533,.T.);
#2531 = VERTEX_POINT('',#2532);
#2532 = CARTESIAN_POINT('',(-10.35455173281,-36.45,150.));
#2533 = SURFACE_CURVE('',#2534,(#2538,#2545),.PCURVE_S1.);
#2534 = LINE('',#2535,#2536);
#2535 = CARTESIAN_POINT('',(-10.35455173281,-36.45,150.));
#2536 = VECTOR('',#2537,1.);
#2537 = DIRECTION('',(-0.,-0.,1.));
#2538 = PCURVE('',#2364,#2539);
#2539 = DEFINITIONAL_REPRESENTATION('',(#2540),#2544);
#2540 = LINE('',#2541,#2542);
#2541 = CARTESIAN_POINT('',(-3.290896534381,0.));
#2542 = VECTOR('',#2543,1.);
#2543 = DIRECTION('',(-0.,-1.));
#2544 = ( GEOMETRIC_REPRESENTATION_CONTEXT(2) 
PARAMETRIC_REPRESENTATION_CONTEXT() REPRESENTATION_CONTEXT('2D SPACE',''
  ) );
#2545 = PCURVE('',#2390,#2546);
#2546 = DEFINITIONAL_REPRESENTATION('',(#2547),#2551);
#2547 = LINE('',#2548,#2549);
#2548 = CARTESIAN_POINT('',(-0.,-0.));
#2549 = VECTOR('',#2550,1.);
#2550 = DIRECTION('',(-0.,-1.));
#2551 = ( GEOMETRIC_REPRESENTATION_CONTEXT(2) 
PARAMETRIC_REPRESENTATION_CONTEXT() REPRESENTATION_CONTEXT('2D SPACE',''
  ) );
#2552 = ORIENTED_EDGE('',*,*,#2553,.F.);
#2553 = EDGE_CURVE('',#2433,#2531,#2554,.T.);
#2554 = SURFACE_CURVE('',#2555,(#2559,#2566),.PCURVE_S1.);
#2555 = LINE('',#2556,#2557);
#2556 = CARTESIAN_POINT('',(-13.64544826719,-36.45,150.));
#2557 = VECTOR('',#2558,1.);
#2558 = DIRECTION('',(1.,5.397789996866E-16,-0.));
#2559 = PCURVE('',#2364,#2560);
#2560 = DEFINITIONAL_REPRESENTATION('',(#2561),#2565);
#2561 = LINE('',#2562,#2563);
#2562 = CARTESIAN_POINT('',(-0.,0.));
#2563 = VECTOR('',#2564,1.);
#2564 = DIRECTION('',(-1.,0.));
#2565 = ( GEOMETRIC_REPRESENTATION_CONTEXT(2) 
PARAMETRIC_REPRESENTATION_CONTEXT() REPRESENTATION_CONTEXT('2D SPACE',''
  ) );
#2566 = PCURVE('',#72,#2567);
#2567 = DEFINITIONAL_REPRESENTATION('',(#2568),#2572);
#2568 = LINE('',#2569,#2570);
#2569 = CARTESIAN_POINT('',(-6.35455173281,25.15));
#2570 = VECTOR('',#2571,1.);
#2571 = DIRECTION('',(-1.,-5.397789996866E-16));
#2572 = ( GEOMETRIC_REPRESENTATION_CONTEXT(2) 
PARAMETRIC_REPRESENTATION_CONTEXT() REPRESENTATION_CONTEXT('2D SPACE',''
  ) );
#2573 = ADVANCED_FACE('',(#2574),#2280,.T.);
#2574 = FACE_BOUND('',#2575,.F.);
#2575 = EDGE_LOOP('',(#2576,#2599,#2600,#2601));
#2576 = ORIENTED_EDGE('',*,*,#2577,.T.);
#2577 = EDGE_CURVE('',#2578,#2237,#2580,.T.);
#2578 = VERTEX_POINT('',#2579);
#2579 = CARTESIAN_POINT('',(-10.35455173281,-42.15,150.));
#2580 = SURFACE_CURVE('',#2581,(#2585,#2592),.PCURVE_S1.);
#2581 = LINE('',#2582,#2583);
#2582 = CARTESIAN_POINT('',(-10.35455173281,-42.15,150.));
#2583 = VECTOR('',#2584,1.);
#2584 = DIRECTION('',(-0.,-0.,1.));
#2585 = PCURVE('',#2280,#2586);
#2586 = DEFINITIONAL_REPRESENTATION('',(#2587),#2591);
#2587 = LINE('',#2588,#2589);
#2588 = CARTESIAN_POINT('',(-0.,-0.));
#2589 = VECTOR('',#2590,1.);
#2590 = DIRECTION('',(-0.,-1.));
#2591 = ( GEOMETRIC_REPRESENTATION_CONTEXT(2) 
PARAMETRIC_REPRESENTATION_CONTEXT() REPRESENTATION_CONTEXT('2D SPACE',''
  ) );
#2592 = PCURVE('',#2252,#2593);
#2593 = DEFINITIONAL_REPRESENTATION('',(#2594),#2598);
#2594 = LINE('',#2595,#2596);
#2595 = CARTESIAN_POINT('',(-3.290896534381,0.));
#2596 = VECTOR('',#2597,1.);
#2597 = DIRECTION('',(-0.,-1.));
#2598 = ( GEOMETRIC_REPRESENTATION_CONTEXT(2) 
PARAMETRIC_REPRESENTATION_CONTEXT() REPRESENTATION_CONTEXT('2D SPACE',''
  ) );
#2599 = ORIENTED_EDGE('',*,*,#2264,.T.);
#2600 = ORIENTED_EDGE('',*,*,#2479,.F.);
#2601 = ORIENTED_EDGE('',*,*,#2602,.F.);
#2602 = EDGE_CURVE('',#2578,#2480,#2603,.T.);
#2603 = SURFACE_CURVE('',#2604,(#2608,#2615),.PCURVE_S1.);
#2604 = LINE('',#2605,#2606);
#2605 = CARTESIAN_POINT('',(-10.35455173281,-42.15,150.));
#2606 = VECTOR('',#2607,1.);
#2607 = DIRECTION('',(-1.,-1.349447499217E-16,-0.));
#2608 = PCURVE('',#2280,#2609);
#2609 = DEFINITIONAL_REPRESENTATION('',(#2610),#2614);
#2610 = LINE('',#2611,#2612);
#2611 = CARTESIAN_POINT('',(-0.,-0.));
#2612 = VECTOR('',#2613,1.);
#2613 = DIRECTION('',(-1.,0.));
#2614 = ( GEOMETRIC_REPRESENTATION_CONTEXT(2) 
PARAMETRIC_REPRESENTATION_CONTEXT() REPRESENTATION_CONTEXT('2D SPACE',''
  ) );
#2615 = PCURVE('',#72,#2616);
#2616 = DEFINITIONAL_REPRESENTATION('',(#2617),#2621);
#2617 = LINE('',#2618,#2619);
#2618 = CARTESIAN_POINT('',(-9.64544826719,30.85));
#2619 = VECTOR('',#2620,1.);
#2620 = DIRECTION('',(1.,1.349447499217E-16));
#2621 = ( GEOMETRIC_REPRESENTATION_CONTEXT(2) 
PARAMETRIC_REPRESENTATION_CONTEXT() REPRESENTATION_CONTEXT('2D SPACE',''
  ) );
#2622 = ADVANCED_FACE('',(#2623),#2390,.T.);
#2623 = FACE_BOUND('',#2624,.F.);
#2624 = EDGE_LOOP('',(#2625,#2626,#2627,#2650));
#2625 = ORIENTED_EDGE('',*,*,#2530,.T.);
#2626 = ORIENTED_EDGE('',*,*,#2376,.T.);
#2627 = ORIENTED_EDGE('',*,*,#2628,.F.);
#2628 = EDGE_CURVE('',#2629,#2235,#2631,.T.);
#2629 = VERTEX_POINT('',#2630);
#2630 = CARTESIAN_POINT('',(-8.709103465619,-39.3,150.));
#2631 = SURFACE_CURVE('',#2632,(#2636,#2643),.PCURVE_S1.);
#2632 = LINE('',#2633,#2634);
#2633 = CARTESIAN_POINT('',(-8.709103465619,-39.3,150.));
#2634 = VECTOR('',#2635,1.);
#2635 = DIRECTION('',(-0.,-0.,1.));
#2636 = PCURVE('',#2390,#2637);
#2637 = DEFINITIONAL_REPRESENTATION('',(#2638),#2642);
#2638 = LINE('',#2639,#2640);
#2639 = CARTESIAN_POINT('',(-3.290896534381,0.));
#2640 = VECTOR('',#2641,1.);
#2641 = DIRECTION('',(-0.,-1.));
#2642 = ( GEOMETRIC_REPRESENTATION_CONTEXT(2) 
PARAMETRIC_REPRESENTATION_CONTEXT() REPRESENTATION_CONTEXT('2D SPACE',''
  ) );
#2643 = PCURVE('',#2252,#2644);
#2644 = DEFINITIONAL_REPRESENTATION('',(#2645),#2649);
#2645 = LINE('',#2646,#2647);
#2646 = CARTESIAN_POINT('',(-0.,-0.));
#2647 = VECTOR('',#2648,1.);
#2648 = DIRECTION('',(-0.,-1.));
#2649 = ( GEOMETRIC_REPRESENTATION_CONTEXT(2) 
PARAMETRIC_REPRESENTATION_CONTEXT() REPRESENTATION_CONTEXT('2D SPACE',''
  ) );
#2650 = ORIENTED_EDGE('',*,*,#2651,.F.);
#2651 = EDGE_CURVE('',#2531,#2629,#2652,.T.);
#2652 = SURFACE_CURVE('',#2653,(#2657,#2664),.PCURVE_S1.);
#2653 = LINE('',#2654,#2655);
#2654 = CARTESIAN_POINT('',(-10.35455173281,-36.45,150.));
#2655 = VECTOR('',#2656,1.);
#2656 = DIRECTION('',(0.5,-0.866025403784,-0.));
#2657 = PCURVE('',#2390,#2658);
#2658 = DEFINITIONAL_REPRESENTATION('',(#2659),#2663);
#2659 = LINE('',#2660,#2661);
#2660 = CARTESIAN_POINT('',(-0.,-0.));
#2661 = VECTOR('',#2662,1.);
#2662 = DIRECTION('',(-1.,0.));
#2663 = ( GEOMETRIC_REPRESENTATION_CONTEXT(2) 
PARAMETRIC_REPRESENTATION_CONTEXT() REPRESENTATION_CONTEXT('2D SPACE',''
  ) );
#2664 = PCURVE('',#72,#2665);
#2665 = DEFINITIONAL_REPRESENTATION('',(#2666),#2670);
#2666 = LINE('',#2667,#2668);
#2667 = CARTESIAN_POINT('',(-9.64544826719,25.15));
#2668 = VECTOR('',#2669,1.);
#2669 = DIRECTION('',(-0.5,0.866025403784));
#2670 = ( GEOMETRIC_REPRESENTATION_CONTEXT(2) 
PARAMETRIC_REPRESENTATION_CONTEXT() REPRESENTATION_CONTEXT('2D SPACE',''
  ) );
#2671 = ADVANCED_FACE('',(#2672),#2252,.T.);
#2672 = FACE_BOUND('',#2673,.F.);
#2673 = EDGE_LOOP('',(#2674,#2675,#2676,#2677));
#2674 = ORIENTED_EDGE('',*,*,#2628,.T.);
#2675 = ORIENTED_EDGE('',*,*,#2234,.T.);
#2676 = ORIENTED_EDGE('',*,*,#2577,.F.);
#2677 = ORIENTED_EDGE('',*,*,#2678,.F.);
#2678 = EDGE_CURVE('',#2629,#2578,#2679,.T.);
#2679 = SURFACE_CURVE('',#2680,(#2684,#2691),.PCURVE_S1.);
#2680 = LINE('',#2681,#2682);
#2681 = CARTESIAN_POINT('',(-8.709103465619,-39.3,150.));
#2682 = VECTOR('',#2683,1.);
#2683 = DIRECTION('',(-0.5,-0.866025403784,-0.));
#2684 = PCURVE('',#2252,#2685);
#2685 = DEFINITIONAL_REPRESENTATION('',(#2686),#2690);
#2686 = LINE('',#2687,#2688);
#2687 = CARTESIAN_POINT('',(-0.,-0.));
#2688 = VECTOR('',#2689,1.);
#2689 = DIRECTION('',(-1.,0.));
#2690 = ( GEOMETRIC_REPRESENTATION_CONTEXT(2) 
PARAMETRIC_REPRESENTATION_CONTEXT() REPRESENTATION_CONTEXT('2D SPACE',''
  ) );
#2691 = PCURVE('',#72,#2692);
#2692 = DEFINITIONAL_REPRESENTATION('',(#2693),#2697);
#2693 = LINE('',#2694,#2695);
#2694 = CARTESIAN_POINT('',(-11.29089653438,28.));
#2695 = VECTOR('',#2696,1.);
#2696 = DIRECTION('',(0.5,0.866025403784));
#2697 = ( GEOMETRIC_REPRESENTATION_CONTEXT(2) 
PARAMETRIC_REPRESENTATION_CONTEXT() REPRESENTATION_CONTEXT('2D SPACE',''
  ) );
#2698 = ADVANCED_FACE('',(#2699),#100,.T.);
#2699 = FACE_BOUND('',#2700,.F.);
#2700 = EDGE_LOOP('',(#2701,#2722,#2723,#2724));
#2701 = ORIENTED_EDGE('',*,*,#2702,.F.);
#2702 = EDGE_CURVE('',#57,#1431,#2703,.T.);
#2703 = SURFACE_CURVE('',#2704,(#2708,#2715),.PCURVE_S1.);
#2704 = LINE('',#2705,#2706);
#2705 = CARTESIAN_POINT('',(-20.,-45.3,150.));
#2706 = VECTOR('',#2707,1.);
#2707 = DIRECTION('',(1.,0.,-0.));
#2708 = PCURVE('',#100,#2709);
#2709 = DEFINITIONAL_REPRESENTATION('',(#2710),#2714);
#2710 = LINE('',#2711,#2712);
#2711 = CARTESIAN_POINT('',(-0.,0.));
#2712 = VECTOR('',#2713,1.);
#2713 = DIRECTION('',(-0.,1.));
#2714 = ( GEOMETRIC_REPRESENTATION_CONTEXT(2) 
PARAMETRIC_REPRESENTATION_CONTEXT() REPRESENTATION_CONTEXT('2D SPACE',''
  ) );
#2715 = PCURVE('',#72,#2716);
#2716 = DEFINITIONAL_REPRESENTATION('',(#2717),#2721);
#2717 = LINE('',#2718,#2719);
#2718 = CARTESIAN_POINT('',(-0.,34.));
#2719 = VECTOR('',#2720,1.);
#2720 = DIRECTION('',(-1.,0.));
#2721 = ( GEOMETRIC_REPRESENTATION_CONTEXT(2) 
PARAMETRIC_REPRESENTATION_CONTEXT() REPRESENTATION_CONTEXT('2D SPACE',''
  ) );
#2722 = ORIENTED_EDGE('',*,*,#84,.T.);
#2723 = ORIENTED_EDGE('',*,*,#1554,.T.);
#2724 = ORIENTED_EDGE('',*,*,#1453,.F.);
#2725 = ADVANCED_FACE('',(#2726,#2752,#2755,#2758,#2766),#72,.F.);
#2726 = FACE_BOUND('',#2727,.T.);
#2727 = EDGE_LOOP('',(#2728,#2729,#2750,#2751));
#2728 = ORIENTED_EDGE('',*,*,#56,.F.);
#2729 = ORIENTED_EDGE('',*,*,#2730,.T.);
#2730 = EDGE_CURVE('',#22,#1408,#2731,.T.);
#2731 = SURFACE_CURVE('',#2732,(#2736,#2743),.PCURVE_S1.);
#2732 = LINE('',#2733,#2734);
#2733 = CARTESIAN_POINT('',(-20.,-11.3,150.));
#2734 = VECTOR('',#2735,1.);
#2735 = DIRECTION('',(1.,0.,-0.));
#2736 = PCURVE('',#72,#2737);
#2737 = DEFINITIONAL_REPRESENTATION('',(#2738),#2742);
#2738 = LINE('',#2739,#2740);
#2739 = CARTESIAN_POINT('',(-0.,-0.));
#2740 = VECTOR('',#2741,1.);
#2741 = DIRECTION('',(-1.,0.));
#2742 = ( GEOMETRIC_REPRESENTATION_CONTEXT(2) 
PARAMETRIC_REPRESENTATION_CONTEXT() REPRESENTATION_CONTEXT('2D SPACE',''
  ) );
#2743 = PCURVE('',#44,#2744);
#2744 = DEFINITIONAL_REPRESENTATION('',(#2745),#2749);
#2745 = LINE('',#2746,#2747);
#2746 = CARTESIAN_POINT('',(-0.,0.));
#2747 = VECTOR('',#2748,1.);
#2748 = DIRECTION('',(-0.,1.));
#2749 = ( GEOMETRIC_REPRESENTATION_CONTEXT(2) 
PARAMETRIC_REPRESENTATION_CONTEXT() REPRESENTATION_CONTEXT('2D SPACE',''
  ) );
#2750 = ORIENTED_EDGE('',*,*,#1430,.T.);
#2751 = ORIENTED_EDGE('',*,*,#2702,.F.);
#2752 = FACE_BOUND('',#2753,.T.);
#2753 = EDGE_LOOP('',(#2754));
#2754 = ORIENTED_EDGE('',*,*,#1262,.F.);
#2755 = FACE_BOUND('',#2756,.T.);
#2756 = EDGE_LOOP('',(#2757));
#2757 = ORIENTED_EDGE('',*,*,#865,.F.);
#2758 = FACE_BOUND('',#2759,.T.);
#2759 = EDGE_LOOP('',(#2760,#2761,#2762,#2763,#2764,#2765));
#2760 = ORIENTED_EDGE('',*,*,#2678,.F.);
#2761 = ORIENTED_EDGE('',*,*,#2651,.F.);
#2762 = ORIENTED_EDGE('',*,*,#2553,.F.);
#2763 = ORIENTED_EDGE('',*,*,#2455,.F.);
#2764 = ORIENTED_EDGE('',*,*,#2504,.F.);
#2765 = ORIENTED_EDGE('',*,*,#2602,.F.);
#2766 = FACE_BOUND('',#2767,.T.);
#2767 = EDGE_LOOP('',(#2768,#2769,#2770,#2771,#2772,#2773));
#2768 = ORIENTED_EDGE('',*,*,#2151,.F.);
#2769 = ORIENTED_EDGE('',*,*,#2124,.F.);
#2770 = ORIENTED_EDGE('',*,*,#2026,.F.);
#2771 = ORIENTED_EDGE('',*,*,#1928,.F.);
#2772 = ORIENTED_EDGE('',*,*,#1977,.F.);
#2773 = ORIENTED_EDGE('',*,*,#2075,.F.);
#2774 = ADVANCED_FACE('',(#2775),#44,.F.);
#2775 = FACE_BOUND('',#2776,.T.);
#2776 = EDGE_LOOP('',(#2777,#2778,#2779,#2780));
#2777 = ORIENTED_EDGE('',*,*,#2730,.F.);
#2778 = ORIENTED_EDGE('',*,*,#21,.T.);
#2779 = ORIENTED_EDGE('',*,*,#198,.T.);
#2780 = ORIENTED_EDGE('',*,*,#1407,.F.);
#2781 = ( GEOMETRIC_REPRESENTATION_CONTEXT(3) 
GLOBAL_UNCERTAINTY_ASSIGNED_CONTEXT((#2785)) 
GLOBAL_UNIT_ASSIGNED_CONTEXT((#2782,#2783,#2784)) REPRESENTATION_CONTEXT
('Context #1','3D Context with UNIT and UNCERTAINTY') );
#2782 = ( LENGTH_UNIT() NAMED_UNIT(*) SI_UNIT(.MILLI.,.METRE.) );
#2783 = ( NAMED_UNIT(*) PLANE_ANGLE_UNIT() SI_UNIT($,.RADIAN.) );
#2784 = ( NAMED_UNIT(*) SI_UNIT($,.STERADIAN.) SOLID_ANGLE_UNIT() );
#2785 = UNCERTAINTY_MEASURE_WITH_UNIT(LENGTH_MEASURE(1.E-07),#2782,
  'distance_accuracy_value','confusion accuracy');
#2786 = PRODUCT_RELATED_PRODUCT_CATEGORY('part',$,(#7));
ENDSEC;
END-ISO-10303-21;
